T_REL,T_ABS,RADAR_POS_X,RADAR_POS_Y,RADAR_POS_Z,TARGET_POS_X,TARGET_POS_Y,TARGET_POS_Z,CMD_SPEED_X,CMD_SPEED_Y,CMD_SPEED_Z,ERROR_X,ERROR_Y,ERROR_Z,qx,qy,qz,qw,fc_sen_vel_x,fc_sen_vel_y,rt_tar_vel_x,rt_tar_vel_y
0,0,0,0,0,0,0,0,0,0,0,0,0,0,0.0002,-0.0001,-0.0002,1,0,0,0,0
118.511,118.511,0,0,1,0,0,140,0,0,20,0,0,139,0.0002,-0.0001,-0.0002,1,0,0,0,0
118.591,118.591,0,0,0,0,0,140,0,0,20,0,0,140,0.0001,-0.0004,-0.0001,1,0,0,0,0
118.691,118.691,0,0,0,0,0,140,0,0,20,0,0,140,0.0002,-0.0002,-0.0001,1,0,0,0,0
118.791,118.791,0,0,0,0,0,140,0,0,20,0,0,140,0,-0.0004,-0.0001,1,0,0,0,0
118.891,118.891,0,0,0,0,0,140,0,0,20,0,0,140,0,-0.0004,-0.0001,1,0,0,0,0
118.991,118.991,0,0,0,0,0,140,0,0,20,0,0,140,0.0001,-0.0004,-0.0001,1,0,0,0,0
119.091,119.091,0,0,0,0,0,140,0,0,20,0,0,140,0.0001,-0.0004,-0.0001,1,0,0,0,0
119.191,119.191,0,0,0,0,0,140,0,0,20,0,0,140,0.0002,-0.0003,0.0001,1,0,0,0,0
119.291,119.291,0,0,0,0,0,140,0,0,20,0,0,140,0.0004,-0.0005,-0.0008,1,0,0,0,0
119.391,119.391,0,0,0,0,0,140,0,0,20,0,0,140,0.0004,-0.0005,-0.0008,1,0,0,0,0
119.491,119.491,0,0,0,0,0,140,0,0,20,0,0,140,0.0032,-0.0019,-0.0003,1,0,0,0,0
119.591,119.591,0,0,1,0,0,140,0,0,20,0,0,139,0.0064,-0.0051,0.0005,1,0,0,0,0
119.691,119.691,0,0,3,0,0,140,0,0,20,0,0,137,0.0045,-0.0049,0.004,1,0,0,0,0
119.791,119.791,0,0,3,0,0,140,0,0,20,0,0,137,0.0045,-0.0049,0.004,1,0,0,0,0
119.891,119.891,0,0,6,0,0,140,0,0,20,0,0,134,0.0022,-0.0016,0.0065,1,0,0,0,0
119.991,119.991,0,0,6,0,0,140,0,0,20,0,0,134,0.0022,-0.0016,0.0065,1,0,0,0,0
120.091,120.091,0,1,7,0,0,140,0,0,20,0,-1,133,0.0037,-0.0027,0.0071,1,0,0,0,0
120.191,120.191,0,1,11,0,0,140,0,0,20,0,-1,129,0.0037,-0.0056,0.0062,1,0,1,0,0
120.291,120.291,0,1,11,0,0,140,0,0,20,0,-1,129,0.0037,-0.0056,0.0062,1,0,1,0,0
120.391,120.391,0,1,15,0,0,140,0,0,20,0,-1,125,0.0049,-0.0025,0.0046,1,0,1,0,0
120.491,120.491,0,2,17,0,0,140,0,0,20,0,-2,123,0.0066,-0.0013,0.004,1,0,1,0,0
120.591,120.591,0,2,17,0,0,140,0,0,20,0,-2,123,0.0066,-0.0013,0.004,1,0,0,0,0
120.691,120.691,-1,2,19,0,0,140,0,0,20,1,-2,121,0.0076,-0.0015,0.0034,1,0,0,0,0
120.791,120.791,-1,2,23,0,0,140,0,0,20,1,-2,117,0.0046,-0.001,0.0021,1,-1,0,0,0
120.891,120.891,-1,2,23,0,0,140,0,0,20,1,-2,117,0.0046,-0.001,0.0021,1,0,0,0,0
120.991,120.991,-1,2,25,0,0,140,0,0,20,1,-2,115,0.0047,-0.0013,0.0011,1,0,0,0,0
121.101,121.101,-1,3,27,0,0,140,0,0,20,1,-3,113,0.006,-0.002,0.0003,1,0,1,0,0
121.191,121.191,-1,3,29,0,0,140,0,0,20,1,-3,111,0.0056,-0.0025,-0.001,1,0,0,0,0
121.301,121.301,-1,3,31,0,0,140,0,0,20,1,-3,109,0.0041,-0.0041,-0.0029,1,0,2,0,0
121.401,121.401,-1,4,33,0,0,140,0,0,20,1,-4,107,0.0057,-0.0047,-0.0041,1,0,1,0,0
121.501,121.501,-2,4,36,0,0,140,0,0,20,2,-4,104,0.0062,-0.0043,-0.0054,1,0,0,0,0
121.601,121.601,-2,4,38,0,0,140,0,0,20,2,-4,102,0.005,-0.004,-0.0062,1,0,0,0,0
121.701,121.701,-2,4,40,0,0,140,0,0,20,2,-4,100,0.0041,-0.005,-0.0063,1,-2,0,0,0
121.801,121.801,-2,4,42,0,0,140,0,0,20,2,-4,98,0.0022,-0.0048,-0.0058,1,0,0,0,0
121.901,121.901,-2,5,44,0,0,140,0,-1,20,2,-5,96,0.0014,-0.0033,-0.005,1,-1,0,0,0
122.001,122.001,-3,5,47,0,0,140,0,-1,20,3,-5,93,0.003,-0.0012,-0.0037,1,-1,0,0,0
122.101,122.101,-3,5,49,0,0,140,0,-1,20,3,-5,91,0.0023,-0.0008,-0.001,1,0,0,0,0
122.201,122.201,-3,5,52,0,0,140,0,-1,20,3,-5,88,0.0015,-0.0006,0.0011,1,-1,0,0,0
122.301,122.301,-3,6,54,0,0,140,0,-1,20,3,-6,86,0.0021,-0.0003,0.0034,1,-1,1,0,0
122.401,122.401,-4,6,59,0,0,140,0,-1,20,4,-6,81,0.0025,-0.0002,0.006,1,-1,2,0,0
122.501,122.501,-4,6,59,0,0,140,0,-1,20,4,-6,81,0.0025,-0.0002,0.006,1,0,1,0,0
122.601,122.601,-4,6,61,0,0,140,0,-1,20,4,-6,79,0.0018,-0.0011,0.0064,1,0,1,0,0
122.701,122.701,-4,7,63,0,0,140,0,-1,20,4,-7,77,0.0026,-0.0018,0.0063,1,0,0,0,0
122.801,122.801,-4,7,65,0,0,140,0,-1,20,4,-7,75,0.0024,-0.001,0.0051,1,-1,1,0,0
122.901,122.901,-5,8,70,0,0,140,1,-1,20,5,-8,70,0.0019,0.0004,0.0024,1,0,0,0,-1
123.001,123.001,-5,8,70,0,0,140,1,-1,20,5,-8,70,0.0019,0.0004,0.0024,1,0,1,0,-1
123.101,123.101,-5,8,73,0,0,140,1,-1,20,5,-8,67,0.0036,-0.0003,0.0004,1,0,3,0,-1
123.201,123.201,-5,9,75,0,0,140,1,-1,20,5,-9,65,0.0065,-0.0021,-0.001,1,0,1,1,0
123.301,123.301,-5,9,77,0,0,140,1,-1,20,5,-9,63,0.0061,-0.0028,-0.0021,1,0,2,1,0
123.401,123.401,-5,9,79,0,0,140,1,-1,20,5,-9,61,0.0051,-0.0021,-0.0039,1,0,2,1,0
123.501,123.501,-5,10,83,0,0,140,1,-1,20,5,-10,57,0.0023,-0.0024,-0.0055,1,0,0,1,0
123.601,123.601,-5,10,83,0,0,140,1,-1,20,5,-10,57,0.0023,-0.0024,-0.0055,1,0,1,1,0
123.701,123.701,-5,10,85,0,0,140,1,-1,20,5,-10,55,0.0025,-0.0024,-0.006,1,0,2,1,0
123.801,123.801,-5,10,87,0,0,140,1,-1,20,5,-10,53,0.0042,-0.0034,-0.006,1,0,4,1,0
123.901,123.901,-5,11,90,0,0,140,1,-1,20,5,-11,50,0.0051,-0.0044,-0.0053,1,0,1,1,0
124.001,124.001,-5,11,92,0,0,140,1,-2,20,5,-11,48,0.0042,-0.0038,-0.005,1,0,0,1,-1
124.101,124.101,-5,11,94,0,0,140,1,-2,20,5,-11,46,0.0023,-0.0032,-0.0047,1,0,0,1,-1
124.201,124.201,-5,11,95,0,0,140,1,-2,20,5,-11,45,0.0013,-0.002,-0.0044,1,0,4,1,-1
124.301,124.301,-5,12,97,0,0,140,1,-2,19,5,-12,43,0.0039,-0.0011,-0.0048,1,0,2,1,-1
124.401,124.401,-5,12,100,0,0,140,1,-2,18,5,-12,40,0.0083,-0.0016,-0.0043,1,0,4,1,-1
124.501,124.501,-5,13,104,0,0,140,1,-2,16,5,-13,36,0.0068,-0.0037,-0.0031,1,0,0,1,-1
124.601,124.601,-5,13,106,0,0,140,1,-2,15,5,-13,34,0.0062,-0.0029,-0.0022,1,0,0,1,-1
124.711,124.711,-5,13,106,0,0,140,1,-2,15,5,-13,34,0.0062,-0.0029,-0.0022,1,-1,0,1,-1
124.811,124.811,-6,13,108,0,0,140,1,-2,14,6,-13,32,0.006,-0.0024,-0.001,1,0,0,1,-1
124.911,124.911,-6,13,109,0,0,140,1,-2,14,6,-13,31,0.0062,-0.0015,0.0004,1,0,2,0,-2
125.011,125.011,-5,14,113,0,0,140,1,-2,12,5,-14,27,0.007,-0.0016,0.0026,1,0,0,0,-2
125.111,125.111,-5,14,113,0,0,140,1,-2,12,5,-14,27,0.007,-0.0016,0.0026,1,0,0,0,-2
125.211,125.211,-5,14,114,0,0,140,1,-2,11,5,-14,26,0.0056,-0.0026,0.0028,1,1,3,0,-2
125.311,125.311,-6,14,117,0,0,140,1,-2,10,6,-14,23,0.0051,-0.0048,0.0015,1,1,1,0,-2
125.411,125.411,-6,14,119,0,0,140,1,-2,9,6,-14,21,0.0043,-0.0035,-0.0003,1,-1,-1,1,-1
125.511,125.511,-6,14,119,0,0,140,1,-2,9,6,-14,21,0.0043,-0.0035,-0.0003,1,0,0,1,-1
125.611,125.611,-5,14,121,0,0,140,1,-2,8,5,-14,19,0.0088,-0.0019,-0.0048,0.9999,0,3,1,-1
125.711,125.711,-5,15,123,0,0,140,1,-2,7,5,-15,17,0.0094,-0.0031,-0.0067,0.9999,0,1,1,-1
125.811,125.811,-5,15,123,0,0,140,1,-2,7,5,-15,17,0.0094,-0.0031,-0.0067,0.9999,-1,1,1,-1
125.911,125.911,-5,14,125,0,0,140,1,-2,7,5,-14,15,0.0059,-0.0051,-0.01,0.9999,0,-1,1,-1
126.011,126.011,-5,14,126,0,0,140,1,-2,6,5,-14,14,0.0066,-0.005,-0.0109,0.9999,3,0,1,-1
126.111,126.111,-4,14,127,0,0,140,0,-2,6,4,-14,13,0.0076,-0.0054,-0.0113,0.9999,0,4,0,-1
126.211,126.211,-4,14,127,0,0,140,0,-2,6,4,-14,13,0.0076,-0.0054,-0.0113,0.9999,0,0,0,-1
126.311,126.311,-4,14,128,0,0,140,0,-2,5,4,-14,12,0.0054,-0.0054,-0.011,0.9999,0,-1,0,-1
126.411,126.411,-4,14,128,0,0,140,0,-2,5,4,-14,12,0.0054,-0.0054,-0.011,0.9999,1,0,0,-1
126.511,126.511,-4,13,130,0,0,140,0,-2,4,4,-13,10,0.0036,-0.0051,-0.0104,0.9999,0,-4,0,-1
126.611,126.611,-4,13,131,0,0,140,0,-2,4,4,-13,9,0.0051,-0.0048,-0.0101,0.9999,0,4,0,-1
126.711,126.711,-3,13,131,0,0,140,0,-2,3,3,-13,9,0.0055,-0.0046,-0.0099,0.9999,0,-2,0,-1
126.811,126.811,-3,13,132,0,0,140,0,-2,3,3,-13,8,0.0043,-0.0034,-0.0105,0.9999,0,-4,0,-1
126.911,126.911,-3,12,132,0,0,140,0,-2,3,3,-12,8,0.0057,-0.0033,-0.0112,0.9999,0,5,0,-1
127.011,127.011,-3,12,132,0,0,140,0,-2,3,3,-12,8,0.0057,-0.0033,-0.0112,0.9999,0,2,0,-1
127.111,127.111,-3,12,133,0,0,140,0,-2,2,3,-12,7,0.0061,-0.0033,-0.0106,0.9999,0,-1,0,-1
127.211,127.211,-2,11,133,0,0,140,0,-2,2,2,-11,7,0.005,-0.0029,-0.0099,0.9999,0,-2,0,-1
127.311,127.311,-2,11,134,0,0,140,0,-1,2,2,-11,6,0.0054,-0.0032,-0.0091,0.9999,1,0,0,0
127.411,127.411,-2,11,134,0,75,140,0,19,2,2,64,6,0.0034,-0.0039,-0.0081,1,0,-6,0,18
127.511,127.511,-2,11,134,0,75,140,0,19,2,2,64,6,0.0034,-0.0039,-0.0081,1,0,2,0,18
127.611,127.611,-2,10,135,0,75,140,0,19,1,2,65,5,-0.009,-0.0046,-0.0056,0.9999,-1,-2,0,18
127.711,127.711,-2,10,135,0,75,140,0,19,1,2,65,5,-0.009,-0.0046,-0.0056,0.9999,0,-6,0,18
127.811,127.811,-1,10,136,0,75,140,0,19,1,1,65,4,-0.0243,-0.0043,-0.0015,0.9997,0,-4,0,18
127.911,127.911,-1,11,136,0,75,140,0,19,1,1,64,4,-0.0132,-0.0034,0.0006,0.9999,0,0,0,18
128.011,128.011,-1,11,136,0,75,140,0,19,1,1,64,4,-0.0132,-0.0034,0.0006,0.9999,0,8,0,18
128.121,128.121,-1,13,136,0,75,140,0,18,1,1,62,4,0.0026,-0.0028,0.0042,1,1,10,0,17
128.211,128.211,-1,15,137,0,75,140,0,18,0,1,60,3,0.0024,-0.0023,0.0049,1,0,7,0,17
128.321,128.321,-1,15,137,0,75,140,0,18,0,1,60,3,0.0024,-0.0023,0.0049,1,0,12,0,17
128.421,128.421,0,17,138,0,75,140,0,17,0,0,58,2,-0.0024,-0.0013,0.0053,1,1,10,0,16
128.521,128.521,0,18,138,0,75,140,0,17,0,0,57,2,-0.0035,-0.0017,0.0049,1,1,8,0,16
128.621,128.621,0,18,138,0,75,140,0,17,0,0,57,2,-0.0035,-0.0017,0.0049,1,1,9,0,16
128.721,128.721,1,21,138,0,75,140,0,16,0,-1,54,2,-0.001,-0.0019,0.0027,1,1,13,0,15
128.821,128.821,1,23,138,0,75,140,0,15,0,-1,52,2,-0.0009,-0.0026,0.0012,1,1,12,0,14
128.921,128.921,1,23,138,0,75,140,0,15,0,-1,52,2,-0.0009,-0.0026,0.0012,1,1,12,0,14
129.021,129.021,1,26,138,0,75,140,0,15,0,-1,49,2,0.0014,-0.0037,-0.0017,1,1,14,0,14
129.121,129.121,2,28,138,0,75,140,0,14,0,-2,47,2,0.0006,-0.0038,-0.0033,1,1,13,0,13
129.221,129.221,2,29,138,0,75,140,0,14,0,-2,46,2,0.0006,-0.0036,-0.0042,1,0,17,0,13
129.321,129.321,2,29,138,0,75,140,0,14,0,-2,46,2,0.0006,-0.0036,-0.0042,1,0,18,0,13
129.421,129.421,2,31,138,0,75,140,0,13,0,-2,44,2,0.0026,-0.0037,-0.0045,1,1,11,0,12
129.521,129.521,3,33,138,0,75,140,0,12,0,-3,42,2,0.0028,-0.0033,-0.0046,1,1,13,0,11
129.621,129.621,3,37,138,0,75,140,0,11,0,-3,38,2,0.002,-0.002,-0.0045,1,0,14,0,10
129.721,129.721,3,37,138,0,75,140,0,11,0,-3,38,2,0.002,-0.002,-0.0045,1,0,19,0,10
129.821,129.821,3,38,138,0,75,140,0,11,0,-3,37,2,0.0023,-0.0021,-0.0041,1,0,18,0,10
129.921,129.921,4,40,138,0,75,140,0,10,0,-4,35,2,0.0033,-0.0023,-0.0038,1,0,19,0,9
130.021,130.021,4,42,138,0,75,140,0,10,0,-4,33,2,0.0055,-0.002,-0.0038,1,1,15,0,9
130.121,130.121,4,44,139,0,75,140,0,9,0,-4,31,1,0.0071,-0.0021,-0.0033,1,0,14,0,8
130.221,130.221,4,46,139,0,75,140,0,9,0,-4,29,1,0.0062,-0.0015,-0.0032,1,0,17,0,8
130.321,130.321,4,48,139,0,75,140,0,8,0,-4,27,1,0.0077,-0.0004,-0.0033,1,0,11,0,7
130.421,130.421,5,50,139,0,75,140,0,7,0,-5,25,1,0.0099,-0.0007,-0.0029,0.9999,1,9,0,6
130.521,130.521,5,51,139,0,75,140,0,4,0,-5,24,1,0.0087,-0.0017,-0.0025,1,0,14,0,3
130.621,130.621,5,53,139,0,75,140,0,3,0,-5,22,1,0.0099,-0.0025,-0.002,0.9999,1,9,0,2
130.721,130.721,6,54,139,0,75,140,0,3,0,-6,21,1,0.0111,-0.003,-0.0014,0.9999,1,11,0,2
130.821,130.821,6,55,139,0,75,140,0,3,0,-6,20,1,0.0122,-0.0039,-0.0005,0.9999,2,10,0,2
130.921,130.921,6,57,140,0,75,140,0,3,0,-6,18,0,0.0135,-0.0038,0.0003,0.9999,0,7,0,2
131.021,131.021,6,58,140,0,75,140,0,3,0,-6,17,0,0.0121,-0.0029,0.0003,0.9999,0,4,0,2
131.121,131.121,6,59,140,0,75,140,0,2,0,-6,16,0,0.0107,-0.0018,0.0002,0.9999,0,5,0,1
131.221,131.221,6,59,140,0,75,140,0,2,0,-6,16,0,0.0098,-0.0014,-0.0007,1,1,2,0,1
131.321,131.321,7,60,140,0,75,140,0,2,0,-7,15,0,0.0077,-0.0023,-0.0019,1,0,4,0,1
131.421,131.421,7,60,141,0,75,140,0,2,0,-7,15,-1,0.0056,-0.0023,-0.003,1,0,1,0,1
131.521,131.521,7,61,141,0,75,140,0,2,0,-7,14,-1,0.0066,-0.0015,-0.005,1,2,5,0,1
131.621,131.621,7,61,141,0,75,140,0,2,0,-7,14,-1,0.0074,-0.0015,-0.0071,0.9999,1,3,0,1
131.721,131.721,8,62,141,0,75,140,0,2,0,-8,13,-1,0.0062,-0.0023,-0.0082,0.9999,1,3,0,1
131.821,131.821,8,62,142,0,75,140,0,2,0,-8,13,-2,0.0071,-0.0032,-0.0087,0.9999,2,0,0,1
131.921,131.921,8,62,142,0,75,140,0,2,0,-8,13,-2,0.0064,-0.0031,-0.0094,0.9999,1,1,0,1
132.031,132.031,9,62,142,0,75,140,0,2,0,-9,13,-2,0.0056,-0.0027,-0.0096,0.9999,2,1,0,1
132.131,132.131,9,62,142,0,75,140,0,2,0,-9,13,-2,0.0074,-0.0032,-0.0103,0.9999,1,0,0,1
132.231,132.231,9,62,142,0,75,140,0,2,0,-9,13,-2,0.0068,-0.0038,-0.011,0.9999,3,-3,0,1
132.331,132.331,9,62,142,0,75,140,0,2,0,-9,13,-2,0.0054,-0.0037,-0.0115,0.9999,1,1,0,1
132.431,132.431,10,62,142,0,75,140,0,2,0,-10,13,-2,0.0061,-0.0035,-0.0117,0.9999,1,-2,0,1
132.531,132.531,11,62,142,0,75,140,0,2,0,-11,13,-2,0.0041,-0.0021,-0.0118,0.9999,1,-4,0,1
132.631,132.631,11,62,142,0,75,140,-1,2,0,-11,13,-2,0.0047,-0.0027,-0.0113,0.9999,1,0,-1,1
132.731,132.731,11,62,142,0,75,140,-1,2,0,-11,13,-2,0.0041,-0.0031,-0.01,0.9999,2,-3,-1,1
132.831,132.831,11,62,142,0,75,140,-1,2,0,-11,13,-2,0.0041,-0.0031,-0.01,0.9999,0,0,-1,1
132.931,132.931,11,62,142,0,75,140,-1,2,0,-11,13,-2,0.0025,-0.0035,-0.0092,0.9999,2,-1,-1,1
133.031,133.031,11,62,142,0,75,140,-1,2,0,-11,13,-2,0.002,-0.0044,-0.0078,1,0,0,-1,1
133.131,133.131,12,62,142,0,75,140,-1,2,0,-12,13,-2,0.0035,-0.0042,-0.0069,1,0,-1,-1,1
133.231,133.231,12,62,142,0,75,140,-1,2,0,-12,13,-2,0.007,-0.0043,-0.006,0.9999,2,1,-1,1
133.331,133.331,12,61,142,0,75,140,-1,2,0,-12,14,-2,0.0054,-0.0038,-0.0061,1,0,0,-1,1
133.431,133.431,12,61,142,0,75,140,-1,2,0,-12,14,-2,0.0035,-0.0018,-0.0066,1,0,-2,-1,1
133.531,133.531,12,61,142,0,75,140,-1,2,0,-12,14,-2,0.004,-0.0004,-0.0074,1,-3,0,-1,1
133.631,133.631,12,61,142,0,75,140,-1,2,0,-12,14,-2,0.0046,-0.0005,-0.0076,1,1,-1,-1,1
133.731,133.731,12,60,142,0,75,140,-1,2,0,-12,15,-2,0.0032,-0.0012,-0.008,1,1,-1,-1,1
133.831,133.831,12,60,142,0,75,140,-1,2,0,-12,15,-2,0.0016,-0.0016,-0.0081,1,0,-5,-1,1
133.931,133.931,12,60,142,0,75,140,-1,2,0,-12,15,-2,0.0001,-0.0013,-0.0081,1,0,-3,-1,1
134.031,134.031,12,60,141,0,75,140,-1,2,0,-12,15,-1,0.0008,-0.0008,-0.0085,1,0,-4,-1,1
134.131,134.131,12,59,141,0,75,140,-1,3,0,-12,16,-1,0.0041,-0.001,-0.0085,1,0,-2,-1,2
134.231,134.231,12,59,141,0,75,140,-1,3,0,-12,16,-1,0.0041,-0.001,-0.0085,1,0,1,-1,2
134.331,134.331,12,59,141,0,75,140,-1,3,0,-12,16,-1,0.0062,-0.0025,-0.0085,0.9999,0,-1,-1,2
134.431,134.431,12,59,142,0,75,140,-1,3,0,-12,16,-2,0.0037,-0.0029,-0.0089,0.9999,0,0,-1,2
134.531,134.531,12,59,142,0,75,140,-1,3,0,-12,16,-2,0.0028,-0.0029,-0.009,1,0,-2,-1,2
134.631,134.631,12,59,142,0,75,140,-1,3,0,-12,16,-2,0.0036,-0.0028,-0.0092,0.9999,-1,0,-1,2
134.731,134.731,11,58,142,0,75,140,-1,3,0,-11,17,-2,0.0051,-0.0027,-0.009,0.9999,0,1,-1,2
134.831,134.831,11,58,142,0,75,140,-1,3,0,-11,17,-2,0.0058,-0.0029,-0.0083,0.9999,0,2,-1,2
134.931,134.931,11,58,142,0,75,140,-1,3,0,-11,17,-2,0.0058,-0.0029,-0.0083,0.9999,0,0,-1,2
135.031,135.031,11,58,142,0,75,140,-1,3,0,-11,17,-2,0.0029,-0.0027,-0.006,1,0,-1,-1,2
135.131,135.131,11,58,142,0,75,140,-1,3,0,-11,17,-2,0.002,-0.0015,-0.004,1,-1,-1,-1,2
135.231,135.231,11,58,142,0,75,140,-1,3,0,-11,17,-2,0.0018,-0.0016,-0.0025,1,-1,-2,-1,2
135.331,135.331,11,58,142,0,75,140,-1,3,0,-11,17,-2,0.0031,-0.0021,-0.0008,1,-3,1,-1,2
135.431,135.431,11,58,142,0,75,140,-1,3,0,-11,17,-2,0.0031,-0.0021,-0.0008,1,-1,0,-1,2
135.531,135.531,11,57,143,0,75,140,-1,3,0,-11,18,-3,0.0065,-0.0031,0.0014,1,0,1,0,3
135.631,135.631,11,57,143,0,75,140,0,3,0,-11,18,-3,0.004,-0.0031,0.0016,1,0,0,0,2
135.731,135.731,11,57,143,0,75,140,0,3,0,-11,18,-3,0.004,-0.0031,0.0016,1,0,0,0,2
135.831,135.831,10,57,143,0,75,140,0,3,0,-10,18,-3,0.0012,-0.0006,0.0006,1,-2,-2,0,2
135.931,135.931,10,57,143,0,75,140,0,3,0,-10,18,-3,0.0012,-0.0006,0.0006,1,0,-1,0,2
136.031,136.031,10,57,143,0,75,140,0,3,0,-10,18,-3,0.0013,-0.0019,-0.0006,1,1,0,0,2
136.131,136.131,10,57,144,0,75,140,0,3,-1,-10,18,-4,0.0051,-0.0022,-0.0038,1,-1,0,0,2
136.231,136.231,10,57,144,0,75,140,0,3,-1,-10,18,-4,0.0051,-0.0022,-0.0038,1,0,3,0,2
136.331,136.331,10,57,144,0,75,140,0,3,-1,-10,18,-4,0.0048,-0.0023,-0.0063,1,0,-6,0,2
136.441,136.441,10,57,144,0,75,140,0,3,-1,-10,18,-4,0.0051,-0.0022,-0.0069,1,0,0,0,2
136.541,136.541,9,57,144,0,75,140,0,3,-1,-9,18,-4,0.004,-0.0023,-0.0067,1,0,-3,0,2
136.641,136.641,9,57,144,0,75,140,0,3,-1,-9,18,-4,0.004,-0.0023,-0.0067,1,0,-1,0,2
136.741,136.741,9,56,143,0,75,140,0,3,0,-9,19,-3,0.0024,-0.0028,-0.0054,1,0,-2,0,2
136.841,136.841,9,56,143,0,75,140,0,3,0,-9,19,-3,0.0004,-0.0024,-0.0043,1,0,-2,0,2
136.941,136.941,9,56,143,0,75,140,0,3,0,-9,19,-3,-0.0014,-0.0015,-0.0035,1,-1,-2,0,2
137.041,137.041,9,56,143,0,75,140,0,3,0,-9,19,-3,-0.0009,-0.0016,-0.002,1,-1,1,0,2
137.141,137.141,9,56,143,0,75,140,0,3,0,-9,19,-3,-0.0001,-0.0021,-0.0003,1,0,0,0,2
137.241,137.241,8,56,143,0,75,140,0,3,0,-8,19,-3,0.0001,-0.0017,0.0007,1,-2,0,0,2
137.341,137.341,8,56,143,0,75,140,0,3,0,-8,19,-3,0.0002,-0.0009,0.0012,1,0,0,0,2
137.441,137.441,8,56,143,0,75,140,0,3,0,-8,19,-3,0.0002,-0.0009,0.0012,1,0,3,0,2
137.541,137.541,8,57,144,0,75,140,0,3,-1,-8,18,-4,0.0036,-0.0009,0.0021,1,0,1,0,2
137.641,137.641,8,57,144,0,75,140,0,3,-1,-8,18,-4,0.0036,-0.0009,0.0021,1,0,1,0,2
137.741,137.741,8,57,144,0,75,140,0,3,-1,-8,18,-4,0.0001,-0.0017,0.0032,1,0,0,0,2
137.841,137.841,8,57,144,0,75,140,0,3,-1,-8,18,-4,0.0001,-0.0017,0.0032,1,-1,0,0,2
137.941,137.941,7,57,144,0,75,140,0,3,-1,-7,18,-4,-0.0008,-0.0009,0.0037,1,0,0,0,2
138.041,138.041,7,57,144,0,75,140,0,3,-1,-7,18,-4,0.0005,-0.0005,0.0041,1,0,2,0,2
138.141,138.141,7,57,144,0,75,140,0,3,-1,-7,18,-4,0.0015,-0.0014,0.0052,1,0,2,0,2
138.241,138.241,7,58,144,0,75,140,0,3,-1,-7,17,-4,-0.0003,-0.001,0.0052,1,-1,0,0,2
138.341,138.341,6,58,144,0,75,140,0,3,-1,-6,17,-4,-0.0008,0.0002,0.0048,1,-2,0,0,2
138.441,138.441,6,58,144,0,75,140,0,3,-1,-6,17,-4,0.0014,0.0006,0.0045,1,-1,4,0,2
138.541,138.541,6,59,144,0,75,140,0,2,-1,-6,16,-4,0.0017,-0.0006,0.004,1,0,3,0,1
138.641,138.641,6,59,144,0,75,140,0,2,-1,-6,16,-4,0.0001,-0.0011,0.0031,1,0,0,0,1
138.741,138.741,6,59,144,0,75,140,0,2,-1,-6,16,-4,-0.0001,-0.0014,0.0033,1,0,1,0,1
138.841,138.841,6,60,144,0,75,140,0,2,-1,-6,15,-4,0.0023,-0.0021,0.0036,1,0,3,0,1
138.941,138.941,6,60,144,0,75,140,0,2,-1,-6,15,-4,0.0023,-0.0021,0.0036,1,0,4,0,1
139.041,139.041,6,61,143,0,75,140,0,2,0,-6,14,-3,0.0053,-0.0037,0.0057,1,-1,2,0,1
139.141,139.141,6,61,143,0,75,140,0,2,0,-6,14,-3,0.0053,-0.0037,0.0057,1,-1,3,0,1
139.241,139.241,5,61,143,0,75,140,0,2,0,-5,14,-3,0.0055,-0.0037,0.0069,1,0,3,0,1
139.341,139.341,5,62,143,0,75,140,0,2,0,-5,13,-3,0.0031,-0.0011,0.0082,1,0,1,0,1
139.441,139.441,5,62,143,0,75,140,0,2,0,-5,13,-3,0.003,0.0005,0.0079,1,-3,1,0,1
139.541,139.541,5,62,143,0,75,140,0,2,0,-5,13,-3,0.003,0.0005,0.0079,1,-2,3,0,1
139.641,139.641,4,63,143,0,75,140,0,2,0,-4,12,-3,0.0047,0.0005,0.0066,1,-1,5,0,1
139.741,139.741,4,64,143,0,75,140,0,2,0,-4,11,-3,0.0051,-0.0021,0.003,1,-1,2,0,1
139.841,139.841,4,64,143,0,75,140,0,2,0,-4,11,-3,0.0051,-0.0021,0.003,1,-2,0,0,1
139.941,139.941,3,64,144,0,75,140,0,2,-1,-3,11,-4,0.0064,0.0005,-0.001,1,-2,2,0,1
140.041,140.041,3,64,144,0,75,140,0,2,-1,-3,11,-4,0.0064,0.0005,-0.001,1,-2,1,0,1
140.141,140.141,3,65,144,0,75,140,0,2,-1,-3,10,-4,0.0056,-0.0007,-0.0049,1,-4,0,0,1
140.251,140.251,3,65,144,0,75,140,0,2,-1,-3,10,-4,0.0056,-0.0007,-0.0049,1,-1,1,0,1
140.351,140.351,2,65,144,0,75,140,0,2,-1,-2,10,-4,0.0051,-0.0002,-0.0067,1,-3,1,0,1
140.451,140.451,2,65,144,0,75,140,0,2,-1,-2,10,-4,0.0051,-0.0002,-0.0067,1,-1,2,0,1
140.551,140.551,2,66,144,0,75,140,0,2,-1,-2,9,-4,0.0061,0.0003,-0.0073,1,-2,1,0,1
140.651,140.651,1,66,144,0,75,140,0,1,-1,-1,9,-4,0.0053,0.0021,-0.0071,1,-1,0,0,0
140.751,140.751,1,66,144,0,75,140,0,1,-1,-1,9,-4,0.0053,0.0021,-0.0071,1,-1,-1,0,0
140.851,140.851,1,66,144,0,75,140,0,1,-1,-1,9,-4,0.0039,0.0015,-0.0063,1,-2,0,0,0
140.951,140.951,1,66,143,0,125,140,0,17,0,-1,59,-3,0.0038,0.0011,-0.0063,1,-2,2,0,16
141.051,141.051,1,66,143,0,125,140,0,17,0,-1,59,-3,0.0038,0.0011,-0.0063,1,0,15,0,16
141.151,141.151,1,66,143,0,125,140,0,17,0,-1,59,-3,-0.0049,-0.0008,-0.0073,1,0,-3,0,16
141.251,141.251,1,66,143,0,125,140,0,17,0,-1,59,-3,-0.0049,-0.0008,-0.0073,1,0,-5,0,16
141.351,141.351,0,67,143,0,125,140,0,17,0,0,58,-3,-0.0179,0.0008,-0.0094,0.9998,0,2,0,16
141.451,141.451,0,68,143,0,125,140,0,16,0,0,57,-3,-0.0104,0.0013,-0.0102,0.9999,0,4,0,15
141.551,141.551,0,68,143,0,125,140,0,16,0,0,57,-3,-0.0104,0.0013,-0.0102,0.9999,0,8,0,15
141.651,141.651,0,70,143,0,125,140,0,16,0,0,55,-3,-0.0026,0.0019,-0.0111,0.9999,0,13,0,15
141.751,141.751,0,73,144,0,125,140,0,15,-1,0,52,-4,0.0046,0.0011,-0.0114,0.9999,0,7,0,14
141.851,141.851,0,73,144,0,125,140,0,15,-1,0,52,-4,0.0046,0.0011,-0.0114,0.9999,-1,12,0,14
141.951,141.951,0,76,144,0,125,140,0,15,-1,0,49,-4,0.0028,0.0002,-0.0106,0.9999,0,10,0,14
142.051,142.051,0,76,144,0,125,140,0,14,-1,0,49,-4,0.0028,0.0002,-0.0106,0.9999,0,4,0,13
142.151,142.151,-1,80,144,0,125,140,0,13,-1,1,45,-4,0.0006,0.0012,-0.0094,1,0,5,0,12
142.251,142.251,-1,80,144,0,125,140,0,13,-1,1,45,-4,0.0006,0.0012,-0.0094,1,0,7,0,12
142.351,142.351,0,83,144,0,125,140,0,12,-1,0,42,-4,0.0018,0.0013,-0.0076,1,0,7,0,11
142.451,142.451,0,83,144,0,125,140,0,12,-1,0,42,-4,0.0018,0.0013,-0.0076,1,0,12,0,11
142.551,142.551,-1,86,144,0,125,140,0,12,-1,1,39,-4,0.003,0.0004,-0.0054,1,0,8,0,11
142.651,142.651,-1,88,144,0,125,140,0,11,-1,1,37,-4,0.0022,0.0008,-0.004,1,0,7,0,10
142.751,142.751,-1,90,143,0,125,140,0,10,0,1,35,-3,0.0021,0.0002,-0.0027,1,0,11,0,9
142.851,142.851,-1,92,143,0,125,140,0,9,0,1,33,-3,0.0018,-0.0007,-0.0009,1,0,9,0,8
142.951,142.951,-1,92,143,0,125,140,0,9,0,1,33,-3,0.0018,-0.0007,-0.0009,1,1,9,0,8
143.051,143.051,-1,96,143,0,125,140,0,9,0,1,29,-3,0.0025,0.0011,0.0017,1,1,8,0,8
143.151,143.151,-1,97,143,0,125,140,0,8,0,1,28,-3,0.0033,0.0024,0.0032,1,0,9,0,7
143.251,143.251,-1,97,143,0,125,140,0,8,0,1,28,-3,0.0033,0.0024,0.0032,1,0,9,0,7
143.351,143.351,-1,101,143,0,125,140,0,4,0,1,24,-3,0.0051,0.0025,0.0036,1,0,12,0,3
143.451,143.451,-1,103,143,0,125,140,0,3,0,1,22,-3,0.0058,0.0026,0.002,1,0,8,0,2
143.551,143.551,-1,104,143,0,125,140,0,3,0,1,21,-3,0.0072,0.0024,0.0008,1,-1,14,0,2
143.651,143.651,-1,104,143,0,125,140,0,3,0,1,21,-3,0.0072,0.0024,0.0008,1,0,15,0,2
143.751,143.751,0,108,143,0,125,140,0,3,0,0,17,-3,0.0082,0.0017,-0.003,1,1,10,0,2
143.851,143.851,0,109,144,0,125,140,0,2,-1,0,16,-4,0.008,0.002,-0.0063,0.9999,0,4,0,1
143.951,143.951,0,109,144,0,125,140,0,2,-1,0,16,-4,0.008,0.002,-0.0063,0.9999,0,8,0,1
144.051,144.051,0,112,144,0,125,140,0,2,-1,0,13,-4,0.0072,0.0027,-0.0092,0.9999,0,10,0,1
144.151,144.151,0,113,143,0,125,140,0,2,0,0,12,-3,0.007,0.0033,-0.0099,0.9999,0,1,0,1
144.251,144.251,-1,114,143,0,125,140,0,2,0,1,11,-3,0.009,0.0025,-0.0105,0.9999,-2,8,0,1
144.361,144.361,0,115,143,0,125,140,0,2,0,0,10,-3,0.0105,0.0008,-0.0104,0.9999,0,8,0,1
144.461,144.461,0,116,143,0,125,140,0,2,0,0,9,-3,0.0087,0.0002,-0.0105,0.9999,0,7,0,1
144.561,144.561,0,117,143,0,125,140,0,1,0,0,8,-3,0.0064,0.0007,-0.0096,0.9999,0,4,0,0
144.661,144.661,0,118,143,0,125,140,0,1,0,0,7,-3,0.0065,0.002,-0.0093,0.9999,0,4,0,0
144.761,144.761,0,118,143,0,175,140,0,16,0,0,57,-3,0.0065,0.002,-0.0093,0.9999,0,7,0,15
144.861,144.861,0,119,143,0,175,140,0,16,0,0,56,-3,0.0076,0.0031,-0.009,0.9999,0,8,0,15
144.961,144.961,0,120,143,0,175,140,0,16,0,0,55,-3,0.007,0.0028,-0.0088,0.9999,0,4,0,15
145.061,145.061,0,120,143,0,175,140,0,16,0,0,55,-3,0.0001,0.0025,-0.0087,1,0,4,0,15
145.161,145.161,1,121,143,0,175,140,0,15,0,-1,54,-3,-0.0093,0.0013,-0.0085,0.9999,1,8,0,14
145.261,145.261,1,123,143,0,175,140,0,15,0,-1,52,-3,-0.0085,-0.0001,-0.0063,0.9999,1,11,0,14
145.361,145.361,2,125,143,0,175,140,0,15,0,-2,50,-3,-0.003,0.0001,-0.0056,1,1,12,0,14
145.461,145.461,2,125,143,0,175,140,0,14,0,-2,50,-3,-0.003,0.0001,-0.0056,1,1,14,0,13
145.561,145.561,2,128,143,0,175,140,0,14,0,-2,47,-3,0.0078,-0.0007,-0.005,1,0,15,0,13
145.661,145.661,2,130,143,0,175,140,0,13,0,-2,45,-3,0.0079,-0.0016,-0.0046,1,0,10,0,12
145.761,145.761,3,132,143,0,175,140,0,13,0,-3,43,-3,0.0079,-0.0012,-0.0051,1,0,12,0,12
145.861,145.861,3,132,143,0,175,140,0,13,0,-3,43,-3,0.0079,-0.0012,-0.0051,1,2,12,0,12
145.961,145.961,4,135,143,0,175,140,0,12,0,-4,40,-3,0.006,-0.0016,-0.0051,1,2,9,0,11
146.061,146.061,4,135,143,0,175,140,0,12,0,-4,40,-3,0.006,-0.0016,-0.0051,1,1,10,0,11
146.161,146.161,5,137,143,0,175,140,0,11,0,-5,38,-3,0.007,-0.0009,-0.0061,1,1,12,0,10
146.261,146.261,5,137,143,0,175,140,0,11,0,-5,38,-3,0.007,-0.0009,-0.0061,1,3,9,0,10
146.361,146.361,5,139,143,0,175,140,0,11,0,-5,36,-3,0.0054,-0.002,-0.0063,1,2,10,0,10
146.461,146.461,6,142,144,0,175,140,0,10,-1,-6,33,-4,0.007,-0.0021,-0.0061,1,3,11,0,9
146.561,146.561,6,143,144,0,175,140,0,9,-1,-6,32,-4,0.0053,-0.0021,-0.0057,1,2,11,0,8
146.661,146.661,6,143,144,0,175,140,0,9,-1,-6,32,-4,0.0053,-0.0021,-0.0057,1,1,9,0,8
146.761,146.761,7,146,144,0,175,140,0,9,-1,-7,29,-4,0.0074,-0.0011,-0.0035,1,2,9,0,8
146.861,146.861,7,147,144,0,175,140,0,8,-1,-7,28,-4,0.0068,-0.001,-0.0029,1,1,10,0,7
146.961,146.961,8,148,145,0,175,140,0,8,-1,-8,27,-5,0.0072,-0.0006,-0.0022,1,2,13,0,7
147.061,147.061,8,150,145,0,175,140,0,7,-1,-8,25,-5,0.0065,-0.0011,-0.0014,1,1,7,0,6
147.161,147.161,8,150,145,0,175,140,0,7,-1,-8,25,-5,0.0065,-0.0011,-0.0014,1,4,11,0,6
147.261,147.261,9,152,145,0,175,140,0,4,-1,-9,23,-5,0.0062,-0.001,-0.0002,1,2,9,0,3
147.361,147.361,9,152,145,0,175,140,0,4,-1,-9,23,-5,0.0062,-0.001,-0.0002,1,3,7,0,3
147.461,147.461,10,154,145,0,175,140,0,3,-1,-10,21,-5,0.0102,0.0005,0.0006,0.9999,1,8,0,2
147.561,147.561,10,155,145,0,175,140,0,3,-1,-10,20,-5,0.0117,0.0004,0.001,0.9999,3,9,0,2
147.661,147.661,10,155,145,0,175,140,0,3,-1,-10,20,-5,0.0117,0.0004,0.001,0.9999,1,8,0,2
147.761,147.761,11,158,145,0,175,140,0,3,-1,-11,17,-5,0.0122,-0.0014,0.0016,0.9999,4,6,0,2
147.861,147.861,12,158,145,0,175,140,-1,3,-1,-12,17,-5,0.0095,-0.0014,0.0018,1,2,5,0,3
147.961,147.961,12,159,145,0,175,140,-1,3,-1,-12,16,-5,0.0081,-0.0013,0.0022,1,4,4,0,3
148.061,148.061,12,159,145,0,175,140,-1,3,-1,-12,16,-5,0.0081,-0.0013,0.0022,1,2,4,0,3
148.161,148.161,13,160,144,0,175,140,-1,2,-1,-13,15,-4,0.006,-0.0024,0.0033,1,0,1,0,2
148.261,148.261,13,160,144,0,175,140,-1,2,-1,-13,15,-4,0.0061,-0.0018,0.0038,1,1,2,0,2
148.361,148.361,14,160,144,0,175,140,-1,2,-1,-14,15,-4,0.0067,-0.0014,0.0041,1,1,2,0,2
148.461,148.461,14,160,144,0,175,140,-1,2,-1,-14,15,-4,0.0067,-0.0014,0.0041,1,1,3,0,2
148.561,148.561,14,162,144,0,175,140,-1,2,-1,-14,13,-4,0.0067,-0.0014,0.0031,1,1,3,0,2
148.661,148.661,14,162,144,0,175,140,-1,2,-1,-14,13,-4,0.0067,-0.0014,0.0031,1,1,2,0,2
148.771,148.771,15,162,144,0,175,140,-1,2,-1,-15,13,-4,0.0061,-0.0018,0.0018,1,1,3,0,2
148.871,148.871,16,163,144,0,175,140,-1,2,-1,-16,12,-4,0.0065,-0.0017,-0.0025,1,2,0,-1,1
148.971,148.971,16,163,143,0,175,140,-1,2,0,-16,12,-3,0.0071,-0.0017,-0.0051,1,1,1,-1,1
149.071,149.071,16,163,143,0,175,140,-1,2,0,-16,12,-3,0.0071,-0.0017,-0.0051,1,5,1,-1,1
149.171,149.171,17,163,143,0,175,140,-1,2,0,-17,12,-3,0.0067,-0.0033,-0.0073,0.9999,3,2,-1,1
149.271,149.271,17,163,143,0,175,140,-1,2,0,-17,12,-3,0.0074,-0.0044,-0.0094,0.9999,5,0,-1,1
149.371,149.371,18,164,144,0,175,140,-3,2,-1,-18,11,-4,0.0058,-0.0026,-0.0119,0.9999,1,0,-3,1
149.471,149.471,18,164,144,0,175,140,-3,2,-1,-18,11,-4,0.0058,-0.0015,-0.0122,0.9999,-2,1,-3,1
149.571,149.571,18,164,144,0,175,140,-3,2,-1,-18,11,-4,0.0058,-0.0015,-0.0122,0.9999,0,0,-3,1
149.671,149.671,18,164,143,0,175,140,-3,2,0,-18,11,-3,0.0053,-0.0024,-0.0123,0.9999,-1,1,-3,1
149.771,149.771,18,164,143,0,175,140,-3,2,0,-18,11,-3,0.0053,-0.0024,-0.0123,0.9999,-1,0,-3,1
149.871,149.871,18,165,143,0,175,140,-3,2,0,-18,10,-3,0.0054,-0.0034,-0.0118,0.9999,0,0,-3,1
149.971,149.971,18,165,143,0,175,140,-3,2,0,-18,10,-3,0.006,-0.0031,-0.0116,0.9999,0,0,-3,1
150.071,150.071,19,165,143,0,175,140,-3,2,0,-19,10,-3,0.0069,-0.002,-0.0106,0.9999,-1,1,-3,1
150.171,150.171,19,165,142,0,175,140,-3,2,0,-19,10,-2,0.0064,-0.0024,-0.01,0.9999,-1,1,-3,1
150.271,150.271,19,165,142,0,175,140,-3,2,0,-19,10,-2,0.0064,-0.0024,-0.01,0.9999,0,1,-3,1
150.371,150.371,18,166,142,0,175,140,-3,2,0,-18,9,-2,0.0064,-0.0033,-0.009,0.9999,-2,0,-3,1
150.471,150.471,18,166,142,0,175,140,-3,1,0,-18,9,-2,0.007,-0.003,-0.0081,0.9999,-1,1,-3,0
150.571,150.571,18,166,142,0,175,140,-3,1,0,-18,9,-2,0.0075,-0.0026,-0.0069,0.9999,0,-3,-3,0
150.671,150.671,19,166,142,0,175,140,-3,1,0,-19,9,-2,0.0095,-0.0027,-0.0059,0.9999,0,0,-3,0
150.771,150.771,19,166,142,0,175,140,-3,1,0,-19,9,-2,0.0095,-0.0027,-0.0059,0.9999,0,1,-3,0
150.871,150.871,19,167,142,0,175,140,-3,1,0,-19,8,-2,0.0102,-0.0027,-0.0043,0.9999,0,0,-3,0
150.971,150.971,18,167,142,0,175,140,-3,1,0,-18,8,-2,0.0092,-0.0019,-0.0027,1,0,0,-3,0
151.071,151.071,18,167,142,0,175,140,-3,1,0,-18,8,-2,0.0072,-0.002,-0.0002,1,0,1,-3,0
151.171,151.171,18,167,142,0,175,140,-3,1,0,-18,8,-2,0.0076,-0.003,0.0019,1,1,-1,-2,1
151.271,151.271,18,168,142,0,175,140,-3,1,0,-18,7,-2,0.0095,-0.0056,0.0048,0.9999,2,4,-2,1
151.371,151.371,18,168,142,0,175,140,-3,1,0,-18,7,-2,0.0095,-0.0051,0.0054,0.9999,-2,0,-2,1
151.471,151.471,18,168,142,0,175,140,-3,1,0,-18,7,-2,0.0095,-0.0051,0.0054,0.9999,0,0,-2,1
151.571,151.571,18,167,142,0,175,140,-3,1,0,-18,8,-2,0.0072,-0.0067,0.0046,0.9999,0,0,-2,1
151.671,151.671,18,167,142,0,175,140,-3,1,0,-18,8,-2,0.0062,-0.0064,0.0035,1,-4,-2,-2,1
151.771,151.771,18,167,142,0,175,140,-3,1,0,-18,8,-2,0.0036,-0.0065,0.0024,1,0,0,-2,1
151.871,151.871,18,167,142,0,175,140,-3,1,0,-18,8,-2,0.0036,-0.0065,0.0024,1,-1,-2,-2,1
151.971,151.971,17,167,142,0,175,140,-2,1,0,-17,8,-2,0.0039,-0.0064,0.0014,1,-2,-2,-1,1
152.071,152.071,17,167,142,0,175,140,-2,1,0,-17,8,-2,0.0068,-0.0048,0.0005,1,0,0,-1,1
152.171,152.171,17,167,142,0,175,140,-2,1,0,-17,8,-2,0.0066,-0.0045,0.0001,1,-3,0,-1,1
152.271,152.271,17,167,142,0,175,140,-2,1,0,-17,8,-2,0.007,-0.0048,0.0001,1,-1,0,-1,1
152.371,152.371,16,167,142,0,175,140,-2,1,0,-16,8,-2,0.0057,-0.0057,-0.0006,1,0,0,-2,0
152.471,152.471,16,167,142,0,175,140,-2,1,0,-16,8,-2,0.0057,-0.0057,-0.0006,1,-2,-2,-2,0
152.571,152.571,16,167,142,0,175,140,-2,1,0,-16,8,-2,0.0074,-0.0062,-0.0024,1,0,2,-2,0
152.671,152.671,16,167,142,0,175,140,-2,1,0,-16,8,-2,0.0074,-0.0062,-0.0024,1,-2,1,-2,0
152.781,152.781,16,167,142,0,175,140,-2,1,0,-16,8,-2,0.0074,-0.0049,-0.0037,1,-1,0,-2,0
152.871,152.871,15,167,142,0,175,140,-2,1,0,-15,8,-2,0.0078,-0.0032,-0.0054,0.9999,-4,0,-2,0
152.981,152.981,15,167,142,0,175,140,-2,1,0,-15,8,-2,0.0078,-0.0032,-0.0054,0.9999,0,0,-2,0
153.081,153.081,15,167,142,0,175,140,-2,1,0,-15,8,-2,0.0063,-0.0061,-0.005,0.9999,0,0,-2,0
153.171,153.171,15,167,142,0,175,140,-2,1,0,-15,8,-2,0.0053,-0.0083,-0.0046,0.9999,2,2,-2,0
153.281,153.281,14,167,142,0,175,140,-2,1,0,-14,8,-2,0.0056,-0.0097,-0.0035,0.9999,-1,0,-2,0
153.381,153.381,14,168,142,0,175,140,-2,1,0,-14,7,-2,0.0076,-0.0099,-0.0021,0.9999,-1,0,-2,0
153.481,153.481,14,168,142,0,175,140,-2,1,0,-14,7,-2,0.0089,-0.0095,-0.0004,0.9999,-3,0,-2,0
153.581,153.581,13,168,143,0,175,140,-2,1,0,-13,7,-3,0.0062,-0.0052,0.0035,1,-2,0,-1,1
153.681,153.681,13,168,143,0,175,140,-2,1,0,-13,7,-3,0.0062,-0.0052,0.0035,1,-1,2,-1,1
153.781,153.781,12,168,143,0,175,140,-2,1,0,-12,7,-3,0.0079,-0.0053,0.0074,0.9999,-3,0,-1,1
153.881,153.881,12,168,143,0,175,140,-2,1,0,-12,7,-3,0.0079,-0.0053,0.0074,0.9999,-3,1,-1,1
153.981,153.981,11,168,142,0,175,140,-2,1,0,-11,7,-2,0.0087,-0.0056,0.0083,0.9999,-1,0,-1,1
154.081,154.081,11,168,142,0,175,140,0,1,0,-11,7,-2,0.0108,-0.0086,0.0084,0.9999,-2,0,0,0
154.181,154.181,11,168,142,0,175,140,0,1,0,-11,7,-2,0.0108,-0.0086,0.0084,0.9999,0,-1,0,0
154.281,154.281,10,168,142,0,175,140,0,1,0,-10,7,-2,0.0061,-0.0082,0.0075,0.9999,-2,0,0,0
154.381,154.381,10,168,142,0,175,140,0,1,0,-10,7,-2,0.0061,-0.0082,0.0075,0.9999,-1,0,0,0
154.481,154.481,9,168,142,0,175,140,0,1,0,-9,7,-2,0.0027,-0.007,0.0044,1,-1,-2,0,0
154.581,154.581,9,167,141,0,175,140,0,1,0,-9,8,-1,0.0029,-0.0064,0.0021,1,-3,-2,0,0
154.681,154.681,9,167,141,0,175,140,0,1,0,-9,8,-1,0.0029,-0.0064,0.0021,1,0,0,0,0
154.781,154.781,9,167,141,0,175,140,0,1,0,-9,8,-1,0.0052,-0.0065,-0.0002,1,-2,-1,0,0
154.881,154.881,8,167,141,0,175,140,0,1,0,-8,8,-1,0.0062,-0.0058,-0.0032,1,-4,1,0,0
155.081,155.081,8,166,141,0,175,140,0,1,0,-8,9,-1,0.0025,-0.0092,-0.0104,0.9999,-1,-1,0,0
155.181,155.181,8,166,141,0,175,140,0,2,0,-8,9,-1,0.0013,-0.0085,-0.0124,0.9999,-2,-2,0,1
155.281,155.281,8,166,141,0,175,140,0,2,0,-8,9,-1,0.0017,-0.0082,-0.0128,0.9999,1,0,0,1
155.381,155.381,8,166,141,0,175,140,0,1,0,-8,9,-1,0.003,-0.0116,-0.013,0.9998,3,0,0,0
155.481,155.481,9,166,141,0,175,140,0,1,0,-9,9,-1,0.0034,-0.0142,-0.0125,0.9998,0,0,0,0
155.581,155.581,9,166,141,0,175,140,0,1,0,-9,9,-1,0.0033,-0.0151,-0.0117,0.9998,0,0,0,0
155.681,155.681,8,167,141,0,175,140,0,1,0,-8,8,-1,0.0054,-0.0144,-0.0095,0.9998,0,1,0,0
155.781,155.781,8,167,140,0,175,140,0,1,0,-8,8,0,0.0099,-0.0151,-0.0067,0.9998,-2,3,0,0
155.881,155.881,8,167,140,0,175,140,0,1,0,-8,8,0,0.0124,-0.0148,-0.0048,0.9998,0,0,0,0
155.981,155.981,8,167,140,0,175,140,0,1,0,-8,8,0,0.0081,-0.0126,-0.0023,0.9999,0,0,0,0
156.081,156.081,8,167,140,0,175,140,0,1,0,-8,8,0,0.0018,-0.0114,0.0023,0.9999,1,1,0,0
156.181,156.181,8,168,141,0,175,140,0,1,0,-8,7,-1,0,-0.0122,0.0088,0.9999,0,1,0,0
156.281,156.281,8,169,141,0,175,140,0,1,0,-8,6,-1,0.0085,-0.0109,0.0236,0.9996,0,3,0,0
156.381,156.381,8,169,141,0,175,140,0,1,0,-8,6,-1,0.0085,-0.0109,0.0236,0.9996,0,1,0,0
156.481,156.481,8,169,141,0,175,140,0,1,0,-8,6,-1,0.0121,-0.0112,0.0288,0.9995,0,4,0,0
156.581,156.581,8,170,141,0,175,140,0,1,0,-8,5,-1,0.0123,-0.0159,0.0342,0.9992,0,2,0,0
156.681,156.681,8,170,141,0,175,100,0,1,-18,-8,5,-41,0.0123,-0.0159,0.0342,0.9992,0,0,0,0
156.781,156.781,7,170,141,0,175,100,0,1,-18,-7,5,-41,0.0102,-0.0162,0.0341,0.9992,-4,1,0,0
156.881,156.881,6,171,141,0,175,100,0,1,-18,-6,4,-41,0.0106,-0.0067,0.03,0.9995,-5,1,0,0
156.991,156.991,6,171,141,0,175,100,0,1,-18,-6,4,-41,0.0106,-0.0067,0.03,0.9995,-4,2,0,0
157.081,157.081,4,172,139,0,175,100,0,1,-18,-4,3,-39,0.0137,0.0026,0.0215,0.9997,-6,0,0,0
157.191,157.191,3,172,138,0,175,100,0,1,-17,-3,3,-38,0.0142,0.0015,0.0167,0.9998,-4,0,0,0
157.291,157.291,3,172,136,0,175,100,0,1,-16,-3,3,-36,0.0111,0.0001,0.0123,0.9999,-2,-1,0,0
157.391,157.391,2,171,134,0,175,100,0,1,-15,-2,4,-34,0.0062,0,0.0085,0.9999,0,1,0,0
157.491,157.491,2,171,134,0,175,100,0,1,-15,-2,4,-34,0.0062,0,0.0085,0.9999,-6,-1,0,0
157.591,157.591,1,171,132,0,175,100,0,1,-14,-1,4,-32,0.004,0.0014,0.0056,1,-5,-1,0,0
157.691,157.691,1,171,131,0,175,100,0,1,-14,-1,4,-31,0.0026,0.0024,0.003,1,-6,0,0,0
157.791,157.791,0,171,130,0,175,100,0,1,-13,0,4,-30,0.003,0.0028,0.0008,1,-2,-1,0,0
157.891,157.891,-1,171,127,0,175,100,0,1,-12,1,4,-27,0.0046,0.0022,-0.0041,1,-2,0,0,0
157.991,157.991,-1,171,126,0,175,100,0,1,-11,1,4,-26,0.006,0.0027,-0.0067,1,-1,0,0,0
158.091,158.091,-2,171,125,0,175,100,0,1,-11,2,4,-25,0.0078,0.0022,-0.0094,0.9999,-2,4,0,0
158.191,158.191,-2,171,124,0,175,100,0,1,-11,2,4,-24,0.0057,0.0008,-0.0118,0.9999,0,0,0,0
158.291,158.291,-2,171,124,0,175,100,0,1,-11,2,4,-24,0.0057,0.0008,-0.0118,0.9999,0,-1,0,0
158.391,158.391,-2,171,123,0,175,100,0,1,-10,2,4,-23,0.0044,-0.0009,-0.0133,0.9999,-2,-1,0,0
158.491,158.491,-2,171,122,0,175,100,0,1,-10,2,4,-22,0.0064,-0.0049,-0.0139,0.9999,0,2,0,0
158.591,158.591,-2,171,121,0,175,100,0,1,-9,2,4,-21,0.0105,-0.0092,-0.0141,0.9998,2,1,0,0
158.691,158.691,-2,172,120,0,175,100,0,1,-9,2,3,-20,0.0109,-0.0101,-0.0143,0.9998,-4,0,0,0
158.791,158.791,-3,171,118,0,175,100,0,1,-8,3,4,-18,0.0085,-0.0061,-0.0139,0.9998,-1,0,0,0
158.891,158.891,-3,171,117,0,175,100,0,1,-7,3,4,-17,0.0063,-0.0023,-0.0139,0.9999,-4,0,0,0
158.991,158.991,-4,171,116,0,175,100,0,1,-7,4,4,-16,0.0044,-0.0001,-0.0143,0.9999,0,-1,0,0
159.091,159.091,-4,171,115,0,175,100,0,1,-7,4,4,-15,0.0043,-0.0008,-0.015,0.9999,-1,-3,0,0
159.191,159.191,-5,171,113,0,175,100,1,0,-6,5,4,-13,0.0023,-0.0014,-0.016,0.9999,-2,0,0,0
159.291,159.291,-5,171,112,0,175,100,1,0,-5,5,4,-12,0.0033,-0.0024,-0.0162,0.9999,1,0,0,0
159.391,159.391,-5,172,111,0,175,100,1,0,-5,5,3,-11,0.0042,0,-0.0158,0.9999,-4,-2,0,0
159.491,159.491,-6,172,110,0,175,100,1,0,-4,6,3,-10,0.0079,0.0004,-0.016,0.9998,-2,2,0,0
159.591,159.591,-6,172,110,0,175,100,1,0,-4,6,3,-10,0.0079,0.0004,-0.016,0.9998,0,-1,0,0
159.691,159.691,-6,172,109,0,175,100,1,0,-4,6,3,-9,0.0081,-0.0009,-0.0148,0.9999,-1,0,0,0
159.791,159.791,-6,172,108,0,175,100,1,0,-3,6,3,-8,0.0104,-0.0036,-0.0136,0.9998,0,0,0,0
159.891,159.891,-6,172,108,0,175,100,1,0,-3,6,3,-8,0.0104,-0.0036,-0.0136,0.9998,1,0,0,0
159.991,159.991,-5,172,107,0,175,100,1,0,-2,5,3,-7,0.009,-0.0122,-0.0129,0.9998,0,1,0,0
160.091,160.091,-5,172,107,0,125,100,1,-14,-2,5,-47,-7,0.009,-0.0122,-0.0129,0.9998,3,-3,1,-13
160.191,160.191,-5,172,106,0,125,100,1,-14,-2,5,-47,-6,0.0049,-0.0139,-0.0117,0.9998,-3,-5,1,-13
160.291,160.291,-5,172,106,0,125,100,1,-14,-2,5,-47,-6,0.0019,-0.0079,-0.0115,0.9999,0,-3,1,-13
160.391,160.391,-5,172,105,0,125,100,1,-14,-1,5,-47,-5,0.0086,-0.0023,-0.0114,0.9999,0,1,1,-13
160.491,160.491,-5,172,105,0,125,100,1,-14,-1,5,-47,-5,0.0197,-0.0019,-0.0107,0.9997,0,0,1,-13
160.591,160.591,-5,172,105,0,125,100,1,-14,-1,5,-47,-5,0.0217,-0.0026,-0.0099,0.9997,0,-6,1,-13
160.691,160.691,-5,171,105,0,125,100,1,-14,-1,5,-46,-5,0.0186,-0.0039,-0.0092,0.9998,-1,-5,1,-13
160.791,160.791,-5,170,105,0,125,100,1,-13,-1,5,-45,-5,0.0146,-0.0037,-0.009,0.9998,0,-7,1,-12
160.891,160.891,-5,168,105,0,125,100,1,-12,-1,5,-43,-5,0.0082,-0.0061,-0.0103,0.9999,0,-11,1,-11
160.991,160.991,-5,167,104,0,125,100,1,-12,-1,5,-42,-4,0.0052,-0.0073,-0.0109,0.9999,1,-10,1,-11
161.091,161.091,-4,164,105,0,125,100,0,-12,-1,4,-39,-5,0.0035,-0.004,-0.0116,0.9999,0,-5,0,-11
161.191,161.191,-4,164,105,0,125,100,0,-11,-1,4,-39,-5,0.0035,-0.004,-0.0116,0.9999,0,-11,0,-10
161.291,161.291,-5,163,104,0,125,100,1,-11,-1,5,-38,-4,0.0037,-0.0031,-0.0117,0.9999,-2,-5,1,-10
161.391,161.391,-5,162,104,0,125,100,1,-11,-1,5,-37,-4,0.0078,-0.0024,-0.0109,0.9999,-1,-5,1,-10
161.491,161.491,-5,161,104,0,125,100,1,-11,-1,5,-36,-4,0.0116,-0.0024,-0.0087,0.9999,-4,-5,1,-10
161.591,161.591,-5,160,104,0,125,100,1,-10,-1,5,-35,-4,0.0143,-0.0007,-0.006,0.9999,0,-6,1,-9
161.691,161.691,-6,158,103,0,125,100,1,-10,0,6,-33,-3,0.0127,0.0048,0.0016,0.9999,0,-8,0,-9
161.801,161.801,-6,158,103,0,125,100,1,-10,0,6,-33,-3,0.0127,0.0048,0.0016,0.9999,0,-12,0,-9
161.901,161.901,-6,157,103,0,125,100,1,-9,0,6,-32,-3,0.0095,0.0051,0.0046,0.9999,-1,-12,0,-9
162.001,162.001,-6,155,103,0,125,100,1,-9,0,6,-30,-3,0.0048,0.0047,0.0072,1,-1,-8,0,-9
162.101,162.101,-6,153,103,0,125,100,1,-8,0,6,-28,-3,0.0026,0.0048,0.0075,1,2,-11,0,-8
162.201,162.201,-5,152,103,0,125,100,1,-8,0,5,-27,-3,0.0033,0.0036,0.007,1,5,-9,0,-8
162.301,162.301,-5,151,103,0,125,100,1,-8,0,5,-26,-3,0.0055,-0.0001,0.0069,1,4,-5,0,-8
162.401,162.401,-4,150,103,0,125,100,0,-7,0,4,-25,-3,0.0087,-0.0057,0.0075,0.9999,6,-14,0,-6
162.501,162.501,-4,149,103,0,125,100,0,-4,0,4,-24,-3,0.0085,-0.0087,0.0079,0.9999,3,-5,0,-3
162.601,162.601,-3,148,103,0,125,100,0,-4,0,3,-23,-3,0.0114,-0.0121,0.008,0.9998,3,-8,0,-3
162.701,162.701,-3,146,103,0,125,100,0,-3,0,3,-21,-3,0.0129,-0.0135,0.0073,0.9998,1,-10,0,-2
162.801,162.801,-3,145,103,0,125,100,0,-3,0,3,-20,-3,0.0089,-0.0101,0.0061,0.9999,-1,-10,0,-2
162.901,162.901,-3,142,102,0,125,100,0,-3,0,3,-17,-2,-0.0027,0.0004,0.0042,1,0,-11,0,-2
163.001,163.001,-3,142,102,0,125,100,0,-3,0,3,-17,-2,-0.0027,0.0004,0.0042,1,0,-6,0,-2
163.101,163.101,-4,141,102,0,125,100,1,-2,0,4,-16,-2,-0.0035,0.0025,0.0025,1,0,-7,0,-2
163.201,163.201,-4,140,102,0,125,100,1,-2,0,4,-15,-2,-0.0013,0.0009,0.0011,1,0,-4,0,-2
163.301,163.301,-4,138,102,0,125,100,0,-2,0,4,-13,-2,0.0063,-0.0039,-0.0021,1,0,-5,0,-1
163.401,163.401,-4,138,102,0,125,100,0,-2,0,4,-13,-2,0.0063,-0.0039,-0.0021,1,0,-3,0,-1
163.501,163.501,-4,137,102,0,125,100,0,-2,0,4,-12,-2,0.0079,-0.0045,-0.003,1,0,-3,0,-1
163.601,163.601,-3,137,102,0,125,100,0,-2,0,3,-12,-2,0.0075,-0.0054,-0.0038,1,0,-6,0,-1
163.701,163.701,-3,136,102,0,125,100,0,-2,0,3,-11,-2,0.0045,-0.0051,-0.004,1,0,-2,0,-1
163.801,163.801,-3,135,102,0,125,100,0,-2,0,3,-10,-2,0.0039,-0.0044,-0.0034,1,1,-2,0,-1
163.901,163.901,-2,135,102,0,125,100,0,-2,0,2,-10,-2,0.0048,-0.0047,-0.0032,1,1,-3,0,-1
164.001,164.001,-2,133,102,0,125,100,0,-1,0,2,-8,-2,0.0046,-0.0049,-0.0024,1,1,-5,0,0
164.101,164.101,-2,133,102,0,125,100,0,-1,0,2,-8,-2,0.0048,-0.0051,-0.002,1,1,-4,0,0
164.201,164.201,-2,132,102,0,125,100,0,-1,0,2,-7,-2,0.0057,-0.0059,-0.0011,1,0,-6,0,0
164.301,164.301,-2,131,102,0,125,100,0,-1,0,2,-6,-2,0.0061,-0.0057,-0.0001,1,0,-4,0,0
164.401,164.401,-2,130,102,0,75,100,0,-16,0,2,-55,-2,0.0067,-0.0038,0.0022,1,0,-5,0,-15
164.501,164.501,-2,130,102,0,75,100,0,-16,0,2,-55,-2,0.0067,-0.0038,0.0022,1,0,-7,0,-15
164.601,164.601,-2,130,102,0,75,100,0,-16,0,2,-55,-2,0.0048,-0.0023,0.0031,1,0,-3,0,-15
164.701,164.701,-2,129,102,0,75,100,0,-15,0,2,-54,-2,0.0101,-0.0019,0.0041,0.9999,0,-2,0,-14
164.801,164.801,-2,128,102,0,75,100,0,-15,0,2,-53,-2,0.0218,-0.0033,0.0041,0.9997,0,-7,0,-14
164.901,164.901,-2,127,102,0,75,100,0,-15,0,2,-52,-2,0.0225,-0.004,0.003,0.9997,0,-10,0,-14
165.001,165.001,-2,125,101,0,75,100,0,-15,0,2,-50,-1,0.0155,-0.0045,0.0017,0.9999,0,-13,0,-14
165.101,165.101,-1,122,102,0,75,100,0,-14,0,1,-47,-2,0.0034,-0.0032,-0.0017,1,0,-10,0,-13
165.401,165.401,-1,118,102,0,75,100,0,-13,0,1,-43,-2,0.006,-0.0043,-0.0038,1,0,-9,0,-12
165.501,165.501,-1,117,102,0,75,100,0,-12,0,1,-42,-2,0.0067,-0.0051,-0.0036,1,0,-8,0,-11
165.601,165.601,0,115,102,0,75,100,0,-12,0,0,-40,-2,0.0079,-0.0047,-0.0032,1,0,-13,0,-11
165.701,165.701,0,113,102,0,75,100,0,-11,0,0,-38,-2,0.0076,-0.0052,-0.0024,1,1,-14,0,-10
165.801,165.801,0,111,102,0,75,100,0,-11,0,0,-36,-2,0.0038,-0.0079,-0.0019,1,1,-13,0,-10
165.901,165.901,1,109,102,0,75,100,0,-10,0,-1,-34,-2,0.0015,-0.0121,-0.0017,0.9999,2,-14,0,-9
166.001,166.001,1,108,102,0,75,100,0,-9,0,-1,-33,-2,0.0009,-0.0136,-0.0012,0.9999,0,-11,0,-8
166.101,166.101,1,106,103,0,75,100,0,-9,0,-1,-31,-3,0.004,-0.0115,-0.0006,0.9999,0,-8,0,-8
166.201,166.201,0,105,103,0,75,100,0,-9,0,0,-30,-3,0.0068,-0.0071,-0.0005,1,0,-8,0,-8
166.301,166.301,0,103,103,0,75,100,0,-8,0,0,-28,-3,0.0069,-0.0031,-0.0006,1,0,-13,0,-7
166.401,166.401,0,101,102,0,75,100,0,-8,0,0,-26,-2,0.0048,0,-0.0003,1,-1,-13,0,-7
166.501,166.501,-1,98,102,0,75,100,0,-4,0,1,-23,-2,-0.0004,0.0017,-0.0005,1,-1,-10,0,-3
166.601,166.601,-1,98,102,0,75,100,0,-4,0,1,-23,-2,-0.0004,0.0017,-0.0005,1,-1,-6,0,-3
166.701,166.701,-1,97,102,0,75,100,0,-3,0,1,-22,-2,0.0014,0.0008,-0.0009,1,0,-6,0,-2
166.801,166.801,-1,95,102,0,75,100,0,-3,0,1,-20,-2,0.0008,-0.0019,-0.0002,1,0,-7,0,-2
166.901,166.901,-1,95,102,0,75,100,0,-3,0,1,-20,-2,0.0008,-0.0019,-0.0002,1,0,-9,0,-2
167.001,167.001,0,94,102,0,75,100,0,-3,0,0,-19,-2,0.0014,-0.003,0.0007,1,0,-6,0,-2
167.101,167.101,0,93,102,0,75,100,0,-3,0,0,-18,-2,0.0028,-0.004,0.0017,1,0,-5,0,-2
167.201,167.201,-1,93,102,0,75,100,0,-3,0,1,-18,-2,0.0041,-0.0043,0.0028,1,0,-4,0,-2
167.301,167.301,-1,92,102,0,75,100,0,-3,0,1,-17,-2,0.0058,-0.0036,0.0038,1,0,-3,0,-2
167.401,167.401,-1,91,102,0,75,100,0,-3,0,1,-16,-2,0.0071,-0.0029,0.0041,1,0,-6,0,-2
167.501,167.501,-1,90,102,0,75,100,0,-2,0,1,-15,-2,0.0055,-0.0018,0.0033,1,0,-4,0,-1
167.601,167.601,-1,88,102,0,75,100,0,-2,0,1,-13,-2,0.0045,-0.0013,0.0012,1,0,-2,0,-1
167.701,167.701,-1,88,102,0,75,100,0,-2,0,1,-13,-2,0.0045,-0.0013,0.0012,1,0,-4,0,-1
167.801,167.801,-1,88,101,0,75,100,0,-2,0,1,-13,-1,0.0042,-0.0021,0.0001,1,0,-6,0,-1
167.901,167.901,0,88,101,0,75,100,0,-2,0,0,-13,-1,0.0039,-0.0024,-0.0003,1,0,-3,0,-1
168.001,168.001,0,87,101,0,75,100,0,-2,0,0,-12,-1,0.0041,-0.0026,-0.0009,1,0,-1,0,-1
168.101,168.101,0,87,101,0,75,100,0,-2,0,0,-12,-1,0.0051,-0.0029,-0.0014,1,0,-3,0,-1
168.201,168.201,0,86,101,0,75,100,0,-2,0,0,-11,-1,0.0059,-0.0026,-0.0019,1,0,-1,0,-1
168.301,168.301,0,86,101,0,75,100,0,-2,0,0,-11,-1,0.0066,-0.0022,-0.0011,1,1,-1,0,-1
168.401,168.401,0,85,101,0,75,100,0,-2,0,0,-10,-1,0.0055,-0.0022,-0.0008,1,0,0,0,-1
168.501,168.501,0,85,101,0,75,100,0,-2,0,0,-10,-1,0.0048,-0.0029,0,1,0,-4,0,-1
168.601,168.601,0,85,101,0,75,100,0,-2,0,0,-10,-1,0.0043,-0.0039,0.0011,1,0,-2,0,-1
168.701,168.701,0,84,101,0,75,100,0,-2,0,0,-9,-1,0.0023,-0.0041,0.0015,1,0,-2,0,-1
168.801,168.801,0,84,101,0,-25,100,0,-23,0,0,-109,-1,0.0016,-0.0041,0.0021,1,0,-4,0,-22
168.901,168.901,0,84,101,0,-25,100,0,-23,0,0,-109,-1,0.0008,-0.0037,0.0024,1,0,-3,0,-22
169.001,169.001,0,84,101,0,-25,100,0,-23,0,0,-109,-1,0.0022,-0.0031,0.0022,1,1,0,0,-22
169.101,169.101,0,84,101,0,-25,100,0,-23,0,0,-109,-1,0.0124,-0.0027,0.0021,0.9999,0,0,0,-22
169.201,169.201,0,84,101,0,-25,100,0,-23,0,0,-109,-1,0.0312,-0.0018,0.0016,0.9995,0,-1,0,-22
169.301,169.301,0,83,101,0,-25,100,0,-23,0,0,-108,-1,0.0366,-0.0017,0.0006,0.9993,-2,-5,0,-22
169.401,169.401,0,82,101,0,-25,100,0,-23,0,0,-107,-1,0.0285,-0.0022,-0.0006,0.9996,0,-8,0,-22
169.501,169.501,1,80,100,0,-25,100,0,-23,0,-1,-105,0,0.0192,-0.0043,-0.0019,0.9998,0,-12,0,-22
169.601,169.601,1,76,100,0,-25,100,0,-23,0,-1,-101,0,0.0089,-0.0067,-0.0042,0.9999,0,-14,0,-22
169.701,169.701,1,74,100,0,-25,100,0,-23,0,-1,-99,0,0.0092,-0.0062,-0.0047,0.9999,0,-15,0,-22
169.801,169.801,1,74,100,0,-25,100,0,-23,0,-1,-99,0,0.0092,-0.0062,-0.0047,0.9999,0,-17,0,-22
169.901,169.901,1,70,100,0,-25,100,0,-23,0,-1,-95,0,0.0156,-0.0051,-0.004,0.9999,0,-17,0,-22
170.001,170.001,1,70,100,0,-25,100,0,-23,0,-1,-95,0,0.0156,-0.0051,-0.004,0.9999,0,-17,0,-22
170.101,170.101,1,66,100,0,-25,100,0,-23,0,-1,-91,0,0.0171,-0.0037,-0.0017,0.9998,0,-18,0,-22
170.201,170.201,1,66,100,0,-25,100,0,-23,0,-1,-91,0,0.0171,-0.0037,-0.0017,0.9998,0,-13,0,-22
170.301,170.301,1,64,100,0,-25,100,0,-23,0,-1,-89,0,0.0156,-0.0036,-0.0007,0.9999,0,-20,0,-22
170.401,170.401,1,61,100,0,-25,100,0,-23,0,-1,-86,0,0.0137,-0.0033,0.0003,0.9999,0,-21,0,-22
170.501,170.501,1,59,100,0,-25,100,0,-23,0,-1,-84,0,0.0125,-0.0018,0.0012,0.9999,0,-18,0,-22
170.601,170.601,2,56,100,0,-25,100,0,-23,0,-2,-81,0,0.0119,-0.002,0.0026,0.9999,1,-24,0,-22
170.701,170.701,1,53,100,0,-25,100,0,-23,0,-1,-78,0,0.0095,-0.0025,0.0032,0.9999,0,-21,0,-22
170.801,170.801,1,50,100,0,-25,100,0,-22,0,-1,-75,0,0.0098,-0.0021,0.0041,0.9999,0,-24,0,-21
170.911,170.911,1,48,100,0,-25,100,0,-22,0,-1,-73,0,0.0096,-0.0023,0.0048,0.9999,0,-17,0,-21
171.011,171.011,2,45,100,0,-25,100,0,-21,0,-2,-70,0,0.0096,-0.0025,0.0051,0.9999,0,-20,0,-20
171.111,171.111,2,42,100,0,-25,100,0,-20,0,-2,-67,0,0.0089,-0.002,0.0053,0.9999,1,-23,0,-19
171.211,171.211,2,38,100,0,-25,100,0,-19,0,-2,-63,0,0.008,-0.0027,0.0056,0.9999,1,-22,0,-18
171.311,171.311,3,35,100,0,-25,100,0,-18,0,-3,-60,0,0.0079,-0.0035,0.0057,0.9999,1,-23,0,-17
171.411,171.411,3,32,100,0,-25,100,0,-17,0,-3,-57,0,0.0065,-0.0052,0.0053,1,0,-17,0,-16
171.511,171.511,3,29,100,0,-25,100,0,-16,0,-3,-54,0,0.005,-0.0068,0.0051,1,1,-24,0,-15
171.611,171.611,3,26,100,0,-25,100,0,-15,0,-3,-51,0,0.0039,-0.0072,0.0042,1,0,-22,0,-14
171.711,171.711,4,23,100,0,-25,100,0,-14,0,-4,-48,0,0.0031,-0.0053,0.0031,1,0,-22,0,-13
171.811,171.811,4,20,101,0,-25,100,0,-13,0,-4,-45,-1,0.003,-0.0049,0.0013,1,0,-20,0,-12
171.911,171.911,4,15,101,0,-25,100,0,-12,0,-4,-40,-1,0.0047,-0.0035,-0.0032,1,1,-23,0,-11
172.011,172.011,4,12,101,0,-25,100,0,-11,0,-4,-37,-1,0.005,-0.0025,-0.0051,1,1,-22,0,-10
172.111,172.111,4,12,101,0,-25,100,0,-11,0,-4,-37,-1,0.005,-0.0025,-0.0051,1,1,-16,0,-10
172.211,172.211,5,9,101,0,-25,100,0,-10,0,-5,-34,-1,0.0042,-0.0017,-0.0064,1,0,-16,0,-9
172.311,172.311,5,7,101,0,-25,100,0,-9,0,-5,-32,-1,0.0028,-0.0023,-0.0074,1,0,-21,0,-8
172.411,172.411,5,4,101,0,-25,100,0,-8,0,-5,-29,-1,0.0014,-0.0034,-0.0071,1,0,-17,0,-7
172.511,172.511,5,2,101,0,-25,100,0,-8,0,-5,-27,-1,0.0011,-0.0054,-0.0068,1,1,-16,0,-7
172.611,172.611,5,-1,101,0,-25,100,0,-4,0,-5,-24,-1,-0.0009,-0.0075,-0.0065,1,1,-21,0,-3
172.711,172.711,5,-6,101,0,-25,100,0,-3,0,-5,-19,-1,-0.0011,-0.0044,-0.004,1,0,-16,0,-2
172.811,172.811,5,-6,101,0,-25,100,0,-3,0,-5,-19,-1,-0.0011,-0.0044,-0.004,1,-1,-15,0,-2
172.911,172.911,5,-8,101,0,-25,100,0,-3,0,-5,-17,-1,-0.0015,-0.004,-0.0022,1,0,-18,0,-2
173.011,173.011,6,-10,101,0,-25,100,0,-2,0,-6,-15,-1,-0.0039,-0.005,-0.0006,1,1,-17,0,-1
173.111,173.111,6,-11,101,0,-25,100,0,-2,0,-6,-14,-1,-0.0044,-0.0041,0.0013,1,0,-7,0,-1
173.211,173.211,6,-13,101,0,-25,100,0,-2,0,-6,-12,-1,-0.0033,-0.0027,0.0032,1,0,-10,0,-1
173.311,173.311,6,-14,101,0,-25,100,0,-2,0,-6,-11,-1,-0.0031,-0.0005,0.0048,1,-1,-8,0,-1
173.411,173.411,6,-16,101,0,-25,100,0,-2,0,-6,-9,-1,-0.0033,0.0007,0.006,1,-2,-6,0,-1
173.511,173.511,6,-17,100,0,-25,100,0,-1,0,-6,-8,0,-0.0023,0.0007,0.0057,1,2,-6,0,0
173.611,173.611,6,-18,100,0,-25,100,0,-1,0,-6,-7,0,-0.0039,-0.0032,0.005,1,0,-3,0,0
173.711,173.711,7,-19,101,0,-25,100,0,-1,0,-7,-6,-1,-0.0048,-0.0049,0.0042,1,0,-5,0,0
173.811,173.811,7,-20,101,0,-25,100,0,-1,0,-7,-5,-1,-0.0029,-0.0035,0.0031,1,-1,-1,0,0
173.911,173.911,7,-21,101,150,-25,100,23,0,0,143,-4,-1,-0.0024,-0.0039,0.0012,1,0,-1,22,0
174.011,174.011,8,-21,101,150,-25,100,23,0,0,142,-4,-1,-0.0051,-0.0074,-0.0014,1,11,-2,22,0
174.111,174.111,9,-22,102,150,-25,100,23,0,0,141,-3,-2,-0.0041,-0.0109,-0.0024,0.9999,2,-1,22,0
174.211,174.211,9,-22,102,150,-25,100,23,0,0,141,-3,-2,-0.0023,-0.0024,-0.0028,1,-2,0,22,0
174.311,174.311,9,-22,101,150,-25,100,23,0,0,141,-3,-1,0.0004,0.0183,-0.0017,0.9998,1,-1,22,0
174.411,174.411,10,-23,101,150,-25,100,23,0,0,140,-2,-1,0.0017,0.0259,-0.0007,0.9997,3,0,22,0
174.511,174.511,11,-23,101,150,-25,100,23,0,0,139,-2,-1,0.0022,0.0192,0.001,0.9998,12,-1,22,0
174.611,174.611,13,-23,101,150,-25,100,23,0,0,137,-2,-1,0.0025,0.0087,0.0028,1,14,0,22,0
174.711,174.711,15,-23,101,150,-25,100,23,0,0,135,-2,-1,0.0023,0.001,0.0047,1,16,0,22,0
174.811,174.811,17,-23,101,150,-25,100,23,0,0,133,-2,-1,0.0011,-0.0015,0.0059,1,13,0,22,0
174.911,174.911,19,-23,101,150,-25,100,23,0,0,131,-2,-1,0.0009,0,0.0068,1,16,0,22,0
175.011,175.011,21,-23,101,150,-25,100,23,0,0,129,-2,-1,0.0014,0.0027,0.0072,1,17,0,22,0
175.111,175.111,23,-23,101,150,-25,100,23,0,0,127,-2,-1,0.0026,0.0038,0.0073,1,17,0,22,0
175.211,175.211,26,-23,101,150,-25,100,23,0,0,124,-2,-1,0.0026,0.0042,0.0071,1,20,0,22,0
175.311,175.311,28,-22,101,150,-25,100,23,0,0,122,-3,-1,0.0032,0.0039,0.0064,1,17,0,22,0
175.411,175.411,31,-22,101,150,-25,100,23,0,0,119,-3,-1,0.0024,0.0026,0.0055,1,20,0,22,0
175.511,175.511,33,-22,101,150,-25,100,23,0,0,117,-3,-1,0.002,-0.0003,0.0043,1,22,0,22,0
175.611,175.611,36,-22,101,150,-25,100,23,0,0,114,-3,-1,0.001,-0.0018,0.0036,1,24,-1,22,0
175.711,175.711,39,-22,101,150,-25,100,23,0,0,111,-3,-1,-0.0004,-0.0013,0.0028,1,23,1,22,0
175.811,175.811,42,-22,101,150,-25,100,23,0,0,108,-3,-1,-0.0008,-0.0006,0.0017,1,21,1,22,0
175.911,175.911,45,-21,101,150,-25,100,23,0,0,105,-4,-1,-0.0007,0,0.0008,1,21,1,22,0
176.011,176.011,48,-21,101,150,-25,100,23,0,0,102,-4,-1,0.0009,-0.0006,-0.0001,1,21,1,22,0
176.111,176.111,51,-21,101,150,-25,100,23,0,0,99,-4,-1,0.0013,-0.0011,-0.0015,1,21,2,22,0
176.211,176.211,54,-20,101,150,-25,100,23,-1,0,96,-5,-1,0.0022,-0.002,-0.0028,1,24,3,23,0
176.311,176.311,57,-20,101,150,-25,100,23,-1,0,93,-5,-1,0.0025,-0.0024,-0.0036,1,21,1,23,0
176.411,176.411,60,-19,101,150,-25,100,23,-1,0,90,-6,-1,0.003,-0.0031,-0.004,1,22,3,23,0
176.511,176.511,63,-19,101,150,-25,100,23,-1,0,87,-6,-1,0.0026,-0.0023,-0.004,1,22,1,23,0
176.611,176.611,66,-19,101,150,-25,100,23,-1,0,84,-6,-1,0.0026,-0.0015,-0.0036,1,23,4,23,0
176.711,176.711,70,-18,101,150,-25,100,23,-1,0,80,-7,-1,0.0019,-0.0015,-0.0025,1,22,4,23,0
176.811,176.811,73,-18,101,150,-25,100,23,-1,0,77,-7,-1,0.0006,-0.0021,-0.002,1,23,0,23,0
176.911,176.911,76,-17,100,150,-25,100,22,-1,0,74,-8,0,0.0002,-0.0027,-0.0015,1,26,6,22,0
177.011,177.011,79,-17,100,150,-25,100,21,-1,0,71,-8,0,0.0005,-0.0029,-0.0005,1,26,2,21,0
177.111,177.111,83,-16,100,150,-25,100,20,-1,0,67,-9,0,0.0012,-0.0033,0.0002,1,-32768,-32768,19,-1
177.211,177.211,86,-16,100,150,-25,100,19,-1,0,64,-9,0,0.0018,-0.0043,0.0013,1,24,2,18,-1
177.311,177.311,90,-15,100,150,-25,100,18,-1,0,60,-10,0,0.0018,-0.0065,0.0023,1,23,0,17,-1
177.411,177.411,93,-14,100,150,-25,100,17,-1,0,57,-11,0,0.002,-0.0088,0.0037,1,22,2,16,-1
177.511,177.511,96,-14,100,150,-25,100,16,-2,0,54,-11,0,0.0023,-0.0096,0.0048,0.9999,23,1,15,-2
177.611,177.611,99,-13,100,150,-25,100,15,-2,0,51,-12,0,0.0023,-0.0096,0.0048,0.9999,20,0,14,-2
177.711,177.711,102,-13,100,150,-25,100,14,-2,0,48,-12,0,0.0009,-0.01,0.0055,0.9999,22,1,13,-2
177.821,177.821,105,-13,100,150,-25,100,13,-2,0,45,-12,0,0.0017,-0.0102,0.0052,0.9999,20,1,12,-2
177.911,177.911,107,-12,100,150,-25,100,13,-2,0,43,-13,0,0.002,-0.01,0.0044,0.9999,19,2,12,-2
178.021,178.021,110,-12,100,150,-25,100,12,-2,0,40,-13,0,0.0018,-0.0093,0.0039,0.9999,19,1,11,-2
178.121,178.121,112,-12,99,150,-25,100,11,-2,0,38,-13,1,0.0003,-0.0089,0.0038,1,19,0,10,-2
178.221,178.221,114,-11,99,150,-25,100,11,-2,0,36,-14,1,-0.0009,-0.0087,0.0038,1,17,1,10,-2
178.321,178.321,116,-11,99,150,-25,100,10,-2,0,34,-14,1,-0.0007,-0.0084,0.0037,1,19,1,9,-2
178.421,178.421,119,-10,99,150,-25,100,9,-2,0,31,-15,1,-0.0001,-0.0092,0.0029,1,15,1,8,-2
178.521,178.521,121,-10,99,150,-25,100,9,-2,0,29,-15,1,0.0002,-0.0099,0.0025,0.9999,13,2,8,-2
178.621,178.621,122,-10,99,150,-25,100,8,-2,0,28,-15,1,0.0009,-0.0097,0.002,1,14,0,7,-2
178.721,178.721,124,-10,99,150,-25,100,8,-2,0,26,-15,1,0.0012,-0.0102,0.0017,0.9999,12,0,7,-2
178.821,178.821,126,-9,99,150,-25,100,4,-2,0,24,-16,1,0.0007,-0.0104,0.0005,0.9999,12,1,3,-2
178.921,178.921,127,-9,99,150,-25,100,4,-2,0,23,-16,1,0,-0.0113,-0.0006,0.9999,7,1,4,-1
179.021,179.021,129,-8,99,150,-25,100,3,-2,0,21,-17,1,0.0006,-0.0108,-0.0017,0.9999,13,3,3,-1
179.121,179.121,131,-7,99,150,-25,100,3,-3,0,19,-18,1,0.0027,-0.012,-0.0025,0.9999,10,4,3,-2
179.221,179.221,132,-7,99,150,-25,100,3,-3,0,18,-18,1,0.0049,-0.0138,-0.0037,0.9999,7,5,3,-2
179.321,179.321,133,-6,99,150,-25,100,3,-3,0,17,-19,1,0.0055,-0.014,-0.0042,0.9999,6,4,3,-2
179.421,179.421,134,-5,99,150,-25,100,3,-3,0,16,-20,1,0.0062,-0.0138,-0.0041,0.9999,6,4,3,-2
179.521,179.521,135,-5,99,150,-25,100,2,-3,0,15,-20,1,0.0067,-0.0127,-0.0037,0.9999,4,4,2,-2
179.621,179.621,136,-4,99,150,-25,100,2,-3,0,14,-21,1,0.0065,-0.0107,-0.0028,0.9999,3,3,2,-2
179.721,179.721,137,-4,99,150,-25,100,2,-3,0,13,-21,1,0.0066,-0.0088,-0.0012,0.9999,5,3,2,-2
179.821,179.821,137,-3,99,150,-25,100,2,-3,0,13,-22,1,0.0059,-0.0079,-0.0002,1,4,3,2,-2
179.921,179.921,138,-3,99,150,-25,100,2,-3,0,12,-22,1,0.005,-0.0082,0.0009,1,1,1,1,-3
180.021,180.021,138,-2,99,150,-25,100,2,-3,0,12,-23,1,0.0044,-0.0088,0.0023,0.9999,3,3,1,-3
180.121,180.121,138,-2,99,150,-25,100,2,-3,0,12,-23,1,0.0041,-0.0094,0.0036,0.9999,2,3,1,-3
180.221,180.221,139,-2,99,150,-25,100,2,-3,0,11,-23,1,0.0045,-0.0101,0.0043,0.9999,2,0,1,-3
180.321,180.321,139,-1,99,150,-25,100,2,-3,0,11,-24,1,0.0064,-0.0119,0.0052,0.9999,1,2,1,-3
180.421,180.421,140,-1,99,150,-25,100,2,-4,0,10,-24,1,0.0069,-0.0119,0.0054,0.9999,0,1,1,-4
180.521,180.521,140,-1,99,150,-25,100,1,-4,0,10,-24,1,0.006,-0.0103,0.0052,0.9999,0,1,0,-4
180.621,180.621,140,0,99,150,-25,100,1,-4,0,10,-25,1,0.0055,-0.0083,0.0042,0.9999,0,4,0,-4
180.721,180.721,140,0,99,150,-25,100,1,-4,0,10,-25,1,0.0071,-0.0076,0.0025,0.9999,-1,2,0,-4
180.821,180.821,140,0,99,150,-25,100,1,-4,0,10,-25,1,0.0085,-0.008,0.0006,0.9999,0,1,0,-4
180.921,180.921,140,0,99,150,-25,100,1,-4,0,10,-25,1,0.008,-0.0085,-0.0018,0.9999,0,0,1,-3
181.021,181.021,139,0,99,150,-25,100,2,-4,0,11,-25,1,0.0075,-0.0088,-0.0044,0.9999,-1,-1,2,-3
181.121,181.121,139,0,99,150,-25,100,2,-4,0,11,-25,1,0.0065,-0.0087,-0.007,0.9999,-2,-1,2,-3
181.221,181.221,139,0,99,150,-25,100,2,-4,0,11,-25,1,0.0061,-0.0076,-0.0095,0.9999,-1,0,2,-3
181.321,181.321,139,0,99,150,-25,100,2,-4,0,11,-25,1,0.006,-0.0055,-0.0113,0.9999,-2,0,2,-3
181.421,181.421,139,0,99,150,-25,100,2,-4,0,11,-25,1,0.0059,-0.0036,-0.0117,0.9999,-1,0,2,-3
181.521,181.521,138,0,99,150,-25,100,2,-4,0,12,-25,1,0.0057,-0.0038,-0.0113,0.9999,-2,-1,2,-3
181.621,181.621,138,-1,99,150,-25,100,2,-3,0,12,-24,1,0.0053,-0.0052,-0.0101,0.9999,-1,-2,2,-2
181.721,181.721,138,-1,98,150,-25,100,2,-3,0,12,-24,2,0.0049,-0.0065,-0.0087,0.9999,0,0,2,-2
181.821,181.821,138,-1,98,150,-25,100,2,-3,0,12,-24,2,0.0044,-0.0069,-0.0074,0.9999,-1,-3,2,-2
181.921,181.921,137,-1,98,150,-25,100,2,-3,0,13,-24,2,0.0039,-0.0067,-0.0059,1,-1,-2,2,-2
182.021,182.021,137,-2,98,150,-25,100,2,-3,0,13,-23,2,0.0018,-0.0061,-0.0043,1,-2,-1,2,-2
182.121,182.121,137,-2,99,150,-25,100,2,-3,0,13,-23,1,0.0009,-0.0049,-0.0024,1,-2,-1,2,-2
182.221,182.221,137,-2,99,150,-25,100,2,-3,0,13,-23,1,0.0033,-0.0042,0,1,-1,-1,2,-2
182.321,182.321,137,-2,98,150,-25,100,2,-3,0,13,-23,2,0.0056,-0.0051,0.0019,1,1,0,1,-3
182.421,182.421,137,-2,98,150,-25,100,2,-3,0,13,-23,2,0.0068,-0.0068,0.0039,0.9999,-1,0,1,-3
182.521,182.521,136,-2,98,150,-25,100,2,-3,0,14,-23,2,0.0066,-0.0079,0.0059,0.9999,-1,0,1,-3
182.621,182.621,136,-2,98,150,-25,100,2,-3,0,14,-23,2,0.0081,-0.0086,0.0074,0.9999,-2,0,1,-3
182.721,182.721,136,-3,98,150,-25,100,2,-3,0,14,-22,2,0.0087,-0.0088,0.0088,0.9999,-1,-1,1,-3
182.821,182.821,136,-3,98,150,-25,100,2,-3,0,14,-22,2,0.0078,-0.0088,0.0099,0.9999,-2,-2,1,-3
182.921,182.921,135,-4,98,150,-25,100,2,-3,0,15,-21,2,0.0067,-0.0086,0.0113,0.9999,-1,-3,1,-3
183.021,183.021,135,-4,98,150,-25,100,2,-3,0,15,-21,2,0.0055,-0.0078,0.0121,0.9999,-1,-3,1,-3
183.121,183.121,135,-5,98,150,-25,100,2,-3,0,15,-20,2,0.0049,-0.0075,0.0127,0.9999,-2,-3,1,-3
183.221,183.221,134,-5,98,150,-25,100,3,-3,0,16,-20,2,0.0056,-0.0071,0.013,0.9999,-2,-3,2,-3
183.321,183.321,134,-6,98,150,-25,100,3,-3,0,16,-19,2,0.0044,-0.0075,0.0135,0.9999,-2,-2,2,-3
183.421,183.421,133,-7,97,150,-25,100,3,-3,0,17,-18,3,0.0029,-0.0078,0.0132,0.9999,-2,-4,2,-3
183.521,183.521,133,-7,97,150,-25,100,3,-3,0,17,-18,3,0.0018,-0.0068,0.0132,0.9999,-3,-4,2,-3
183.621,183.621,132,-8,97,150,-25,100,3,-2,0,18,-17,3,0.0025,-0.0055,0.0124,0.9999,-3,-1,2,-2
183.721,183.721,132,-8,97,150,-25,100,3,-2,0,18,-17,3,0.004,-0.0052,0.0118,0.9999,-4,-2,2,-2
183.821,183.821,131,-8,97,150,-25,100,3,-2,0,19,-17,3,0.0055,-0.0058,0.0105,0.9999,-2,-2,2,-2
183.921,183.921,131,-9,97,150,-25,100,3,-2,0,19,-16,3,0.0061,-0.0058,0.0105,0.9999,-3,-2,2,-2
184.021,184.021,130,-9,96,150,-25,100,3,-2,1,20,-16,4,0.0062,-0.0052,0.0091,0.9999,-3,-2,2,-2
184.121,184.121,130,-10,96,150,-25,100,3,-2,1,20,-15,4,0.0058,-0.0046,0.0082,0.9999,-3,-8,2,-2
184.221,184.221,130,-11,96,150,-25,100,3,-2,1,20,-14,4,0.005,-0.0041,0.0066,1,-3,-3,2,-2
184.321,184.321,129,-11,96,150,-25,100,3,-2,1,21,-14,4,0.0046,-0.0036,0.0063,1,-3,-3,2,-2
184.421,184.421,128,-11,96,150,-25,100,3,-2,1,22,-14,4,0.0057,-0.003,0.0052,1,-4,-3,2,-2
184.521,184.521,128,-12,96,150,-25,100,3,-2,1,22,-13,4,0.0062,-0.0032,0.005,1,-2,-2,2,-2
184.621,184.621,128,-13,96,150,-25,100,3,-2,1,22,-12,4,0.0062,-0.0033,0.0044,1,-2,-6,2,-2
184.721,184.721,128,-14,96,150,-25,100,3,-2,1,22,-11,4,0.0045,-0.0031,0.0028,1,0,-5,2,-2
184.821,184.821,128,-14,96,150,-25,100,3,-1,1,22,-11,4,0.0037,-0.003,0.0012,1,-2,-7,2,-1
184.921,184.921,127,-15,96,150,-25,100,4,-1,1,23,-10,4,0.0034,-0.0027,-0.0015,1,-1,-5,4,0
185.021,185.021,126,-16,96,150,-25,100,4,-1,1,24,-9,4,0.0037,-0.0024,-0.0033,1,-1,-5,4,0
185.121,185.121,126,-16,96,150,-25,100,4,-1,1,24,-9,4,0.0037,-0.0024,-0.0033,1,-1,-4,4,0
185.231,185.231,126,-17,96,150,-25,100,4,-1,1,24,-8,4,0.0019,-0.002,-0.0087,1,-2,-7,4,0
185.331,185.331,126,-18,96,150,-25,100,4,-1,1,24,-7,4,-0.0003,-0.0022,-0.0114,0.9999,-1,-5,4,0
185.431,185.431,126,-19,96,150,-25,100,4,-1,1,24,-6,4,-0.0021,-0.0037,-0.0133,0.9999,0,-7,4,0
185.531,185.531,126,-20,96,150,-25,100,4,-1,1,24,-5,4,-0.0033,-0.0068,-0.0153,0.9999,0,-4,4,0
185.621,185.621,126,-21,96,150,-25,100,4,-1,1,24,-4,4,-0.0028,-0.0071,-0.0172,0.9998,0,-4,4,0
185.731,185.731,125,-21,97,150,-25,100,7,0,0,25,-4,3,-0.0021,-0.0062,-0.0189,0.9998,-2,-2,6,0
185.831,185.831,125,-21,97,150,-25,100,7,0,0,25,-4,3,-0.0009,-0.0035,-0.0202,0.9998,-2,-2,6,0
185.931,185.931,125,-22,97,150,-25,100,7,0,0,25,-3,3,0.0005,-0.0003,-0.0222,0.9998,0,-1,6,0
186.031,186.031,125,-22,97,150,-25,100,7,0,0,25,-3,3,0.0034,0.0026,-0.0242,0.9997,0,-1,6,0
186.131,186.131,125,-22,97,150,-25,100,7,0,0,25,-3,3,0.0052,0.0034,-0.0255,0.9997,0,-1,6,0
186.231,186.231,125,-23,97,150,-25,100,7,0,0,25,-2,3,0.0051,0.0029,-0.027,0.9996,1,0,6,0
186.331,186.331,125,-22,97,150,-25,100,7,0,0,25,-3,3,0.0048,0.0019,-0.0286,0.9996,2,-1,6,0
186.431,186.431,125,-23,97,150,-25,100,7,0,0,25,-2,3,0.0043,0.0008,-0.0297,0.9995,1,0,6,0
186.531,186.531,125,-23,97,150,-25,100,7,0,0,25,-2,3,0.0047,-0.0008,-0.03,0.9995,2,0,6,0
186.631,186.631,126,-23,97,150,-25,100,4,0,0,24,-2,3,0.0051,-0.0019,-0.0293,0.9996,2,0,3,0
186.731,186.731,126,-23,97,150,-25,100,4,0,0,24,-2,3,0.0057,-0.0019,-0.0289,0.9996,0,0,3,0
186.831,186.831,127,-24,97,150,-25,100,4,0,0,23,-1,3,0.0063,-0.0015,-0.0282,0.9996,3,-1,3,0
186.931,186.931,127,-24,97,150,-25,100,4,0,0,23,-1,3,0.0052,-0.0025,-0.0274,0.9996,1,0,3,0
187.031,187.031,127,-24,97,150,-25,100,4,0,0,23,-1,3,0.0036,-0.005,-0.0264,0.9996,2,-2,3,0
187.131,187.131,128,-25,97,150,-25,100,3,0,0,22,0,3,0.002,-0.0059,-0.0246,0.9997,2,-3,2,0
187.231,187.231,128,-25,97,150,-25,100,3,0,0,22,0,3,0.0012,-0.005,-0.0228,0.9997,3,-1,2,0
187.331,187.331,129,-25,97,150,-25,100,3,0,0,21,0,3,0.0027,-0.0034,-0.0204,0.9998,0,0,2,0
187.431,187.431,129,-26,97,150,-25,100,3,0,0,21,1,3,0.004,-0.0026,-0.0185,0.9998,2,0,2,0
187.531,187.531,129,-26,97,150,-25,100,3,0,0,21,1,3,0.0047,-0.0026,-0.0168,0.9998,2,0,2,0
187.631,187.631,130,-26,97,150,-25,100,3,0,0,20,1,3,0.0045,-0.0031,-0.0158,0.9999,2,0,2,0
187.731,187.731,131,-26,97,150,-25,100,3,0,0,19,1,3,0.0052,-0.0035,-0.0148,0.9999,1,0,2,0
187.831,187.831,131,-26,97,150,-25,100,3,0,0,19,1,3,0.0051,-0.0049,-0.0137,0.9999,3,0,2,0
187.931,187.931,132,-27,97,150,-25,100,3,0,0,18,2,3,0.0041,-0.0054,-0.0114,0.9999,4,-2,2,0
188.031,188.031,132,-27,97,150,-25,100,3,0,0,18,2,3,0.0038,-0.0047,-0.0088,0.9999,3,0,2,0
188.131,188.131,133,-27,97,150,-25,100,3,0,0,17,2,3,0.0032,-0.004,-0.0044,1,2,-2,2,0
188.231,188.231,134,-27,97,150,-25,100,3,0,0,16,2,3,0.002,-0.0037,0.0003,1,3,-1,2,0
188.331,188.331,135,-28,97,150,-25,100,2,0,0,15,3,3,0.0012,-0.0055,0.0049,1,2,0,1,0
188.431,188.431,135,-28,97,150,-25,100,2,0,0,15,3,3,0.0009,-0.0072,0.0089,0.9999,3,-1,1,0
188.531,188.531,136,-28,97,150,-25,100,2,0,0,14,3,3,0.0002,-0.0073,0.0124,0.9999,4,0,1,0
188.631,188.631,137,-28,97,150,-25,100,2,0,0,13,3,3,0.0011,-0.0075,0.0155,0.9999,6,0,1,0
188.731,188.731,137,-28,97,150,-25,100,2,0,0,13,3,3,0.0033,-0.0075,0.0184,0.9998,2,-1,1,0
188.831,188.831,138,-29,98,150,-25,100,2,0,0,12,4,2,0.0023,-0.0073,0.0213,0.9997,2,-3,1,0
188.931,188.931,139,-29,98,150,-25,100,2,0,0,11,4,2,0.0003,-0.0073,0.0239,0.9997,2,0,1,0
189.031,189.031,139,-30,98,150,-25,100,2,1,0,11,5,2,-0.0001,-0.0069,0.0257,0.9996,1,-2,2,0
189.131,189.131,140,-30,98,150,-25,100,2,1,0,10,5,2,0,-0.006,0.0263,0.9996,2,-1,2,0
189.231,189.231,141,-30,98,150,-25,100,1,1,0,9,5,2,-0.0001,-0.0068,0.0261,0.9996,5,0,1,0
189.331,189.331,141,-30,98,150,-25,100,1,1,0,9,5,2,0.0002,-0.007,0.0242,0.9997,0,-1,1,0
189.431,189.431,142,-31,98,150,-25,100,1,1,0,8,6,2,0.0003,-0.0079,0.0221,0.9997,5,-1,1,0
189.531,189.531,143,-31,98,150,-25,100,1,1,0,7,6,2,0,-0.0087,0.0189,0.9998,4,0,1,0
189.631,189.631,143,-31,98,150,-25,100,1,1,0,7,6,2,0.001,-0.0084,0.0159,0.9998,3,1,1,0
189.731,189.731,144,-31,98,150,-25,100,1,1,0,6,6,2,0.0017,-0.008,0.0125,0.9999,2,0,1,0
189.831,189.831,145,-31,98,150,75,100,1,23,0,5,106,2,0.0029,-0.0074,0.0086,0.9999,2,0,1,22
189.931,189.931,145,-31,98,150,75,100,1,23,0,5,106,2,0.0033,-0.007,0.005,1,3,3,1,22
190.031,190.031,145,-31,98,150,75,100,1,23,0,5,106,2,0.0034,-0.0065,0.0014,1,0,0,1,22
190.131,190.131,146,-31,98,150,75,100,0,23,0,4,106,2,-0.0052,-0.0059,0.004,1,0,-7,0,22
190.231,190.231,146,-31,98,150,75,100,0,23,0,4,106,2,-0.0216,-0.0056,0.0145,0.9996,0,0,0,22
190.331,190.331,147,-30,98,150,75,100,0,23,0,3,105,2,-0.0251,-0.0066,0.031,0.9992,3,5,1,22
190.431,190.431,147,-29,98,150,75,100,0,23,0,3,104,2,-0.017,-0.0093,0.0521,0.9985,0,7,2,22
190.531,190.531,148,-27,98,150,75,100,0,23,0,2,102,2,-0.0091,-0.0127,0.0765,0.9969,1,11,3,22
190.631,190.631,148,-25,98,150,75,100,0,23,0,2,100,2,-0.0033,-0.0137,0.1034,0.9945,3,10,4,22
190.731,190.731,148,-23,99,150,75,100,0,23,0,2,98,1,-0.0014,-0.0127,0.1313,0.9913,3,10,5,22
190.831,190.831,148,-21,99,150,75,100,0,23,0,2,96,1,-0.0027,-0.0104,0.1602,0.987,1,11,7,21
190.931,190.931,148,-19,99,150,75,100,0,23,0,2,94,1,-0.0048,-0.0085,0.1889,0.982,3,10,8,21
191.031,191.031,148,-16,99,150,75,100,0,23,0,2,91,1,-0.0071,-0.0078,0.2179,0.9759,3,11,9,20
191.131,191.131,147,-14,99,150,75,100,0,23,0,3,89,1,-0.0074,-0.0064,0.2458,0.9693,2,10,10,20
191.231,191.231,147,-11,99,150,75,100,0,23,0,3,86,1,-0.0078,-0.0047,0.2737,0.9618,5,13,12,19
191.331,191.331,146,-9,100,150,75,100,0,23,0,4,84,0,-0.0066,-0.0041,0.3005,0.9538,3,12,13,18
191.431,191.431,146,-6,100,150,75,100,0,23,0,4,81,0,-0.0066,-0.0041,0.3005,0.9538,10,17,14,18
191.541,191.541,146,-3,100,150,75,100,0,23,0,4,78,0,-0.0053,-0.0026,0.3537,0.9353,13,21,15,17
191.641,191.641,145,0,100,150,75,100,1,22,0,5,75,0,-0.0047,-0.0015,0.3789,0.9254,16,21,16,14
191.741,191.741,145,3,100,150,75,100,1,21,0,5,72,0,-0.0058,-0.0019,0.4037,0.9149,19,21,16,13
191.841,191.841,144,7,99,150,75,100,1,20,0,6,68,1,-0.0064,-0.0022,0.4278,0.9038,21,20,16,11
191.941,191.941,143,10,100,150,75,100,1,19,0,7,65,0,-0.0059,-0.0022,0.4515,0.8923,20,19,15,10
192.041,192.041,143,13,100,150,75,100,1,18,0,7,62,0,-0.0041,-0.0003,0.4743,0.8804,19,17,15,9
192.141,192.141,142,17,100,150,75,100,1,17,0,8,58,0,-0.0006,0.0007,0.4973,0.8676,19,16,15,7
192.241,192.241,141,21,100,150,75,100,1,16,0,9,54,0,0.0032,0.0008,0.5201,0.8541,18,13,14,6
192.341,192.341,141,25,100,150,75,100,1,15,0,9,50,0,0.0057,-0.0013,0.5425,0.84,20,11,14,5
192.441,192.441,140,28,101,150,75,100,1,14,0,10,47,-1,0.0051,-0.0037,0.5639,0.8258,21,13,13,4
192.541,192.541,139,32,101,150,75,100,1,13,0,11,43,-1,0.0055,-0.0046,0.5855,0.8107,16,6,12,3
192.641,192.641,139,35,101,150,75,100,2,12,0,11,40,-1,0.004,-0.0051,0.6059,0.7955,19,9,12,1
192.741,192.741,138,38,101,150,75,100,2,11,0,12,37,-1,0.0038,-0.0031,0.6269,0.7791,19,3,11,0
192.841,192.841,137,41,101,150,75,100,2,10,0,13,34,-1,0.0025,-0.0019,0.6468,0.7626,18,6,10,0
192.941,192.941,137,44,101,150,75,100,2,9,0,13,31,-1,0.0024,-0.0008,0.6668,0.7453,18,3,9,0
193.041,193.041,136,47,101,150,75,100,2,8,0,14,28,-1,0.0028,0.0004,0.6856,0.728,18,4,8,-1
193.141,193.141,135,49,101,150,75,100,2,8,0,15,26,-1,0.0037,0,0.7049,0.7093,22,4,8,-1
193.241,193.241,135,52,101,150,75,100,2,4,0,15,23,-1,0.0028,-0.0015,0.7235,0.6904,19,0,3,-2
193.341,193.341,134,55,101,150,75,100,2,3,0,16,20,-1,0.0018,-0.0022,0.7419,0.6705,19,0,2,-2
193.441,193.441,133,57,101,150,75,100,2,3,0,17,18,-1,0.0025,-0.0011,0.7602,0.6496,18,0,2,-2
193.541,193.541,133,60,101,150,75,100,2,1,0,17,15,-1,0.004,-0.0019,0.7784,0.6278,18,0,0,-2
193.641,193.641,132,62,100,150,75,100,3,1,0,18,13,0,0.0063,-0.0044,0.7962,0.6049,16,-1,0,-3
193.741,193.741,131,64,100,150,75,100,3,1,0,19,11,0,0.0064,-0.0055,0.8137,0.5812,14,-2,0,-3
193.841,193.841,131,66,100,150,75,100,3,1,0,19,9,0,0.0047,-0.0059,0.8307,0.5566,13,-3,0,-3
193.941,193.941,131,68,100,150,75,100,3,0,0,19,7,0,0.0044,-0.0043,0.8471,0.5315,9,-3,-1,-2
194.041,194.041,130,70,100,150,75,100,3,0,0,20,5,0,0.0032,-0.0024,0.8624,0.5063,7,-4,-1,-2
194.141,194.141,130,72,100,150,75,100,3,0,0,20,3,0,0.0019,-0.0023,0.8767,0.481,6,-2,-1,-2
194.241,194.241,129,73,100,150,75,100,3,0,0,21,2,0,0.0014,-0.0044,0.8905,0.4551,8,-7,-1,-2
194.341,194.341,129,75,100,150,75,100,3,0,0,21,0,0,0.0016,-0.0072,0.9025,0.4306,7,-5,-1,-2
194.441,194.441,129,76,100,150,75,100,3,0,0,21,-1,0,0.0014,-0.0072,0.9142,0.4052,7,-6,-2,-2
194.541,194.541,129,77,100,150,75,100,3,0,0,21,-2,0,0.0009,-0.0069,0.9251,0.3797,4,-5,-2,-2
194.641,194.641,129,78,100,150,75,100,3,0,0,21,-3,0,-0.0003,-0.006,0.9356,0.3529,6,-6,-2,-1
194.741,194.741,128,79,100,150,75,100,3,0,0,22,-4,0,-0.0011,-0.0055,0.9454,0.3258,6,-3,-2,-1
194.841,194.841,128,80,100,150,75,100,3,-1,0,22,-5,0,0.0007,-0.0029,0.9545,0.2982,5,-3,-3,0
194.941,194.941,128,80,100,150,75,100,3,-1,0,22,-5,0,0.0019,-0.0032,0.9627,0.2706,4,-3,-3,0
195.041,195.041,128,81,100,150,75,100,3,-1,0,22,-6,0,0.0024,-0.0033,0.97,0.2433,0,-6,-3,0
195.141,195.141,128,82,100,150,75,100,3,-1,0,22,-7,0,0.0033,-0.004,0.976,0.2175,3,-5,-3,0
195.241,195.241,128,83,100,150,75,100,3,-1,0,22,-8,0,0.003,-0.0068,0.9806,0.196,0,-2,-3,0
195.341,195.341,127,83,100,150,75,100,3,-1,0,23,-8,0,0.0009,-0.0085,0.9845,0.1749,0,0,-3,0
195.441,195.441,127,83,100,150,75,100,3,-1,0,23,-8,0,0.0021,-0.006,0.9878,0.1558,3,3,-3,0
195.541,195.541,127,83,100,150,75,100,3,-1,0,23,-8,0,0.0042,-0.0045,0.9905,0.1374,-2,0,-3,0
195.641,195.641,127,82,100,150,75,100,3,-1,0,23,-7,0,0.0057,-0.0027,0.9926,0.1212,-2,2,-3,0
195.741,195.741,127,82,100,150,75,100,3,-1,0,23,-7,0,0.0064,0.0006,0.9943,0.1062,0,0,-3,0
195.841,195.841,127,82,100,150,75,100,3,-1,0,23,-7,0,0.0056,0.003,0.9958,0.0914,0,0,-3,0
195.941,195.941,127,82,100,150,75,100,3,-1,0,23,-7,0,0.0043,0.0015,0.9969,0.078,-2,0,-3,0
196.041,196.041,128,82,100,150,75,100,3,-1,0,22,-7,0,0.0037,0.001,0.9979,0.0653,-4,0,-3,0
196.141,196.141,128,81,100,150,75,100,3,-1,0,22,-6,0,0.0024,0.0007,0.9985,0.0539,-3,1,-3,0
196.241,196.241,128,80,100,150,75,100,3,-1,0,22,-5,0,0.0023,0.0024,0.9991,0.0434,-3,0,-3,0
196.341,196.341,129,80,100,150,75,100,3,-1,0,21,-5,0,0.0017,0.0024,0.9994,0.034,-3,1,-3,0
196.441,196.441,129,80,100,150,75,100,3,-1,0,21,-5,0,0.0013,0.0027,0.9997,0.0262,-4,0,-3,0
196.541,196.541,130,79,100,150,75,100,3,0,0,20,-4,0,0.0014,0.003,0.9998,0.0182,-3,0,-2,0
196.641,196.641,131,79,100,150,75,100,3,0,0,19,-4,0,0,0.0025,0.9999,0.0112,-3,0,-2,0
196.741,196.741,131,79,100,150,75,100,3,0,0,19,-4,0,-0.0017,0.0035,1,0.0046,-5,1,-3,0
196.841,196.841,132,78,100,150,75,100,3,0,0,18,-3,0,-0.0031,0.0025,1,-0.0022,-5,2,-3,0
196.941,196.941,133,77,100,150,75,100,2,0,0,17,-2,0,-0.0029,0.0004,1,-0.0087,-4,3,-2,0
197.041,197.041,133,77,100,150,75,100,2,0,0,17,-2,0,-0.0014,-0.0014,0.9999,-0.0167,-5,2,-1,0
197.141,197.141,134,77,100,150,75,100,2,0,0,16,-2,0,0.001,-0.0038,0.9997,-0.0242,-3,1,-1,0
197.241,197.241,134,76,100,150,75,100,2,0,0,16,-1,0,0.0011,-0.0045,0.9995,-0.0298,-4,2,-1,0
197.351,197.351,135,76,99,150,75,100,2,0,0,15,-1,1,0.0002,-0.005,0.9993,-0.0361,-2,3,-1,0
197.451,197.451,136,75,100,150,75,100,2,0,0,14,0,0,-0.0013,-0.0054,0.9991,-0.0412,-2,5,-1,0
197.551,197.551,136,74,100,150,75,100,2,0,0,14,1,0,-0.0021,-0.0022,0.999,-0.0451,-3,7,-1,0
197.641,197.641,137,73,100,150,75,100,2,0,0,13,2,0,-0.0017,-0.002,0.9988,-0.0486,-3,8,-1,0
197.751,197.751,138,72,100,150,75,100,2,0,0,12,3,0,-0.0009,-0.0024,0.9986,-0.0527,0,3,-1,0
197.851,197.851,138,71,100,150,75,100,2,0,0,12,4,0,-0.0015,-0.0008,0.9985,-0.0553,-1,9,-1,0
197.951,197.951,139,70,99,150,75,100,2,0,0,11,5,1,-0.0025,0.0007,0.9984,-0.057,-3,8,-1,0
198.051,198.051,140,69,99,150,75,100,1,0,0,10,6,1,-0.0015,0.0028,0.9983,-0.0584,-4,9,0,0
198.151,198.151,140,68,99,150,75,100,1,0,0,10,7,1,0.0001,0.0046,0.9982,-0.0598,-1,7,0,0
198.251,198.251,141,67,99,150,75,100,1,0,0,9,8,1,0.0017,0.0057,0.9982,-0.0602,-2,7,0,0
198.351,198.351,141,66,99,150,75,100,1,0,0,9,9,1,0.0007,0.0057,0.9981,-0.061,-2,4,0,0
198.451,198.451,142,65,99,150,75,100,1,2,0,8,10,1,-0.0003,0.0029,0.9981,-0.0619,-2,6,-1,-1
198.551,198.551,143,64,99,150,75,100,1,2,0,7,11,1,-0.0003,0.0014,0.998,-0.0632,0,4,-1,-1
198.651,198.651,143,63,99,150,75,100,1,2,0,7,12,1,0.0004,0.0016,0.9979,-0.0651,0,8,-1,-1
198.751,198.751,144,62,99,150,75,100,1,2,0,6,13,1,0.0006,0.0032,0.9977,-0.0676,-2,10,-1,-1
198.851,198.851,144,61,99,150,75,100,1,2,0,6,14,1,0.0018,0.0042,0.9975,-0.0703,-1,7,-1,-1
198.951,198.951,145,61,99,150,75,100,1,2,0,5,14,1,0.0017,0.0038,0.9973,-0.0733,-3,3,-1,-1
199.051,199.051,146,60,99,150,75,100,0,2,0,4,15,1,0.0008,0.0021,0.9971,-0.0757,-1,4,0,-1
199.151,199.151,146,59,99,150,75,100,0,3,0,4,16,1,0.0004,0.0021,0.997,-0.078,-1,9,0,-2
199.251,199.251,147,58,99,150,75,100,0,3,0,3,17,1,0.0008,0.0031,0.9968,-0.0796,0,4,0,-2
199.351,199.351,148,57,99,150,75,100,0,3,0,2,18,1,0.0001,0.0055,0.9967,-0.0807,0,4,0,-2
199.451,199.451,148,56,99,150,75,100,0,3,0,2,19,1,-0.0016,0.0069,0.9967,-0.0812,-3,4,0,-2
199.551,199.551,149,56,99,150,75,100,0,3,0,1,19,1,-0.0027,0.0069,0.9967,-0.0809,-2,4,0,-2
199.651,199.651,150,55,99,150,75,100,0,3,0,0,20,1,-0.0028,0.0055,0.9968,-0.0798,0,2,0,-2
199.751,199.751,150,55,99,150,75,100,0,3,0,0,20,1,-0.0024,0.0039,0.9969,-0.0789,-1,1,0,-2
199.851,199.851,151,55,99,150,75,100,0,3,0,-1,20,1,-0.0022,0.0036,0.997,-0.0774,-2,3,0,-2
199.951,199.951,151,55,99,150,75,100,0,3,0,-1,20,1,-0.0018,0.0049,0.9971,-0.076,0,6,0,-2
200.051,200.051,151,54,99,150,75,100,0,3,0,-1,21,1,-0.0004,0.0049,0.9972,-0.0745,-1,0,0,-2
200.151,200.151,152,54,99,150,75,100,0,3,0,-2,21,1,0.0005,0.0029,0.9973,-0.0734,0,0,0,-2
200.251,200.251,152,54,99,150,75,100,0,3,0,-2,21,1,0.0009,-0.0001,0.9974,-0.0722,-3,-1,0,-2
200.351,200.351,153,54,99,150,75,100,0,3,0,-3,21,1,0.0006,-0.0007,0.9975,-0.0709,-2,2,0,-2
200.451,200.451,153,54,99,150,75,100,0,3,0,-3,21,1,0.0007,0.0004,0.9975,-0.07,-5,2,0,-2
200.551,200.551,153,54,99,150,75,100,0,3,0,-3,21,1,-0.0004,0.0019,0.9976,-0.0689,-3,0,0,-2
200.651,200.651,154,54,99,150,75,100,0,3,0,-4,21,1,-0.0019,0.0013,0.9976,-0.0693,-1,0,0,-2
200.751,200.751,154,54,99,150,75,100,0,3,0,-4,21,1,-0.0018,-0.0003,0.9976,-0.0699,0,-1,0,-2
200.851,200.851,155,54,100,150,75,100,0,3,0,-5,21,0,-0.0012,-0.0017,0.9974,-0.0715,0,1,0,-2
200.951,200.951,155,54,100,150,75,100,0,3,0,-5,21,0,-0.0015,-0.0008,0.9974,-0.0727,0,1,0,-2
201.051,201.051,155,54,100,150,75,100,0,3,0,-5,21,0,-0.0007,0.0018,0.9972,-0.0744,-2,1,0,-2
201.151,201.151,155,54,100,150,75,100,0,3,0,-5,21,0,-0.0001,0.0022,0.9971,-0.0757,0,0,0,-2
201.251,201.251,156,54,100,150,75,100,0,3,0,-6,21,0,0.0004,0.0029,0.997,-0.0771,-2,0,0,-2
201.351,201.351,156,54,100,150,75,100,0,3,0,-6,21,0,-0.0002,0.0034,0.9969,-0.0787,-2,0,0,-2
201.451,201.451,156,54,100,150,75,100,0,3,0,-6,21,0,-0.0018,0.0034,0.9967,-0.0806,-2,0,0,-2
201.551,201.551,156,54,100,150,75,100,0,3,0,-6,21,0,-0.0028,0.0027,0.9966,-0.082,-1,0,0,-2
201.651,201.651,157,54,101,150,75,100,0,3,0,-7,21,-1,-0.0026,0.0018,0.9964,-0.0843,-2,0,0,-2
201.751,201.751,157,54,101,150,75,100,0,3,0,-7,21,-1,-0.0032,0.0022,0.9963,-0.0856,-2,0,0,-2
201.851,201.851,158,54,101,150,75,100,0,3,0,-8,21,-1,-0.0055,0.0029,0.9961,-0.0875,-3,0,0,-2
201.951,201.951,158,54,101,150,75,100,0,3,0,-8,21,-1,-0.0055,0.0029,0.9961,-0.0875,-1,-2,0,-2
202.051,202.051,158,54,101,150,75,100,0,3,0,-8,21,-1,-0.0055,0.0017,0.9959,-0.0898,-1,0,0,-2
202.151,202.151,158,54,101,150,75,100,0,3,0,-8,21,-1,-0.0038,0.0011,0.9958,-0.091,-1,0,0,-2
202.251,202.251,158,55,101,150,75,100,0,3,0,-8,20,-1,-0.0037,0.0007,0.9958,-0.0915,0,0,0,-2
202.351,202.351,158,55,101,150,75,100,0,3,0,-8,20,-1,-0.0039,0.0013,0.9958,-0.0919,0,0,0,-2
202.451,202.451,158,55,101,150,75,100,0,3,0,-8,20,-1,-0.0037,0.001,0.9958,-0.0917,0,-1,0,-2
202.551,202.551,158,55,101,150,75,100,0,3,0,-8,20,-1,-0.0025,0.0015,0.9958,-0.0914,0,1,0,-2
202.651,202.651,158,55,101,150,75,100,0,3,0,-8,20,-1,-0.0015,0.0019,0.996,-0.0897,0,2,0,-2
202.751,202.751,158,55,101,150,75,100,0,3,0,-8,20,-1,-0.0021,0.0051,0.9962,-0.0864,0,0,0,-2
202.861,202.861,157,55,101,150,75,100,0,3,0,-7,20,-1,-0.0033,0.0064,0.9967,-0.0814,0,0,0,-2
202.961,202.961,157,55,101,150,75,100,0,3,0,-7,20,-1,-0.0045,0.0058,0.997,-0.0772,0,0,0,-2
203.061,203.061,157,55,101,150,75,100,0,3,0,-7,20,-1,-0.0049,0.0048,0.9973,-0.0732,0,-1,0,-2
203.161,203.161,157,55,101,150,75,100,0,3,0,-7,20,-1,-0.0037,0.0012,0.9976,-0.0692,1,-1,0,-2
203.261,203.261,157,55,102,150,75,100,0,3,0,-7,20,-2,-0.0034,-0.0011,0.9978,-0.0664,1,0,0,-2
203.361,203.361,156,55,102,150,75,100,0,3,0,-6,20,-2,-0.0027,-0.0018,0.9979,-0.0654,0,0,0,-2
203.461,203.461,156,55,102,150,75,100,0,3,0,-6,20,-2,-0.002,-0.0008,0.9978,-0.0659,4,0,0,-2
203.561,203.561,155,55,102,150,75,100,0,3,0,-5,20,-2,-0.0021,0.0014,0.9976,-0.0685,1,0,0,-2
203.661,203.661,155,55,102,150,75,100,0,3,0,-5,20,-2,-0.002,0.0028,0.9974,-0.0719,0,0,0,-2
203.761,203.761,155,55,102,150,75,100,0,3,0,-5,20,-2,-0.0012,0.0041,0.9971,-0.076,0,-3,0,-2
203.861,203.861,155,56,102,150,75,100,0,3,0,-5,19,-2,-0.0013,0.0041,0.9968,-0.0792,1,-3,0,-2
203.961,203.961,155,56,102,150,75,100,0,3,0,-5,19,-2,-0.0027,0.002,0.9966,-0.0819,2,0,0,-2
204.061,204.061,154,55,103,150,75,100,0,3,0,-4,20,-3,-0.0038,0.0008,0.9964,-0.0845,1,0,0,-2
204.161,204.161,154,56,103,150,75,100,0,3,0,-4,19,-3,-0.0046,0.0014,0.9963,-0.0857,4,0,0,-2
204.261,204.261,154,56,103,150,75,100,0,3,0,-4,19,-3,-0.0047,0.0027,0.9963,-0.0861,1,0,0,-2
204.361,204.361,153,56,103,150,75,100,0,3,0,-3,19,-3,-0.0037,0.0047,0.9962,-0.0863,6,0,0,-2
204.461,204.461,152,56,103,150,75,100,0,3,0,-2,19,-3,-0.0013,0.0051,0.9962,-0.0871,6,0,0,-2
204.561,204.561,152,56,103,150,75,100,0,3,0,-2,19,-3,0.0016,0.0055,0.996,-0.0888,6,0,0,-2
204.661,204.661,151,56,103,150,75,100,0,3,0,-1,19,-3,0.0031,0.0067,0.996,-0.0896,2,0,0,-2
204.761,204.761,151,56,103,150,75,100,0,3,0,-1,19,-3,0.0028,0.0079,0.996,-0.0894,1,-2,0,-2
204.861,204.861,150,56,103,150,75,100,0,3,0,0,19,-3,0.0013,0.0076,0.9959,-0.09,0,-1,0,-2
204.961,204.961,150,56,102,150,75,100,0,3,0,0,19,-2,-0.0001,0.0067,0.996,-0.0892,2,-2,0,-2
205.061,205.061,149,56,102,150,75,100,0,3,0,1,19,-2,0.0003,0.0066,0.9961,-0.0884,3,0,0,-2
205.161,205.161,148,56,102,150,75,100,0,3,0,2,19,-2,0.0018,0.0077,0.9962,-0.0868,5,-1,0,-2
205.261,205.261,148,56,102,150,75,100,0,3,0,2,19,-2,0.0032,0.0078,0.9965,-0.0835,3,-3,0,-2
205.361,205.361,147,57,101,150,75,100,0,3,0,3,18,-1,0.004,0.0076,0.9969,-0.0788,4,-4,0,-2
205.461,205.461,147,57,101,150,75,100,0,3,0,3,18,-1,0.0043,0.0076,0.9972,-0.0747,4,-2,0,-2
205.561,205.561,146,57,101,150,75,100,0,3,0,4,18,-1,0.0042,0.0073,0.9975,-0.07,1,-2,0,-2
205.661,205.661,146,57,101,150,75,100,0,3,0,4,18,-1,0.0035,0.0081,0.9978,-0.0652,1,-3,0,-2
205.761,205.761,146,57,101,150,75,100,0,3,0,4,18,-1,0.0035,0.0082,0.9978,-0.0652,1,-2,0,-2
205.861,205.861,145,58,100,150,75,100,1,3,0,5,17,0,0.0017,0.006,0.9986,-0.0527,4,-3,-1,-2
205.961,205.961,144,59,101,150,75,100,1,3,0,6,16,-1,0.0026,0.0054,0.9986,-0.0521,5,-3,-1,-2
206.061,206.061,143,58,100,150,75,100,1,3,0,7,17,0,0.0032,0.0058,0.9988,-0.0489,5,-3,-1,-2
206.161,206.161,143,59,100,150,75,100,1,3,0,7,16,0,0.0035,0.0073,0.9989,-0.0458,4,-1,-1,-2
206.261,206.261,142,59,100,150,75,100,1,3,0,8,16,0,0.0047,0.0088,0.999,-0.0437,2,-1,-1,-2
206.361,206.361,142,59,100,150,75,100,1,3,0,8,16,0,0.0064,0.0095,0.999,-0.0422,0,-1,-1,-2
206.461,206.461,142,60,100,150,75,100,1,2,0,8,15,0,0.0065,0.0088,0.9991,-0.0413,0,-2,-1,-1
206.561,206.561,141,60,100,150,75,100,1,2,0,9,15,0,0.0045,0.0085,0.9991,-0.0405,0,-2,-1,-1
206.661,206.661,141,61,100,150,75,100,1,2,0,9,14,0,0.0028,0.0085,0.9992,-0.0401,1,-7,-1,-1
206.761,206.761,141,61,100,150,75,100,1,2,0,9,14,0,0.0028,0.0085,0.9992,-0.0401,1,-4,-1,-1
206.861,206.861,139,62,99,150,75,100,1,2,0,11,13,1,0.0006,0.0069,0.999,-0.0436,3,-6,-1,-1
206.961,206.961,139,62,100,150,75,100,2,1,0,11,13,0,0.0039,0.0052,0.999,-0.045,2,-2,-2,0
207.061,207.061,139,62,101,150,75,100,2,1,0,11,13,-1,0.0041,0.0054,0.9989,-0.047,0,1,-2,0
207.161,207.161,139,62,100,150,75,100,2,1,0,11,13,0,0.0049,0.0052,0.9988,-0.0486,2,0,-2,0
207.261,207.261,139,62,100,150,75,100,2,1,0,11,13,0,0.0049,0.0052,0.9988,-0.0486,0,1,-2,0
207.361,207.361,137,62,100,150,75,100,2,1,0,13,13,0,0.0052,0.0075,0.9988,-0.0483,6,2,-2,0
207.461,207.461,137,63,100,150,75,100,2,1,0,13,12,0,0.0068,0.0089,0.9989,-0.0457,3,-2,-2,0
207.561,207.561,137,64,99,150,75,100,2,1,0,13,11,1,0.0083,0.0096,0.999,-0.0438,0,-2,-2,0
207.661,207.661,137,64,99,150,75,100,2,1,0,13,11,1,0.0105,0.0099,0.999,-0.0415,-1,0,-2,0
207.761,207.761,136,64,99,150,75,100,2,1,0,14,11,1,0.0105,0.0099,0.9991,-0.0392,0,0,-2,0
207.861,207.861,136,64,100,150,75,100,2,1,0,14,11,0,0.0087,0.0087,0.9992,-0.038,2,-2,-2,0
207.961,207.961,135,65,99,150,75,100,2,1,0,15,10,1,0.0063,0.0075,0.9993,-0.0371,2,-4,-2,0
208.061,208.061,135,66,99,150,75,100,2,1,0,15,9,1,0.0039,0.006,0.9993,-0.0365,2,-7,-2,0
208.161,208.161,135,67,98,150,75,100,2,0,0,15,8,2,0.0025,0.0047,0.9993,-0.0367,3,-6,-1,0
208.261,208.261,135,67,98,150,75,100,2,0,0,15,8,2,0.0025,0.0047,0.9993,-0.0367,3,-4,-1,0
208.361,208.361,134,70,98,150,75,100,2,0,0,16,5,2,0.0025,0.0047,0.9993,-0.0367,0,-10,-1,0
208.471,208.471,134,69,99,150,75,100,2,0,0,16,6,1,0.0061,0.008,0.9992,-0.0394,-1,-3,-1,0
208.571,208.571,134,68,99,150,75,100,2,0,0,16,7,1,0.0072,0.0075,0.9991,-0.0407,0,-3,-1,0
208.671,208.671,134,68,99,150,75,100,2,0,0,16,7,1,0.0072,0.0075,0.9991,-0.0407,0,0,-1,0
208.771,208.771,134,69,100,150,75,100,2,0,0,16,6,0,0.005,0.0029,0.999,-0.0448,2,-2,-1,0
208.871,208.871,133,70,99,150,75,100,2,0,0,17,5,1,0.0051,0.0028,0.9991,-0.0419,1,-3,-1,0
208.971,208.971,133,71,100,150,75,100,2,0,0,17,4,0,0.0052,0.0021,0.9991,-0.0428,1,-2,-1,0
209.071,209.071,133,71,100,150,75,100,2,0,0,17,4,0,0.0064,0.0033,0.999,-0.044,0,0,-1,0
209.171,209.171,133,71,100,150,75,100,2,0,0,17,4,0,0.0074,0.0052,0.9989,-0.045,0,0,-1,0
209.271,209.271,133,71,100,150,75,100,2,0,0,17,4,0,0.0077,0.0074,0.9989,-0.0453,0,0,-1,0
209.371,209.371,132,71,100,150,75,100,3,0,0,18,4,0,0.0072,0.0089,0.9989,-0.0447,1,0,-2,0
209.471,209.471,132,71,100,150,75,100,3,0,0,18,4,0,0.0064,0.0089,0.999,-0.0428,1,0,-2,0
209.571,209.571,132,72,100,150,75,100,3,0,0,18,3,0,0.0067,0.0084,0.9992,-0.0396,0,0,-2,0
209.671,209.671,132,72,100,150,75,100,3,0,0,18,3,0,0.0066,0.0094,0.9993,-0.0351,0,0,-2,0
209.771,209.771,132,72,100,150,75,100,3,0,0,18,3,0,0.0064,0.0096,0.9995,-0.0307,0,-1,-2,0
209.871,209.871,131,72,100,150,75,100,3,0,0,19,3,0,0.0096,0.0071,0.9997,-0.0235,0,-1,-2,0
209.971,209.971,131,73,100,150,75,100,3,0,0,19,2,0,0.0097,0.0069,0.9997,-0.0215,-1,0,-2,0
210.071,210.071,131,73,100,150,75,100,3,0,0,19,2,0,0.0094,0.0074,0.9997,-0.0201,0,0,-2,0
210.171,210.171,131,73,100,150,75,100,3,0,0,19,2,0,0.0086,0.0088,0.9997,-0.0189,0,0,-2,0
210.271,210.271,131,73,100,150,75,100,3,0,0,19,2,0,0.0082,0.0096,0.9997,-0.0185,0,-1,-2,0
210.371,210.371,132,73,101,150,75,100,3,0,0,18,2,-1,0.0081,0.0091,0.9997,-0.0188,0,0,-2,0
210.471,210.471,132,73,101,150,75,100,3,0,0,18,2,-1,0.0061,0.0076,0.9998,-0.0199,0,0,-2,0
210.571,210.571,132,73,101,150,75,100,3,0,0,18,2,-1,0.0042,0.0061,0.9997,-0.0214,-2,-1,-2,0
210.671,210.671,132,74,101,150,75,100,3,0,0,18,1,-1,0.0044,0.0057,0.9997,-0.0233,0,1,-2,0
210.771,210.771,132,74,101,150,75,100,3,0,0,18,1,-1,0.0053,0.0061,0.9996,-0.0252,-1,0,-2,0
210.871,210.871,133,74,101,150,75,100,2,0,0,17,1,-1,0.007,0.0068,0.9996,-0.0267,0,0,-1,0
210.971,210.971,133,74,101,150,75,100,2,0,0,17,1,-1,0.0088,0.0077,0.9996,-0.0274,0,0,-1,0
211.071,211.071,133,74,101,150,75,100,2,0,0,17,1,-1,0.0089,0.009,0.9996,-0.0269,-1,0,-1,0
211.171,211.171,133,74,101,150,75,100,2,0,0,17,1,-1,0.0082,0.0094,0.9996,-0.0252,-2,0,-1,0
211.271,211.271,134,74,101,150,75,100,2,0,0,16,1,-1,0.0067,0.0091,0.9997,-0.0222,-4,0,-1,0
211.371,211.371,134,74,101,150,75,100,2,0,0,16,1,-1,0.0058,0.0086,0.9998,-0.0191,-1,0,-1,0
211.471,211.471,134,74,101,150,75,100,2,0,0,16,1,-1,0.0047,0.0086,0.9998,-0.0159,-2,0,-1,0
211.571,211.571,135,74,101,150,75,100,2,0,0,15,1,-1,0.004,0.0093,0.9999,-0.0125,-2,1,-1,0
211.671,211.671,135,74,101,150,75,100,2,0,0,15,1,-1,0.0049,0.0094,0.9999,-0.0105,0,0,-1,0
211.771,211.771,136,74,101,150,75,100,2,0,0,14,1,-1,0.0059,0.0097,0.9999,-0.0076,-1,1,-1,0
211.871,211.871,136,74,101,150,75,100,2,0,0,14,1,-1,0.0061,0.0108,0.9999,-0.0063,0,0,-1,0
211.971,211.971,136,73,101,150,75,100,2,0,0,14,2,-1,0.0078,0.0106,0.9999,-0.0049,1,0,-1,0
212.071,212.071,136,73,101,150,75,100,2,0,0,14,2,-1,0.0095,0.0108,0.9999,-0.0044,0,0,-1,0
212.171,212.171,136,73,101,150,75,100,2,0,0,14,2,-1,0.0096,0.0114,0.9999,-0.0044,-1,-1,-1,0
212.271,212.271,137,73,101,150,75,100,2,0,0,13,2,-1,0.0086,0.0112,0.9999,-0.0047,-1,0,-1,0
212.371,212.371,137,74,101,150,75,100,2,0,0,13,1,-1,0.0073,0.0095,0.9999,-0.0048,-2,0,-1,0
212.471,212.471,137,74,101,150,75,100,2,0,0,13,1,-1,0.0069,0.0079,0.9999,-0.0056,-2,-2,-1,0
212.571,212.571,138,74,101,150,75,100,2,0,0,12,1,-1,0.0069,0.0079,0.9999,-0.0056,-1,-1,-1,0
212.671,212.671,138,74,102,150,75,100,2,0,0,12,1,-2,0.007,0.006,0.9999,-0.0068,-2,0,-1,0
212.771,212.771,138,74,102,150,75,100,2,0,0,12,1,-2,0.0062,0.0067,0.9999,-0.0065,-2,0,-1,0
212.871,212.871,139,74,102,150,75,100,2,0,0,11,1,-2,0.0065,0.0083,0.9999,-0.0055,-1,0,-1,0
212.971,212.971,139,74,102,150,75,100,1,0,0,11,1,-2,0.0073,0.009,0.9999,-0.0046,-2,0,0,0
213.071,213.071,139,74,102,150,75,100,1,0,0,11,1,-2,0.0067,0.0092,0.9999,-0.0036,-6,-3,0,0
213.171,213.171,140,75,102,150,75,100,1,0,0,10,0,-2,0.0053,0.0085,0.9999,-0.0029,-1,0,0,0
213.271,213.271,141,75,102,150,75,100,1,0,0,9,0,-2,0.0026,0.0069,1,-0.0029,-2,-1,-1,0
213.381,213.381,141,75,102,150,75,100,1,0,0,9,0,-2,0.0008,0.0047,1,-0.0043,-3,-6,-1,0
213.481,213.481,142,76,102,150,125,100,1,14,0,8,49,-2,-0.0009,0.0019,1,-0.0057,-3,-3,-1,-13
213.581,213.581,142,77,102,150,125,100,1,14,0,8,48,-2,0.0002,-0.0013,1,-0.0075,-2,-8,-1,-13
213.681,213.681,143,77,102,150,125,100,1,14,0,7,48,-2,0.0017,-0.0023,1,-0.0086,-3,-1,-1,-13
213.781,213.781,143,77,102,150,125,100,1,14,0,7,48,-2,0.0021,0.0062,0.9999,-0.0094,-3,1,-1,-13
213.881,213.881,144,77,102,150,125,100,1,14,0,6,48,-2,0.0035,0.0183,0.9998,-0.01,-2,-3,-1,-13
213.981,213.981,144,77,103,150,125,100,1,14,0,6,48,-3,0.005,0.0215,0.9997,-0.0092,-2,-7,-1,-13
214.081,214.081,145,78,103,150,125,100,1,14,0,5,47,-3,0.0049,0.0167,0.9998,-0.0083,-3,-11,-1,-13
214.181,214.181,146,79,103,150,125,100,0,14,0,4,46,-3,0.0039,0.0117,0.9999,-0.0071,-5,-12,0,-13
214.281,214.281,146,81,103,150,125,100,0,13,0,4,44,-3,0.0026,0.0073,0.9999,-0.0064,-3,-13,0,-12
214.381,214.381,147,82,103,150,125,100,0,13,0,3,43,-3,0.0017,0.0058,1,-0.0059,-3,-9,0,-13
214.481,214.481,147,83,103,150,125,100,0,12,0,3,42,-3,0.0005,0.0058,1,-0.0055,-3,-8,0,-12
214.581,214.581,148,84,103,150,125,100,0,12,0,2,41,-3,0,0.0066,1,-0.0054,-1,-11,0,-12
214.681,214.681,148,85,103,150,125,100,0,12,0,2,40,-3,-0.0001,0.0064,1,-0.0053,-2,-9,0,-12
214.781,214.781,149,86,103,150,125,100,0,12,0,1,39,-3,-0.0002,0.0071,1,-0.0051,-1,-12,0,-12
214.881,214.881,149,87,103,150,125,100,0,11,0,1,38,-3,0.0006,0.0064,1,-0.0054,-2,-11,0,-11
214.981,214.981,150,89,103,150,125,100,0,11,0,0,36,-3,0.0007,0.0051,1,-0.0061,-3,-7,0,-11
215.081,215.081,150,90,103,150,125,100,0,10,0,0,35,-3,0.0019,0.0064,1,-0.0068,-2,-10,0,-10
215.181,215.181,150,91,103,150,125,100,0,10,0,0,34,-3,0.0038,0.0066,0.9999,-0.007,-2,-12,0,-9
215.281,215.281,150,92,103,150,125,100,0,9,0,0,33,-3,0.0051,0.0056,0.9999,-0.007,0,-8,0,-8
215.381,215.381,151,94,103,150,125,100,0,9,0,-1,31,-3,0.0048,0.0045,1,-0.0067,-1,-11,0,-9
215.481,215.481,151,95,103,150,125,100,0,9,0,-1,30,-3,0.0037,0.0047,1,-0.007,-2,-11,0,-9
215.581,215.581,152,96,103,150,125,100,0,9,0,-2,29,-3,0.0029,0.0036,1,-0.0069,-2,-9,0,-9
215.681,215.681,152,97,103,150,125,100,0,8,0,-2,28,-3,0.0025,0.003,1,-0.0064,-2,-10,0,-8
215.781,215.781,153,98,103,150,125,100,0,8,0,-3,27,-3,0.0031,0.0045,1,-0.0055,-1,-7,0,-8
215.881,215.881,153,99,103,150,125,100,0,8,0,-3,26,-3,0.0041,0.0057,1,-0.0046,-2,-8,0,-8
215.981,215.981,153,100,103,150,125,100,0,7,0,-3,25,-3,0.0047,0.0054,1,-0.004,-1,-8,0,-7
216.081,216.081,154,101,103,150,125,100,0,4,0,-4,24,-3,0.0046,0.0047,1,-0.004,-2,-8,0,-4
216.181,216.181,154,103,102,150,125,100,0,3,0,-4,22,-2,0.0041,0.0029,1,-0.004,-2,-6,0,-3
216.281,216.281,154,104,102,150,125,100,0,3,0,-4,21,-2,0.0045,0.0032,1,-0.0041,-1,-9,0,-3
216.381,216.381,155,105,102,150,125,100,0,3,0,-5,20,-2,0.0039,0.0015,1,-0.0044,0,-8,0,-3
216.481,216.481,155,106,102,150,125,100,0,3,0,-5,19,-2,0.0026,-0.0015,1,-0.0048,-1,-5,0,-3
216.581,216.581,155,107,102,150,125,100,0,3,0,-5,18,-2,0.0012,-0.0025,1,-0.0056,-2,-6,0,-3
216.681,216.681,156,108,102,150,125,100,0,3,0,-6,17,-2,0.0005,-0.0017,1,-0.0062,-2,-4,0,-3
216.781,216.781,156,108,102,150,125,100,0,3,0,-6,17,-2,0.0008,0.0005,1,-0.007,-1,-2,0,-3
216.881,216.881,156,109,102,150,125,100,0,3,0,-6,16,-2,0.0028,0.0027,1,-0.0074,-2,-6,0,-3
216.981,216.981,157,109,102,150,125,100,0,3,0,-7,16,-2,0.0037,0.0048,1,-0.008,-2,-4,0,-3
217.081,217.081,157,110,102,150,125,100,0,2,0,-7,15,-2,0.0028,0.0049,0.9999,-0.0085,-2,-3,0,-1
217.181,217.181,157,110,103,150,125,100,0,2,0,-7,15,-3,0.0024,0.0046,0.9999,-0.0092,-1,-2,0,-1
217.281,217.281,158,110,103,150,125,100,0,2,0,-8,15,-3,0.0014,0.0045,0.9999,-0.0099,0,-2,0,-1
217.381,217.381,158,111,103,150,125,100,0,2,0,-8,14,-3,0.0013,0.0024,0.9999,-0.0107,0,-4,0,-1
217.481,217.481,158,111,103,150,125,100,0,2,0,-8,14,-3,0.0025,0.0009,0.9999,-0.0122,-1,-3,0,-1
217.581,217.581,158,112,103,150,125,100,0,2,0,-8,13,-3,0.0036,-0.0001,0.9999,-0.0135,-1,-1,0,-1
217.681,217.681,159,112,103,150,125,100,0,2,0,-9,13,-3,0.0036,-0.0001,0.9999,-0.0135,-2,0,0,-1
217.781,217.781,159,112,103,150,125,100,0,2,0,-9,13,-3,0.0028,0.0038,0.9999,-0.0155,-2,0,0,-1
217.891,217.891,159,112,103,150,125,100,0,2,0,-9,13,-3,0.0032,0.0064,0.9998,-0.0166,-1,0,0,-1
217.991,217.991,160,112,103,150,125,100,0,2,0,-10,13,-3,0.0032,0.0066,0.9998,-0.0176,-2,-1,0,-1
218.191,218.191,160,113,102,150,125,100,0,2,0,-10,12,-2,0.0017,0.0049,0.9998,-0.0178,-1,0,0,-1
218.291,218.291,160,112,103,150,125,100,0,2,0,-10,13,-3,0.0005,0.005,0.9998,-0.0173,-1,1,0,-1
218.391,218.391,161,112,102,150,125,100,0,2,0,-11,13,-2,0.0001,0.0047,0.9999,-0.0161,-1,0,0,-1
218.491,218.491,161,113,102,150,125,100,-1,2,0,-11,12,-2,0.0004,0.0039,0.9999,-0.0148,0,-2,0,-2
218.691,218.691,161,113,102,150,125,100,-1,2,0,-11,12,-2,0.0023,0.0047,0.9999,-0.0112,0,0,0,-2
218.791,218.791,161,113,102,150,125,100,-1,2,0,-11,12,-2,0.0039,0.0057,0.9999,-0.0096,-2,1,0,-2
218.891,218.891,161,113,102,150,125,100,-1,2,0,-11,12,-2,0.0042,0.0074,0.9999,-0.0083,0,0,0,-2
218.991,218.991,161,113,102,150,125,100,-1,2,0,-11,12,-2,0.0032,0.0069,0.9999,-0.0069,0,0,0,-2
219.091,219.091,162,113,102,150,125,100,-1,2,0,-12,12,-2,0.0034,0.0056,1,-0.0066,1,-2,0,-2
219.191,219.191,162,114,102,150,125,100,-1,2,0,-12,11,-2,0.0041,0.0045,1,-0.0054,0,0,0,-2
219.291,219.291,162,114,102,150,125,100,-1,2,0,-12,11,-2,0.0054,0.0046,1,-0.0035,1,0,0,-2
219.391,219.391,162,114,101,150,125,100,-1,2,0,-12,11,-1,0.0061,0.0055,1,-0.0027,0,0,0,-2
219.491,219.491,162,114,101,150,125,100,-1,2,0,-12,11,-1,0.0061,0.0058,1,-0.0008,0,0,0,-2
219.591,219.591,162,114,101,150,125,100,-1,2,0,-12,11,-1,0.0057,0.0067,1,0.0011,0,0,1,-1
219.691,219.691,162,114,101,150,125,100,-1,2,0,-12,11,-1,0.0052,0.0084,0.9999,0.0033,-1,0,1,-1
219.791,219.791,162,114,101,150,125,100,-1,2,0,-12,11,-1,0.0043,0.0091,0.9999,0.0058,0,-1,1,-1
219.891,219.891,162,115,101,150,125,100,-1,2,0,-12,10,-1,0.0028,0.0084,0.9999,0.0074,1,0,1,-1
219.991,219.991,163,115,100,150,125,100,-1,2,0,-13,10,0,0.0007,0.0058,0.9999,0.0091,0,0,1,-1
220.091,220.091,163,115,100,150,125,100,-1,2,0,-13,10,0,-0.0004,0.004,0.9999,0.0103,0,-3,1,-1
220.191,220.191,163,115,100,150,125,100,-1,2,0,-13,10,0,-0.0001,0.0023,0.9999,0.0108,0,-2,1,-1
220.291,220.291,163,116,100,150,125,100,-1,2,0,-13,9,0,0.0011,0.0025,0.9999,0.0118,0,0,1,-1
220.391,220.391,163,116,100,150,125,100,-2,1,0,-13,9,0,0.0024,0.0047,0.9999,0.0119,0,0,2,0
220.491,220.491,163,116,100,150,125,100,-2,1,0,-13,9,0,0.0026,0.0054,0.9999,0.012,1,-3,2,0
220.591,220.591,163,117,100,150,125,100,-2,1,0,-13,8,0,0.0031,0.0039,0.9999,0.0127,1,0,2,0
220.691,220.691,162,117,100,150,125,100,-2,1,0,-12,8,0,0.0039,0.0032,0.9999,0.0132,1,-1,2,0
220.791,220.791,162,117,100,150,125,100,-2,1,0,-12,8,0,0.0041,0.003,0.9999,0.0141,1,-1,2,0
220.891,220.891,162,117,100,150,125,100,-2,1,0,-12,8,0,0.0045,0.0032,0.9999,0.0149,1,0,2,0
220.991,220.991,162,117,100,150,125,100,-2,1,0,-12,8,0,0.0042,0.0043,0.9998,0.0168,0,1,2,0
221.091,221.091,162,118,100,150,125,100,-2,1,0,-12,7,0,0.0035,0.0057,0.9998,0.0181,0,-1,2,0
221.191,221.191,162,118,100,150,125,100,-2,1,0,-12,7,0,0.0021,0.0062,0.9998,0.0192,0,0,2,0
221.291,221.291,162,119,100,150,125,100,-2,1,0,-12,6,0,0.0013,0.0056,0.9998,0.0203,0,-2,2,0
221.391,221.391,162,119,100,150,125,100,-2,1,0,-12,6,0,0.0015,0.0038,0.9998,0.0214,2,-3,2,0
221.491,221.491,161,119,100,150,125,100,-2,1,0,-11,6,0,0.0026,0.0028,0.9997,0.0224,0,-1,2,0
221.591,221.591,161,120,100,150,125,100,0,1,0,-11,5,0,0.0043,0.002,0.9997,0.023,0,-1,0,0
221.691,221.691,161,120,100,150,125,100,0,1,0,-11,5,0,0.0059,0.0028,0.9997,0.0226,1,-1,0,0
221.791,221.791,160,120,100,150,125,100,0,1,0,-10,5,0,0.0068,0.0051,0.9997,0.0219,1,0,0,0
221.891,221.891,160,121,99,150,125,100,0,1,0,-10,4,1,0.0085,0.0062,0.9997,0.0209,2,-1,0,0
221.991,221.991,160,121,99,150,125,100,0,1,0,-10,4,1,0.0092,0.0056,0.9997,0.02,1,-2,0,0
222.091,222.091,159,121,99,150,125,100,0,1,0,-9,4,1,0.0082,0.005,0.9998,0.0198,0,-1,0,0
222.191,222.191,159,121,99,150,125,100,0,1,0,-9,4,1,0.0063,0.0052,0.9998,0.0193,0,-1,0,0
222.291,222.291,159,122,99,150,125,100,0,1,0,-9,3,1,0.005,0.0043,0.9998,0.0198,0,-2,0,0
222.391,222.391,159,122,99,150,125,100,0,1,0,-9,3,1,0.0041,0.0036,0.9998,0.0203,1,-3,0,0
222.491,222.491,158,123,99,150,175,100,0,15,0,-8,52,1,0.0038,0.0041,0.9998,0.0204,3,-1,0,-14
222.591,222.591,158,123,99,150,175,100,0,15,0,-8,52,1,0.0046,0.005,0.9998,0.0209,0,-2,0,-14
222.701,222.701,158,123,99,150,175,100,0,15,0,-8,52,1,0.0054,0.0059,0.9997,0.0213,0,-1,0,-14
222.801,222.801,158,124,99,150,175,100,0,15,0,-8,51,1,0.0062,0.0122,0.9997,0.0214,1,-1,0,-14
222.901,222.901,158,124,99,150,175,100,0,14,0,-8,51,1,0.0063,0.0202,0.9996,0.0213,2,-6,0,-13
223.001,223.001,157,125,99,150,175,100,0,14,0,-7,50,1,0.0054,0.0202,0.9996,0.0212,1,-9,0,-13
223.101,223.101,157,127,99,150,175,100,0,14,0,-7,48,1,0.0032,0.015,0.9997,0.0205,0,-10,0,-13
223.201,223.201,157,128,99,150,175,100,0,14,0,-7,47,1,0.0022,0.0085,0.9998,0.0197,0,-12,0,-13
223.301,223.301,157,130,100,150,175,100,0,13,0,-7,45,0,0.0029,0.0033,0.9998,0.0183,1,-10,0,-12
223.401,223.401,156,131,100,150,175,100,0,13,0,-6,44,0,0.0035,0.0025,0.9999,0.0162,2,-12,0,-12
223.501,223.501,156,133,100,150,175,100,0,12,0,-6,42,0,0.0052,0.0031,0.9999,0.014,2,-12,0,-11
223.601,223.601,155,135,100,150,175,100,0,12,0,-5,40,0,0.0058,0.0036,0.9999,0.012,2,-13,0,-11
223.701,223.701,155,136,100,150,175,100,0,12,0,-5,39,0,0.0048,0.0033,0.9999,0.0112,1,-17,0,-11
223.801,223.801,155,138,101,150,175,100,0,11,0,-5,37,-1,0.0034,0.0029,0.9999,0.0109,0,-15,0,-10
223.901,223.901,155,140,101,150,175,100,0,10,0,-5,35,-1,0.0021,0.0021,0.9999,0.0109,0,-12,0,-9
224.001,224.001,155,141,101,150,175,100,0,10,0,-5,34,-1,0.0012,0.0025,0.9999,0.0113,1,-11,0,-9
224.101,224.101,154,143,101,150,175,100,0,9,0,-4,32,-1,0.0005,0.0026,0.9999,0.0117,1,-13,0,-8
224.201,224.201,154,145,101,150,175,100,0,9,0,-4,30,-1,0.0006,0.0015,0.9999,0.0118,1,-9,0,-8
224.301,224.301,154,146,101,150,175,100,0,9,0,-4,29,-1,0.0015,-0.0005,0.9999,0.0126,1,-12,0,-8
224.401,224.401,154,148,101,150,175,100,0,8,0,-4,27,-1,0.0024,0.0008,0.9999,0.0129,1,-12,0,-7
224.501,224.501,154,150,101,150,175,100,0,7,0,-4,25,-1,0.0014,-0.0006,0.9999,0.0126,1,-10,0,-6
224.601,224.601,153,151,101,150,175,100,0,4,0,-3,24,-1,0.0005,-0.0007,0.9999,0.012,1,-11,0,-3
224.701,224.701,153,153,101,150,175,100,0,3,0,-3,22,-1,-0.0006,-0.0002,0.9999,0.0108,2,-8,0,-2
224.801,224.801,152,154,101,150,175,100,0,3,0,-2,21,-1,-0.0004,-0.0016,1,0.008,2,-13,0,-3
224.901,224.901,152,156,101,150,175,100,0,3,0,-2,19,-1,0.0006,-0.0051,1,0.0041,2,-15,0,-3
225.101,225.101,151,159,101,150,175,100,0,3,0,-1,16,-1,0.0023,-0.0081,1,-0.0053,2,-9,0,-3
225.201,225.201,151,160,101,150,175,100,0,2,0,-1,15,-1,0.0014,-0.006,0.9999,-0.0104,0,-11,0,-1
225.301,225.301,151,161,101,150,175,100,0,2,0,-1,14,-1,-0.0006,-0.0039,0.9999,-0.0152,0,-6,0,-1
225.401,225.401,151,162,101,150,175,100,0,2,0,-1,13,-1,-0.0026,-0.0029,0.9998,-0.0201,0,-7,0,-1
225.501,225.501,151,164,101,150,175,100,0,2,0,-1,11,-1,-0.0037,-0.0038,0.9997,-0.0236,0,-9,0,-1
225.601,225.601,150,165,101,150,175,100,0,2,0,0,10,-1,-0.002,-0.0075,0.9997,-0.0253,0,-8,0,-1
225.701,225.701,150,166,101,150,175,100,0,2,0,0,9,-1,0.0002,-0.0101,0.9996,-0.0264,1,-7,0,-1
225.801,225.801,150,167,101,150,175,100,0,1,0,0,8,-1,0,-0.0084,0.9996,-0.0254,-1,-3,0,0
225.901,225.901,150,167,102,150,175,100,0,1,0,0,8,-2,-0.0013,-0.0058,0.9997,-0.0239,0,-1,0,0
226.001,226.001,150,168,102,150,175,140,0,1,17,0,7,38,-0.0046,-0.0032,0.9998,-0.0204,0,-3,0,0
226.101,226.101,150,168,102,150,175,140,0,1,17,0,7,38,-0.0059,-0.0051,0.9998,-0.0175,0,-6,0,0
226.201,226.201,150,169,102,150,175,140,0,1,17,0,6,38,-0.0076,-0.0063,0.9999,-0.014,0,-2,0,0
226.301,226.301,150,169,102,150,175,140,0,1,17,0,6,38,-0.0065,-0.0044,0.9999,-0.0115,0,-1,0,0
226.401,226.401,150,169,103,150,175,140,0,1,17,0,6,37,-0.0051,-0.0015,0.9999,-0.0097,0,-2,0,0
226.501,226.501,150,170,105,150,175,140,0,1,16,0,5,35,-0.0037,-0.0003,1,-0.0086,0,-1,0,-1
226.601,226.601,149,170,106,150,175,140,0,1,15,1,5,34,-0.0023,0,1,-0.0081,0,-1,0,-1
226.701,226.701,149,171,107,150,175,140,0,1,15,1,4,33,-0.0002,-0.0024,1,-0.0091,1,-6,0,-1
226.801,226.801,149,172,109,150,175,140,0,1,14,1,3,31,0.0005,-0.005,1,-0.008,1,-2,0,-1
226.901,226.901,148,172,110,150,175,140,0,1,13,2,3,30,0.0014,-0.0083,0.9999,-0.007,2,-4,0,0
227.001,227.001,147,173,111,150,175,140,0,0,13,3,2,29,0.0027,-0.0115,0.9999,-0.0037,3,-3,0,0
227.101,227.101,147,174,112,150,175,140,0,0,12,3,1,28,0.0027,-0.0115,0.9999,-0.0037,4,-4,0,0
227.201,227.201,146,174,113,150,175,140,0,0,12,4,1,27,0.0044,-0.0125,0.9999,0.0042,6,0,0,0
227.301,227.301,146,174,115,150,175,140,0,0,11,4,1,25,0.0062,-0.0095,0.9999,0.0076,5,0,0,0
227.411,227.411,145,174,116,150,175,140,1,0,11,5,1,24,0.008,-0.0042,0.9999,0.0108,6,1,0,0
227.511,227.511,144,174,117,150,175,140,1,0,10,6,1,23,0.0105,-0.0006,0.9999,0.0129,5,0,0,0
227.611,227.611,143,174,118,150,175,140,1,0,10,7,1,22,0.0121,0.0018,0.9998,0.0142,5,0,0,0
227.711,227.711,142,174,118,150,175,140,1,0,10,8,1,22,0.0123,0.0012,0.9998,0.0145,5,0,0,0
227.811,227.811,142,174,120,150,175,140,1,0,9,8,1,20,0.0106,-0.0004,0.9998,0.0148,3,1,0,0
227.911,227.911,141,174,120,150,175,140,1,0,9,9,1,20,0.0086,-0.0019,0.9999,0.0138,4,0,0,0
228.011,228.011,141,174,121,150,175,140,1,0,8,9,1,19,0.0072,-0.0052,0.9999,0.0123,1,-1,0,0
228.111,228.111,140,175,122,150,175,140,1,0,8,10,0,18,0.0076,-0.007,0.9999,0.01,1,0,0,0
228.211,228.211,140,175,123,150,175,140,1,0,7,10,0,17,0.0083,-0.0077,0.9999,0.0077,1,-1,0,0
228.311,228.311,139,175,124,150,175,140,1,0,7,11,0,16,0.0093,-0.0079,0.9999,0.005,0,0,0,0
228.411,228.411,138,175,125,150,175,140,2,0,7,12,0,15,0.0099,-0.0064,0.9999,0.002,4,8,-1,0
228.511,228.511,138,175,125,150,175,140,2,0,7,12,0,15,0.0098,-0.0057,0.9999,-0.0007,0,0,-1,0
228.611,228.611,137,174,126,150,175,140,2,0,6,13,1,14,0.0092,-0.0051,0.9999,-0.0026,0,3,-1,0
228.711,228.711,137,174,127,150,175,140,2,0,6,13,1,13,0.0078,-0.0034,1,-0.0049,1,5,-2,0
228.811,228.811,136,174,128,150,175,140,2,0,5,14,1,12,0.0076,-0.0017,0.9999,-0.0063,0,3,-1,0
228.911,228.911,136,173,129,150,175,140,2,0,5,14,2,11,0.0068,-0.0005,0.9999,-0.0078,1,0,-1,0
229.011,229.011,136,173,129,150,175,140,2,0,5,14,2,11,0.0069,-0.0002,0.9999,-0.0079,1,2,-1,0
229.111,229.111,135,173,130,150,175,140,2,0,4,15,2,10,0.0078,-0.0001,0.9999,-0.008,2,1,-1,0
229.211,229.211,135,173,131,150,175,140,2,0,4,15,2,9,0.0075,0,0.9999,-0.0073,0,2,-1,0
229.311,229.311,134,172,131,150,175,140,2,0,3,16,3,9,0.0064,0.0011,1,-0.0061,1,1,-2,0
229.411,229.411,134,172,132,150,175,140,2,0,3,16,3,8,0.0062,0.0016,1,-0.0058,3,1,-2,0
229.511,229.511,134,172,132,150,175,140,2,0,3,16,3,8,0.0064,0.001,1,-0.0058,1,0,-2,0
229.611,229.611,133,172,133,150,175,140,2,0,2,17,3,7,0.0065,-0.0013,1,-0.0053,1,0,-2,0
229.711,229.711,133,172,133,150,175,140,2,0,2,17,3,7,0.0071,-0.0036,0.9999,-0.0062,3,0,-1,0
229.811,229.811,133,172,134,150,175,140,2,0,2,17,3,6,0.0071,-0.0047,0.9999,-0.0057,2,0,-1,0
229.911,229.911,132,171,134,150,175,140,3,0,2,18,4,6,0.0071,-0.0043,0.9999,-0.006,0,3,-2,0
230.011,230.011,132,171,134,150,175,140,3,0,2,18,4,6,0.0065,-0.0038,1,-0.0059,0,3,-3,0
230.111,230.111,132,171,134,150,175,140,3,0,2,18,4,6,0.0058,-0.0037,1,-0.0054,0,0,-3,0
230.211,230.211,131,170,135,150,175,140,3,0,1,19,5,5,0.0061,-0.004,1,-0.005,0,5,-3,0
230.311,230.311,131,170,135,150,175,140,3,0,1,19,5,5,0.0072,-0.0027,1,-0.0051,0,5,-3,0
230.411,230.411,131,169,136,150,175,140,3,0,1,19,6,4,0.0084,-0.0018,1,-0.0049,1,2,-3,0
230.511,230.511,131,169,136,150,175,140,3,0,1,19,6,4,0.0088,-0.0008,0.9999,-0.0047,0,4,-2,0
230.611,230.611,131,168,136,150,175,140,3,0,1,19,7,4,0.0079,-0.0008,1,-0.0037,1,6,-3,0
230.711,230.711,131,167,136,150,175,140,3,0,1,19,8,4,0.0067,0.0006,1,-0.0026,1,5,-3,0
230.811,230.811,131,166,137,150,175,140,3,0,0,19,9,3,0.0055,0.0033,1,-0.0011,-1,0,-3,0
230.911,230.911,132,165,137,150,175,140,3,1,0,18,10,3,0.0045,0.0029,1,0.0014,0,3,-2,-1
231.011,231.011,132,165,137,150,175,140,3,1,0,18,10,3,0.0048,0.003,1,0.0039,-1,4,-2,-1
231.111,231.111,132,164,137,150,175,140,3,1,0,18,11,3,0.0048,0.003,1,0.0039,-2,13,-2,-1
231.211,231.211,133,164,137,150,175,140,2,1,0,17,11,3,0.0027,0.0034,1,0.0078,-3,2,-1,-1
231.311,231.311,133,163,138,150,175,140,2,1,0,17,12,2,0.0018,0.0055,1,0.0079,-4,4,-1,-1
231.411,231.411,134,162,138,150,175,140,2,1,0,16,13,2,0.003,0.0073,0.9999,0.0069,-3,5,-1,-1
231.511,231.511,134,161,138,150,175,140,2,1,0,16,14,2,0.0041,0.0068,1,0.0052,-4,0,-1,-1
231.611,231.611,134,161,138,150,175,140,2,1,0,16,14,2,0.0043,0.0057,1,0.0038,-1,1,-1,-1
231.711,231.711,134,161,138,150,175,140,2,1,0,16,14,2,0.0042,0.0053,1,0.0019,-2,0,-1,-1
231.811,231.811,134,161,138,150,175,140,2,1,0,16,14,2,0.0041,0.0046,1,0.0009,-1,1,-1,-1
231.921,231.921,135,160,138,150,175,140,2,1,0,15,15,2,0.0047,0.0027,1,0,0,0,-2,0
232.021,232.021,135,160,139,150,175,140,2,1,0,15,15,1,0.0063,0.0007,1,-0.0002,0,0,-2,0
232.121,232.121,135,160,139,150,175,140,2,1,0,15,15,1,0.0062,-0.001,1,-0.0003,0,0,-2,0
232.221,232.221,135,160,139,150,175,140,2,1,0,15,15,1,0.0066,-0.0013,1,-0.0007,-2,0,-2,0
232.321,232.321,135,160,139,150,175,140,2,1,0,15,15,1,0.0064,-0.0008,1,-0.0006,-3,0,-2,0
232.421,232.421,136,160,139,150,175,140,2,1,0,14,15,1,0.006,-0.0007,1,-0.0002,-1,1,-2,0
232.521,232.521,136,160,139,150,175,140,2,1,0,14,15,1,0.0055,-0.001,1,0.0009,-2,0,-1,-1
232.621,232.621,136,160,139,150,175,140,2,1,0,14,15,1,0.0049,-0.001,1,0.0016,-5,0,-1,-1
232.721,232.721,137,160,139,150,175,140,2,1,0,13,15,1,0.0042,-0.0015,1,0.0028,-2,0,-1,-1
232.921,232.921,137,160,139,150,175,140,2,1,0,13,15,1,0.004,0.0018,1,0.0053,-1,1,-1,-1
233.021,233.021,138,159,139,150,175,140,2,3,0,12,16,1,0.0049,0.003,1,0.0061,-1,2,-1,-3
233.121,233.121,138,159,139,150,175,140,2,3,0,12,16,1,0.0056,0.0026,1,0.0073,-2,0,-1,-3
233.221,233.221,139,159,139,150,175,140,2,1,0,11,16,1,0.005,0.0016,0.9999,0.0086,-3,-1,-1,-1
233.321,233.321,139,159,139,150,175,140,2,1,0,11,16,1,0.0046,0.0013,0.9999,0.0096,-2,0,-1,-1
233.421,233.421,139,159,139,150,175,140,2,1,0,11,16,1,0.0044,0.0022,0.9999,0.0103,-1,0,-1,-1
233.521,233.521,139,160,140,150,175,140,2,1,0,11,15,0,0.0037,0.0017,0.9999,0.0104,0,-1,-1,-1
233.621,233.621,140,160,140,150,175,140,1,2,0,10,15,0,0.0038,-0.0004,0.9999,0.0098,-1,-1,0,-2
233.721,233.721,140,160,140,150,175,140,1,2,0,10,15,0,0.0034,-0.0021,1,0.0089,-3,0,0,-2
233.821,233.821,140,160,140,150,175,140,1,2,0,10,15,0,0.0039,-0.0019,1,0.0078,-1,0,0,-2
233.921,233.921,141,160,139,150,175,140,1,2,0,9,15,1,0.0041,-0.0003,1,0.0063,0,0,0,-2
234.021,234.021,141,160,140,150,175,140,1,2,0,9,15,0,0.0055,0.0021,1,0.0042,-1,0,0,-2
234.121,234.121,141,160,140,150,175,140,1,2,0,9,15,0,0.0066,0.0019,1,0.0023,0,0,0,-2
234.221,234.221,141,160,140,150,175,140,1,2,0,9,15,0,0.0071,0.0011,1,0.0002,0,0,0,-2
234.321,234.321,141,160,140,150,175,140,1,2,0,9,15,0,0.007,0.0009,1,-0.0016,-2,0,-1,-1
234.421,234.421,142,160,140,150,175,140,1,2,0,8,15,0,0.0058,0.0006,1,-0.0029,-4,0,-1,-1
234.521,234.521,142,160,140,150,175,140,1,2,0,8,15,0,0.0044,0.0027,1,-0.003,0,-1,-1,-1
234.621,234.621,142,161,140,150,175,140,1,2,0,8,14,0,0.0039,0.0032,1,-0.0024,-1,0,-1,-1
234.721,234.721,143,161,140,150,175,140,1,2,0,7,14,0,0.0038,0.0018,1,-0.0013,-3,-1,-1,-1
234.821,234.821,143,161,140,150,175,140,1,2,0,7,14,0,0.0034,0.0015,1,0.0006,-2,-1,0,-2
234.921,234.921,143,161,140,150,175,140,1,2,0,7,14,0,0.0025,0.0022,1,0.0026,-2,-2,0,-2
235.021,235.021,143,162,140,150,175,140,1,2,0,7,13,0,0.0026,0.002,1,0.0045,-1,-4,0,-2
235.121,235.121,143,162,140,150,175,140,1,2,0,7,13,0,0.0029,0.0009,1,0.0064,0,-3,0,-2
235.221,235.221,144,162,140,150,175,140,1,2,0,6,13,0,0.0034,0.0006,1,0.0075,0,-2,0,-2
235.321,235.321,144,162,140,150,175,140,1,2,0,6,13,0,0.004,-0.0003,1,0.0079,-1,-4,0,-2
235.421,235.421,144,163,140,150,175,140,1,2,0,6,12,0,0.0049,-0.0025,1,0.0073,-2,-2,0,-2
235.521,235.521,145,163,141,150,175,140,1,2,0,5,12,-1,0.0049,-0.0035,1,0.0054,-2,-4,0,-2
235.621,235.621,145,164,141,150,175,140,1,2,0,5,11,-1,0.0039,-0.0049,1,0.0032,-2,-10,0,-2
235.721,235.721,145,165,141,150,175,140,1,2,0,5,10,-1,0.0046,-0.0061,1,0.0007,-2,-7,0,-2
235.821,235.821,145,165,141,150,175,140,1,2,0,5,10,-1,0.0047,-0.0064,1,-0.0016,-2,-3,-1,-1
235.921,235.921,146,165,141,150,175,140,0,2,0,4,10,-1,0.0043,-0.0066,1,-0.0042,-2,-1,0,-2
236.021,236.021,146,165,141,150,175,140,0,2,0,4,10,-1,0.003,-0.0052,1,-0.0069,-4,0,0,-2
236.121,236.121,147,166,141,150,175,140,0,2,0,3,9,-1,0.002,-0.0039,0.9999,-0.0096,-2,0,0,-1
236.221,236.221,147,166,141,150,175,140,0,1,0,3,9,-1,0.001,-0.0036,0.9999,-0.0119,-4,0,0,0
236.321,236.321,148,166,141,150,175,140,0,1,0,2,9,-1,0.0008,-0.0039,0.9999,-0.0136,-1,-4,0,0
236.421,236.421,148,166,141,150,175,140,0,1,0,2,9,-1,0.0008,-0.0039,0.9999,-0.0136,0,-5,0,0
236.521,236.521,148,166,141,150,125,140,0,-12,0,2,-41,-1,0.0035,-0.0051,0.9999,-0.0156,-2,0,0,11
236.631,236.631,149,166,141,150,125,140,0,-12,0,1,-41,-1,0.004,-0.004,0.9999,-0.0157,-2,5,0,11
236.731,236.731,149,166,141,150,125,140,0,-12,0,1,-41,-1,0.0032,-0.0028,0.9999,-0.0153,-3,0,0,11
236.831,236.831,150,166,141,150,125,140,0,-12,0,0,-41,-1,0.0027,-0.0083,0.9999,-0.0145,-2,0,0,11
236.931,236.931,150,166,141,150,125,140,0,-12,0,0,-41,-1,0.0014,-0.0163,0.9998,-0.0136,-1,-2,0,11
237.031,237.031,150,166,141,150,125,140,0,-12,0,0,-41,-1,0.0008,-0.0164,0.9998,-0.0128,0,5,0,11
237.131,237.131,150,165,141,150,125,140,0,-12,0,0,-40,-1,0.0002,-0.0125,0.9999,-0.0113,-1,9,0,11
237.231,237.231,150,164,142,150,125,140,0,-12,0,0,-39,-2,-0.0001,-0.0069,0.9999,-0.0094,0,13,0,11
237.331,237.331,151,163,141,150,125,140,0,-11,0,-1,-38,-1,0.0012,-0.0026,1,-0.0065,-1,8,0,11
237.431,237.431,151,160,141,150,125,140,0,-10,0,-1,-35,-1,0.0031,0.001,1,-0.0014,-1,16,0,10
237.531,237.531,151,160,141,150,125,140,0,-10,0,-1,-35,-1,0.0031,0.001,1,-0.0014,-1,9,0,10
237.631,237.631,151,159,141,150,125,140,0,-10,0,-1,-34,-1,0.0023,-0.0001,1,0.0014,0,7,0,10
237.731,237.731,151,158,141,150,125,140,0,-9,0,-1,-33,-1,0.0012,-0.0007,1,0.0035,0,3,0,9
237.831,237.831,151,157,140,150,125,140,0,-9,0,-1,-32,0,0.0006,-0.0012,1,0.0053,0,9,0,9
237.931,237.931,152,156,140,150,125,140,0,-9,0,-2,-31,0,0.0001,-0.0012,1,0.0065,0,6,0,9
238.031,238.031,152,155,140,150,125,140,0,-9,0,-2,-30,0,-0.0001,-0.0011,1,0.0074,-2,13,0,9
238.131,238.131,152,154,140,150,125,140,0,-9,0,-2,-29,0,0.0006,-0.0006,1,0.0076,0,4,0,9
238.231,238.231,152,153,139,150,125,140,0,-8,0,-2,-28,1,0.0016,-0.0014,1,0.0074,-1,4,0,8
238.331,238.331,152,151,139,150,125,140,0,-8,0,-2,-26,1,0.0018,-0.0029,1,0.0071,0,3,0,8
238.431,238.431,153,150,139,150,125,140,0,-7,0,-3,-25,1,0.0002,-0.0039,1,0.006,0,8,0,7
238.531,238.531,153,149,139,150,125,140,0,-4,0,-3,-24,1,-0.0013,-0.0042,1,0.0048,0,1,0,4
238.631,238.631,154,149,139,150,125,140,0,-4,0,-4,-24,1,-0.0019,-0.0029,1,0.0028,0,4,0,4
238.731,238.731,154,148,139,150,125,140,0,-4,0,-4,-23,1,-0.002,-0.0005,1,0.0013,0,4,0,4
238.831,238.831,154,146,139,150,125,140,0,-3,0,-4,-21,1,-0.002,0.0022,1,0.0001,0,6,0,3
238.931,238.931,154,145,139,150,125,140,0,-3,0,-4,-20,1,-0.0016,0.0037,1,-0.0015,0,7,0,3
239.031,239.031,154,143,139,150,125,140,0,-3,0,-4,-18,1,-0.0013,0.0025,1,-0.0033,0,6,0,3
239.131,239.131,154,143,139,150,125,140,0,-3,0,-4,-18,1,-0.0008,0.0009,1,-0.0052,-1,8,0,3
239.231,239.231,154,142,138,150,125,140,0,-3,0,-4,-17,2,0,-0.0001,1,-0.0065,3,4,0,3
239.331,239.331,155,142,138,150,125,140,0,-3,0,-5,-17,2,0.0008,-0.0027,1,-0.0079,0,1,0,3
239.431,239.431,154,141,138,150,125,140,0,-2,0,-4,-16,2,0.0018,-0.0044,0.9999,-0.0088,0,5,0,1
239.531,239.531,154,140,139,150,125,140,0,-2,0,-4,-15,1,0.0016,-0.0043,0.9999,-0.0097,0,4,0,1
239.631,239.631,155,139,139,150,125,140,0,-2,0,-5,-14,1,0.0009,-0.0037,0.9999,-0.0109,0,9,0,1
239.731,239.731,155,139,138,150,125,140,0,-2,0,-5,-14,2,-0.0003,-0.0024,0.9999,-0.0121,0,0,0,1
239.831,239.831,155,138,138,150,125,140,0,-2,0,-5,-13,2,-0.0006,0,0.9999,-0.0124,0,1,0,1
239.931,239.931,155,137,138,150,125,140,0,-2,0,-5,-12,2,-0.0008,0.0016,0.9999,-0.0124,0,5,0,1
240.031,240.031,155,136,138,150,125,140,0,-2,0,-5,-11,2,-0.0017,0.0008,0.9999,-0.0127,-1,2,0,1
240.131,240.131,155,135,138,150,125,140,0,-2,0,-5,-10,2,-0.0017,-0.0011,0.9999,-0.0126,1,3,0,1
240.231,240.231,155,135,138,150,125,140,0,-2,0,-5,-10,2,-0.0005,-0.0031,0.9999,-0.0123,-1,0,0,1
240.331,240.331,155,135,138,150,125,140,0,-2,0,-5,-10,2,0.0013,-0.0031,0.9999,-0.0118,0,2,0,1
240.431,240.431,155,134,138,150,125,140,0,-2,0,-5,-9,2,0.0026,-0.0017,0.9999,-0.0107,1,2,0,1
240.531,240.531,154,133,138,150,125,140,0,-1,0,-4,-8,2,0.0029,-0.0007,0.9999,-0.0099,0,8,0,0
240.631,240.631,154,133,138,150,125,140,0,-1,0,-4,-8,2,0.0029,-0.0007,0.9999,-0.0099,0,7,0,1
240.731,240.731,154,132,138,150,125,140,0,-1,0,-4,-7,2,0.001,0.0008,1,-0.0061,0,4,0,1
240.831,240.831,154,131,137,150,125,140,0,-1,0,-4,-6,3,0.0005,0.0019,1,-0.0036,0,5,0,1
240.931,240.931,154,131,137,150,75,140,0,-16,0,-4,-56,3,0.0005,0.0019,1,-0.0007,0,3,0,16
241.031,241.031,154,130,138,150,75,140,0,-16,0,-4,-55,2,0.0015,0.0007,1,0.0016,0,12,0,16
241.131,241.131,154,130,138,150,75,140,0,-16,0,-4,-55,2,0.0016,0.0001,1,0.0031,0,2,0,16
241.231,241.231,154,129,138,150,75,140,0,-15,0,-4,-54,2,0.001,-0.008,1,0.0042,0,-6,0,15
241.341,241.341,153,129,137,150,75,140,0,-15,0,-3,-54,3,0.0006,-0.0193,0.9998,0.0043,0,6,0,14
241.441,241.441,153,128,137,150,75,140,0,-15,0,-3,-53,3,0.0013,-0.0201,0.9998,0.004,0,10,0,14
241.541,241.541,153,127,138,150,75,140,0,-15,0,-3,-52,2,0.0015,-0.0141,0.9999,0.0034,0,14,0,14
241.641,241.641,153,125,138,150,75,140,0,-15,0,-3,-50,2,0.0014,-0.0069,1,0.0038,0,16,0,15
241.741,241.741,153,124,138,150,75,140,0,-14,0,-3,-49,2,0.0019,-0.0017,1,0.0036,0,11,0,14
241.841,241.841,152,122,138,150,75,140,0,-14,0,-2,-47,2,0.0029,0.0002,1,0.0034,1,11,0,14
241.941,241.941,152,121,138,150,75,140,0,-14,0,-2,-46,2,0.0033,-0.0018,1,0.003,1,11,0,14
242.041,242.041,152,119,138,150,75,140,0,-13,0,-2,-44,2,0.0024,-0.0051,1,0.0018,1,12,0,13
242.141,242.141,152,118,138,150,75,140,0,-13,0,-2,-43,2,0.0021,-0.0061,1,-0.0004,1,12,0,13
242.241,242.241,152,117,138,150,75,140,0,-12,0,-2,-42,2,0.0019,-0.0055,1,-0.0034,0,16,0,12
242.341,242.341,152,115,138,150,75,140,0,-12,0,-2,-40,2,0.0019,-0.0029,1,-0.0071,0,16,0,12
242.441,242.441,152,113,138,150,75,140,0,-11,0,-2,-38,2,0.0016,-0.0014,0.9999,-0.0116,0,12,0,10
242.541,242.541,151,112,138,150,75,140,0,-11,0,-1,-37,2,0.0002,-0.0018,0.9999,-0.0153,1,10,0,10
242.641,242.641,151,110,138,150,75,140,0,-10,0,-1,-35,2,-0.0022,-0.0013,0.9998,-0.0184,1,12,0,9
242.741,242.741,151,109,138,150,75,140,0,-10,0,-1,-34,2,-0.0026,-0.0004,0.9998,-0.0207,0,10,0,9
242.841,242.841,151,107,137,150,75,140,0,-9,0,-1,-32,3,-0.0027,0.0003,0.9998,-0.0221,0,8,0,8
242.941,242.941,151,106,137,150,75,140,0,-9,0,-1,-31,3,-0.002,0.0008,0.9997,-0.0228,0,11,0,8
243.041,243.041,151,105,137,150,75,140,0,-9,0,-1,-30,3,-0.0007,0.0007,0.9997,-0.0232,0,9,0,8
243.141,243.141,150,103,137,150,75,140,0,-8,0,0,-28,3,-0.0001,0.0001,0.9997,-0.0235,0,10,0,7
243.241,243.241,150,102,138,150,75,140,0,-8,0,0,-27,2,-0.0008,-0.0008,0.9997,-0.0245,1,11,0,7
243.341,243.341,150,100,138,150,75,140,0,-7,0,0,-25,2,-0.0018,-0.0033,0.9997,-0.0253,1,7,0,6
243.441,243.441,150,99,138,150,75,140,0,-4,0,0,-24,2,-0.0026,-0.0044,0.9997,-0.0256,0,12,0,3
243.541,243.541,150,98,138,150,75,140,0,-4,0,0,-23,2,-0.0029,-0.0015,0.9997,-0.0251,0,9,0,3
243.641,243.641,150,96,137,150,75,140,0,-3,0,0,-21,3,-0.0026,0.0007,0.9997,-0.0243,0,13,0,2
243.741,243.741,150,95,137,150,75,140,0,-3,0,0,-20,3,-0.0005,0.0031,0.9997,-0.0224,0,13,0,2
243.841,243.841,149,93,137,150,75,140,0,-3,0,1,-18,3,0.0009,0.005,0.9998,-0.0196,1,13,0,2
243.941,243.941,149,92,137,150,75,140,0,-3,0,1,-17,3,0.0002,0.0076,0.9998,-0.017,1,11,0,2
244.041,244.041,149,90,137,150,75,140,0,-2,0,1,-15,3,-0.0008,0.0106,0.9998,-0.0141,0,11,0,1
244.141,244.141,149,89,137,150,75,140,0,-2,0,1,-14,3,-0.001,0.01,0.9999,-0.0119,0,6,0,1
244.241,244.241,148,88,138,150,75,140,0,-2,0,2,-13,2,-0.0007,0.0084,0.9999,-0.0091,2,11,0,1
244.341,244.341,148,87,137,150,75,140,0,-2,0,2,-12,3,0.0003,0.0075,0.9999,-0.0066,2,7,0,1
244.441,244.441,148,86,138,150,75,140,0,-2,0,2,-11,2,0.0007,0.0075,1,-0.0038,1,9,0,2
244.541,244.541,148,85,137,150,75,140,0,-2,0,2,-10,3,-0.0002,0.0087,1,-0.0014,0,8,0,2
244.641,244.641,147,84,138,150,75,140,0,-2,0,3,-9,2,-0.0009,0.01,0.9999,0.0009,0,9,0,1
244.741,244.741,147,83,138,150,75,140,0,-1,0,3,-8,2,-0.0012,0.0103,0.9999,0.0026,0,8,0,0
244.841,244.841,147,82,138,150,75,140,0,-1,0,3,-7,2,-0.002,0.0106,0.9999,0.0036,0,7,0,0
244.941,244.941,146,81,138,150,75,140,0,-1,0,4,-6,2,-0.0024,0.0108,0.9999,0.0045,2,5,0,0
245.041,245.041,146,81,137,200,75,140,15,-1,0,54,-6,3,-0.0014,0.0113,0.9999,0.0041,1,2,-15,0
245.141,245.141,145,81,137,200,75,140,16,-1,0,55,-6,3,0.0009,0.0107,0.9999,0.0032,-4,2,-16,0
245.241,245.241,145,80,137,200,75,140,16,-1,0,55,-5,3,0.0031,0.0103,0.9999,0.0022,4,2,-16,0
245.341,245.341,145,80,137,200,75,140,16,-1,0,55,-5,3,0.0105,0.0095,0.9999,0.0075,4,2,-16,0
245.441,245.441,144,80,137,200,75,140,16,-1,0,56,-5,3,0.0213,0.0081,0.9995,0.0195,0,0,-16,0
245.541,245.541,144,80,137,200,75,140,16,-1,0,56,-5,3,0.0225,0.0075,0.999,0.0367,-4,1,-16,0
245.641,245.641,145,80,136,200,75,140,16,-1,1,55,-5,4,0.0159,0.0085,0.9982,0.0577,-9,4,-16,0
245.741,245.741,146,79,136,200,75,140,15,0,1,54,-4,4,0.0079,0.0079,0.9966,0.0819,-7,0,-14,-2
245.841,245.841,147,79,136,200,75,140,15,0,1,53,-4,4,0.0079,0.0079,0.9966,0.0819,-6,-3,-14,-3
245.941,245.941,148,79,136,200,75,140,15,0,1,52,-4,4,0.0029,0.0055,0.9905,0.1372,-9,0,-14,-4
246.051,246.051,148,79,136,200,75,140,15,0,1,52,-4,4,0.0049,0.0061,0.9862,0.1655,-7,-3,-14,-4
246.151,246.151,149,80,136,200,75,140,15,-1,1,51,-5,4,0.0066,0.0074,0.9806,0.1959,-8,-7,-14,-4
246.251,246.251,150,80,136,200,75,140,14,-1,1,50,-5,4,0.0082,0.0071,0.9743,0.2251,-6,-6,-13,-5
246.351,246.351,151,80,136,200,75,140,14,-1,1,49,-5,4,0.0089,0.0065,0.9674,0.2531,-2,-12,-12,-5
246.451,246.451,153,80,136,200,75,140,14,-1,1,47,-5,4,0.0083,0.0056,0.9599,0.2803,-11,-2,-12,-6
246.551,246.551,154,80,136,200,75,140,14,-1,1,46,-5,4,0.0067,0.0056,0.9521,0.3056,-16,-2,-11,-7
246.651,246.651,156,80,136,200,75,140,13,-1,1,44,-5,4,0.0038,0.0056,0.9437,0.3307,-6,-10,-10,-7
246.751,246.751,157,80,136,200,75,140,12,-1,1,43,-5,4,0.0023,0.0045,0.9348,0.3551,-12,-11,-9,-7
246.851,246.851,159,81,136,200,75,140,12,-1,1,41,-6,4,0.003,0.0026,0.9253,0.3792,-11,-8,-9,-7
246.951,246.951,160,81,136,200,75,140,12,-1,1,40,-6,4,0.0035,0.0021,0.9151,0.4033,-13,-7,-8,-8
247.051,247.051,162,82,136,200,75,140,11,-1,1,38,-7,4,0.0031,0.0021,0.904,0.4274,-8,-12,-7,-7
247.151,247.151,164,82,136,200,75,140,11,-1,1,36,-7,4,0.0027,0.0008,0.8922,0.4516,-8,-8,-7,-8
247.251,247.251,165,82,136,200,75,140,10,-1,1,35,-7,4,0.0029,0.0004,0.8799,0.4751,-6,-7,-6,-7
247.351,247.351,167,82,137,200,75,140,10,-1,0,33,-7,3,0.0033,0.0018,0.8669,0.4984,-6,-5,-5,-8
247.451,247.451,168,82,137,200,75,140,9,-1,0,32,-7,3,0.0031,0.0043,0.8536,0.5208,-2,-6,-5,-7
247.551,247.551,170,82,137,200,75,140,9,-1,0,30,-7,3,0.0024,0.0052,0.8397,0.5431,-2,-7,-4,-7
247.651,247.651,172,82,137,200,75,140,8,-1,0,28,-7,3,0.0019,0.0061,0.8246,0.5657,-2,-13,-3,-7
247.751,247.751,174,83,137,200,75,140,8,-1,0,26,-8,3,0.0023,0.0054,0.809,0.5878,0,-15,-3,-7
247.851,247.851,175,83,137,200,75,140,7,-1,0,25,-8,3,0.0019,0.0036,0.7929,0.6093,0,-15,-2,-6
247.951,247.951,177,83,138,200,75,140,4,-1,0,23,-8,2,0.001,0.0028,0.7762,0.6305,0,-10,-1,-3
248.051,248.051,179,84,138,200,75,140,3,-1,0,21,-9,2,0.0003,0.0023,0.7591,0.651,0,-7,-1,-2
248.151,248.151,180,84,138,200,75,140,3,-1,0,20,-9,2,-0.0001,0.0013,0.741,0.6715,0,-9,-1,-2
248.251,248.251,182,85,138,200,75,140,3,-1,0,18,-10,2,-0.0008,0,0.722,0.6919,2,-9,-1,-2
248.351,248.351,183,85,138,200,75,140,3,-1,0,17,-10,2,-0.0018,-0.0023,0.7021,0.712,4,-7,0,-3
248.451,248.451,185,86,138,200,75,140,2,-2,0,15,-11,2,-0.001,-0.0031,0.6817,0.7316,2,-5,-1,-2
248.551,248.551,186,87,138,200,75,140,2,-2,0,14,-12,2,0.0008,-0.0026,0.661,0.7504,2,-6,-1,-2
248.651,248.651,189,88,138,200,75,140,2,-2,0,11,-13,2,0.0054,0.0001,0.6184,0.7858,3,0,-1,-2
248.751,248.751,189,88,138,200,75,140,2,-2,0,11,-13,2,0.0054,0.0001,0.6184,0.7858,4,-2,-1,-2
248.851,248.851,190,88,138,200,75,140,2,-2,0,10,-13,2,0.0047,-0.001,0.5973,0.802,7,-4,-1,-2
248.951,248.951,191,89,138,200,75,140,2,-2,0,9,-14,2,0.0038,-0.0011,0.5749,0.8182,4,-1,-1,-2
249.051,249.051,193,89,138,200,75,140,1,-2,0,7,-14,2,0.0033,-0.0016,0.5521,0.8337,4,0,-1,-1
249.151,249.151,194,90,138,200,75,140,1,-2,0,6,-15,2,0.0038,-0.0029,0.5284,0.849,2,0,-1,-1
249.251,249.251,195,90,138,200,75,140,1,-2,0,5,-15,2,0.0043,-0.005,0.5043,0.8635,7,-2,-1,-1
249.351,249.351,196,91,138,200,75,140,1,-2,0,4,-16,2,0.0033,-0.0053,0.4802,0.8771,3,-4,-1,-1
249.451,249.451,197,91,138,200,75,140,1,-2,0,3,-16,2,0.0024,-0.0033,0.4546,0.8907,3,0,-1,-1
249.551,249.551,198,92,138,200,75,140,0,-2,0,2,-17,2,0.0023,-0.002,0.4284,0.9036,1,0,-1,-1
249.651,249.651,199,92,138,200,75,140,0,-2,0,1,-17,2,0.003,-0.0014,0.402,0.9156,3,0,-1,-1
249.751,249.751,200,93,138,200,75,140,0,-3,0,0,-18,2,0.0036,-0.0021,0.3747,0.9271,3,0,-2,-2
249.851,249.851,201,93,138,200,75,140,0,-3,0,-1,-18,2,0.004,-0.0029,0.3466,0.938,5,0,-1,-2
249.951,249.951,202,93,138,200,75,140,0,-3,0,-2,-18,2,0.0051,-0.0037,0.319,0.9478,8,0,-1,-2
250.051,250.051,203,94,138,200,75,140,0,-3,0,-3,-19,2,0.0061,-0.0047,0.2908,0.9568,10,2,-1,-2
250.151,250.151,205,94,138,200,75,140,-1,-3,0,-5,-19,2,0.0066,-0.0055,0.2633,0.9647,12,0,-2,-2
250.251,250.251,206,94,138,200,75,140,-1,-3,0,-6,-19,2,0.0067,-0.0045,0.2366,0.9716,8,0,-2,-2
250.351,250.351,207,95,138,200,75,140,-1,-3,0,-7,-20,2,0.0063,-0.0042,0.2113,0.9774,1,0,-2,-2
250.451,250.451,208,95,138,200,75,140,-1,-3,0,-8,-20,2,0.0059,-0.0055,0.1877,0.9822,7,0,-2,-2
250.551,250.551,208,95,138,200,75,140,-1,-3,0,-8,-20,2,0.0056,-0.0075,0.1654,0.9862,8,1,-1,-2
250.651,250.651,209,95,138,200,75,140,-1,-3,0,-9,-20,2,0.0053,-0.0084,0.1447,0.9894,4,1,-1,-2
250.761,250.761,210,95,138,200,75,140,-1,-3,0,-10,-20,2,0.0053,-0.0078,0.1255,0.992,4,0,-1,-2
250.861,250.861,211,95,138,200,75,140,-1,-3,0,-11,-20,2,0.0047,-0.0072,0.1082,0.9941,3,0,-1,-2
250.961,250.961,211,95,139,200,75,140,-2,-3,0,-11,-20,1,0.0035,-0.0073,0.0921,0.9957,3,1,-2,-2
251.061,251.061,211,95,139,200,75,140,-2,-3,0,-11,-20,1,0.0029,-0.0076,0.0772,0.997,2,1,-2,-2
251.161,251.161,212,95,138,200,75,140,-2,-3,0,-12,-20,2,0.0039,-0.0068,0.0643,0.9979,1,0,-2,-2
251.261,251.261,212,95,138,200,75,140,-2,-3,0,-12,-20,2,0.0048,-0.0073,0.0526,0.9986,2,0,-2,-2
251.361,251.361,213,95,138,200,75,140,-2,-3,0,-13,-20,2,0.0058,-0.0077,0.0418,0.9991,1,1,-2,-2
251.461,251.461,213,95,139,200,75,140,-2,-3,0,-13,-20,1,0.0065,-0.0078,0.0325,0.9994,3,0,-2,-2
251.561,251.561,213,95,139,200,75,140,-2,-3,0,-13,-20,1,0.0063,-0.0082,0.0243,0.9997,0,0,-2,-2
251.661,251.661,213,95,139,200,75,140,-2,-3,0,-13,-20,1,0.0059,-0.0079,0.0169,0.9998,0,1,-2,-2
251.761,251.761,213,95,138,200,75,140,-2,-3,0,-13,-20,2,0.005,-0.0075,0.0102,0.9999,-2,-2,-2,-2
251.861,251.861,213,94,138,200,75,140,-2,-3,0,-13,-19,2,0.0043,-0.0058,0.0038,1,0,-1,-2,-2
251.961,251.961,213,94,138,200,75,140,-2,-3,0,-13,-19,2,0.0038,-0.0053,-0.002,1,0,0,-1,-3
252.061,252.061,212,94,139,200,75,140,-2,-3,0,-12,-19,1,0.0034,-0.0048,-0.0077,1,-5,-2,-1,-3
252.161,252.161,212,94,139,200,75,140,-2,-3,0,-12,-19,1,0.0031,-0.0048,-0.013,0.9999,-6,0,-1,-3
252.261,252.261,212,94,139,200,75,140,-2,-3,0,-12,-19,1,0.0042,-0.0052,-0.0177,0.9998,-4,0,-1,-3
252.361,252.361,211,94,139,200,75,140,-2,-3,0,-11,-19,1,0.006,-0.0053,-0.0223,0.9997,0,-2,-1,-3
252.461,252.461,211,94,139,200,75,140,-1,-3,0,-11,-19,1,0.0072,-0.006,-0.0261,0.9996,0,0,0,-3
252.561,252.561,210,94,139,200,75,140,-1,-3,0,-10,-19,1,0.0059,-0.0072,-0.0294,0.9995,1,-1,0,-3
252.661,252.661,210,94,139,200,75,140,-1,-3,0,-10,-19,1,0.0053,-0.0078,-0.0335,0.9994,-2,0,0,-3
252.761,252.761,209,94,139,200,75,140,-1,-3,0,-9,-19,1,0.0049,-0.0078,-0.0363,0.9993,-1,0,0,-3
252.861,252.861,209,93,139,200,75,140,-1,-3,0,-9,-18,1,0.0048,-0.0069,-0.0393,0.9992,-3,-2,0,-3
252.961,252.961,209,93,139,200,75,140,-1,-3,0,-9,-18,1,0.0051,-0.0066,-0.0421,0.9991,-3,0,0,-3
253.061,253.061,208,93,139,200,75,140,-1,-3,0,-8,-18,1,0.0053,-0.0065,-0.0447,0.999,-1,0,0,-3
253.161,253.161,207,93,139,200,75,140,-1,-3,0,-7,-18,1,0.0053,-0.0066,-0.0471,0.9989,-3,-2,0,-3
253.261,253.261,206,93,139,200,75,140,-1,-3,0,-6,-18,1,0.005,-0.0064,-0.0489,0.9988,-2,-2,0,-3
253.361,253.361,206,93,139,200,75,140,-1,-3,0,-6,-18,1,0.005,-0.0058,-0.0505,0.9987,0,0,0,-3
253.461,253.461,205,92,139,200,75,140,-1,-3,0,-5,-17,1,0.0041,-0.0063,-0.0511,0.9987,-1,-3,0,-3
253.561,253.561,205,92,139,200,75,140,-1,-3,0,-5,-17,1,0.0025,-0.0076,-0.0515,0.9986,0,-2,0,-3
253.661,253.661,204,91,139,200,75,140,0,-2,0,-4,-16,1,0.0012,-0.0077,-0.0524,0.9986,-2,-3,0,-1
253.761,253.761,203,91,140,200,75,140,0,-2,0,-3,-16,0,0.0008,-0.0078,-0.0534,0.9985,-4,-1,0,-1
253.861,253.861,202,91,140,200,75,140,0,-2,0,-2,-16,0,0.0012,-0.0082,-0.0545,0.9985,0,0,0,-1
253.961,253.961,202,91,140,200,75,140,0,-2,0,-2,-16,0,0.0019,-0.0084,-0.0565,0.9984,-1,-2,0,-1
254.061,254.061,201,90,140,200,75,140,0,-2,0,-1,-15,0,0.001,-0.0081,-0.0591,0.9982,-2,-3,0,-1
254.161,254.161,200,90,140,200,75,140,0,-2,0,0,-15,0,0.0002,-0.0082,-0.0632,0.998,-5,-2,0,-1
254.261,254.261,200,90,140,200,75,140,0,-2,0,0,-15,0,0.0007,-0.0083,-0.0674,0.9977,-6,-1,0,-1
254.361,254.361,199,90,139,200,75,140,0,-2,0,1,-15,1,0.0022,-0.009,-0.0717,0.9974,-3,-1,0,-1
254.461,254.461,198,89,139,200,75,140,0,-2,0,2,-14,1,0.0037,-0.0093,-0.0762,0.997,-2,0,0,-1
254.561,254.561,197,89,139,200,75,140,1,-2,0,3,-14,1,0.0038,-0.0092,-0.0803,0.9967,-3,-1,1,-1
254.661,254.661,196,89,139,200,75,140,1,-2,0,4,-14,1,0.0036,-0.0081,-0.0839,0.9964,-4,-1,1,-1
254.761,254.761,195,89,139,200,75,140,1,-2,0,5,-14,1,0.0027,-0.0067,-0.0877,0.9961,-3,-2,1,-1
254.861,254.861,194,89,140,200,75,140,1,-2,0,6,-14,0,0.0019,-0.0055,-0.0905,0.9959,-3,-4,1,-1
254.961,254.961,194,88,139,200,75,140,1,-2,0,6,-13,1,0.0014,-0.005,-0.0938,0.9956,-2,-3,1,-1
255.061,255.061,193,88,139,200,75,140,1,-2,0,7,-13,1,0.0009,-0.0064,-0.0961,0.9953,-2,-5,1,-1
255.161,255.161,192,87,139,200,75,140,1,-2,0,8,-12,1,0.0014,-0.0079,-0.0977,0.9952,-3,-3,1,-1
255.261,255.261,191,87,139,200,75,140,1,-2,0,9,-12,1,0.0026,-0.0083,-0.0991,0.995,-5,-2,1,-1
255.361,255.361,190,87,139,200,75,140,2,-2,0,10,-12,1,0.0028,-0.0082,-0.1001,0.9949,-4,-3,2,-1
255.461,255.461,189,86,139,200,75,140,2,-2,0,11,-11,1,0.0028,-0.0082,-0.1001,0.9949,-6,-8,2,-1
255.561,255.561,188,86,138,200,75,140,2,-1,0,12,-11,2,-0.0008,-0.0048,-0.1008,0.9949,-5,-4,2,0
255.671,255.671,187,85,138,200,75,140,2,-1,0,13,-10,2,-0.003,-0.0023,-0.0998,0.995,-9,-3,2,0
255.771,255.771,186,85,138,200,75,140,2,-1,0,14,-10,2,-0.0034,-0.0012,-0.0988,0.9951,-5,-4,2,0
255.871,255.871,185,84,138,200,75,140,2,-1,0,15,-9,2,-0.0037,-0.0012,-0.098,0.9952,-6,-6,2,0
255.971,255.971,184,84,138,200,75,140,2,-1,0,16,-9,2,-0.004,-0.0017,-0.0967,0.9953,-6,-4,2,0
256.071,256.071,183,84,138,200,75,140,3,-1,0,17,-9,2,-0.0024,-0.0027,-0.0953,0.9954,-7,-1,3,0
256.171,256.171,182,84,138,200,75,140,3,-1,0,18,-9,2,0.0004,-0.0037,-0.0936,0.9956,-3,-1,3,0
256.271,256.271,181,84,138,200,75,140,3,-1,0,19,-9,2,0.0028,-0.0035,-0.0921,0.9957,-2,0,3,0
256.371,256.371,180,84,138,200,75,140,3,-1,0,20,-9,2,0.0032,-0.0012,-0.0908,0.9959,-8,-2,3,0
256.471,256.471,180,84,138,200,75,140,3,-1,0,20,-9,2,0.0016,0.0014,-0.0899,0.996,-4,-2,3,0
256.571,256.571,179,84,138,200,75,140,3,-1,0,21,-9,2,0.0004,0.0023,-0.0892,0.996,-3,-1,3,0
256.671,256.671,179,84,138,200,75,140,3,-1,0,21,-9,2,-0.0001,0.001,-0.0883,0.9961,0,-5,3,0
256.771,256.771,178,83,138,200,75,140,3,-1,0,22,-8,2,-0.0002,-0.0003,-0.0875,0.9962,-1,-2,3,0
256.871,256.871,178,83,137,200,75,140,3,-1,0,22,-8,3,-0.0001,-0.001,-0.0867,0.9962,-8,6,3,0
257.071,257.071,178,84,138,200,75,140,3,-1,0,22,-9,2,0.0033,-0.0004,-0.0838,0.9965,0,-1,3,0
257.171,257.171,177,84,138,200,75,140,4,-1,0,23,-9,2,0.0047,0.0001,-0.0822,0.9966,0,-1,4,0
257.271,257.271,177,84,137,200,75,140,4,-1,0,23,-9,3,0.0041,0.0007,-0.0802,0.9968,0,0,4,0
257.371,257.371,176,83,137,200,75,140,4,-1,0,24,-8,3,0.0021,0.0012,-0.0785,0.9969,0,-6,4,0
257.471,257.471,176,83,137,200,75,140,4,-1,0,24,-8,3,0.0001,0.0015,-0.077,0.997,0,-7,4,0
257.571,257.571,176,83,137,200,75,140,4,-1,0,24,-8,3,-0.001,0.0023,-0.0768,0.997,0,0,4,0
257.671,257.671,176,83,137,200,75,140,4,-1,0,24,-8,3,-0.0014,0.0027,-0.0766,0.9971,0,0,4,0
257.771,257.771,176,83,137,200,75,140,4,-1,0,24,-8,3,-0.0007,0.0022,-0.0768,0.997,-1,1,4,0
257.871,257.871,176,83,137,200,75,140,4,-1,0,24,-8,3,0.0014,0.0003,-0.0776,0.997,-1,4,4,0
257.971,257.971,177,84,137,200,75,140,4,-1,0,23,-9,3,0.0045,-0.0024,-0.0783,0.9969,2,2,4,0
258.071,258.071,177,84,137,200,75,140,4,-1,0,23,-9,3,0.0062,-0.0037,-0.0788,0.9969,0,3,4,0
258.171,258.171,178,84,137,200,75,140,3,-1,0,22,-9,3,0.0062,-0.0036,-0.0792,0.9968,1,2,3,0
258.271,258.271,178,84,137,200,75,140,3,-1,0,22,-9,3,0.0059,-0.0029,-0.0788,0.9969,1,3,3,0
258.371,258.371,179,84,137,200,75,140,3,-1,0,21,-9,3,0.0057,-0.0024,-0.0783,0.9969,0,3,3,0
258.471,258.471,180,85,137,200,75,140,3,-1,0,20,-10,3,0.0063,-0.0028,-0.0769,0.997,2,2,3,0
258.571,258.571,180,85,137,200,75,140,3,-1,0,20,-10,3,0.0066,-0.0036,-0.0754,0.9971,2,1,3,0
258.671,258.671,181,85,137,200,75,140,3,-1,0,19,-10,3,0.0069,-0.0036,-0.074,0.9972,2,3,3,0
258.771,258.771,181,85,137,200,75,140,3,-1,0,19,-10,3,0.0069,-0.003,-0.0725,0.9973,6,3,3,0
258.871,258.871,182,85,137,200,75,140,3,-1,0,18,-10,3,0.0059,-0.0019,-0.0715,0.9974,1,1,3,0
258.971,258.971,182,85,137,200,75,140,3,-1,0,18,-10,3,0.0047,-0.0009,-0.0717,0.9974,5,1,3,0
259.071,259.071,183,85,137,200,75,140,3,-1,0,17,-10,3,0.0042,-0.0019,-0.0717,0.9974,1,1,3,0
259.171,259.171,184,85,137,200,75,140,3,-1,0,16,-10,3,0.0039,-0.0042,-0.0713,0.9974,10,1,3,0
259.271,259.271,184,85,136,200,75,140,3,-1,1,16,-10,4,0.0035,-0.0049,-0.0702,0.9975,6,1,3,0
259.371,259.371,185,84,136,200,75,140,2,-1,1,15,-9,4,0.0024,-0.0038,-0.0686,0.9976,3,0,2,0
259.471,259.471,185,84,136,200,75,140,2,-1,1,15,-9,4,0.0012,-0.0021,-0.0666,0.9978,0,0,2,0
259.571,259.571,186,84,136,200,75,140,2,-1,1,14,-9,4,0.0014,-0.0017,-0.064,0.9979,5,0,2,0
259.671,259.671,187,84,136,200,75,140,2,-1,1,13,-9,4,0.0031,-0.0028,-0.0618,0.9981,4,0,2,0
259.771,259.771,188,84,136,200,75,140,2,-1,1,12,-9,4,0.0046,-0.0046,-0.0597,0.9982,2,0,2,0
259.871,259.871,188,84,136,200,75,140,2,-1,1,12,-9,4,0.0053,-0.0057,-0.0583,0.9983,5,1,2,0
259.971,259.971,189,84,136,200,75,140,2,-1,1,11,-9,4,0.0047,-0.0056,-0.0565,0.9984,5,2,2,0
260.071,260.071,190,84,136,200,75,140,2,-1,1,10,-9,4,0.0037,-0.0045,-0.0554,0.9984,4,1,2,0
260.171,260.171,190,84,137,200,75,140,2,-1,0,10,-9,3,0.0014,-0.0046,-0.0537,0.9985,7,-1,2,0
260.271,260.271,191,84,137,200,75,140,2,-1,0,9,-9,3,0.0009,-0.0057,-0.0513,0.9987,3,3,2,0
260.371,260.371,192,84,137,200,75,140,1,-1,0,8,-9,3,0.0029,-0.006,-0.0488,0.9988,1,0,1,0
260.481,260.481,193,84,137,200,75,140,1,-1,0,7,-9,3,0.0042,-0.0062,-0.0464,0.9989,4,2,1,0
260.581,260.581,193,84,137,200,75,140,1,-1,0,7,-9,3,0.0042,-0.0066,-0.0444,0.999,5,3,1,0
260.681,260.681,194,84,137,200,75,140,1,-1,0,6,-9,3,0.0023,-0.0077,-0.0421,0.9991,3,0,1,0
260.781,260.781,195,84,137,200,75,140,1,-1,0,5,-9,3,0.0006,-0.0083,-0.0408,0.9991,3,0,1,0
260.881,260.881,195,84,138,200,75,140,1,-1,0,5,-9,2,0,-0.0087,-0.0389,0.9992,3,0,1,0
260.981,260.981,196,84,138,200,75,140,1,-1,0,4,-9,2,0.0006,-0.0092,-0.0383,0.9992,1,1,1,0
261.081,261.081,196,85,138,200,75,140,1,-1,0,4,-10,2,0.0033,-0.0087,-0.038,0.9992,0,1,1,0
261.181,261.181,197,85,137,200,75,140,1,-1,0,3,-10,3,0.0039,-0.0086,-0.0374,0.9993,0,1,1,0
261.281,261.281,197,85,137,200,75,140,1,-1,0,3,-10,3,0.0044,-0.0076,-0.0381,0.9992,3,2,1,0
261.381,261.381,198,85,137,200,75,140,0,-1,0,2,-10,3,0.0045,-0.0067,-0.0379,0.9993,4,0,0,0
261.481,261.481,198,85,137,200,75,140,0,-1,0,2,-10,3,0.0038,-0.0073,-0.0389,0.9992,3,1,0,0
261.581,261.581,198,85,138,200,75,140,0,-1,0,2,-10,2,0.0029,-0.0074,-0.0396,0.9992,2,-1,0,0
261.681,261.681,199,85,138,200,75,140,0,-1,0,1,-10,2,0.0021,-0.0062,-0.0408,0.9991,0,0,0,0
261.781,261.781,199,85,138,200,75,140,0,-1,0,1,-10,2,0.0018,-0.0053,-0.0412,0.9991,-1,0,0,0
261.881,261.881,199,85,137,200,75,140,0,-1,0,1,-10,3,0.0032,-0.0046,-0.0428,0.9991,-1,2,0,0
261.981,261.981,200,86,137,200,75,140,0,-1,0,0,-11,3,0.005,-0.0051,-0.0454,0.9989,1,2,0,0
262.081,262.081,200,86,137,200,75,140,0,-2,0,0,-11,3,0.0055,-0.0063,-0.0481,0.9988,0,0,0,-1
262.181,262.181,200,86,137,200,75,140,0,-2,0,0,-11,3,0.0047,-0.0072,-0.0508,0.9987,-1,1,0,-1
262.281,262.281,201,87,138,200,75,140,0,-2,0,-1,-12,2,0.0053,-0.0069,-0.0534,0.9985,-1,1,0,-1
262.381,262.381,201,87,138,200,75,140,0,-2,0,-1,-12,2,0.0062,-0.0058,-0.0549,0.9985,0,1,0,-1
262.481,262.481,201,88,138,200,75,140,0,-2,0,-1,-13,2,0.0063,-0.0052,-0.0563,0.9984,-1,4,0,-1
262.581,262.581,201,88,138,200,75,140,0,-2,0,-1,-13,2,0.0062,-0.0048,-0.057,0.9983,0,1,0,-1
262.681,262.681,201,88,138,200,75,140,0,-2,0,-1,-13,2,0.0061,-0.0046,-0.057,0.9983,-1,1,0,-1
262.781,262.781,201,88,138,200,75,140,0,-2,0,-1,-13,2,0.0057,-0.0041,-0.0562,0.9984,-2,0,0,-1
262.881,262.881,201,88,138,200,75,140,0,-2,0,-1,-13,2,0.0054,-0.0045,-0.0546,0.9985,-2,1,0,-1
262.981,262.981,201,89,138,200,75,140,0,-2,0,-1,-14,2,0.0056,-0.0047,-0.0528,0.9986,0,1,0,-1
263.081,263.081,201,89,138,200,75,140,0,-2,0,-1,-14,2,0.0065,-0.0043,-0.0503,0.9987,-2,2,0,-1
263.181,263.181,201,89,138,200,75,140,0,-2,0,-1,-14,2,0.0067,-0.0037,-0.0473,0.9989,0,0,0,-1
263.281,263.281,202,89,138,200,75,140,0,-2,0,-2,-14,2,0.0067,-0.0039,-0.0449,0.999,3,1,0,-1
263.381,263.381,201,89,138,200,75,140,0,-2,0,-1,-14,2,0.0061,-0.0046,-0.0432,0.999,2,0,0,-1
263.481,263.481,201,89,138,200,75,140,0,-2,0,-1,-14,2,0.0045,-0.0051,-0.0417,0.9991,0,0,0,-1
263.581,263.581,202,89,138,200,75,140,0,-2,0,-2,-14,2,0.0027,-0.0055,-0.0399,0.9992,1,-1,0,-1
263.681,263.681,202,89,138,200,75,140,0,-2,0,-2,-14,2,0.0019,-0.0049,-0.0396,0.9992,-2,-3,0,-1
263.781,263.781,202,89,138,200,75,140,0,-2,0,-2,-14,2,0.0017,-0.0043,-0.039,0.9992,-3,0,0,-1
263.881,263.881,202,89,138,200,75,140,0,-2,0,-2,-14,2,0.0028,-0.0042,-0.0397,0.9992,0,0,0,-1
263.981,263.981,202,89,138,200,75,140,0,-2,0,-2,-14,2,0.0036,-0.0048,-0.0403,0.9992,2,0,0,-1
264.081,264.081,202,89,138,200,75,140,0,-2,0,-2,-14,2,0.0033,-0.0049,-0.0413,0.9991,0,-1,0,-1
264.181,264.181,202,89,138,200,75,140,0,-2,0,-2,-14,2,0.0018,-0.005,-0.0416,0.9991,1,-2,0,-1
264.281,264.281,201,89,138,200,75,140,0,-2,0,-1,-14,2,0.0012,-0.0048,-0.0418,0.9991,-4,0,0,-1
264.381,264.381,202,89,138,200,75,140,0,-2,0,-2,-14,2,0.0013,-0.0042,-0.0415,0.9991,0,0,0,-1
264.481,264.481,202,89,138,200,75,140,0,-2,0,-2,-14,2,0.0015,-0.0048,-0.0406,0.9992,-2,0,0,-1
264.581,264.581,202,89,138,200,75,140,0,-2,0,-2,-14,2,0.0021,-0.0048,-0.0399,0.9992,-1,0,0,-1
264.681,264.681,201,89,137,200,75,140,0,-2,0,-1,-14,3,0.0034,-0.0053,-0.0398,0.9992,0,0,0,-1
264.781,264.781,201,89,137,200,75,140,0,-2,0,-1,-14,3,0.0033,-0.0066,-0.0405,0.9992,2,0,0,-1
264.881,264.881,201,89,137,200,75,140,0,-2,0,-1,-14,3,0.0025,-0.0073,-0.0406,0.9991,0,-1,0,-1
264.981,264.981,201,88,137,200,75,140,0,-2,0,-1,-13,3,0.0017,-0.0071,-0.0416,0.9991,0,0,0,-1
265.081,265.081,201,88,137,200,75,140,0,-2,0,-1,-13,3,-0.0002,-0.0071,-0.0419,0.9991,0,0,0,-1
265.191,265.191,201,89,137,200,75,140,0,-2,0,-1,-14,3,-0.0016,-0.0074,-0.0416,0.9991,-1,1,0,-1
265.291,265.291,201,89,137,200,75,140,0,-2,0,-1,-14,3,-0.0004,-0.006,-0.0402,0.9992,-2,0,0,-1
265.391,265.391,200,89,137,200,75,140,0,-2,0,0,-14,3,0.0026,-0.0049,-0.0379,0.9993,-2,0,0,-1
265.491,265.491,200,89,137,200,75,140,0,-2,0,0,-14,3,0.0053,-0.0038,-0.0361,0.9993,-4,1,0,-1
265.591,265.591,200,90,137,200,75,140,0,-2,0,0,-15,3,0.0075,-0.0027,-0.0335,0.9994,-5,2,0,-1
265.691,265.691,200,90,137,200,75,140,0,-2,0,0,-15,3,0.0085,-0.0026,-0.031,0.9995,-3,2,0,-1
265.791,265.791,200,90,137,200,75,140,0,-2,0,0,-15,3,0.0088,-0.0031,-0.0278,0.9996,0,0,0,-1
265.891,265.891,200,90,137,200,75,140,0,-2,0,0,-15,3,0.0076,-0.0036,-0.0252,0.9996,0,-1,0,-1
265.991,265.991,199,90,138,200,75,140,0,-2,0,1,-15,2,0.0051,-0.0031,-0.0232,0.9997,1,0,0,-1
266.091,266.091,199,90,138,200,75,140,0,-2,0,1,-15,2,0.0026,-0.0019,-0.0207,0.9998,-7,-2,0,-1
266.191,266.191,199,90,138,200,75,140,0,-2,0,1,-15,2,0.0028,-0.0011,-0.0182,0.9998,-3,1,0,-1
266.291,266.291,199,90,138,200,75,140,0,-2,0,1,-15,2,0.0047,-0.0019,-0.016,0.9999,-4,0,0,-1
266.391,266.391,199,90,138,200,75,140,0,-2,0,1,-15,2,0.0066,-0.003,-0.0146,0.9999,-3,3,0,-1
266.491,266.491,199,90,138,200,75,140,0,-2,0,1,-15,2,0.0075,-0.0038,-0.0137,0.9999,5,1,0,-1
266.591,266.591,199,91,138,200,75,140,0,-2,0,1,-16,2,0.0064,-0.0044,-0.0131,0.9999,2,0,0,-1
266.691,266.691,199,91,138,200,75,140,0,-2,0,1,-16,2,0.0051,-0.0055,-0.0131,0.9999,4,0,0,-1
266.791,266.791,199,91,138,200,75,140,0,-2,0,1,-16,2,0.004,-0.0053,-0.0127,0.9999,0,0,0,-1
266.891,266.891,199,91,139,200,75,140,0,-2,0,1,-16,1,0.0031,-0.0053,-0.0125,0.9999,-3,0,0,-1
266.991,266.991,199,91,139,200,75,140,0,-2,0,1,-16,1,0.0038,-0.0055,-0.0125,0.9999,0,1,0,-1
267.091,267.091,199,91,139,200,75,140,0,-2,0,1,-16,1,0.0044,-0.0061,-0.0139,0.9999,3,0,0,-1
267.191,267.191,199,91,139,200,75,140,0,-2,0,1,-16,1,0.0034,-0.0073,-0.0152,0.9999,3,-1,0,-1
267.291,267.291,199,90,139,200,75,140,0,-2,0,1,-15,1,0.0024,-0.0077,-0.0164,0.9998,2,0,0,-1
267.391,267.391,199,90,139,200,75,140,0,-2,0,1,-15,1,0.0019,-0.0073,-0.0181,0.9998,1,0,0,-1
267.491,267.491,199,90,139,200,75,140,0,-2,0,1,-15,1,0.0007,-0.0072,-0.0192,0.9998,0,-1,0,-1
267.591,267.591,199,90,139,200,75,140,0,-2,0,1,-15,1,0.0001,-0.0068,-0.0205,0.9998,1,-2,0,-1
267.691,267.691,199,90,139,200,75,140,0,-2,0,1,-15,1,-0.0003,-0.0064,-0.0225,0.9997,-1,-3,0,-1
267.791,267.791,199,90,139,200,75,140,0,-2,0,1,-15,1,0.0004,-0.0064,-0.0239,0.9997,-3,0,0,-1
267.891,267.891,199,90,139,200,75,140,0,-2,0,1,-15,1,0.0023,-0.0063,-0.0254,0.9997,-4,1,0,-1
267.991,267.991,199,90,139,200,75,140,0,-2,0,1,-15,1,0.0044,-0.0063,-0.0265,0.9996,-4,2,0,-1
268.091,268.091,199,91,139,200,75,140,0,-2,0,1,-16,1,0.0056,-0.0068,-0.0267,0.9996,0,1,0,-1
268.191,268.191,199,91,139,200,75,140,0,-2,0,1,-16,1,0.0054,-0.008,-0.0266,0.9996,2,0,0,-1
268.291,268.291,199,91,139,200,75,140,0,-2,0,1,-16,1,0.0049,-0.009,-0.025,0.9996,0,0,0,-1
268.391,268.391,199,91,139,200,75,140,0,-2,0,1,-16,1,0.0047,-0.0087,-0.023,0.9997,0,0,0,-1
268.491,268.491,199,91,139,200,75,140,0,-2,0,1,-16,1,0.0056,-0.0073,-0.0208,0.9997,2,1,0,-1
268.591,268.591,199,91,139,200,75,140,0,-2,0,1,-16,1,0.0043,-0.0058,-0.0185,0.9998,0,-2,0,-1
268.691,268.691,199,90,139,200,75,140,0,-2,0,1,-15,1,0.0024,-0.0051,-0.0161,0.9999,2,0,0,-1
268.791,268.791,199,90,139,200,75,140,0,-2,0,1,-15,1,0.0002,-0.0056,-0.0142,0.9999,2,0,0,-1
268.891,268.891,199,90,139,200,75,140,0,-2,0,1,-15,1,0.0002,-0.0066,-0.0124,0.9999,0,0,0,-1
268.991,268.991,199,90,140,200,75,140,0,-2,0,1,-15,0,0.0006,-0.0078,-0.0112,0.9999,-1,0,0,-1
269.091,269.091,199,90,140,200,75,140,0,-2,0,1,-15,0,0.0015,-0.0085,-0.0106,0.9999,0,0,0,-1
269.191,269.191,199,91,140,200,75,140,0,-2,0,1,-16,0,0.0031,-0.0084,-0.0104,0.9999,-1,2,0,-1
269.291,269.291,199,91,140,200,75,140,0,-2,0,1,-16,0,0.006,-0.0076,-0.0105,0.9999,-2,1,0,-1
269.391,269.391,199,91,140,200,75,140,0,-2,0,1,-16,0,0.0077,-0.0075,-0.0099,0.9999,-3,0,0,-1
269.491,269.491,199,91,141,200,75,140,0,-2,0,1,-16,-1,0.0076,-0.0069,-0.0098,0.9999,-1,0,0,-1
269.591,269.591,199,92,141,200,75,140,0,-2,0,1,-17,-1,0.0067,-0.0068,-0.0095,0.9999,0,0,0,-1
269.691,269.691,199,92,141,200,75,140,0,-2,0,1,-17,-1,0.0066,-0.0065,-0.0092,0.9999,-2,0,0,-1
269.791,269.791,199,92,141,200,75,140,0,-2,0,1,-17,-1,0.0067,-0.006,-0.0086,0.9999,-1,2,0,-1
269.901,269.901,199,92,141,200,75,140,0,-2,0,1,-17,-1,0.0086,-0.0057,-0.0082,0.9999,-3,3,0,-1
270.001,270.001,199,93,141,200,75,140,0,-3,0,1,-18,-1,0.0094,-0.0057,-0.0093,0.9999,-1,0,0,-2
270.101,270.101,199,93,141,200,75,140,0,-3,0,1,-18,-1,0.009,-0.0055,-0.0099,0.9999,-3,0,0,-2
270.201,270.201,199,93,141,200,75,140,0,-3,0,1,-18,-1,0.0089,-0.0046,-0.011,0.9999,-1,1,0,-2
270.301,270.301,199,93,141,200,75,140,0,-3,0,1,-18,-1,0.01,-0.0039,-0.0113,0.9999,-2,1,0,-2
270.401,270.401,200,93,141,200,75,140,0,-3,0,0,-18,-1,0.0111,-0.0037,-0.0105,0.9999,6,2,0,-2
270.501,270.501,200,94,141,200,75,140,0,-3,0,0,-19,-1,0.0109,-0.0037,-0.0088,0.9999,4,0,0,-2
270.601,270.601,200,94,141,200,75,140,0,-3,0,0,-19,-1,0.0099,-0.0039,-0.0077,0.9999,4,2,0,-2
270.701,270.701,200,94,142,200,75,140,0,-3,0,0,-19,-2,0.0094,-0.0043,-0.0066,0.9999,3,0,0,-2
270.801,270.801,201,94,142,200,75,140,0,-3,0,-1,-19,-2,0.0084,-0.0055,-0.0063,0.9999,1,0,0,-2
270.901,270.901,201,94,141,200,75,140,0,-3,0,-1,-19,-1,0.0073,-0.0067,-0.0067,0.9999,0,0,0,-2
271.001,271.001,201,94,141,200,75,140,0,-3,0,-1,-19,-1,0.0072,-0.0079,-0.0073,0.9999,-2,0,0,-2
271.101,271.101,201,94,142,200,75,140,0,-3,0,-1,-19,-2,0.0086,-0.0081,-0.0076,0.9999,0,4,0,-2
271.201,271.201,201,94,142,200,75,140,0,-3,0,-1,-19,-2,0.0108,-0.0078,-0.0083,0.9999,0,2,0,-2
271.301,271.301,202,95,142,200,75,140,0,-3,0,-2,-20,-2,0.013,-0.008,-0.0076,0.9999,4,1,0,-2
271.401,271.401,202,95,142,200,75,140,0,-3,0,-2,-20,-2,0.0122,-0.0083,-0.0069,0.9999,1,-6,0,-2
271.501,271.501,202,94,142,200,75,140,0,-3,0,-2,-19,-2,0.0094,-0.008,-0.0055,0.9999,3,0,0,-2
271.601,271.601,203,94,142,200,75,140,0,-3,0,-3,-19,-2,0.0071,-0.0071,-0.0035,0.9999,1,0,0,-2
271.701,271.701,203,93,142,200,75,140,0,-3,0,-3,-18,-2,0.005,-0.0064,-0.0012,1,3,-1,0,-2
271.801,271.801,203,93,142,200,75,140,0,-3,0,-3,-18,-2,0.004,-0.0069,0.0014,1,1,-1,0,-2
271.901,271.901,203,92,142,200,75,140,0,-2,0,-3,-17,-2,0.0046,-0.0083,0.0042,0.9999,2,-1,0,-1
272.001,272.001,204,92,142,200,75,140,0,-2,0,-4,-17,-2,0.005,-0.0097,0.0072,0.9999,2,-2,0,-1
272.101,272.101,204,91,142,200,75,140,0,-2,0,-4,-16,-2,0.0051,-0.0103,0.0096,0.9999,1,-3,0,-1
272.201,272.201,205,91,142,200,75,140,-1,-2,0,-5,-16,-2,0.0046,-0.0106,0.0105,0.9999,1,-5,-1,-1
272.301,272.301,205,91,142,200,75,140,-1,-2,0,-5,-16,-2,0.0036,-0.01,0.0118,0.9999,3,-2,-1,-1
272.401,272.401,205,90,142,200,75,140,-1,-2,0,-5,-15,-2,0.0033,-0.0103,0.0111,0.9999,2,-2,-1,-1
272.501,272.501,205,89,142,200,75,140,-1,-2,0,-5,-14,-2,0.0037,-0.0119,0.011,0.9999,0,-4,-1,-1
272.601,272.601,206,89,142,200,75,140,-1,-2,0,-6,-14,-2,0.0034,-0.0112,0.0102,0.9999,1,-4,-1,-1
272.701,272.701,206,88,142,200,75,140,-1,-2,0,-6,-13,-2,0.0015,-0.0092,0.0096,0.9999,0,-5,-1,-1
272.801,272.801,206,87,142,200,75,140,-1,-2,0,-6,-12,-2,-0.0008,-0.0071,0.0078,0.9999,0,-3,-1,-1
272.901,272.901,206,86,142,200,75,140,-1,-2,0,-6,-11,-2,-0.0025,-0.006,0.0063,1,0,-4,-1,-1
273.001,273.001,206,86,142,200,75,140,-1,-1,0,-6,-11,-2,-0.0028,-0.0068,0.0045,1,1,-2,-1,0
273.101,273.101,206,85,142,200,75,140,-1,-1,0,-6,-10,-2,-0.0009,-0.0082,0.0034,1,0,2,-1,0
273.201,273.201,206,85,142,200,75,140,-1,-1,0,-6,-10,-2,0.002,-0.009,0.0035,1,0,-2,-1,0
273.301,273.301,206,85,142,200,75,140,-1,-1,0,-6,-10,-2,0.0034,-0.0087,0.0022,1,0,-3,-1,0
273.401,273.401,206,84,142,200,75,140,-1,-1,0,-6,-9,-2,0.0031,-0.0078,0.0013,1,-1,-4,-1,0
273.501,273.501,206,83,142,200,75,140,-1,-1,0,-6,-8,-2,0.0026,-0.0072,0.002,1,0,-4,-1,0
273.601,273.601,206,83,142,200,75,140,-1,-1,0,-6,-8,-2,0.0022,-0.006,0.001,1,0,-3,-1,0
273.701,273.701,206,83,142,200,75,140,-1,-1,0,-6,-8,-2,0.002,-0.0059,0.0011,1,-1,-3,-1,0
273.801,273.801,205,82,142,200,75,140,-1,-1,0,-5,-7,-2,0.0011,-0.0057,0.0001,1,-1,-5,-1,0
273.901,273.901,205,81,142,200,125,140,0,13,0,-5,44,-2,-0.0002,-0.0047,-0.0014,1,0,-6,0,12
274.001,274.001,206,81,142,200,125,140,0,13,0,-6,44,-2,-0.0015,-0.004,-0.0018,1,0,1,0,12
274.101,274.101,206,80,142,200,125,140,0,13,0,-6,45,-2,-0.0022,-0.0049,-0.0031,1,1,-2,0,12
274.201,274.201,206,80,142,200,125,140,0,13,0,-6,45,-2,-0.0084,-0.0069,-0.0041,0.9999,0,-2,0,12
274.311,274.311,206,79,142,200,125,140,0,14,0,-6,46,-2,-0.0168,-0.0085,-0.0067,0.9998,0,0,0,13
274.401,274.401,206,80,142,200,125,140,0,13,0,-6,45,-2,-0.0168,-0.0085,-0.0067,0.9998,1,4,0,12
274.501,274.501,206,80,142,200,125,140,0,13,0,-6,45,-2,-0.0107,-0.0092,-0.0104,0.9998,0,2,0,12
274.611,274.611,206,81,142,200,125,140,0,13,0,-6,44,-2,-0.0041,-0.0079,-0.0109,0.9999,1,3,0,12
274.711,274.711,206,82,142,200,125,140,0,13,0,-6,43,-2,-0.0001,-0.0068,-0.0104,0.9999,0,5,0,12
274.811,274.811,207,83,142,200,125,140,0,12,0,-7,42,-2,0.0015,-0.0062,-0.0091,0.9999,0,8,0,11
274.911,274.911,207,84,142,200,125,140,0,12,0,-7,41,-2,0.0002,-0.0061,-0.0069,1,1,4,0,11
275.011,275.011,207,84,142,200,125,140,0,12,0,-7,41,-2,-0.0011,-0.0077,-0.0043,1,0,4,0,11
275.111,275.111,207,85,143,200,125,140,0,12,0,-7,40,-3,-0.0011,-0.0077,-0.0043,1,1,5,0,11
275.711,275.711,208,92,143,200,125,140,0,10,0,-8,33,-3,-0.0045,-0.007,0.008,0.9999,0,6,0,9
275.811,275.811,209,93,143,200,125,140,0,9,0,-9,32,-3,-0.0043,-0.0075,0.0095,0.9999,1,5,0,8
275.911,275.911,209,94,143,200,125,140,0,9,0,-9,31,-3,-0.0036,-0.0087,0.0104,0.9999,0,8,0,8
276.011,276.011,209,96,143,200,125,140,0,9,0,-9,29,-3,-0.0022,-0.0089,0.01,0.9999,2,9,0,8
276.111,276.111,209,98,143,200,125,140,0,8,0,-9,27,-3,-0.0004,-0.0085,0.0093,0.9999,2,9,0,7
276.211,276.211,209,99,143,200,125,140,0,8,0,-9,26,-3,0.0002,-0.0074,0.0079,0.9999,1,10,0,7
276.311,276.311,209,101,142,200,125,140,0,4,0,-9,24,-2,0.0004,-0.0063,0.0068,1,0,10,0,3
276.411,276.411,210,102,142,200,125,140,0,4,0,-10,23,-2,0.0001,-0.0057,0.0059,1,0,8,0,3
276.511,276.511,210,104,142,200,125,140,0,3,0,-10,21,-2,0.0003,-0.0056,0.0046,1,1,14,0,2
276.611,276.611,210,106,142,200,125,140,0,3,0,-10,19,-2,0.0031,-0.0054,0.0038,1,0,13,0,2
276.711,276.711,210,107,142,200,125,140,0,3,0,-10,18,-2,0.0064,-0.005,0.0026,1,-2,9,0,2
276.811,276.811,210,109,142,200,125,140,0,3,0,-10,16,-2,0.0077,-0.0049,0.0017,1,-2,9,0,2
276.911,276.911,210,110,142,200,125,140,0,2,0,-10,15,-2,0.007,-0.0056,0.0009,1,0,7,0,1
277.011,277.011,210,112,141,200,125,140,0,2,0,-10,13,-1,0.0058,-0.0059,-0.0006,1,0,6,0,1
277.111,277.111,211,113,141,200,125,140,0,2,0,-11,12,-1,0.0053,-0.006,-0.0017,1,-1,8,0,1
277.211,277.211,211,114,141,200,125,140,-1,2,0,-11,11,-1,0.0062,-0.0065,-0.0036,1,0,8,-1,1
277.311,277.311,211,116,141,200,125,140,-1,2,0,-11,9,-1,0.0071,-0.0072,-0.0056,0.9999,0,6,-1,1
277.411,277.411,211,117,141,200,125,140,-2,1,0,-11,8,-1,0.0068,-0.0082,-0.0076,0.9999,0,8,-2,0
277.511,277.511,211,118,141,200,125,140,-2,1,0,-11,7,-1,0.0057,-0.008,-0.0096,0.9999,0,6,-2,0
277.611,277.611,212,118,141,200,125,140,-2,1,0,-12,7,-1,0.0037,-0.0087,-0.0114,0.9999,1,2,-2,0
277.711,277.711,212,119,141,200,125,140,-2,1,0,-12,6,-1,0.0028,-0.0104,-0.0128,0.9999,1,3,-2,0
277.811,277.811,213,120,141,200,125,140,-2,1,0,-13,5,-1,0.0048,-0.0115,-0.015,0.9998,1,4,-2,0
277.911,277.911,213,121,141,200,125,140,-2,1,0,-13,4,-1,0.0057,-0.0116,-0.0166,0.9998,1,4,-2,0
278.011,278.011,213,122,142,200,125,140,-2,1,0,-13,3,-2,0.0064,-0.0117,-0.0184,0.9997,2,8,-2,0
278.111,278.111,214,123,142,200,125,140,-2,0,0,-14,2,-2,0.0079,-0.0113,-0.0191,0.9997,1,4,-1,0
278.211,278.211,214,124,142,200,125,140,-2,0,0,-14,1,-2,0.0092,-0.0104,-0.0196,0.9997,1,4,-1,0
278.311,278.311,214,125,142,200,125,140,-2,0,0,-14,0,-2,0.0099,-0.0103,-0.0197,0.9997,2,5,-1,0
278.411,278.411,214,125,142,200,125,140,-2,0,0,-14,0,-2,0.0092,-0.0105,-0.0189,0.9997,2,6,-1,0
278.511,278.511,215,126,142,200,125,140,-2,0,0,-15,-1,-2,0.0091,-0.0106,-0.0181,0.9997,0,4,-1,0
278.611,278.611,215,126,142,200,125,140,-2,0,0,-15,-1,-2,0.0091,-0.0106,-0.0181,0.9997,1,5,-1,0
278.711,278.711,216,127,142,200,125,140,-2,0,0,-16,-2,-2,0.0081,-0.0125,-0.0163,0.9998,2,1,-1,0
278.811,278.811,216,127,142,200,125,140,-2,0,0,-16,-2,-2,0.0066,-0.0119,-0.0151,0.9998,2,3,-1,0
278.911,278.911,216,127,142,200,125,140,-2,0,0,-16,-2,-2,0.0057,-0.0122,-0.0135,0.9998,0,2,-1,0
279.011,279.011,217,127,142,200,125,140,-2,0,0,-17,-2,-2,0.0053,-0.0123,-0.0124,0.9998,0,-1,-1,0
279.121,279.121,217,127,142,200,125,140,-2,0,0,-17,-2,-2,0.0046,-0.0114,-0.0112,0.9999,1,1,-1,0
279.221,279.221,217,127,142,200,125,140,-2,0,0,-17,-2,-2,0.004,-0.0117,-0.0096,0.9999,1,1,-1,0
279.321,279.321,217,127,142,200,125,140,-2,0,0,-17,-2,-2,0.0041,-0.0123,-0.0084,0.9999,2,1,-1,0
279.411,279.411,218,127,142,200,125,140,-2,0,0,-18,-2,-2,0.0041,-0.0123,-0.0084,0.9999,2,2,-1,0
279.521,279.521,218,128,142,200,125,140,-3,0,0,-18,-3,-2,0.0042,-0.0132,-0.0074,0.9999,1,0,-2,0
279.621,279.621,218,128,142,200,125,140,-3,0,0,-18,-3,-2,0.0053,-0.0127,-0.0063,0.9999,0,3,-2,0
279.721,279.721,218,127,142,200,125,140,-3,0,0,-18,-2,-2,0.0061,-0.0115,-0.006,0.9999,1,1,-2,0
279.821,279.821,219,127,142,200,125,140,-3,0,0,-19,-2,-2,0.006,-0.0116,-0.0065,0.9999,1,1,-2,0
279.921,279.921,219,127,142,200,125,140,-3,0,0,-19,-2,-2,0.0057,-0.0129,-0.0072,0.9999,2,0,-2,0
280.021,280.021,219,128,142,200,125,140,-3,0,0,-19,-3,-2,0.0058,-0.0138,-0.0079,0.9999,1,0,-2,0
280.121,280.121,219,127,142,200,125,140,-3,0,0,-19,-2,-2,0.0059,-0.0135,-0.0089,0.9999,-1,-2,-2,0
280.221,280.221,219,127,142,200,125,140,-3,0,0,-19,-2,-2,0.0066,-0.0122,-0.0097,0.9999,-1,-4,-2,0
280.321,280.321,220,127,142,200,125,140,-3,0,0,-20,-2,-2,0.007,-0.012,-0.0108,0.9998,1,-1,-2,0
280.421,280.421,220,127,142,200,125,140,-3,0,0,-20,-2,-2,0.0081,-0.0122,-0.0118,0.9998,0,0,-2,0
280.521,280.521,219,127,142,200,125,140,-3,0,0,-19,-2,-2,0.0094,-0.0123,-0.0124,0.9998,0,0,-2,0
280.621,280.621,220,127,142,200,125,140,-3,0,0,-20,-2,-2,0.0096,-0.0117,-0.0132,0.9998,0,-5,-2,0
280.721,280.721,220,126,142,200,125,140,-3,0,0,-20,-1,-2,0.0078,-0.0117,-0.0144,0.9998,0,-3,-2,0
280.821,280.821,220,126,142,200,125,140,-3,0,0,-20,-1,-2,0.0052,-0.0129,-0.0149,0.9998,0,-4,-2,0
280.921,280.921,220,125,142,200,125,140,-3,0,0,-20,0,-2,0.0033,-0.0139,-0.015,0.9998,0,-3,-2,0
281.021,281.021,220,125,142,200,125,140,-3,0,0,-20,0,-2,0.0043,-0.0133,-0.0135,0.9998,0,-5,-2,0
281.121,281.121,219,125,142,200,125,140,-3,0,0,-19,0,-2,0.0049,-0.0116,-0.0119,0.9998,0,-3,-2,0
281.221,281.221,219,125,142,200,125,140,-3,0,0,-19,0,-2,0.005,-0.0102,-0.0093,0.9999,-1,0,-2,0
281.321,281.321,219,124,142,200,125,140,-3,0,0,-19,1,-2,0.0044,-0.0084,-0.0067,0.9999,-1,-7,-2,0
281.421,281.421,219,123,142,200,125,140,-3,0,0,-19,2,-2,0.0028,-0.0075,-0.0047,1,0,-3,-2,0
281.521,281.521,219,123,142,200,125,140,-3,0,0,-19,2,-2,0.0022,-0.0084,-0.0031,1,0,-3,-2,0
281.621,281.621,219,123,142,200,125,140,-3,0,0,-19,2,-2,0.0025,-0.0091,-0.0019,1,-1,-1,-2,0
281.721,281.721,218,123,142,200,125,140,-3,0,0,-18,2,-2,0.0035,-0.009,-0.0007,1,-3,0,-2,0
281.821,281.821,218,123,142,200,125,140,-3,0,0,-18,2,-2,0.0044,-0.0086,0,1,-3,0,-2,0
281.921,281.921,217,122,142,200,125,140,-2,1,0,-17,3,-2,0.0051,-0.0083,0.0005,1,-2,-1,-1,1
282.021,282.021,217,122,142,200,125,140,-2,1,0,-17,3,-2,0.0048,-0.0086,0.0003,1,-1,0,-1,1
282.121,282.121,217,122,143,200,125,140,-2,1,0,-17,3,-3,0.0055,-0.009,0.0002,0.9999,-1,-1,-1,1
282.221,282.221,217,122,143,200,125,140,-2,1,0,-17,3,-3,0.006,-0.0088,-0.0007,0.9999,-3,-1,-2,0
282.321,282.321,217,122,143,200,125,140,-2,1,0,-17,3,-3,0.0059,-0.0083,-0.0017,0.9999,-3,0,-2,0
282.421,282.421,216,122,143,200,125,140,-2,1,0,-16,3,-3,0.0069,-0.0092,-0.0027,0.9999,-1,0,-2,0
282.521,282.521,216,122,143,200,125,140,-2,1,0,-16,3,-3,0.0086,-0.0107,-0.0039,0.9999,0,0,-2,0
282.621,282.621,216,122,143,200,125,140,-2,1,0,-16,3,-3,0.0095,-0.0112,-0.0046,0.9999,0,0,-2,0
282.721,282.721,216,122,143,200,125,140,-2,1,0,-16,3,-3,0.0097,-0.0115,-0.0052,0.9999,0,0,-2,0
282.821,282.821,216,122,144,200,125,140,-2,1,-1,-16,3,-4,0.0086,-0.011,-0.0053,0.9999,0,-1,-2,0
282.921,282.921,216,122,144,200,125,140,-2,1,-1,-16,3,-4,0.0068,-0.0107,-0.0047,0.9999,0,-1,-2,0
283.021,283.021,216,121,144,200,125,140,-2,1,-1,-16,4,-4,0.0048,-0.0109,-0.0046,0.9999,0,-2,-2,0
283.121,283.121,215,121,144,200,125,140,-2,1,-1,-15,4,-4,0.0041,-0.0112,-0.0049,0.9999,0,-2,-2,0
283.221,283.221,215,121,144,200,125,140,-2,1,-1,-15,4,-4,0.0045,-0.0111,-0.0053,0.9999,-1,1,-2,0
283.321,283.321,215,121,144,200,125,140,-2,1,-1,-15,4,-4,0.0051,-0.0114,-0.006,0.9999,0,-1,-2,0
283.421,283.421,215,121,144,200,125,140,-2,1,-1,-15,4,-4,0.005,-0.0123,-0.0057,0.9999,0,0,-2,0
283.521,283.521,215,121,144,200,125,140,-2,1,-1,-15,4,-4,0.0057,-0.0132,-0.0046,0.9999,0,0,-2,0
283.631,283.631,215,121,143,200,125,140,-2,1,0,-15,4,-3,0.0067,-0.0138,-0.0029,0.9999,0,-1,-2,0
283.731,283.731,215,120,143,200,125,140,-2,1,0,-15,5,-3,0.0064,-0.0139,-0.0014,0.9999,-8,-1,-2,0
283.831,283.831,214,120,143,200,125,140,-2,1,0,-14,5,-3,0.0046,-0.0123,-0.0002,0.9999,-1,-1,-1,0
283.931,283.931,214,120,143,200,125,140,-2,1,0,-14,5,-3,0.0011,-0.0097,0.0009,1,-5,-1,-1,1
284.031,284.031,213,120,143,200,125,140,-2,1,0,-13,5,-3,-0.0011,-0.0072,0.0022,1,-3,0,-1,1
284.131,284.131,213,120,143,200,125,140,-2,1,0,-13,5,-3,-0.0007,-0.0059,0.0033,1,-3,0,-1,1
284.231,284.231,212,120,143,200,125,140,-2,1,0,-12,5,-3,0.0027,-0.0061,0.0048,1,-2,0,-1,1
284.331,284.331,212,120,144,200,125,140,-2,1,-1,-12,5,-4,0.0063,-0.0078,0.0067,0.9999,0,4,-1,1
284.431,284.431,212,121,144,200,125,140,-2,1,-1,-12,4,-4,0.0086,-0.0093,0.0095,0.9999,0,2,-1,1
284.531,284.531,212,122,144,200,125,140,-2,1,-1,-12,3,-4,0.0099,-0.0101,0.0117,0.9998,0,1,-1,1
284.631,284.631,212,122,144,200,125,140,-2,1,-1,-12,3,-4,0.0106,-0.0101,0.0138,0.9998,0,6,-1,1
284.731,284.731,212,123,144,200,125,140,-2,0,-1,-12,2,-4,0.0127,-0.0099,0.0155,0.9998,0,0,-1,0
284.831,284.831,211,123,143,200,125,140,-2,0,0,-11,2,-3,0.0132,-0.0101,0.0175,0.9997,-1,3,-1,0
284.931,284.931,211,123,143,200,125,140,-1,0,0,-11,2,-3,0.0126,-0.0107,0.0192,0.9997,-1,1,0,0
285.031,285.031,211,124,144,200,125,140,-1,0,-1,-11,1,-4,0.0119,-0.0109,0.0207,0.9997,-2,-1,0,0
285.131,285.131,210,124,144,200,125,140,-1,0,-1,-10,1,-4,0.011,-0.0099,0.0218,0.9997,-1,0,0,0
285.231,285.231,210,124,144,200,125,140,-1,0,-1,-10,1,-4,0.0094,-0.0085,0.0221,0.9997,-2,-2,0,0
285.331,285.331,209,124,144,200,125,140,-1,0,-1,-9,1,-4,0.0074,-0.008,0.0211,0.9997,-1,-2,0,0
285.431,285.431,209,124,144,200,125,140,-1,0,-1,-9,1,-4,0.0064,-0.0086,0.0191,0.9998,-1,0,0,0
285.531,285.531,209,124,143,200,125,140,-1,0,0,-9,1,-3,0.0059,-0.0095,0.0173,0.9998,-2,-1,0,0
285.631,285.631,208,124,143,200,125,140,-1,0,0,-8,1,-3,0.0046,-0.0096,0.0157,0.9998,-3,0,0,0
285.731,285.731,208,124,144,200,175,140,0,14,-1,-8,51,-4,0.0049,-0.0078,0.0151,0.9998,-2,0,0,13
285.831,285.831,207,125,144,200,175,140,0,14,-1,-7,50,-4,0.008,-0.0063,0.0147,0.9998,-3,6,0,13
285.931,285.931,207,125,144,200,175,140,0,14,-1,-7,50,-4,0.0099,-0.0065,0.0147,0.9998,-1,2,0,13
286.031,286.031,207,126,144,200,175,140,0,14,-1,-7,49,-4,0.0058,-0.0073,0.0149,0.9998,-1,-4,0,13
286.131,286.131,206,126,144,200,175,140,0,14,-1,-6,49,-4,-0.0048,-0.0072,0.0152,0.9998,-2,8,0,13
286.231,286.231,206,126,143,200,175,140,0,14,0,-6,49,-3,-0.0087,-0.0069,0.0153,0.9998,0,9,0,13
286.331,286.331,206,127,143,200,175,140,0,14,0,-6,48,-3,-0.0053,-0.0075,0.0151,0.9998,0,10,0,13
286.431,286.431,206,128,144,200,175,140,0,14,-1,-6,47,-4,0.0017,-0.0078,0.0146,0.9999,0,10,0,13
286.531,286.531,205,130,144,200,175,140,0,13,-1,-5,45,-4,0.0069,-0.007,0.013,0.9999,-1,7,0,12
286.631,286.631,205,132,144,200,175,140,0,12,-1,-5,43,-4,0.007,-0.0068,0.0114,0.9999,-2,7,0,11
286.731,286.731,205,133,144,200,175,140,0,12,-1,-5,42,-4,0.0064,-0.006,0.01,0.9999,0,6,0,11
286.831,286.831,204,134,143,200,175,140,0,12,0,-4,41,-3,0.0058,-0.0061,0.0087,0.9999,1,11,0,11
286.931,286.931,204,136,143,200,175,140,0,12,0,-4,39,-3,0.008,-0.0057,0.0075,0.9999,0,11,0,11
287.031,287.031,204,138,143,200,175,140,0,11,0,-4,37,-3,0.0101,-0.0043,0.0077,0.9999,-1,9,0,10
287.131,287.131,204,139,143,200,175,140,0,11,0,-4,36,-3,0.0105,-0.0041,0.0086,0.9999,-1,9,0,10
287.231,287.231,203,141,143,200,175,140,0,10,0,-3,34,-3,0.0099,-0.0048,0.0101,0.9999,-1,9,0,9
287.331,287.331,203,142,143,200,175,140,0,10,0,-3,33,-3,0.0097,-0.006,0.0115,0.9999,-1,10,0,9
287.431,287.431,203,143,143,200,175,140,0,9,0,-3,32,-3,0.0096,-0.0077,0.0121,0.9999,0,10,0,8
287.531,287.531,203,145,143,200,175,140,0,9,0,-3,30,-3,0.0071,-0.0083,0.0108,0.9999,0,8,0,8
287.631,287.631,203,146,143,200,175,140,0,9,0,-3,29,-3,0.0046,-0.0099,0.0086,0.9999,0,10,0,8
287.731,287.731,203,147,143,200,175,140,0,8,0,-3,28,-3,0.0054,-0.0104,0.0061,0.9999,2,7,0,7
287.831,287.831,203,149,143,200,175,140,0,8,0,-3,26,-3,0.0073,-0.0096,0.0029,0.9999,0,5,0,7
287.931,287.931,203,150,143,200,175,140,0,7,0,-3,25,-3,0.0084,-0.0085,0.0005,0.9999,0,10,0,6
288.031,288.031,203,152,143,200,175,140,0,4,0,-3,23,-3,0.01,-0.0079,-0.0007,0.9999,0,9,0,3
288.131,288.131,203,153,142,200,175,140,0,3,0,-3,22,-2,0.011,-0.0077,-0.0017,0.9999,0,14,0,2
288.231,288.231,203,154,142,200,175,140,0,3,0,-3,21,-2,0.011,-0.0077,-0.0017,0.9999,-1,10,0,2
288.341,288.341,203,156,142,200,175,140,0,3,0,-3,19,-2,0.0117,-0.008,-0.0028,0.9999,0,11,0,2
288.441,288.441,203,157,143,200,175,140,0,3,0,-3,18,-3,0.0157,-0.0078,-0.0028,0.9998,0,12,0,2
288.541,288.541,203,158,142,200,175,140,0,3,0,-3,17,-2,0.0167,-0.0082,-0.0018,0.9998,0,8,0,2
288.641,288.641,203,159,142,200,175,140,0,3,0,-3,16,-2,0.0149,-0.0087,-0.0011,0.9999,1,6,0,2
288.741,288.741,203,160,142,200,175,140,0,2,0,-3,15,-2,0.0118,-0.0088,0.0002,0.9999,0,3,0,1
288.841,288.841,203,161,142,200,175,140,0,2,0,-3,14,-2,0.0096,-0.0087,0.0019,0.9999,0,9,0,1
288.941,288.941,203,162,142,200,175,140,0,2,0,-3,13,-2,0.0097,-0.0089,0.0028,0.9999,1,3,0,1
289.041,289.041,203,163,142,200,175,140,0,2,0,-3,12,-2,0.012,-0.0091,0.0038,0.9999,0,6,0,1
289.141,289.141,203,163,142,200,175,140,0,2,0,-3,12,-2,0.0139,-0.0092,0.0043,0.9999,0,5,0,1
289.241,289.241,203,164,141,200,175,140,0,2,0,-3,11,-1,0.014,-0.0097,0.0038,0.9998,2,4,0,1
289.341,289.341,203,164,141,200,175,140,0,2,0,-3,11,-1,0.014,-0.0099,0.0031,0.9998,0,5,0,1
289.441,289.441,203,165,141,200,175,140,0,2,0,-3,10,-1,0.0131,-0.0084,0.0029,0.9999,1,3,0,1
289.541,289.541,204,166,141,200,175,140,0,2,0,-4,9,-1,0.013,-0.0082,0.0029,0.9999,0,2,0,1
289.641,289.641,204,166,141,200,175,140,0,1,0,-4,9,-1,0.0134,-0.0094,0.0037,0.9999,2,3,0,0
289.741,289.741,204,166,141,200,175,140,0,1,0,-4,9,-1,0.0128,-0.0102,0.0038,0.9999,2,0,0,0
289.841,289.841,204,166,141,200,175,140,0,1,0,-4,9,-1,0.0112,-0.0105,0.004,0.9999,2,0,0,0
289.941,289.941,205,167,141,200,175,100,0,1,-18,-5,8,-41,0.0105,-0.0101,0.0041,0.9999,4,1,0,0
290.041,290.041,205,167,141,200,175,100,0,1,-18,-5,8,-41,0.0102,-0.0092,0.0045,0.9999,0,0,0,0
290.141,290.141,205,167,140,200,175,100,0,1,-18,-5,8,-40,0.0096,-0.0083,0.004,0.9999,0,0,0,0
290.241,290.241,205,166,140,200,175,100,0,1,-18,-5,9,-40,0.0093,-0.0083,0.0037,0.9999,2,0,0,0
290.341,290.341,206,166,140,200,175,100,0,2,-18,-6,9,-40,0.009,-0.0085,0.0034,0.9999,2,0,0,1
290.441,290.441,206,166,138,200,175,100,0,2,-17,-6,9,-38,0.0083,-0.0095,0.0025,0.9999,6,-8,0,1
290.541,290.541,207,166,137,200,175,100,0,1,-17,-7,9,-37,0.0063,-0.0108,0.0009,0.9999,1,-4,0,0
290.641,290.641,207,165,136,200,175,100,0,2,-16,-7,10,-36,0.0041,-0.0123,-0.0005,0.9999,2,-2,0,1
290.741,290.741,207,165,134,200,175,100,0,2,-15,-7,10,-34,0.0033,-0.0123,-0.0024,0.9999,1,-1,0,1
290.841,290.841,207,164,133,200,175,100,0,2,-15,-7,11,-33,0.0043,-0.0119,-0.0041,0.9999,1,-2,0,1
290.941,290.941,208,164,132,200,175,100,0,2,-14,-8,11,-32,0.004,-0.0119,-0.0065,0.9999,1,-2,0,1
291.041,291.041,208,164,130,200,175,100,0,2,-13,-8,11,-30,0.0038,-0.011,-0.0081,0.9999,1,-2,0,1
291.141,291.141,209,163,129,200,175,100,0,2,-13,-9,12,-29,0.0035,-0.0097,-0.01,0.9999,1,-2,0,1
291.241,291.241,209,163,128,200,175,100,0,2,-12,-9,12,-28,0.0024,-0.0088,-0.0114,0.9999,1,-1,0,1
291.341,291.341,209,162,126,200,175,100,0,2,-11,-9,13,-26,0.0017,-0.009,-0.0122,0.9999,4,-1,0,1
291.441,291.441,210,162,125,200,175,100,0,2,-11,-10,13,-25,0.0023,-0.0101,-0.0128,0.9999,1,-1,0,1
291.541,291.541,210,162,124,200,175,100,0,2,-11,-10,13,-24,0.0031,-0.0107,-0.0129,0.9999,2,-1,0,1
291.641,291.641,211,161,123,200,175,100,0,2,-10,-11,14,-23,0.0032,-0.0126,-0.0129,0.9998,1,-3,0,1
291.741,291.741,211,161,122,200,175,100,-1,2,-10,-11,14,-22,0.0026,-0.0134,-0.012,0.9998,2,-3,-1,1
291.841,291.841,212,160,121,200,175,100,-1,2,-9,-12,15,-21,0.0022,-0.0125,-0.0103,0.9999,3,-2,-1,1
291.941,291.941,212,160,120,200,175,100,-1,2,-9,-12,15,-20,0.0024,-0.0116,-0.0088,0.9999,0,-3,-1,1
292.041,292.041,212,160,119,200,175,100,-1,2,-8,-12,15,-19,0.0027,-0.0106,-0.0079,0.9999,2,-2,-1,1
292.141,292.141,212,159,117,200,175,100,-1,3,-7,-12,16,-17,0.0053,-0.0113,-0.0067,0.9999,2,-2,-1,2
292.241,292.241,213,159,117,200,175,100,-1,3,-7,-13,16,-17,0.0088,-0.0119,-0.0068,0.9999,1,-1,-1,2
292.341,292.341,213,158,116,200,175,100,-1,3,-7,-13,17,-16,0.0093,-0.0117,-0.007,0.9999,3,-5,-1,2
292.451,292.451,214,158,115,200,175,100,-1,3,-7,-14,17,-15,0.0078,-0.0115,-0.0093,0.9999,1,-1,-1,2
292.551,292.551,214,158,115,200,175,100,-1,3,-7,-14,17,-15,0.0046,-0.0123,-0.0121,0.9998,11,-10,-1,2
292.651,292.651,215,157,114,200,175,100,-1,3,-6,-15,18,-14,0.0028,-0.0147,-0.0154,0.9998,4,-2,-1,2
292.751,292.751,215,157,113,200,175,100,-1,3,-6,-15,18,-13,0.0023,-0.0157,-0.0183,0.9997,4,-2,-1,2
292.851,292.851,216,156,112,200,175,100,-1,3,-5,-16,19,-12,0.0026,-0.0151,-0.0205,0.9997,2,-1,-1,2
292.951,292.951,216,156,112,200,175,100,-1,3,-5,-16,19,-12,0.0046,-0.0137,-0.0221,0.9997,3,0,-1,2
293.051,293.051,216,156,111,200,175,100,-1,3,-5,-16,19,-11,0.0068,-0.0129,-0.0228,0.9996,1,-1,-1,2
293.151,293.151,216,156,110,200,175,100,-1,3,-4,-16,19,-10,0.009,-0.0128,-0.0232,0.9996,1,1,-1,2
293.251,293.251,216,157,109,200,175,100,-1,3,-4,-16,18,-9,0.0104,-0.014,-0.0223,0.9996,1,0,-1,2
293.351,293.351,217,157,109,200,175,100,-1,3,-3,-17,18,-9,0.011,-0.0147,-0.0212,0.9996,0,0,-1,2
293.451,293.451,217,157,109,200,175,100,-1,3,-3,-17,18,-9,0.0109,-0.0147,-0.0198,0.9996,0,0,-1,2
293.551,293.551,217,156,108,200,175,100,-1,3,-3,-17,19,-8,0.0098,-0.0141,-0.0178,0.9997,0,0,-1,2
293.651,293.651,217,157,107,200,175,100,-1,3,-2,-17,18,-7,0.01,-0.0131,-0.0166,0.9997,-1,0,-1,2
293.751,293.751,217,157,107,200,175,100,-1,3,-2,-17,18,-7,0.0108,-0.0112,-0.0155,0.9998,0,0,-1,2
293.851,293.851,217,157,107,200,175,100,-1,3,-2,-17,18,-7,0.0113,-0.0099,-0.0151,0.9998,-7,0,-1,2
293.951,293.951,216,156,106,200,175,100,-1,3,-2,-16,19,-6,0.0099,-0.0095,-0.0149,0.9998,-7,0,-1,2
294.051,294.051,216,156,106,200,175,100,-1,3,-2,-16,19,-6,0.0082,-0.0092,-0.0145,0.9998,-4,-1,-1,2
294.151,294.151,216,156,106,200,175,100,-1,3,-2,-16,19,-6,0.0067,-0.0089,-0.0137,0.9998,-3,-1,-1,2
294.251,294.251,216,156,106,200,175,100,-1,3,-2,-16,19,-6,0.0042,-0.0082,-0.0122,0.9999,-4,-3,-1,2
294.351,294.351,215,156,106,200,175,100,-1,3,-2,-15,19,-6,0.0025,-0.0076,-0.0099,0.9999,-4,-1,-1,2
294.551,294.551,215,155,105,200,175,100,-1,3,-1,-15,20,-5,0.003,-0.0077,-0.0041,1,0,0,-1,2
294.651,294.651,214,155,105,200,175,100,-1,3,-1,-14,20,-5,0.0048,-0.0078,-0.0013,1,-1,-1,-1,2
294.751,294.751,214,155,104,200,175,100,-1,3,-1,-14,20,-4,0.0066,-0.0066,0.0009,1,-2,0,0,3
294.851,294.851,214,155,104,200,175,100,-1,3,-1,-14,20,-4,0.0063,-0.0057,0.0034,1,0,-1,0,3
294.951,294.951,214,155,104,200,175,100,-1,3,-1,-14,20,-4,0.0054,-0.0056,0.0057,1,-2,-1,0,3
295.051,295.051,213,155,104,200,175,100,-1,3,-1,-13,20,-4,0.0055,-0.0058,0.0078,0.9999,-1,0,0,3
295.151,295.151,213,156,104,200,175,100,-1,3,-1,-13,19,-4,0.0054,-0.0061,0.0101,0.9999,0,1,0,3
295.251,295.251,213,156,104,200,175,100,-1,3,-1,-13,19,-4,0.0057,-0.0076,0.0124,0.9999,0,0,0,3
295.351,295.351,213,156,103,200,175,100,-1,3,0,-13,19,-3,0.0058,-0.009,0.0131,0.9999,0,0,0,3
295.451,295.451,213,156,103,200,175,100,-1,3,0,-13,19,-3,0.0035,-0.0091,0.0133,0.9999,0,0,0,3
295.551,295.551,213,156,103,200,175,100,-1,3,0,-13,19,-3,0.0019,-0.0098,0.0133,0.9999,0,0,0,3
295.651,295.651,213,156,103,200,175,100,-1,3,0,-13,19,-3,0.0026,-0.0093,0.0129,0.9999,0,0,0,3
295.751,295.751,213,156,103,200,175,100,-1,3,0,-13,19,-3,0.0038,-0.0082,0.0121,0.9999,0,1,0,3
295.851,295.851,213,157,103,200,175,100,-1,3,0,-13,18,-3,0.0061,-0.007,0.0116,0.9999,0,2,0,3
295.951,295.951,213,157,103,200,175,100,-1,3,0,-13,18,-3,0.0071,-0.0072,0.011,0.9999,0,2,0,3
296.051,296.051,213,157,103,200,175,100,-1,3,0,-13,18,-3,0.0061,-0.0069,0.0103,0.9999,0,1,0,3
296.151,296.151,213,158,103,200,175,100,-1,3,0,-13,17,-3,0.005,-0.007,0.009,0.9999,0,2,0,3
296.251,296.251,213,158,103,200,175,100,-1,3,0,-13,17,-3,0.0046,-0.0069,0.007,0.9999,-1,1,0,3
296.351,296.351,213,158,103,200,175,100,-1,3,0,-13,17,-3,0.0048,-0.0066,0.005,1,0,5,0,3
296.451,296.451,213,159,103,200,175,100,-1,3,0,-13,16,-3,0.0069,-0.0065,0.0027,1,-1,5,0,3
296.561,296.561,213,159,103,200,175,100,-1,3,0,-13,16,-3,0.0078,-0.0067,0.0006,0.9999,0,3,0,3
296.651,296.651,212,160,103,200,175,100,-1,3,0,-12,15,-3,0.0097,-0.0062,-0.0014,0.9999,0,2,-1,2
296.761,296.761,213,160,103,200,175,100,-1,2,0,-13,15,-3,0.0091,-0.0062,-0.0031,0.9999,1,0,-1,1
296.861,296.861,213,160,103,200,175,100,-1,2,0,-13,15,-3,0.0084,-0.007,-0.0054,0.9999,1,0,-1,1
296.961,296.961,213,161,103,200,175,100,-1,2,0,-13,14,-3,0.0091,-0.0079,-0.0073,0.9999,1,2,-1,1
297.061,297.061,212,161,102,200,175,100,-1,2,0,-12,14,-2,0.0103,-0.0082,-0.0089,0.9999,0,0,-1,1
297.161,297.161,212,161,102,200,175,100,-1,2,0,-12,14,-2,0.011,-0.0081,-0.0094,0.9999,-1,0,-1,1
297.261,297.261,212,162,102,200,175,100,-1,2,0,-12,13,-2,0.0107,-0.0078,-0.0095,0.9999,-2,0,-1,1
297.361,297.361,212,162,103,200,175,100,-1,2,0,-12,13,-3,0.0104,-0.0072,-0.0086,0.9999,0,-3,-1,1
297.461,297.461,212,162,103,200,175,100,-1,2,0,-12,13,-3,0.0089,-0.0074,-0.0068,0.9999,0,0,-1,1
297.561,297.561,212,162,103,200,175,100,-1,2,0,-12,13,-3,0.0058,-0.0084,-0.0048,0.9999,0,0,-1,1
297.661,297.661,212,162,102,200,175,100,-1,2,0,-12,13,-2,0.0044,-0.0082,-0.0031,1,2,1,-1,1
297.761,297.761,212,162,102,200,175,100,-1,2,0,-12,13,-2,0.0049,-0.0079,-0.0004,1,0,0,-1,1
297.861,297.861,212,162,102,200,175,100,-1,2,0,-12,13,-2,0.0072,-0.0089,0.0009,0.9999,0,0,0,2
297.961,297.961,212,162,102,200,175,100,-1,2,0,-12,13,-2,0.0073,-0.01,0.0029,0.9999,1,1,0,2
298.061,298.061,212,163,102,200,175,100,-1,2,0,-12,12,-2,0.0075,-0.0108,0.0053,0.9999,0,1,0,2
298.161,298.161,212,163,102,200,175,100,-1,2,0,-12,12,-2,0.0067,-0.0114,0.0067,0.9999,-4,1,0,2
298.261,298.261,212,162,102,200,175,100,-1,2,0,-12,13,-2,0.0051,-0.0111,0.0084,0.9999,0,0,0,2
298.361,298.361,212,162,102,200,175,100,-1,2,0,-12,13,-2,0.0023,-0.0097,0.0096,0.9999,3,0,0,2
298.461,298.461,212,162,102,200,175,100,-1,2,0,-12,13,-2,0.0014,-0.0106,0.0109,0.9999,2,0,0,2
298.561,298.561,212,163,101,200,175,100,-1,2,0,-12,12,-1,0.003,-0.0102,0.0109,0.9999,1,3,0,2
298.661,298.661,212,163,101,200,175,100,-1,2,0,-12,12,-1,0.0047,-0.0094,0.0106,0.9999,-1,6,0,2
298.761,298.761,212,164,101,200,175,100,-1,2,0,-12,11,-1,0.0058,-0.0084,0.0095,0.9999,1,3,0,2
298.861,298.861,212,164,101,200,175,100,-1,2,0,-12,11,-1,0.0072,-0.0073,0.009,0.9999,0,3,0,2
298.961,298.961,212,165,101,200,175,100,-1,2,0,-12,10,-1,0.0081,-0.006,0.0075,0.9999,1,4,0,2
299.061,299.061,212,165,101,200,175,100,-1,2,0,-12,10,-1,0.0071,-0.0066,0.0073,0.9999,0,4,0,2
299.161,299.161,212,165,100,200,175,100,-1,2,0,-12,10,0,0.0079,-0.0081,0.0067,0.9999,0,3,0,2
299.261,299.261,212,166,100,200,175,100,-1,2,0,-12,9,0,0.0087,-0.0094,0.0063,0.9999,0,5,0,2
299.361,299.361,212,167,100,200,175,100,-2,1,0,-12,8,0,0.011,-0.0112,0.0049,0.9999,0,3,-1,1
299.461,299.461,212,168,100,200,175,100,-2,1,0,-12,7,0,0.0132,-0.0124,0.0034,0.9998,1,3,-1,1
299.561,299.561,213,168,100,200,175,100,-2,1,0,-13,7,0,0.0143,-0.0106,0.0019,0.9998,2,2,-1,1
299.661,299.661,213,168,99,200,175,100,-2,1,0,-13,7,1,0.0143,-0.0094,-0.0007,0.9999,2,0,-2,0
299.761,299.761,213,168,99,200,175,100,-2,1,0,-13,7,1,0.0137,-0.0104,-0.0029,0.9998,2,0,-2,0
299.861,299.861,212,169,99,200,175,100,-2,1,0,-12,6,1,0.0135,-0.0117,-0.0052,0.9998,0,1,-2,0
299.961,299.961,212,169,99,200,175,100,-2,1,0,-12,6,1,0.0117,-0.012,-0.007,0.9998,-1,2,-2,0
300.061,300.061,212,170,99,200,175,100,-2,1,0,-12,5,1,0.011,-0.0112,-0.0091,0.9998,0,2,-2,0
300.161,300.161,212,170,98,200,175,100,-2,1,0,-12,5,2,0.0104,-0.0111,-0.0097,0.9998,0,1,-2,0
300.261,300.261,212,170,98,200,175,100,-2,1,0,-12,5,2,0.0106,-0.0105,-0.0095,0.9998,0,0,-2,0
300.361,300.361,212,170,98,200,175,100,-2,1,0,-12,5,2,0.0107,-0.0105,-0.0095,0.9998,0,2,-2,0
300.461,300.461,212,171,98,200,175,100,-2,1,0,-12,4,2,0.0105,-0.0104,-0.0086,0.9999,0,3,-2,0
300.571,300.571,212,172,98,200,175,100,-2,1,0,-12,3,2,0.01,-0.0099,-0.0061,0.9999,-1,2,-2,0
300.671,300.671,211,172,98,200,175,100,-2,1,0,-11,3,2,0.0088,-0.0103,-0.0048,0.9999,0,2,-2,0
300.771,300.771,212,172,98,200,175,100,-2,1,0,-12,3,2,0.0093,-0.0102,-0.0021,0.9999,0,0,-2,0
300.871,300.871,211,172,98,200,175,100,-2,1,0,-11,3,2,0.0092,-0.0091,-0.0004,0.9999,0,0,-2,0
300.971,300.971,211,172,98,200,175,100,0,1,0,-11,3,2,0.0101,-0.0105,0.0004,0.9999,-1,0,0,0
301.071,301.071,211,173,98,200,175,100,-1,0,0,-11,2,2,0.0095,-0.0105,0.0035,0.9999,-2,1,0,0
301.171,301.171,211,173,98,200,175,100,-1,0,0,-11,2,2,0.0095,-0.0103,0.0037,0.9999,-1,0,0,0
301.271,301.271,211,173,97,200,175,100,-1,0,0,-11,2,3,0.0075,-0.0112,0.0047,0.9999,0,1,0,0
301.371,301.371,211,173,98,200,175,100,-1,0,0,-11,2,2,0.008,-0.0106,0.0066,0.9999,0,0,0,0
301.471,301.471,211,173,98,200,175,100,-1,0,0,-11,2,2,0.0082,-0.0104,0.0087,0.9999,0,0,0,0
301.571,301.571,211,173,98,200,175,100,-1,0,0,-11,2,2,0.0082,-0.0104,0.0087,0.9999,0,0,0,0
301.671,301.671,211,174,97,200,175,100,-1,0,0,-11,1,3,0.0085,-0.011,0.0103,0.9999,0,2,0,0
301.771,301.771,211,174,97,200,175,100,-1,0,0,-11,1,3,0.0079,-0.0122,0.0119,0.9998,0,2,0,0
301.871,301.871,212,174,97,200,175,100,-2,0,0,-12,1,3,0.0086,-0.0127,0.0132,0.9998,0,1,-1,0
301.971,301.971,212,174,97,200,175,100,-2,0,0,-12,1,3,0.0086,-0.0122,0.0132,0.9998,0,0,-1,0
302.071,302.071,212,174,97,200,175,100,-2,0,0,-12,1,3,0.008,-0.0118,0.0125,0.9998,0,1,-1,0
302.171,302.171,211,175,97,200,175,100,-2,0,0,-11,0,3,0.008,-0.0108,0.0116,0.9998,0,1,-1,0
302.271,302.271,211,175,97,200,175,100,-1,0,0,-11,0,3,0.0077,-0.0097,0.0103,0.9999,0,1,0,0
302.371,302.371,211,176,97,200,175,100,-1,0,0,-11,-1,3,0.0088,-0.0092,0.0086,0.9999,0,0,0,0
302.471,302.471,212,176,97,200,175,100,-2,0,0,-12,-1,3,0.0109,-0.01,0.0066,0.9999,0,3,-1,0
302.571,302.571,212,177,97,200,175,100,-2,0,0,-12,-2,3,0.0126,-0.0114,0.0053,0.9998,0,1,-1,0
302.671,302.671,212,177,97,200,175,100,-2,0,0,-12,-2,3,0.0139,-0.0109,0.0037,0.9998,0,2,-1,0
302.771,302.771,212,177,97,200,175,100,-2,0,0,-12,-2,3,0.0151,-0.0097,0.0019,0.9998,-1,2,-1,0
302.871,302.871,212,178,97,200,175,100,-2,0,0,-12,-3,3,0.0159,-0.0099,-0.0002,0.9998,0,0,-1,0
302.971,302.971,212,178,97,200,175,100,-2,0,0,-12,-3,3,0.0151,-0.0103,-0.001,0.9998,0,0,-1,0
303.071,303.071,211,179,98,200,175,100,-2,0,0,-11,-4,2,0.013,-0.0084,-0.0015,0.9999,-2,0,-1,0
303.171,303.171,211,179,98,200,175,100,-1,0,0,-11,-4,2,0.0119,-0.0047,-0.0023,0.9999,-3,0,0,0
303.271,303.271,211,178,97,200,175,100,-1,0,0,-11,-3,3,0.0114,-0.0029,-0.0028,0.9999,-1,-1,0,0
303.471,303.471,210,179,98,200,175,100,-1,0,0,-10,-4,2,0.0108,-0.0047,-0.0044,0.9999,0,-1,0,0
303.571,303.571,210,179,98,200,175,100,-1,0,0,-10,-4,2,0.0105,-0.0054,-0.0062,0.9999,-2,-1,0,0
303.671,303.671,210,179,98,200,175,100,-1,0,0,-10,-4,2,0.0088,-0.0039,-0.0076,0.9999,0,-1,0,0
303.771,303.771,210,178,98,200,175,100,-1,0,0,-10,-3,2,0.0073,-0.0039,-0.0074,0.9999,0,-2,0,0
303.871,303.871,210,178,97,200,175,100,-1,0,0,-10,-3,3,0.0065,-0.0051,-0.0086,0.9999,-1,0,0,0
303.971,303.971,209,178,97,200,175,100,-1,0,0,-9,-3,3,0.0053,-0.0066,-0.0088,0.9999,-2,0,0,0
304.071,304.071,209,178,98,200,175,100,-1,0,0,-9,-3,2,0.0055,-0.0065,-0.0088,0.9999,0,0,0,0
304.171,304.171,209,178,98,200,175,100,-1,0,0,-9,-3,2,0.0072,-0.0051,-0.009,0.9999,-1,0,0,0
304.271,304.271,209,178,98,200,175,100,-1,0,0,-9,-3,2,0.0074,-0.0029,-0.0085,0.9999,-2,18,0,0
304.371,304.371,209,178,98,200,125,100,0,-15,0,-9,-53,2,0.0081,-0.0021,-0.0077,0.9999,-4,-1,0,-14
304.471,304.471,208,178,98,200,125,100,0,-15,0,-8,-53,2,0.0098,-0.0031,-0.0074,0.9999,1,-4,0,-14
304.581,304.581,208,178,97,200,125,100,0,-15,0,-8,-53,3,0.009,-0.0046,-0.0077,0.9999,0,1,0,-14
304.681,304.681,209,177,97,200,125,100,0,-15,0,-9,-52,3,0.0083,-0.0062,-0.0087,0.9999,3,0,0,-14
304.781,304.781,209,177,97,200,125,100,0,-15,0,-9,-52,3,0.0156,-0.0074,-0.0095,0.9998,1,-2,0,-14
304.871,304.871,209,177,97,200,125,100,0,-15,0,-9,-52,3,0.0156,-0.0074,-0.0095,0.9998,2,-6,0,-14
304.981,304.981,209,177,97,200,125,100,0,-15,0,-9,-52,3,0.0271,-0.0103,-0.0101,0.9995,0,-10,0,-14
305.071,305.071,209,174,97,200,125,100,0,-15,0,-9,-49,3,0.0271,-0.0103,-0.0101,0.9995,-1,-13,0,-14
305.181,305.181,209,172,97,200,125,100,0,-14,0,-9,-47,3,0.0125,-0.0127,-0.0097,0.9998,0,-15,0,-13
305.281,305.281,210,171,97,200,125,100,0,-14,0,-10,-46,3,0.0117,-0.0113,-0.0096,0.9998,0,-16,0,-13
305.381,305.381,210,169,97,200,125,100,0,-13,0,-10,-44,3,0.0108,-0.0116,-0.0085,0.9998,0,-16,0,-12
305.481,305.481,209,168,97,200,125,100,0,-13,0,-9,-43,3,0.0103,-0.0115,-0.008,0.9998,0,-17,0,-12
305.581,305.581,209,166,98,200,125,100,0,-12,0,-9,-41,2,0.0098,-0.011,-0.0074,0.9999,0,-17,0,-11
305.681,305.681,209,164,98,200,125,100,0,-12,0,-9,-39,2,0.0092,-0.0099,-0.007,0.9999,0,-17,0,-11
305.781,305.781,209,162,98,200,125,100,0,-11,0,-9,-37,2,0.0078,-0.0091,-0.0066,0.9999,0,-18,0,-10
305.881,305.881,209,160,97,200,125,100,0,-10,0,-9,-35,3,0.0077,-0.0096,-0.007,0.9999,0,-18,0,-9
305.981,305.981,210,158,97,200,125,100,0,-10,0,-10,-33,3,0.007,-0.0102,-0.0075,0.9999,0,-16,0,-9
306.081,306.081,210,156,97,200,125,100,0,-9,0,-10,-31,3,0.0059,-0.0105,-0.0075,0.9999,0,-18,0,-8
306.181,306.181,210,154,97,200,125,100,0,-9,0,-10,-29,3,0.0032,-0.0115,-0.0076,0.9999,0,-17,0,-8
306.281,306.281,210,152,97,200,125,100,0,-8,0,-10,-27,3,0.0017,-0.0127,-0.0079,0.9999,1,-18,0,-7
306.381,306.381,210,150,97,200,125,100,0,-7,0,-10,-25,3,0.0004,-0.0129,-0.008,0.9999,0,-17,0,-6
306.481,306.481,210,148,97,200,125,100,0,-4,0,-10,-23,3,-0.0006,-0.0123,-0.007,0.9999,0,-18,0,-3
306.581,306.581,210,147,97,200,125,100,0,-3,0,-10,-22,3,-0.0019,-0.0119,-0.0059,0.9999,0,-13,0,-2
306.681,306.681,210,145,97,200,125,100,0,-3,0,-10,-20,3,-0.0018,-0.0113,-0.0052,0.9999,0,-12,0,-2
306.781,306.781,210,144,98,200,125,100,0,-3,0,-10,-19,2,-0.0033,-0.0107,-0.0044,0.9999,0,-9,0,-2
306.881,306.881,210,142,98,200,125,100,0,-3,0,-10,-17,2,-0.0067,-0.0115,-0.0023,0.9999,0,-7,0,-2
306.981,306.981,210,141,98,200,125,100,0,-3,0,-10,-16,2,-0.0084,-0.0124,0.0004,0.9999,0,-9,0,-2
307.081,307.081,210,140,98,200,125,100,0,-2,0,-10,-15,2,-0.0071,-0.012,0.0037,0.9999,0,-6,0,-1
307.181,307.181,210,139,98,200,125,100,0,-2,0,-10,-14,2,-0.0043,-0.0106,0.007,0.9999,-2,-5,0,-1
307.381,307.381,210,138,98,200,125,100,0,-2,0,-10,-13,2,-0.0013,-0.0076,0.0105,0.9999,0,-5,0,-1
307.481,307.481,210,137,98,200,125,100,0,-2,0,-10,-12,2,-0.0009,-0.007,0.0118,0.9999,0,-3,0,-1
307.581,307.581,210,137,98,200,125,100,0,-2,0,-10,-12,2,-0.0005,-0.0064,0.0115,0.9999,0,-4,0,-1
307.681,307.681,210,136,98,200,125,100,0,-2,0,-10,-11,2,-0.0018,-0.0072,0.0104,0.9999,0,-1,0,-1
307.781,307.781,210,136,99,200,125,100,0,-2,0,-10,-11,1,-0.0024,-0.0083,0.0092,0.9999,0,-2,0,-1
307.881,307.881,210,136,99,200,125,100,0,-2,0,-10,-11,1,-0.0027,-0.0084,0.0071,0.9999,0,-1,0,-1
307.981,307.981,210,135,99,200,125,100,0,-2,0,-10,-10,1,-0.0016,-0.0087,0.0054,0.9999,0,0,0,-1
308.081,308.081,210,135,99,200,125,100,0,-2,0,-10,-10,1,0.0002,-0.0091,0.0041,0.9999,0,-1,0,-1
308.181,308.181,210,135,100,200,125,100,0,-2,0,-10,-10,0,0.0014,-0.0099,0.0024,0.9999,0,0,0,-1
308.281,308.281,210,135,100,200,125,100,0,-2,0,-10,-10,0,0.002,-0.0096,0.0015,1,0,-1,0,-1
308.381,308.381,210,135,100,200,125,100,0,-2,0,-10,-10,0,0.0024,-0.0094,0.0007,1,0,0,0,-1
308.481,308.481,210,136,100,200,125,100,0,-2,0,-10,-11,0,0.002,-0.0088,0.0002,1,0,0,0,-1
308.581,308.581,210,136,101,200,125,100,0,-2,0,-10,-11,-1,0.0025,-0.0061,0.0003,1,-1,0,0,-1
308.691,308.691,210,136,101,200,125,100,0,-2,0,-10,-11,-1,0.0027,-0.0037,-0.0004,1,0,2,0,-1
308.791,308.791,210,136,101,200,125,100,0,-2,0,-10,-11,-1,0.0034,-0.0042,-0.0001,1,-1,3,0,-1
308.891,308.891,210,136,101,200,125,100,0,-2,0,-10,-11,-1,0.0035,-0.0055,0.0002,1,0,2,0,-1
308.991,308.991,210,137,101,200,125,100,0,-2,0,-10,-12,-1,0.0039,-0.0068,-0.0012,1,0,2,0,-1
309.091,309.091,210,137,101,200,125,100,0,-2,0,-10,-12,-1,0.0031,-0.0076,-0.0003,1,0,2,0,-1
309.191,309.191,210,138,101,200,125,100,0,-2,0,-10,-13,-1,0.0036,-0.0076,-0.0006,1,0,3,0,-1
309.291,309.291,210,138,101,200,125,100,0,-2,0,-10,-13,-1,0.0045,-0.0071,-0.0007,1,0,2,0,-1
309.391,309.391,210,138,101,200,125,100,0,-2,0,-10,-13,-1,0.0052,-0.0063,-0.0007,1,0,1,0,-1
309.491,309.491,209,138,101,200,125,100,0,-2,0,-9,-13,-1,0.0053,-0.0059,0,1,0,4,0,-1
309.591,309.591,209,138,101,200,125,100,0,-2,0,-9,-13,-1,0.0052,-0.006,-0.0009,1,0,3,0,-1
309.691,309.691,209,139,101,200,125,100,0,-2,0,-9,-14,-1,0.0052,-0.0077,0,1,0,1,0,-1
309.791,309.791,209,140,101,200,125,100,0,-2,0,-9,-15,-1,0.0041,-0.0082,0.0006,1,-1,1,0,-1
309.891,309.891,209,141,101,200,125,100,0,-2,0,-9,-16,-1,0.004,-0.0074,0.0013,1,0,3,0,-1
309.991,309.991,209,141,101,200,125,100,0,-2,0,-9,-16,-1,0.0047,-0.0067,0.0023,1,0,0,0,-1
310.091,310.091,209,141,101,200,125,100,0,-2,0,-9,-16,-1,0.0067,-0.0061,0.0025,1,0,1,0,-1
310.191,310.191,209,142,101,200,125,100,0,-3,0,-9,-17,-1,0.0089,-0.0062,0.0031,0.9999,0,3,0,-2
310.291,310.291,209,143,101,200,125,100,0,-3,0,-9,-18,-1,0.0089,-0.0061,0.0033,0.9999,-1,2,0,-2
310.391,310.391,209,143,101,200,125,100,0,-3,0,-9,-18,-1,0.0076,-0.006,0.0026,0.9999,-1,3,0,-2
310.491,310.491,209,143,101,200,125,100,0,-3,0,-9,-18,-1,0.0074,-0.0069,0.0009,0.9999,0,4,0,-2
310.591,310.591,209,144,101,200,125,100,0,-3,0,-9,-19,-1,0.0077,-0.008,-0.0013,0.9999,-1,2,0,-2
310.691,310.691,208,144,101,200,125,100,0,-3,0,-8,-19,-1,0.0073,-0.0085,-0.0027,0.9999,-1,1,0,-2
310.791,310.791,208,145,101,200,125,100,0,-3,0,-8,-20,-1,0.0071,-0.0077,-0.0038,0.9999,-1,0,0,-2
310.891,310.891,208,145,101,200,125,100,0,-3,0,-8,-20,-1,0.0067,-0.0064,-0.0049,0.9999,-1,1,0,-2
310.991,310.991,208,146,101,200,125,100,0,-3,0,-8,-21,-1,0.007,-0.0056,-0.0058,0.9999,0,3,0,-2
311.091,311.091,208,147,101,200,125,100,0,-3,0,-8,-22,-1,0.0086,-0.0056,-0.0061,0.9999,0,3,0,-2
311.191,311.191,208,147,101,200,125,100,0,-3,0,-8,-22,-1,0.01,-0.0055,-0.0052,0.9999,0,3,0,-2
311.291,311.291,207,148,101,200,125,100,0,-4,0,-7,-23,-1,0.0117,-0.0064,-0.0039,0.9999,0,4,0,-3
311.391,311.391,207,148,101,200,125,100,0,-4,0,-7,-23,-1,0.0121,-0.0083,-0.0028,0.9999,0,5,0,-3
311.491,311.491,207,149,101,200,125,100,0,-4,0,-7,-24,-1,0.0105,-0.0089,-0.0024,0.9999,0,0,0,-3
311.591,311.591,207,149,101,200,125,100,0,-4,0,-7,-24,-1,0.0099,-0.0086,-0.0019,0.9999,0,1,0,-3
311.691,311.691,207,150,100,200,125,100,0,-7,0,-7,-25,0,0.0115,-0.0077,-0.0017,0.9999,0,0,0,-6
311.791,311.791,207,150,100,200,125,100,0,-7,0,-7,-25,0,0.0126,-0.0068,-0.0011,0.9999,-3,0,0,-6
311.891,311.891,207,150,100,200,125,100,0,-7,0,-7,-25,0,0.0119,-0.0043,-0.0007,0.9999,0,0,0,-6
311.991,311.991,206,151,100,200,125,100,0,-8,0,-6,-26,0,0.012,-0.0035,0.0001,0.9999,-1,0,0,-7
312.091,312.091,206,151,100,200,125,100,0,-8,0,-6,-26,0,0.0149,-0.0037,0.001,0.9999,0,1,0,-7
312.191,312.191,206,151,100,200,125,100,0,-8,0,-6,-26,0,0.0159,-0.0052,0.0011,0.9999,0,-2,0,-7
312.291,312.291,206,151,100,200,125,100,0,-8,0,-6,-26,0,0.0151,-0.0065,0.0016,0.9999,0,0,0,-7
312.391,312.391,206,151,100,200,125,100,0,-8,0,-6,-26,0,0.0119,-0.0069,0.0016,0.9999,-1,-2,0,-7
312.491,312.491,206,151,100,200,125,100,0,-8,0,-6,-26,0,0.0101,-0.0061,0.0019,0.9999,-4,-1,0,-7
312.601,312.601,205,151,100,200,125,100,0,-8,0,-5,-26,0,0.0101,-0.0045,0.0019,0.9999,-2,-2,0,-7
312.701,312.701,205,150,99,200,125,100,0,-7,0,-5,-25,1,0.0135,-0.0026,0.0008,0.9999,-1,-2,0,-6
312.801,312.801,205,150,99,200,125,100,0,-7,0,-5,-25,1,0.0132,-0.0031,0.0005,0.9999,0,-1,0,-6
312.901,312.901,205,149,99,200,125,100,0,-4,0,-5,-24,1,0.0116,-0.0058,-0.0001,0.9999,0,-3,0,-3
313.001,313.001,205,149,99,200,125,100,0,-4,0,-5,-24,1,0.0104,-0.0087,-0.0015,0.9999,0,-1,0,-3
313.101,313.101,204,148,100,200,125,100,0,-4,0,-4,-23,0,0.0083,-0.0085,-0.0024,0.9999,-1,-3,0,-3
313.201,313.201,204,148,100,200,125,100,0,-4,0,-4,-23,0,0.0059,-0.0075,-0.0018,1,0,-3,0,-3
313.301,313.301,204,147,100,200,125,100,0,-3,0,-4,-22,0,0.0022,-0.0063,0,1,-1,-5,0,-2
313.401,313.401,204,146,100,200,125,100,0,-3,0,-4,-21,0,0.0023,-0.0043,0.0013,1,-3,-4,0,-2
313.501,313.501,203,146,99,200,125,100,0,-3,0,-3,-21,1,0.0039,-0.0044,0.0028,1,0,-2,0,-2
313.601,313.601,203,145,100,200,125,100,0,-3,0,-3,-20,0,0.0072,-0.0054,0.0048,0.9999,0,-2,0,-2
313.701,313.701,203,145,100,200,125,100,0,-3,0,-3,-20,0,0.0089,-0.0071,0.0049,0.9999,0,-1,0,-2
313.801,313.801,204,145,100,200,125,100,0,-3,0,-4,-20,0,0.0083,-0.0087,0.0068,0.9999,0,-2,0,-2
313.901,313.901,203,144,100,200,125,100,0,-3,0,-3,-19,0,0.0052,-0.0088,0.0076,0.9999,0,-3,0,-2
314.001,314.001,203,143,100,200,125,100,0,-3,0,-3,-18,0,0.0033,-0.0094,0.0081,0.9999,0,-4,0,-2
314.101,314.101,203,143,100,200,125,100,0,-3,0,-3,-18,0,0.0046,-0.008,0.0071,0.9999,0,-3,0,-2
314.201,314.201,203,142,100,200,125,100,0,-3,0,-3,-17,0,0.0049,-0.0073,0.0059,0.9999,1,-2,0,-2
314.301,314.301,203,142,100,200,125,100,0,-3,0,-3,-17,0,0.0059,-0.0078,0.0044,0.9999,0,-2,0,-2
314.401,314.401,203,142,100,200,125,100,0,-3,0,-3,-17,0,0.0072,-0.0092,0.0033,0.9999,0,-1,0,-2
314.501,314.501,203,141,100,200,125,100,0,-3,0,-3,-16,0,0.0073,-0.0079,0.0003,0.9999,-2,-1,0,-2
314.601,314.601,203,141,99,200,125,100,0,-3,0,-3,-16,1,0.0082,-0.0063,-0.0024,0.9999,0,-1,0,-2
314.701,314.701,203,140,99,200,125,100,0,-2,0,-3,-15,1,0.0097,-0.005,-0.0048,0.9999,1,-1,0,-1
314.801,314.801,203,140,99,200,125,100,0,-2,0,-3,-15,1,0.0101,-0.0056,-0.0074,0.9999,3,-1,0,-1
314.901,314.901,203,140,99,200,125,100,0,-2,0,-3,-15,1,0.0109,-0.0071,-0.0092,0.9999,2,-1,0,-1
315.001,315.001,204,140,100,200,125,100,0,-2,0,-4,-15,0,0.0108,-0.0084,-0.0103,0.9999,0,0,0,-1
315.101,315.101,204,139,100,200,125,100,0,-2,0,-4,-14,0,0.0105,-0.0079,-0.0102,0.9999,1,-1,0,-1
315.201,315.201,203,139,100,200,125,100,0,-2,0,-3,-14,0,0.011,-0.0089,-0.0103,0.9998,0,0,0,-1
315.301,315.301,204,139,100,200,125,100,0,-2,0,-4,-14,0,0.0107,-0.0099,-0.009,0.9999,0,0,0,-1
315.401,315.401,204,139,100,200,125,100,0,-2,0,-4,-14,0,0.0096,-0.0092,-0.008,0.9999,0,0,0,-1
315.501,315.501,203,139,100,200,125,100,0,-2,0,-3,-14,0,0.009,-0.0085,-0.0068,0.9999,0,-1,0,-1
315.601,315.601,203,138,100,200,125,100,0,-2,0,-3,-13,0,0.0089,-0.0085,-0.0062,0.9999,-1,0,0,-1
315.701,315.701,203,138,100,200,125,100,0,-2,0,-3,-13,0,0.0099,-0.0079,-0.0049,0.9999,-1,0,0,-1
315.801,315.801,203,138,100,200,125,100,0,-2,0,-3,-13,0,0.0115,-0.0074,-0.0029,0.9999,0,0,0,-1
315.901,315.901,203,138,100,200,125,100,0,-2,0,-3,-13,0,0.0126,-0.008,-0.0005,0.9999,0,0,0,-1
316.001,316.001,203,138,100,200,125,100,0,-2,0,-3,-13,0,0.0127,-0.0063,0.0016,0.9999,0,0,0,-1
316.101,316.101,203,137,100,200,125,100,0,-2,0,-3,-12,0,0.0133,-0.0054,0.0031,0.9999,-1,-5,0,-1
316.201,316.201,202,137,100,200,125,100,0,-2,0,-2,-12,0,0.0122,-0.0061,0.0037,0.9999,0,-4,0,-1
316.301,316.301,203,136,100,200,125,100,0,-2,0,-3,-11,0,0.0104,-0.0065,0.005,0.9999,0,-5,0,-1
316.411,316.411,202,136,100,200,125,100,0,-2,0,-2,-11,0,0.0064,-0.0071,0.0041,0.9999,0,-4,0,-1
316.511,316.511,202,135,100,200,125,100,0,-2,0,-2,-10,0,0.004,-0.0076,0.0025,1,-1,-5,0,-1
316.611,316.611,202,134,100,200,125,100,0,-2,0,-2,-9,0,0.0034,-0.0088,0.0006,1,0,-5,0,-1
316.701,316.701,202,134,100,200,125,100,0,-1,0,-2,-9,0,0.0034,-0.0088,0.0006,1,0,-2,0,0
316.811,316.811,202,133,100,200,125,100,0,-1,0,-2,-8,0,0.0035,-0.0089,-0.003,0.9999,0,-2,0,0
316.911,316.911,203,133,100,200,125,100,0,-1,0,-3,-8,0,0.0034,-0.0085,-0.0036,1,-1,-3,0,0
317.011,317.011,202,132,100,200,75,100,0,-16,0,-2,-57,0,0.0037,-0.0069,-0.0048,1,0,-2,0,-15
317.111,317.111,202,132,100,200,75,100,0,-16,0,-2,-57,0,0.004,-0.0055,-0.0046,1,0,-3,0,-15
317.211,317.211,202,131,100,200,75,100,0,-16,0,-2,-56,0,0.0046,-0.005,-0.0044,1,0,-5,0,-15
317.311,317.311,202,131,100,200,75,100,0,-16,0,-2,-56,0,0.0067,-0.0053,-0.0028,1,0,0,0,-15
317.411,317.411,202,131,100,200,75,100,0,-16,0,-2,-56,0,0.019,-0.0068,-0.001,0.9998,0,-6,0,-15
317.511,317.511,202,130,100,200,75,100,0,-16,0,-2,-55,0,0.025,-0.0077,0.0018,0.9997,0,-8,0,-15
317.611,317.611,202,128,100,200,75,100,0,-15,0,-2,-53,0,0.02,-0.007,0.0049,0.9998,0,-12,0,-14
317.711,317.711,202,127,100,200,75,100,0,-15,0,-2,-52,0,0.0114,-0.0072,0.0071,0.9999,0,-15,0,-14
317.811,317.811,201,125,100,200,75,100,0,-15,0,-1,-50,0,0.0053,-0.0079,0.0092,0.9999,-1,-16,0,-14
317.911,317.911,201,123,100,200,75,100,0,-14,0,-1,-48,0,0.0038,-0.007,0.0117,0.9999,-3,-16,0,-13
318.011,318.011,201,122,99,200,75,100,0,-14,0,-1,-47,1,0.0036,-0.0063,0.0114,0.9999,-1,-13,0,-13
318.111,318.111,201,120,99,200,75,100,0,-13,0,-1,-45,1,0.0038,-0.0054,0.0102,0.9999,-3,-14,0,-12
318.211,318.211,201,118,99,200,75,100,0,-13,0,-1,-43,1,0.0045,-0.0068,0.0089,0.9999,-3,-15,0,-12
318.311,318.311,201,116,99,200,75,100,0,-12,0,-1,-41,1,0.0045,-0.0063,0.0064,0.9999,-1,-15,0,-11
318.411,318.411,200,115,99,200,75,100,0,-12,0,0,-40,1,0.0042,-0.0062,0.0046,1,-1,-15,0,-11
318.511,318.511,200,113,99,200,75,100,0,-11,0,0,-38,1,0.0022,-0.0055,0.0031,1,-2,-13,0,-10
318.611,318.611,200,112,99,200,75,100,0,-11,0,0,-37,1,0.0035,-0.0046,0.0005,1,-2,-15,0,-10
318.711,318.711,200,110,99,200,75,100,0,-10,0,0,-35,1,0.0026,-0.0052,-0.0003,1,-3,-16,0,-9
318.811,318.811,200,108,98,200,75,100,0,-9,0,0,-33,2,0.0011,-0.0056,-0.0028,1,-4,-15,0,-8
318.911,318.911,200,106,98,200,75,100,0,-9,0,0,-31,2,-0.0001,-0.006,-0.0043,1,2,-9,0,-8
319.011,319.011,200,105,98,200,75,100,0,-9,0,0,-30,2,-0.0013,-0.0051,-0.0057,1,1,-10,0,-8
319.111,319.111,200,104,98,200,75,100,0,-9,0,0,-29,2,-0.0005,-0.0034,-0.0063,1,0,-12,0,-8
319.211,319.211,200,102,98,200,75,100,0,-8,0,0,-27,2,0.0007,-0.0024,-0.0077,1,0,-7,0,-7
319.311,319.311,199,101,98,200,75,100,0,-8,0,1,-26,2,0.0014,-0.003,-0.0083,1,2,-6,0,-7
319.411,319.411,199,99,98,200,75,100,0,-4,0,1,-24,2,0.0028,-0.0045,-0.0078,1,0,-6,0,-3
319.511,319.511,199,98,98,200,75,100,0,-4,0,1,-23,2,0.0033,-0.0053,-0.006,1,0,-5,0,-3
319.611,319.611,199,98,98,200,75,100,0,-4,0,1,-23,2,0.0023,-0.0066,-0.004,1,0,-10,0,-3
319.711,319.711,199,97,98,200,75,100,0,-3,0,1,-22,2,0.0006,-0.007,-0.0009,1,-1,-5,0,-2
319.811,319.811,199,96,98,200,75,100,0,-3,0,1,-21,2,-0.0012,-0.0055,0.0004,1,2,-4,0,-2
319.911,319.911,199,95,98,200,75,100,0,-3,0,1,-20,2,-0.0021,-0.0039,0.003,1,1,-5,0,-2
320.011,320.011,199,94,98,200,75,100,0,-3,0,1,-19,2,-0.0011,-0.0024,0.0045,1,-1,-4,0,-2
320.111,320.111,198,93,98,200,75,100,0,-3,0,2,-18,2,0.0008,-0.001,0.0059,1,0,-3,0,-2
320.211,320.211,198,93,98,200,75,100,0,-3,0,2,-18,2,0.0018,-0.0005,0.0054,1,-2,-9,0,-2
320.321,320.321,198,92,98,200,75,100,0,-3,0,2,-17,2,0.0012,-0.001,0.0037,1,0,-2,0,-2
320.421,320.421,198,91,98,200,75,100,0,-2,0,2,-16,2,-0.0006,-0.0027,0.0012,1,0,-4,0,-1
320.521,320.521,198,91,98,200,75,100,0,-2,0,2,-16,2,-0.0009,-0.0032,-0.0024,1,0,-3,0,-1
320.621,320.621,198,90,98,200,75,100,0,-2,0,2,-15,2,-0.0014,-0.0031,-0.0045,1,0,0,0,-1
320.721,320.721,198,90,98,200,75,100,0,-2,0,2,-15,2,-0.0015,-0.004,-0.0074,1,0,-1,0,-1
320.821,320.821,198,90,99,200,75,100,0,-2,0,2,-15,1,-0.0006,-0.0057,-0.0107,0.9999,0,-1,0,-1
320.921,320.921,198,90,99,200,75,100,0,-2,0,2,-15,1,-0.0007,-0.0067,-0.014,0.9999,0,-1,0,-1
321.021,321.021,198,90,99,200,75,100,0,-2,0,2,-15,1,0.0011,-0.0074,-0.0155,0.9999,-2,-1,0,-1
321.121,321.121,198,90,99,200,75,100,0,-2,0,2,-15,1,0.0057,-0.0053,-0.0166,0.9998,0,0,0,-1
321.221,321.221,197,90,99,200,75,100,0,-2,0,3,-15,1,0.0069,-0.0034,-0.0175,0.9998,-2,0,0,-1
321.321,321.321,197,90,99,200,75,100,0,-2,0,3,-15,1,0.0064,-0.0047,-0.0173,0.9998,1,0,0,-1
321.421,321.421,198,91,99,200,75,100,0,-2,0,2,-16,1,0.007,-0.0062,-0.0156,0.9998,2,1,0,-1
321.521,321.521,198,91,100,200,75,100,0,-2,0,2,-16,0,0.0063,-0.0064,-0.0131,0.9999,0,0,0,-1
321.621,321.621,198,91,100,200,75,100,0,-2,0,2,-16,0,0.0057,-0.0057,-0.0096,0.9999,0,0,0,-1
321.721,321.721,198,91,100,200,75,100,0,-2,0,2,-16,0,0.005,-0.0056,-0.0056,1,1,0,0,-1
321.821,321.821,198,91,100,200,75,100,0,-2,0,2,-16,0,0.005,-0.0057,-0.002,1,0,0,0,-1
321.921,321.921,198,91,100,200,75,100,0,-2,0,2,-16,0,0.003,-0.007,0.0014,1,0,0,0,-1
322.021,322.021,198,91,100,200,75,100,0,-2,0,2,-16,0,0.0045,-0.0072,0.0045,1,0,0,0,-1
322.121,322.121,198,91,101,200,75,100,0,-2,0,2,-16,-1,0.0033,-0.0062,0.0079,0.9999,0,0,0,-1
322.221,322.221,198,91,100,200,75,100,0,-2,0,2,-16,0,0.0025,-0.0038,0.01,0.9999,-1,0,0,-1
322.321,322.321,198,91,100,200,75,100,0,-2,0,2,-16,0,0.0011,-0.0042,0.0104,0.9999,0,0,0,-1
322.421,322.421,198,91,100,200,75,100,0,-2,0,2,-16,0,0.0004,-0.0056,0.01,0.9999,-1,0,0,-1
322.521,322.521,198,92,100,200,75,100,0,-3,0,2,-17,0,0.003,-0.0061,0.0077,0.9999,0,0,0,-2
322.621,322.621,198,92,100,200,75,100,0,-3,0,2,-17,0,0.0044,-0.0068,0.0063,0.9999,-2,0,0,-2
322.721,322.721,198,92,100,200,75,100,0,-3,0,2,-17,0,0.0061,-0.0071,0.0048,0.9999,-2,1,0,-2
322.821,322.821,198,93,100,200,75,100,0,-3,0,2,-18,0,0.0072,-0.0048,0.0039,1,-4,0,0,-2
322.921,322.921,197,93,100,200,75,100,0,-3,0,3,-18,0,0.0067,-0.0045,0.0013,1,0,0,0,-2
323.021,323.021,197,93,100,200,75,100,0,-3,0,3,-18,0,0.005,-0.0041,0.0007,1,-1,0,0,-2
323.121,323.121,197,93,99,200,75,100,0,-3,0,3,-18,1,0.0035,-0.0031,-0.0012,1,-9,0,0,-2
323.221,323.221,196,93,99,200,75,100,0,-3,0,4,-18,1,0.0029,-0.0026,-0.0022,1,-9,0,0,-2
323.321,323.321,196,93,100,200,75,100,0,-3,0,4,-18,0,0.0051,-0.0024,-0.0028,1,-4,0,0,-2
323.421,323.421,196,94,100,200,75,100,0,-3,0,4,-19,0,0.0049,-0.0016,-0.0023,1,-3,1,0,-2
323.521,323.521,195,94,100,200,75,100,1,-3,0,5,-19,0,0.0053,-0.0001,-0.0025,1,-1,1,1,-2
323.621,323.621,195,94,100,200,75,100,1,-3,0,5,-19,0,0.0041,0.0006,-0.0013,1,-2,0,1,-2
323.721,323.721,195,94,100,200,75,100,1,-3,0,5,-19,0,0.0032,0.0016,-0.0006,1,-4,0,1,-2
323.821,323.821,194,95,100,200,75,100,1,-3,0,6,-20,0,0.0035,0.002,0.0003,1,-6,1,0,-3
323.921,323.921,194,95,100,200,75,100,1,-3,0,6,-20,0,0.003,0.0028,0.0025,1,-3,1,0,-3
324.021,324.021,194,95,100,200,75,100,1,-3,0,6,-20,0,0.0039,0.003,0.0028,1,-4,2,0,-3
324.121,324.121,194,96,100,200,75,100,1,-3,0,6,-21,0,0.0057,0.0016,0.0032,1,-1,1,0,-3
324.231,324.231,194,96,100,200,75,100,1,-3,0,6,-21,0,0.0066,-0.0013,0.0029,1,-1,1,0,-3
324.331,324.331,194,96,100,200,75,100,1,-3,0,6,-21,0,0.0074,-0.0022,0.0042,1,-3,1,0,-3
324.431,324.431,193,97,100,200,75,100,1,-3,0,7,-22,0,0.0063,0.0003,0.0051,1,-3,0,0,-3
324.531,324.531,193,97,100,200,75,100,1,-3,0,7,-22,0,0.0069,0.0036,0.0045,1,-3,-1,0,-3
324.631,324.631,193,97,99,200,75,100,1,-3,0,7,-22,1,0.0075,0.0047,0.0008,1,3,2,0,-3
324.731,324.731,193,97,100,200,75,100,1,-3,0,7,-22,0,0.0083,0.0024,-0.0021,1,1,1,1,-2
324.831,324.831,193,98,100,200,75,100,1,-4,0,7,-23,0,0.0068,-0.0011,-0.0046,1,0,2,1,-3
324.931,324.931,194,98,99,200,75,100,1,-4,0,6,-23,1,0.0061,-0.0026,-0.0082,0.9999,1,0,1,-3
325.031,325.031,194,98,99,200,75,100,1,-4,0,6,-23,1,0.0054,-0.0024,-0.0111,0.9999,-2,0,1,-3
325.131,325.131,194,98,99,200,75,100,1,-4,0,6,-23,1,0.0047,-0.0002,-0.0131,0.9999,-3,0,1,-3
325.231,325.231,194,99,99,200,75,100,1,-4,0,6,-24,1,0.0062,0.0005,-0.0135,0.9999,-3,0,1,-3
325.331,325.331,195,99,100,200,75,100,1,-4,0,5,-24,0,0.0089,0.0005,-0.0132,0.9999,-3,0,1,-3
325.431,325.431,195,100,100,200,75,100,1,-7,0,5,-25,0,0.0104,-0.0009,-0.0128,0.9999,2,0,1,-6
325.531,325.531,195,100,99,200,75,100,1,-7,0,5,-25,1,0.0105,-0.0037,-0.0117,0.9999,6,1,1,-6
325.631,325.631,196,100,99,200,75,100,0,-7,0,4,-25,1,0.009,-0.0048,-0.0105,0.9999,2,0,0,-6
325.731,325.731,197,99,99,200,75,100,0,-4,0,3,-24,1,0.0072,-0.0045,-0.0086,0.9999,-2,1,0,-3
325.831,325.831,197,99,99,200,75,100,0,-4,0,3,-24,1,0.0089,-0.0029,-0.0073,0.9999,1,0,0,-3
325.931,325.931,197,100,99,200,75,100,0,-7,0,3,-25,1,0.0093,-0.0024,-0.0065,0.9999,9,1,0,-6
326.031,326.031,198,99,99,200,75,100,0,-4,0,2,-24,1,0.0088,-0.0041,-0.0059,0.9999,4,-1,0,-3
326.131,326.131,198,99,99,200,75,100,0,-4,0,2,-24,1,0.0058,-0.0069,-0.0058,0.9999,1,1,0,-3
326.231,326.231,199,99,99,200,75,100,0,-4,0,1,-24,1,0.0066,-0.0072,-0.0061,0.9999,0,1,0,-3
326.331,326.331,200,100,99,200,75,100,0,-7,0,0,-25,1,0.0093,-0.0051,-0.0055,0.9999,2,-2,0,-6
326.431,326.431,200,100,99,200,75,100,0,-7,0,0,-25,1,0.0078,-0.0031,-0.0054,1,4,0,0,-6
326.531,326.531,200,99,99,200,75,100,0,-4,0,0,-24,1,0.0074,-0.0012,-0.0053,1,2,0,0,-3
326.631,326.631,200,99,99,200,75,100,0,-4,0,0,-24,1,0.006,-0.0001,-0.0046,1,0,0,0,-3
326.731,326.731,201,99,97,200,75,100,0,-4,0,-1,-24,3,0.005,-0.0001,-0.0043,1,1,0,0,-3
326.831,326.831,201,98,94,200,75,100,0,-4,2,-1,-23,6,0.0068,-0.0013,-0.0027,1,3,0,0,-3
326.931,326.931,202,99,90,200,75,100,0,-4,4,-2,-24,10,0.0074,-0.0028,-0.002,1,3,-1,0,-3
327.031,327.031,202,99,85,200,75,100,0,-4,6,-2,-24,15,0.007,-0.0051,-0.0009,1,2,0,0,-3
327.131,327.131,203,99,79,200,75,100,0,-4,9,-3,-24,21,0.0079,-0.0059,0.0016,0.9999,3,0,0,-3
327.231,327.231,203,99,74,200,75,100,0,-4,11,-3,-24,26,0.008,-0.0066,0.0035,0.9999,2,0,0,-3
327.331,327.331,204,99,69,200,75,100,0,-4,14,-4,-24,31,0.0088,-0.005,0.0065,0.9999,1,-2,0,-3
327.431,327.431,204,98,65,200,75,100,0,-4,16,-4,-23,35,0.0067,-0.0025,0.0092,0.9999,1,0,0,-3
327.531,327.531,204,98,61,200,75,100,0,-4,17,-4,-23,39,0.0063,-0.0005,0.0115,0.9999,1,0,0,-3
327.631,327.631,204,98,57,200,75,100,0,-4,19,-4,-23,43,0.0066,-0.0008,0.0122,0.9999,1,0,0,-3
327.731,327.731,204,98,57,200,75,100,0,-4,19,-4,-23,43,0.0066,-0.0008,0.0122,0.9999,1,0,0,-3
327.831,327.831,204,98,53,200,75,100,0,-4,20,-4,-23,47,0.0066,-0.0024,0.0151,0.9999,1,0,0,-3
327.931,327.931,205,98,50,200,75,100,0,-4,20,-5,-23,50,0.0065,-0.0032,0.0166,0.9998,1,0,0,-3
328.031,328.031,205,98,46,200,75,100,0,-4,20,-5,-23,54,0.0062,-0.0033,0.0177,0.9998,2,-2,0,-3
328.131,328.131,205,98,42,200,75,100,0,-4,20,-5,-23,58,0.0067,-0.0032,0.0189,0.9998,0,-1,0,-3
328.231,328.231,205,97,39,200,75,100,0,-3,20,-5,-22,61,0.0071,-0.0029,0.0195,0.9998,0,-1,0,-2
328.341,328.341,205,97,35,200,75,100,0,-3,20,-5,-22,65,0.0071,-0.0025,0.0201,0.9998,0,-1,0,-2
328.441,328.441,205,97,31,200,75,100,0,-3,20,-5,-22,69,0.0085,-0.0022,0.0187,0.9998,0,-2,0,-2
328.541,328.541,205,97,27,200,75,100,0,-3,20,-5,-22,73,0.0091,-0.0028,0.0175,0.9998,0,-1,0,-2
328.641,328.641,206,97,23,200,75,100,0,-3,20,-6,-22,77,0.0081,-0.0033,0.0173,0.9998,0,-1,0,-2
328.741,328.741,206,97,20,200,75,100,0,-3,20,-6,-22,80,0.006,-0.0026,0.0178,0.9998,0,-2,0,-2
328.841,328.841,206,97,20,200,75,100,0,-3,20,-6,-22,80,0.006,-0.0026,0.0178,0.9998,1,-2,0,-2
328.941,328.941,206,96,9,200,75,100,0,-3,20,-6,-21,91,0.0044,0.0015,0.0225,0.9997,6,1,0,-2
329.041,329.041,206,96,7,200,75,100,0,-3,20,-6,-21,93,0.0051,-0.0019,0.0219,0.9997,4,6,0,-2
329.141,329.141,206,96,7,200,75,100,0,-3,20,-6,-21,93,0.0051,-0.0019,0.0219,0.9997,0,0,0,-2
329.241,329.241,198,91,15,200,75,100,0,-2,20,2,-16,85,0.0035,0.0059,0.019,0.9998,-35,-16,0,-1
329.341,329.341,197,92,29,200,75,100,0,-3,20,3,-17,71,0.009,0.0044,0.0168,0.9998,-38,1,0,-2
329.441,329.441,197,92,29,200,75,100,0,-3,20,3,-17,71,0.009,0.0044,0.0168,0.9998,-38,1,0,-2
329.541,329.541,196,98,39,200,75,100,0,-4,20,4,-23,61,0.0109,-0.0017,0.014,0.9998,-19,20,0,-3
329.641,329.641,200,103,38,200,75,100,0,-8,20,0,-28,62,0.0099,-0.0037,0.0146,0.9998,4,15,0,-7
329.741,329.741,207,100,27,200,75,100,0,-7,20,-7,-25,73,0.0067,-0.0038,0.0138,0.9999,13,0,0,-6
329.841,329.841,207,100,27,200,75,100,0,-7,20,-7,-25,73,0.0067,-0.0038,0.0138,0.9999,14,0,0,-6
329.941,329.941,210,97,14,200,75,100,0,-3,20,-10,-22,86,0.0061,-0.0047,0.0141,0.9999,7,-7,0,-2
330.041,330.041,210,97,14,200,75,100,0,-3,20,-10,-22,86,0.0057,-0.0048,0.0141,0.9999,5,-8,0,-2
330.141,330.141,210,91,-11,200,75,100,0,-3,20,-10,-16,111,0.0029,-0.0037,0.0142,0.9999,2,-11,0,-2
330.241,330.241,207,95,-6,200,75,100,0,-3,20,-7,-20,106,0.001,-0.0046,0.0141,0.9999,-4,4,0,-2
330.341,330.341,206,98,7,200,75,100,0,-4,20,-6,-23,93,0,-0.0046,0.0137,0.9999,-3,5,0,-3
330.441,330.441,205,97,19,200,75,100,0,-3,20,-5,-22,81,0,-0.0033,0.0136,0.9999,0,0,0,-2
330.541,330.541,205,97,29,200,75,100,0,-3,20,-5,-22,71,0.0022,-0.0035,0.0136,0.9999,0,0,0,-2
330.641,330.641,206,96,33,200,75,100,0,-3,20,-6,-21,67,0.0042,-0.004,0.0137,0.9999,0,0,0,-2
330.741,330.741,206,97,29,200,75,100,0,-3,20,-6,-22,71,0.0033,-0.0042,0.0137,0.9999,0,0,0,-2
330.841,330.841,206,97,23,200,75,100,0,-3,20,-6,-22,77,0.0034,-0.0049,0.0135,0.9999,0,0,0,-2
330.941,330.941,207,97,15,200,75,100,0,-3,20,-7,-22,85,0.0034,-0.0059,0.0136,0.9999,0,0,0,-2
331.041,331.041,207,97,7,200,75,100,0,-3,20,-7,-22,93,0.0019,-0.005,0.0138,0.9999,0,0,0,-2
331.141,331.141,207,96,2,200,75,100,0,-3,20,-7,-21,98,0.0005,-0.0039,0.0138,0.9999,0,-1,0,-2
331.241,331.241,207,96,3,200,75,100,0,-3,20,-7,-21,97,0.0005,-0.0036,0.0138,0.9999,0,-1,0,-2
331.341,331.341,207,95,-1,200,75,100,0,-3,20,-7,-20,101,-0.0001,-0.0034,0.0134,0.9999,0,-1,0,-2
331.441,331.441,207,96,5,200,75,100,0,-3,20,-7,-21,95,0,-0.0036,0.0137,0.9999,0,0,0,-2
331.541,331.541,207,96,12,200,75,100,0,-3,20,-7,-21,88,-0.0007,-0.0029,0.0134,0.9999,0,1,0,-2
331.641,331.641,206,96,19,200,75,100,0,-3,20,-6,-21,81,0.0004,-0.0025,0.0138,0.9999,-1,3,0,-2
