T_REL,T_ABS,RADAR_POS_X,RADAR_POS_Y,RADAR_POS_Z,TARGET_POS_X,TARGET_POS_Y,TARGET_POS_Z,CMD_SPEED_X,CMD_SPEED_Y,CMD_SPEED_Z,ERROR_X,ERROR_Y,ERROR_Z
-62.791000,0.000000,0.000000,0.000000,0.000000,0.000000,0.000000,0.000000,0.000000,0.000000,0.000000,0.000000,0.000000,0.000000
0.010000,62.801000,0.000000,1.000000,0.000000,0.000000,0.000000,0.000000,0.000000,0.000000,0.000000,0.000000,-1.000000,0.000000
0.030000,62.821000,1.000000,0.000000,0.000000,0.000000,0.000000,0.000000,0.000000,0.000000,0.000000,-1.000000,0.000000,0.000000
0.130000,62.921000,0.000000,0.000000,0.000000,0.000000,0.000000,0.000000,0.000000,0.000000,0.000000,0.000000,0.000000,0.000000
0.530000,63.321000,1.000000,0.000000,0.000000,0.000000,0.000000,0.000000,0.000000,0.000000,0.000000,-1.000000,0.000000,0.000000
0.830000,63.621000,0.000000,0.000000,0.000000,0.000000,0.000000,0.000000,0.000000,0.000000,0.000000,0.000000,0.000000,0.000000
0.930000,63.721000,1.000000,0.000000,1.000000,0.000000,0.000000,0.000000,0.000000,0.000000,0.000000,-1.000000,0.000000,-1.000000
1.030000,63.821000,0.000000,0.000000,0.000000,0.000000,0.000000,0.000000,0.000000,0.000000,0.000000,0.000000,0.000000,0.000000
1.130000,63.921000,1.000000,0.000000,0.000000,0.000000,0.000000,0.000000,0.000000,0.000000,0.000000,-1.000000,0.000000,0.000000
1.430000,64.221000,1.000000,1.000000,0.000000,0.000000,0.000000,0.000000,0.000000,0.000000,0.000000,-1.000000,-1.000000,0.000000
1.530000,64.321000,1.000000,0.000000,0.000000,0.000000,0.000000,0.000000,0.000000,0.000000,0.000000,-1.000000,0.000000,0.000000
1.630000,64.421000,1.000000,0.000000,1.000000,0.000000,0.000000,0.000000,0.000000,0.000000,0.000000,-1.000000,0.000000,-1.000000
1.730000,64.521000,1.000000,1.000000,1.000000,0.000000,0.000000,0.000000,0.000000,0.000000,0.000000,-1.000000,-1.000000,-1.000000
1.830000,64.621000,1.000000,0.000000,1.000000,0.000000,0.000000,0.000000,0.000000,0.000000,0.000000,-1.000000,0.000000,-1.000000
1.930000,64.721000,1.000000,1.000000,0.000000,0.000000,0.000000,0.000000,0.000000,0.000000,0.000000,-1.000000,-1.000000,0.000000
2.030000,64.821000,1.000000,0.000000,0.000000,0.000000,0.000000,0.000000,0.000000,0.000000,0.000000,-1.000000,0.000000,0.000000
3.030000,65.821000,1.000000,1.000000,0.000000,0.000000,0.000000,0.000000,0.000000,0.000000,0.000000,-1.000000,-1.000000,0.000000
3.330000,66.121000,0.000000,1.000000,0.000000,0.000000,0.000000,0.000000,0.000000,0.000000,0.000000,0.000000,-1.000000,0.000000
3.550000,66.341000,1.000000,1.000000,0.000000,0.000000,0.000000,0.000000,0.000000,0.000000,0.000000,-1.000000,-1.000000,0.000000
3.850000,66.641000,0.000000,1.000000,0.000000,0.000000,0.000000,0.000000,0.000000,0.000000,0.000000,0.000000,-1.000000,0.000000
4.250000,67.041000,1.000000,1.000000,0.000000,0.000000,0.000000,0.000000,0.000000,0.000000,0.000000,-1.000000,-1.000000,0.000000
4.350000,67.141000,0.000000,1.000000,0.000000,0.000000,0.000000,0.000000,0.000000,0.000000,0.000000,0.000000,-1.000000,0.000000
4.450000,67.241000,1.000000,1.000000,0.000000,0.000000,0.000000,0.000000,0.000000,0.000000,0.000000,-1.000000,-1.000000,0.000000
4.550000,67.341000,1.000000,1.000000,1.000000,0.000000,0.000000,0.000000,0.000000,0.000000,0.000000,-1.000000,-1.000000,-1.000000
4.650000,67.441000,1.000000,1.000000,0.000000,0.000000,0.000000,0.000000,0.000000,0.000000,0.000000,-1.000000,-1.000000,0.000000
6.650000,69.441000,1.000000,1.000000,1.000000,0.000000,0.000000,0.000000,0.000000,0.000000,0.000000,-1.000000,-1.000000,-1.000000
6.750000,69.541000,1.000000,1.000000,0.000000,0.000000,0.000000,0.000000,0.000000,0.000000,0.000000,-1.000000,-1.000000,0.000000
7.050000,69.841000,1.000000,1.000000,1.000000,0.000000,0.000000,0.000000,0.000000,0.000000,0.000000,-1.000000,-1.000000,-1.000000
7.450000,70.241000,1.000000,1.000000,0.000000,0.000000,0.000000,0.000000,0.000000,0.000000,0.000000,-1.000000,-1.000000,0.000000
7.850000,70.641000,1.000000,1.000000,1.000000,0.000000,0.000000,0.000000,0.000000,0.000000,0.000000,-1.000000,-1.000000,-1.000000
8.250000,71.041000,1.000000,1.000000,0.000000,0.000000,0.000000,0.000000,0.000000,0.000000,0.000000,-1.000000,-1.000000,0.000000
8.950000,71.741000,1.000000,1.000000,1.000000,0.000000,0.000000,0.000000,0.000000,0.000000,0.000000,-1.000000,-1.000000,-1.000000
9.550000,72.341000,1.000000,1.000000,0.000000,0.000000,0.000000,0.000000,0.000000,0.000000,0.000000,-1.000000,-1.000000,0.000000
9.650000,72.441000,1.000000,1.000000,1.000000,0.000000,0.000000,0.000000,0.000000,0.000000,0.000000,-1.000000,-1.000000,-1.000000
9.750000,72.541000,1.000000,1.000000,0.000000,0.000000,0.000000,0.000000,0.000000,0.000000,0.000000,-1.000000,-1.000000,0.000000
9.850000,72.641000,1.000000,1.000000,1.000000,0.000000,0.000000,0.000000,0.000000,0.000000,0.000000,-1.000000,-1.000000,-1.000000
10.150000,72.941000,1.000000,1.000000,0.000000,0.000000,0.000000,0.000000,0.000000,0.000000,0.000000,-1.000000,-1.000000,0.000000
10.850000,73.641000,1.000000,1.000000,1.000000,0.000000,0.000000,0.000000,0.000000,0.000000,0.000000,-1.000000,-1.000000,-1.000000
11.450000,74.241000,1.000000,1.000000,0.000000,0.000000,0.000000,0.000000,0.000000,0.000000,0.000000,-1.000000,-1.000000,0.000000
11.550000,74.341000,1.000000,1.000000,1.000000,0.000000,0.000000,0.000000,0.000000,0.000000,0.000000,-1.000000,-1.000000,-1.000000
13.770000,76.561000,1.000000,1.000000,0.000000,0.000000,0.000000,0.000000,0.000000,0.000000,0.000000,-1.000000,-1.000000,0.000000
13.870000,76.661000,1.000000,1.000000,1.000000,0.000000,0.000000,0.000000,0.000000,0.000000,0.000000,-1.000000,-1.000000,-1.000000
14.970000,77.761000,1.000000,1.000000,0.000000,0.000000,0.000000,0.000000,0.000000,0.000000,0.000000,-1.000000,-1.000000,0.000000
15.070000,77.861000,1.000000,1.000000,1.000000,0.000000,0.000000,0.000000,0.000000,0.000000,0.000000,-1.000000,-1.000000,-1.000000
15.770000,78.561000,0.000000,1.000000,0.000000,0.000000,0.000000,0.000000,0.000000,0.000000,0.000000,0.000000,-1.000000,0.000000
15.870000,78.661000,1.000000,1.000000,0.000000,0.000000,0.000000,0.000000,0.000000,0.000000,0.000000,-1.000000,-1.000000,0.000000
15.970000,78.761000,1.000000,1.000000,1.000000,0.000000,0.000000,0.000000,0.000000,0.000000,0.000000,-1.000000,-1.000000,-1.000000
23.490000,86.281000,1.000000,1.000000,0.000000,0.000000,0.000000,0.000000,0.000000,0.000000,0.000000,-1.000000,-1.000000,0.000000
23.590000,86.381000,1.000000,1.000000,1.000000,0.000000,0.000000,0.000000,0.000000,0.000000,0.000000,-1.000000,-1.000000,-1.000000
24.390000,87.181000,1.000000,1.000000,2.000000,0.000000,0.000000,0.000000,0.000000,0.000000,0.000000,-1.000000,-1.000000,-2.000000
24.490000,87.281000,0.000000,0.000000,,0.000000,0.000000,140.000000,0.000000,0.000000,20.000000,0.000000,0.000000,
25.290000,88.081000,0.000000,0.000000,0.000000,0.000000,0.000000,140.000000,0.000000,0.000000,20.000000,0.000000,0.000000,140.000000
25.490000,88.281000,0.000000,0.000000,1.000000,0.000000,0.000000,140.000000,0.000000,0.000000,20.000000,0.000000,0.000000,139.000000
25.590000,88.381000,1.000000,,3.000000,0.000000,0.000000,140.000000,0.000000,0.000000,20.000000,-1.000000,,137.000000
25.690000,88.481000,1.000000,,4.000000,0.000000,0.000000,140.000000,0.000000,0.000000,20.000000,-1.000000,,136.000000
25.790000,88.581000,1.000000,,6.000000,0.000000,0.000000,140.000000,0.000000,0.000000,20.000000,-1.000000,,134.000000
25.890000,88.681000,1.000000,,8.000000,0.000000,0.000000,140.000000,0.000000,0.000000,20.000000,-1.000000,,132.000000
25.990000,88.781000,2.000000,,9.000000,0.000000,0.000000,140.000000,,0.000000,20.000000,-2.000000,,131.000000
26.090000,88.881000,2.000000,0.000000,11.000000,0.000000,0.000000,140.000000,,0.000000,20.000000,-2.000000,0.000000,129.000000
26.190000,88.981000,1.000000,0.000000,13.000000,0.000000,0.000000,140.000000,,0.000000,20.000000,-1.000000,0.000000,127.000000
26.290000,89.081000,1.000000,0.000000,14.000000,0.000000,0.000000,140.000000,0.000000,0.000000,20.000000,-1.000000,0.000000,126.000000
26.390000,89.181000,1.000000,0.000000,16.000000,0.000000,0.000000,140.000000,0.000000,0.000000,20.000000,-1.000000,0.000000,124.000000
26.490000,89.281000,1.000000,0.000000,17.000000,0.000000,0.000000,140.000000,0.000000,0.000000,20.000000,-1.000000,0.000000,123.000000
26.590000,89.381000,1.000000,0.000000,19.000000,0.000000,0.000000,140.000000,0.000000,0.000000,20.000000,-1.000000,0.000000,121.000000
26.690000,89.481000,1.000000,0.000000,20.000000,0.000000,0.000000,140.000000,0.000000,0.000000,20.000000,-1.000000,0.000000,120.000000
26.790000,89.581000,1.000000,0.000000,22.000000,0.000000,0.000000,140.000000,0.000000,0.000000,20.000000,-1.000000,0.000000,118.000000
26.890000,89.681000,2.000000,1.000000,24.000000,0.000000,0.000000,140.000000,,0.000000,20.000000,-2.000000,-1.000000,116.000000
26.990000,89.781000,1.000000,1.000000,26.000000,0.000000,0.000000,140.000000,,0.000000,20.000000,-1.000000,-1.000000,114.000000
27.090000,89.881000,1.000000,1.000000,28.000000,0.000000,0.000000,140.000000,0.000000,0.000000,20.000000,-1.000000,-1.000000,112.000000
27.190000,89.981000,1.000000,1.000000,30.000000,0.000000,0.000000,140.000000,0.000000,0.000000,20.000000,-1.000000,-1.000000,110.000000
27.290000,90.081000,1.000000,1.000000,33.000000,0.000000,0.000000,140.000000,0.000000,0.000000,20.000000,-1.000000,-1.000000,107.000000
27.390000,90.181000,1.000000,1.000000,35.000000,0.000000,0.000000,140.000000,0.000000,0.000000,20.000000,-1.000000,-1.000000,105.000000
27.490000,90.281000,1.000000,1.000000,37.000000,0.000000,0.000000,140.000000,0.000000,0.000000,20.000000,-1.000000,-1.000000,103.000000
27.590000,90.381000,1.000000,1.000000,39.000000,0.000000,0.000000,140.000000,0.000000,0.000000,20.000000,-1.000000,-1.000000,101.000000
27.690000,90.481000,1.000000,2.000000,41.000000,0.000000,0.000000,140.000000,0.000000,,20.000000,-1.000000,-2.000000,99.000000
27.790000,90.581000,1.000000,2.000000,44.000000,0.000000,0.000000,140.000000,,,20.000000,-1.000000,-2.000000,96.000000
27.890000,90.681000,1.000000,3.000000,47.000000,0.000000,0.000000,140.000000,,,20.000000,-1.000000,-3.000000,93.000000
27.990000,90.781000,1.000000,3.000000,49.000000,0.000000,0.000000,140.000000,,,20.000000,-1.000000,-3.000000,91.000000
28.090000,90.881000,1.000000,4.000000,51.000000,0.000000,0.000000,140.000000,,,20.000000,-1.000000,-4.000000,89.000000
28.190000,90.981000,1.000000,4.000000,54.000000,0.000000,0.000000,140.000000,,,20.000000,-1.000000,-4.000000,86.000000
28.290000,91.081000,0.000000,5.000000,56.000000,0.000000,0.000000,140.000000,,,20.000000,0.000000,-5.000000,84.000000
28.390000,91.181000,0.000000,5.000000,59.000000,0.000000,0.000000,140.000000,,,20.000000,0.000000,-5.000000,81.000000
28.490000,91.281000,1.000000,5.000000,61.000000,0.000000,0.000000,140.000000,,,20.000000,-1.000000,-5.000000,79.000000
28.610000,91.401000,1.000000,6.000000,63.000000,0.000000,0.000000,140.000000,0.000000,0.000000,20.000000,-1.000000,-6.000000,77.000000
28.710000,91.501000,1.000000,6.000000,65.000000,0.000000,0.000000,140.000000,0.000000,0.000000,20.000000,-1.000000,-6.000000,75.000000
28.810000,91.601000,1.000000,6.000000,67.000000,0.000000,0.000000,140.000000,0.000000,0.000000,20.000000,-1.000000,-6.000000,73.000000
28.910000,91.701000,1.000000,6.000000,69.000000,0.000000,0.000000,140.000000,0.000000,0.000000,20.000000,-1.000000,-6.000000,71.000000
29.010000,91.801000,1.000000,6.000000,71.000000,0.000000,0.000000,140.000000,0.000000,0.000000,20.000000,-1.000000,-6.000000,69.000000
29.110000,91.901000,1.000000,7.000000,73.000000,0.000000,0.000000,140.000000,0.000000,0.000000,20.000000,-1.000000,-7.000000,67.000000
29.210000,92.001000,1.000000,7.000000,75.000000,0.000000,0.000000,140.000000,0.000000,0.000000,20.000000,-1.000000,-7.000000,65.000000
29.310000,92.101000,1.000000,8.000000,77.000000,0.000000,0.000000,140.000000,0.000000,0.000000,20.000000,-1.000000,-8.000000,63.000000
29.410000,92.201000,1.000000,8.000000,79.000000,0.000000,0.000000,140.000000,0.000000,0.000000,20.000000,-1.000000,-8.000000,61.000000
29.510000,92.301000,0.000000,8.000000,81.000000,0.000000,0.000000,140.000000,0.000000,0.000000,20.000000,0.000000,-8.000000,59.000000
29.610000,92.401000,0.000000,9.000000,83.000000,0.000000,0.000000,140.000000,0.000000,0.000000,20.000000,0.000000,-9.000000,57.000000
29.710000,92.501000,0.000000,9.000000,85.000000,0.000000,0.000000,140.000000,0.000000,0.000000,20.000000,0.000000,-9.000000,55.000000
29.810000,92.601000,0.000000,10.000000,87.000000,0.000000,0.000000,140.000000,0.000000,0.000000,20.000000,0.000000,-10.000000,53.000000
29.910000,92.701000,0.000000,11.000000,89.000000,0.000000,0.000000,140.000000,0.000000,0.000000,20.000000,0.000000,-11.000000,51.000000
30.010000,92.801000,0.000000,11.000000,91.000000,0.000000,0.000000,140.000000,0.000000,0.000000,20.000000,0.000000,-11.000000,49.000000
30.110000,92.901000,0.000000,11.000000,93.000000,0.000000,0.000000,140.000000,0.000000,0.000000,20.000000,0.000000,-11.000000,47.000000
30.210000,93.001000,0.000000,12.000000,95.000000,0.000000,0.000000,140.000000,0.000000,0.000000,20.000000,0.000000,-12.000000,45.000000
30.310000,93.101000,,12.000000,98.000000,0.000000,0.000000,140.000000,0.000000,0.000000,0.000000,,-12.000000,42.000000
30.410000,93.201000,,12.000000,100.000000,0.000000,0.000000,140.000000,0.000000,0.000000,18.000000,,-12.000000,40.000000
30.510000,93.301000,,13.000000,102.000000,0.000000,0.000000,140.000000,0.000000,0.000000,17.000000,,-13.000000,38.000000
30.610000,93.401000,,13.000000,105.000000,0.000000,0.000000,140.000000,0.000000,0.000000,0.000000,,-13.000000,35.000000
30.710000,93.501000,,14.000000,107.000000,0.000000,0.000000,140.000000,0.000000,0.000000,0.000000,,-14.000000,33.000000
30.810000,93.601000,,14.000000,109.000000,0.000000,0.000000,140.000000,0.000000,0.000000,14.000000,,-14.000000,31.000000
30.910000,93.701000,,15.000000,111.000000,0.000000,0.000000,140.000000,0.000000,0.000000,13.000000,,-15.000000,29.000000
31.010000,93.801000,,15.000000,112.000000,0.000000,0.000000,140.000000,0.000000,0.000000,12.000000,,-15.000000,28.000000
31.110000,93.901000,-2.000000,15.000000,114.000000,0.000000,0.000000,140.000000,0.000000,0.000000,0.000000,2.000000,-15.000000,26.000000
31.210000,94.001000,-2.000000,15.000000,115.000000,0.000000,0.000000,140.000000,0.000000,0.000000,0.000000,2.000000,-15.000000,25.000000
31.310000,94.101000,-2.000000,15.000000,117.000000,0.000000,0.000000,140.000000,0.000000,0.000000,0.000000,2.000000,-15.000000,23.000000
31.410000,94.201000,-2.000000,16.000000,118.000000,0.000000,0.000000,140.000000,0.000000,0.000000,10.000000,2.000000,-16.000000,22.000000
31.510000,94.301000,-2.000000,16.000000,119.000000,0.000000,0.000000,140.000000,0.000000,0.000000,9.000000,2.000000,-16.000000,21.000000
31.610000,94.401000,-2.000000,16.000000,121.000000,0.000000,0.000000,140.000000,0.000000,0.000000,0.000000,2.000000,-16.000000,19.000000
31.710000,94.501000,-2.000000,16.000000,122.000000,0.000000,0.000000,140.000000,0.000000,0.000000,0.000000,2.000000,-16.000000,18.000000
31.810000,94.601000,-2.000000,16.000000,123.000000,0.000000,0.000000,140.000000,0.000000,0.000000,0.000000,2.000000,-16.000000,17.000000
31.910000,94.701000,-2.000000,16.000000,124.000000,0.000000,0.000000,140.000000,0.000000,0.000000,7.000000,2.000000,-16.000000,16.000000
32.010000,94.801000,-2.000000,15.000000,125.000000,0.000000,0.000000,140.000000,0.000000,0.000000,6.000000,2.000000,-15.000000,15.000000
32.110000,94.901000,-2.000000,16.000000,126.000000,0.000000,0.000000,140.000000,0.000000,0.000000,0.000000,2.000000,-16.000000,14.000000
32.210000,95.001000,-2.000000,15.000000,127.000000,0.000000,0.000000,140.000000,0.000000,0.000000,0.000000,2.000000,-15.000000,13.000000
32.310000,95.101000,-2.000000,15.000000,128.000000,0.000000,0.000000,140.000000,0.000000,0.000000,0.000000,2.000000,-15.000000,12.000000
32.410000,95.201000,-2.000000,15.000000,129.000000,0.000000,0.000000,140.000000,0.000000,0.000000,5.000000,2.000000,-15.000000,11.000000
32.510000,95.301000,-2.000000,15.000000,130.000000,0.000000,0.000000,140.000000,0.000000,0.000000,4.000000,2.000000,-15.000000,10.000000
32.610000,95.401000,-2.000000,15.000000,131.000000,0.000000,0.000000,140.000000,0.000000,0.000000,0.000000,2.000000,-15.000000,9.000000
32.810000,95.601000,-2.000000,15.000000,132.000000,0.000000,0.000000,140.000000,1.000000,-3.000000,3.000000,2.000000,-15.000000,8.000000
32.910000,95.701000,-3.000000,15.000000,132.000000,0.000000,0.000000,140.000000,1.000000,-3.000000,3.000000,3.000000,-15.000000,8.000000
33.010000,95.801000,-2.000000,14.000000,133.000000,0.000000,0.000000,140.000000,1.000000,-3.000000,2.000000,2.000000,-14.000000,7.000000
33.210000,96.001000,-2.000000,14.000000,134.000000,0.000000,0.000000,140.000000,1.000000,-3.000000,2.000000,2.000000,-14.000000,6.000000
33.310000,96.101000,-3.000000,14.000000,134.000000,0.000000,75.000000,140.000000,1.000000,22.000000,2.000000,3.000000,61.000000,6.000000
33.410000,96.201000,-3.000000,13.000000,135.000000,0.000000,75.000000,140.000000,1.000000,22.000000,1.000000,3.000000,62.000000,5.000000
33.610000,96.401000,-2.000000,13.000000,136.000000,0.000000,75.000000,140.000000,1.000000,22.000000,1.000000,2.000000,62.000000,4.000000
33.910000,96.701000,-2.000000,14.000000,136.000000,0.000000,75.000000,140.000000,1.000000,22.000000,1.000000,2.000000,61.000000,4.000000
34.010000,96.801000,-2.000000,15.000000,137.000000,0.000000,75.000000,140.000000,1.000000,21.000000,1.000000,2.000000,60.000000,3.000000
34.110000,96.901000,-2.000000,16.000000,137.000000,0.000000,75.000000,140.000000,1.000000,21.000000,0.000000,2.000000,59.000000,3.000000
34.210000,97.001000,-2.000000,17.000000,137.000000,0.000000,75.000000,140.000000,1.000000,20.000000,0.000000,2.000000,58.000000,3.000000
34.310000,97.101000,-2.000000,18.000000,137.000000,0.000000,75.000000,140.000000,1.000000,20.000000,0.000000,2.000000,57.000000,3.000000
34.410000,97.201000,-2.000000,19.000000,137.000000,0.000000,75.000000,140.000000,1.000000,20.000000,0.000000,2.000000,56.000000,3.000000
34.510000,97.301000,-2.000000,20.000000,137.000000,0.000000,75.000000,140.000000,1.000000,20.000000,0.000000,2.000000,55.000000,3.000000
34.610000,97.401000,,21.000000,137.000000,0.000000,75.000000,140.000000,1.000000,19.000000,0.000000,,54.000000,3.000000
34.710000,97.501000,-2.000000,22.000000,137.000000,0.000000,75.000000,140.000000,1.000000,19.000000,0.000000,2.000000,53.000000,3.000000
34.810000,97.601000,,23.000000,138.000000,0.000000,75.000000,140.000000,1.000000,19.000000,0.000000,,52.000000,2.000000
35.010000,97.801000,,24.000000,138.000000,0.000000,75.000000,140.000000,0.000000,18.000000,0.000000,,51.000000,2.000000
35.210000,98.001000,,25.000000,138.000000,0.000000,75.000000,140.000000,0.000000,18.000000,0.000000,,50.000000,2.000000
35.510000,98.301000,0.000000,25.000000,138.000000,0.000000,75.000000,140.000000,0.000000,18.000000,0.000000,0.000000,50.000000,2.000000
35.810000,98.601000,0.000000,26.000000,138.000000,0.000000,75.000000,140.000000,1.000000,18.000000,0.000000,0.000000,49.000000,2.000000
36.010000,98.801000,1.000000,26.000000,138.000000,0.000000,75.000000,140.000000,1.000000,17.000000,0.000000,-1.000000,49.000000,2.000000
36.210000,99.001000,1.000000,27.000000,138.000000,0.000000,75.000000,140.000000,1.000000,17.000000,0.000000,-1.000000,48.000000,2.000000
36.410000,99.201000,1.000000,27.000000,139.000000,0.000000,75.000000,140.000000,1.000000,17.000000,0.000000,-1.000000,48.000000,1.000000
36.510000,99.301000,2.000000,28.000000,139.000000,0.000000,75.000000,140.000000,0.000000,17.000000,0.000000,-2.000000,47.000000,1.000000
36.610000,99.401000,1.000000,28.000000,139.000000,0.000000,75.000000,140.000000,0.000000,17.000000,0.000000,-1.000000,47.000000,1.000000
36.730000,99.521000,2.000000,28.000000,139.000000,0.000000,75.000000,140.000000,0.000000,0.000000,0.000000,-2.000000,47.000000,1.000000
36.830000,99.621000,2.000000,29.000000,139.000000,0.000000,75.000000,140.000000,0.000000,0.000000,0.000000,-2.000000,46.000000,1.000000
37.130000,99.921000,2.000000,30.000000,139.000000,0.000000,75.000000,140.000000,0.000000,0.000000,0.000000,-2.000000,45.000000,1.000000
37.230000,100.021000,3.000000,30.000000,139.000000,0.000000,75.000000,140.000000,0.000000,0.000000,0.000000,-3.000000,45.000000,1.000000
37.430000,100.221000,3.000000,31.000000,139.000000,0.000000,75.000000,140.000000,0.000000,0.000000,0.000000,-3.000000,44.000000,1.000000
37.630000,100.421000,3.000000,32.000000,140.000000,0.000000,75.000000,140.000000,0.000000,0.000000,0.000000,-3.000000,43.000000,0.000000
37.830000,100.621000,4.000000,33.000000,140.000000,0.000000,75.000000,140.000000,0.000000,0.000000,0.000000,-4.000000,42.000000,0.000000
37.930000,100.721000,4.000000,34.000000,140.000000,0.000000,75.000000,140.000000,0.000000,0.000000,0.000000,-4.000000,41.000000,0.000000
38.130000,100.921000,4.000000,35.000000,140.000000,0.000000,75.000000,140.000000,0.000000,0.000000,0.000000,-4.000000,40.000000,0.000000
38.230000,101.021000,4.000000,36.000000,140.000000,0.000000,75.000000,140.000000,0.000000,0.000000,0.000000,-4.000000,39.000000,0.000000
38.430000,101.221000,4.000000,37.000000,141.000000,0.000000,75.000000,140.000000,0.000000,0.000000,0.000000,-4.000000,38.000000,-1.000000
38.530000,101.321000,5.000000,37.000000,141.000000,0.000000,75.000000,140.000000,0.000000,0.000000,0.000000,-5.000000,38.000000,-1.000000
38.630000,101.421000,5.000000,38.000000,141.000000,0.000000,75.000000,140.000000,0.000000,0.000000,0.000000,-5.000000,37.000000,-1.000000
38.830000,101.621000,5.000000,39.000000,141.000000,0.000000,75.000000,140.000000,0.000000,0.000000,0.000000,-5.000000,36.000000,-1.000000
38.930000,101.721000,6.000000,40.000000,141.000000,0.000000,75.000000,140.000000,0.000000,0.000000,0.000000,-6.000000,35.000000,-1.000000
39.130000,101.921000,6.000000,41.000000,141.000000,0.000000,75.000000,140.000000,0.000000,0.000000,0.000000,-6.000000,34.000000,-1.000000
39.230000,102.021000,6.000000,42.000000,142.000000,0.000000,75.000000,140.000000,0.000000,0.000000,0.000000,-6.000000,33.000000,-2.000000
39.430000,102.221000,6.000000,43.000000,142.000000,0.000000,75.000000,140.000000,0.000000,0.000000,0.000000,-6.000000,32.000000,-2.000000
39.530000,102.321000,6.000000,44.000000,142.000000,0.000000,75.000000,140.000000,0.000000,0.000000,0.000000,-6.000000,31.000000,-2.000000
39.630000,102.421000,7.000000,45.000000,142.000000,0.000000,75.000000,140.000000,0.000000,0.000000,0.000000,-7.000000,30.000000,-2.000000
39.830000,102.621000,7.000000,46.000000,142.000000,0.000000,75.000000,140.000000,0.000000,0.000000,0.000000,-7.000000,29.000000,-2.000000
39.930000,102.721000,8.000000,46.000000,142.000000,0.000000,75.000000,140.000000,0.000000,0.000000,0.000000,-8.000000,29.000000,-2.000000
40.130000,102.921000,8.000000,47.000000,142.000000,0.000000,75.000000,140.000000,0.000000,0.000000,0.000000,-8.000000,28.000000,-2.000000
40.230000,103.021000,9.000000,48.000000,143.000000,0.000000,75.000000,140.000000,0.000000,0.000000,0.000000,-9.000000,27.000000,-3.000000
40.330000,103.121000,9.000000,49.000000,143.000000,0.000000,75.000000,140.000000,0.000000,0.000000,0.000000,-9.000000,26.000000,-3.000000
40.430000,103.221000,9.000000,50.000000,143.000000,0.000000,75.000000,140.000000,0.000000,0.000000,0.000000,-9.000000,25.000000,-3.000000
40.630000,103.421000,10.000000,51.000000,144.000000,0.000000,75.000000,140.000000,,5.000000,,-10.000000,24.000000,-4.000000
40.730000,103.521000,10.000000,52.000000,144.000000,0.000000,75.000000,140.000000,,5.000000,,-10.000000,23.000000,-4.000000
40.830000,103.621000,10.000000,53.000000,144.000000,0.000000,75.000000,140.000000,,5.000000,,-10.000000,22.000000,-4.000000
40.930000,103.721000,10.000000,54.000000,144.000000,0.000000,75.000000,140.000000,,4.000000,,-10.000000,21.000000,-4.000000
41.030000,103.821000,10.000000,55.000000,144.000000,0.000000,75.000000,140.000000,,4.000000,,-10.000000,20.000000,-4.000000
41.130000,103.921000,10.000000,56.000000,144.000000,0.000000,75.000000,140.000000,,4.000000,,-10.000000,19.000000,-4.000000
41.230000,104.021000,11.000000,57.000000,144.000000,0.000000,75.000000,140.000000,,4.000000,,-11.000000,18.000000,-4.000000
41.330000,104.121000,11.000000,58.000000,144.000000,0.000000,75.000000,140.000000,,4.000000,,-11.000000,17.000000,-4.000000
41.430000,104.221000,11.000000,59.000000,144.000000,0.000000,75.000000,140.000000,,4.000000,,-11.000000,16.000000,-4.000000
41.530000,104.321000,11.000000,60.000000,144.000000,0.000000,75.000000,140.000000,,3.000000,,-11.000000,15.000000,-4.000000
41.730000,104.521000,11.000000,61.000000,144.000000,0.000000,75.000000,140.000000,,3.000000,,-11.000000,14.000000,-4.000000
41.930000,104.721000,12.000000,62.000000,144.000000,0.000000,75.000000,140.000000,,3.000000,,-12.000000,13.000000,-4.000000
42.030000,104.821000,12.000000,63.000000,144.000000,0.000000,75.000000,140.000000,,3.000000,,-12.000000,12.000000,-4.000000
42.330000,105.121000,12.000000,64.000000,144.000000,0.000000,75.000000,140.000000,,3.000000,,-12.000000,11.000000,-4.000000
42.630000,105.421000,12.000000,65.000000,144.000000,0.000000,75.000000,140.000000,,2.000000,,-12.000000,10.000000,-4.000000
42.730000,105.521000,13.000000,65.000000,144.000000,0.000000,75.000000,140.000000,-3.000000,2.000000,,-13.000000,10.000000,-4.000000
42.930000,105.721000,13.000000,66.000000,144.000000,0.000000,75.000000,140.000000,-3.000000,2.000000,,-13.000000,9.000000,-4.000000
43.230000,106.021000,13.000000,67.000000,144.000000,0.000000,75.000000,140.000000,-3.000000,2.000000,,-13.000000,8.000000,-4.000000
43.430000,106.221000,14.000000,67.000000,144.000000,0.000000,75.000000,140.000000,-3.000000,2.000000,,-14.000000,8.000000,-4.000000
43.730000,106.521000,14.000000,68.000000,144.000000,0.000000,75.000000,140.000000,-3.000000,2.000000,,-14.000000,7.000000,-4.000000
44.030000,106.821000,15.000000,68.000000,144.000000,0.000000,75.000000,140.000000,-3.000000,2.000000,,-15.000000,7.000000,-4.000000
44.330000,107.121000,15.000000,68.000000,143.000000,0.000000,75.000000,140.000000,-3.000000,2.000000,,-15.000000,7.000000,-3.000000
45.050000,107.841000,15.000000,68.000000,144.000000,0.000000,75.000000,140.000000,0.000000,0.000000,,-15.000000,7.000000,-4.000000
45.450000,108.241000,15.000000,67.000000,144.000000,0.000000,75.000000,140.000000,0.000000,0.000000,0.000000,-15.000000,8.000000,-4.000000
45.650000,108.441000,14.000000,67.000000,144.000000,0.000000,75.000000,140.000000,0.000000,0.000000,,-14.000000,8.000000,-4.000000
45.750000,108.541000,14.000000,68.000000,144.000000,0.000000,75.000000,140.000000,0.000000,0.000000,,-14.000000,7.000000,-4.000000
45.850000,108.641000,14.000000,68.000000,143.000000,0.000000,75.000000,140.000000,0.000000,0.000000,0.000000,-14.000000,7.000000,-3.000000
46.150000,108.941000,14.000000,67.000000,143.000000,0.000000,75.000000,140.000000,0.000000,0.000000,0.000000,-14.000000,8.000000,-3.000000
46.250000,109.041000,13.000000,67.000000,143.000000,0.000000,75.000000,140.000000,0.000000,0.000000,0.000000,-13.000000,8.000000,-3.000000
46.350000,109.141000,13.000000,67.000000,142.000000,0.000000,75.000000,140.000000,0.000000,0.000000,0.000000,-13.000000,8.000000,-2.000000
46.550000,109.341000,12.000000,68.000000,142.000000,0.000000,75.000000,140.000000,0.000000,0.000000,0.000000,-12.000000,7.000000,-2.000000
46.950000,109.741000,11.000000,68.000000,141.000000,0.000000,75.000000,140.000000,0.000000,0.000000,0.000000,-11.000000,7.000000,-1.000000
47.150000,109.941000,11.000000,67.000000,141.000000,0.000000,75.000000,140.000000,0.000000,0.000000,0.000000,-11.000000,8.000000,-1.000000
47.350000,110.141000,10.000000,67.000000,141.000000,0.000000,75.000000,140.000000,0.000000,0.000000,0.000000,-10.000000,8.000000,-1.000000
47.550000,110.341000,9.000000,67.000000,141.000000,0.000000,75.000000,140.000000,0.000000,0.000000,0.000000,-9.000000,8.000000,-1.000000
47.650000,110.441000,9.000000,66.000000,141.000000,0.000000,75.000000,140.000000,0.000000,0.000000,0.000000,-9.000000,9.000000,-1.000000
47.750000,110.541000,8.000000,66.000000,141.000000,0.000000,75.000000,140.000000,0.000000,0.000000,0.000000,-8.000000,9.000000,-1.000000
47.950000,110.741000,7.000000,66.000000,141.000000,0.000000,75.000000,140.000000,0.000000,0.000000,0.000000,-7.000000,9.000000,-1.000000
48.150000,110.941000,6.000000,66.000000,140.000000,0.000000,75.000000,140.000000,0.000000,0.000000,0.000000,-6.000000,9.000000,0.000000
48.350000,111.141000,5.000000,66.000000,140.000000,0.000000,75.000000,140.000000,0.000000,0.000000,0.000000,-5.000000,9.000000,0.000000
48.650000,111.441000,4.000000,66.000000,140.000000,0.000000,75.000000,140.000000,0.000000,0.000000,0.000000,-4.000000,9.000000,0.000000
48.850000,111.641000,4.000000,65.000000,140.000000,0.000000,125.000000,140.000000,0.000000,21.000000,0.000000,-4.000000,60.000000,0.000000
49.050000,111.841000,4.000000,66.000000,140.000000,0.000000,125.000000,140.000000,0.000000,20.000000,0.000000,-4.000000,59.000000,0.000000
49.150000,111.941000,3.000000,66.000000,140.000000,0.000000,125.000000,140.000000,0.000000,20.000000,0.000000,-3.000000,59.000000,0.000000
49.350000,112.141000,3.000000,67.000000,140.000000,0.000000,125.000000,140.000000,0.000000,20.000000,0.000000,-3.000000,58.000000,0.000000
49.450000,112.241000,2.000000,67.000000,140.000000,0.000000,125.000000,140.000000,0.000000,20.000000,0.000000,-2.000000,58.000000,0.000000
49.650000,112.441000,2.000000,68.000000,140.000000,0.000000,125.000000,140.000000,0.000000,20.000000,0.000000,-2.000000,57.000000,0.000000
49.750000,112.541000,1.000000,68.000000,140.000000,0.000000,125.000000,140.000000,0.000000,20.000000,0.000000,-1.000000,57.000000,0.000000
50.550000,113.341000,1.000000,69.000000,140.000000,0.000000,125.000000,140.000000,0.000000,19.000000,0.000000,-1.000000,56.000000,0.000000
50.850000,113.641000,1.000000,69.000000,141.000000,0.000000,125.000000,140.000000,0.000000,19.000000,0.000000,-1.000000,56.000000,-1.000000
50.950000,113.741000,1.000000,70.000000,141.000000,0.000000,125.000000,140.000000,0.000000,19.000000,0.000000,-1.000000,55.000000,-1.000000
51.150000,113.941000,1.000000,71.000000,141.000000,0.000000,125.000000,140.000000,0.000000,19.000000,0.000000,-1.000000,54.000000,-1.000000
51.250000,114.041000,2.000000,71.000000,141.000000,0.000000,125.000000,140.000000,0.000000,19.000000,0.000000,-2.000000,54.000000,-1.000000
51.350000,114.141000,2.000000,72.000000,141.000000,0.000000,125.000000,140.000000,0.000000,18.000000,0.000000,-2.000000,53.000000,-1.000000
51.550000,114.341000,3.000000,73.000000,141.000000,0.000000,125.000000,140.000000,0.000000,18.000000,0.000000,-3.000000,52.000000,-1.000000
51.750000,114.541000,3.000000,74.000000,141.000000,0.000000,125.000000,140.000000,0.000000,18.000000,0.000000,-3.000000,51.000000,-1.000000
51.950000,114.741000,3.000000,75.000000,141.000000,0.000000,125.000000,140.000000,0.000000,17.000000,0.000000,-3.000000,50.000000,-1.000000
52.050000,114.841000,4.000000,75.000000,141.000000,0.000000,125.000000,140.000000,0.000000,17.000000,0.000000,-4.000000,50.000000,-1.000000
52.150000,114.941000,4.000000,76.000000,141.000000,0.000000,125.000000,140.000000,0.000000,17.000000,0.000000,-4.000000,49.000000,-1.000000
52.250000,115.041000,5.000000,76.000000,141.000000,0.000000,125.000000,140.000000,0.000000,17.000000,0.000000,-5.000000,49.000000,-1.000000
52.350000,115.141000,5.000000,77.000000,141.000000,0.000000,125.000000,140.000000,0.000000,17.000000,0.000000,-5.000000,48.000000,-1.000000
52.450000,115.241000,5.000000,78.000000,141.000000,0.000000,125.000000,140.000000,0.000000,17.000000,0.000000,-5.000000,47.000000,-1.000000
52.550000,115.341000,5.000000,79.000000,141.000000,0.000000,125.000000,140.000000,0.000000,16.000000,0.000000,-5.000000,46.000000,-1.000000
52.650000,115.441000,6.000000,79.000000,141.000000,0.000000,125.000000,140.000000,0.000000,16.000000,0.000000,-6.000000,46.000000,-1.000000
52.750000,115.541000,6.000000,80.000000,141.000000,0.000000,125.000000,140.000000,0.000000,16.000000,0.000000,-6.000000,45.000000,-1.000000
52.870000,115.661000,6.000000,82.000000,141.000000,0.000000,125.000000,140.000000,0.000000,0.000000,0.000000,-6.000000,43.000000,-1.000000
53.070000,115.861000,7.000000,83.000000,141.000000,0.000000,125.000000,140.000000,0.000000,0.000000,0.000000,-7.000000,42.000000,-1.000000
53.170000,115.961000,7.000000,85.000000,141.000000,0.000000,125.000000,140.000000,0.000000,0.000000,0.000000,-7.000000,40.000000,-1.000000
53.270000,116.061000,7.000000,86.000000,141.000000,0.000000,125.000000,140.000000,0.000000,0.000000,0.000000,-7.000000,39.000000,-1.000000
53.370000,116.161000,8.000000,87.000000,141.000000,0.000000,125.000000,140.000000,0.000000,0.000000,0.000000,-8.000000,38.000000,-1.000000
53.570000,116.361000,8.000000,88.000000,142.000000,0.000000,125.000000,140.000000,0.000000,0.000000,0.000000,-8.000000,37.000000,-2.000000
53.670000,116.461000,8.000000,89.000000,142.000000,0.000000,125.000000,140.000000,0.000000,0.000000,0.000000,-8.000000,36.000000,-2.000000
53.770000,116.561000,9.000000,90.000000,142.000000,0.000000,125.000000,140.000000,0.000000,0.000000,0.000000,-9.000000,35.000000,-2.000000
53.870000,116.661000,9.000000,91.000000,142.000000,0.000000,125.000000,140.000000,0.000000,0.000000,0.000000,-9.000000,34.000000,-2.000000
53.970000,116.761000,9.000000,92.000000,142.000000,0.000000,125.000000,140.000000,0.000000,0.000000,0.000000,-9.000000,33.000000,-2.000000
54.070000,116.861000,9.000000,93.000000,142.000000,0.000000,125.000000,140.000000,0.000000,0.000000,0.000000,-9.000000,32.000000,-2.000000
54.170000,116.961000,9.000000,94.000000,142.000000,0.000000,125.000000,140.000000,0.000000,0.000000,0.000000,-9.000000,31.000000,-2.000000
54.270000,117.061000,9.000000,95.000000,142.000000,0.000000,125.000000,140.000000,0.000000,0.000000,0.000000,-9.000000,30.000000,-2.000000
54.370000,117.161000,9.000000,96.000000,142.000000,0.000000,125.000000,140.000000,0.000000,0.000000,0.000000,-9.000000,29.000000,-2.000000
54.470000,117.261000,8.000000,97.000000,142.000000,0.000000,125.000000,140.000000,0.000000,0.000000,0.000000,-8.000000,28.000000,-2.000000
54.570000,117.361000,8.000000,98.000000,142.000000,0.000000,125.000000,140.000000,0.000000,0.000000,0.000000,-8.000000,27.000000,-2.000000
54.770000,117.561000,8.000000,99.000000,142.000000,0.000000,125.000000,140.000000,0.000000,0.000000,0.000000,-8.000000,26.000000,-2.000000
54.870000,117.661000,8.000000,101.000000,142.000000,0.000000,125.000000,140.000000,0.000000,0.000000,0.000000,-8.000000,24.000000,-2.000000
54.970000,117.761000,8.000000,102.000000,142.000000,0.000000,125.000000,140.000000,0.000000,0.000000,0.000000,-8.000000,23.000000,-2.000000
55.070000,117.861000,8.000000,103.000000,142.000000,0.000000,125.000000,140.000000,0.000000,0.000000,0.000000,-8.000000,22.000000,-2.000000
55.170000,117.961000,8.000000,104.000000,142.000000,0.000000,125.000000,140.000000,0.000000,0.000000,0.000000,-8.000000,21.000000,-2.000000
55.270000,118.061000,8.000000,105.000000,142.000000,0.000000,125.000000,140.000000,0.000000,0.000000,0.000000,-8.000000,20.000000,-2.000000
55.370000,118.161000,8.000000,107.000000,142.000000,0.000000,125.000000,140.000000,0.000000,0.000000,0.000000,-8.000000,18.000000,-2.000000
55.470000,118.261000,8.000000,108.000000,142.000000,0.000000,125.000000,140.000000,0.000000,0.000000,0.000000,-8.000000,17.000000,-2.000000
55.570000,118.361000,8.000000,109.000000,142.000000,0.000000,125.000000,140.000000,0.000000,0.000000,0.000000,-8.000000,16.000000,-2.000000
55.670000,118.461000,8.000000,110.000000,142.000000,0.000000,125.000000,140.000000,0.000000,0.000000,0.000000,-8.000000,15.000000,-2.000000
55.770000,118.561000,8.000000,111.000000,142.000000,0.000000,125.000000,140.000000,0.000000,0.000000,0.000000,-8.000000,14.000000,-2.000000
55.870000,118.661000,8.000000,112.000000,142.000000,0.000000,125.000000,140.000000,0.000000,0.000000,0.000000,-8.000000,13.000000,-2.000000
55.970000,118.761000,8.000000,113.000000,142.000000,0.000000,125.000000,140.000000,0.000000,0.000000,0.000000,-8.000000,12.000000,-2.000000
56.070000,118.861000,8.000000,114.000000,142.000000,0.000000,125.000000,140.000000,0.000000,0.000000,0.000000,-8.000000,11.000000,-2.000000
56.270000,119.061000,8.000000,115.000000,142.000000,0.000000,125.000000,140.000000,0.000000,0.000000,0.000000,-8.000000,10.000000,-2.000000
56.370000,119.161000,8.000000,116.000000,142.000000,0.000000,125.000000,140.000000,0.000000,0.000000,0.000000,-8.000000,9.000000,-2.000000
56.470000,119.261000,8.000000,117.000000,142.000000,0.000000,125.000000,140.000000,0.000000,0.000000,0.000000,-8.000000,8.000000,-2.000000
56.670000,119.461000,8.000000,118.000000,142.000000,0.000000,125.000000,140.000000,0.000000,0.000000,0.000000,-8.000000,7.000000,-2.000000
56.770000,119.561000,9.000000,118.000000,142.000000,0.000000,125.000000,140.000000,0.000000,0.000000,0.000000,-9.000000,7.000000,-2.000000
56.870000,119.661000,8.000000,118.000000,142.000000,0.000000,125.000000,140.000000,0.000000,0.000000,0.000000,-8.000000,7.000000,-2.000000
56.970000,119.761000,8.000000,119.000000,141.000000,0.000000,125.000000,140.000000,0.000000,0.000000,0.000000,-8.000000,6.000000,-1.000000
57.270000,120.061000,8.000000,120.000000,141.000000,0.000000,175.000000,140.000000,0.000000,0.000000,0.000000,-8.000000,55.000000,-1.000000
57.970000,120.761000,8.000000,121.000000,141.000000,0.000000,175.000000,140.000000,,19.000000,0.000000,-8.000000,54.000000,-1.000000
58.270000,121.061000,8.000000,122.000000,141.000000,0.000000,175.000000,140.000000,,18.000000,0.000000,-8.000000,53.000000,-1.000000
58.470000,121.261000,8.000000,123.000000,141.000000,0.000000,175.000000,140.000000,,18.000000,0.000000,-8.000000,52.000000,-1.000000
58.670000,121.461000,9.000000,123.000000,141.000000,0.000000,175.000000,140.000000,,18.000000,0.000000,-9.000000,52.000000,-1.000000
58.770000,121.561000,9.000000,124.000000,141.000000,0.000000,175.000000,140.000000,,18.000000,0.000000,-9.000000,51.000000,-1.000000
58.970000,121.761000,9.000000,125.000000,141.000000,0.000000,175.000000,140.000000,,17.000000,0.000000,-9.000000,50.000000,-1.000000
59.070000,121.861000,9.000000,125.000000,140.000000,0.000000,175.000000,140.000000,,17.000000,0.000000,-9.000000,50.000000,0.000000
59.170000,121.961000,9.000000,126.000000,140.000000,0.000000,175.000000,140.000000,,17.000000,0.000000,-9.000000,49.000000,0.000000
59.470000,122.261000,8.000000,126.000000,140.000000,0.000000,175.000000,140.000000,,17.000000,0.000000,-8.000000,49.000000,0.000000
59.870000,122.661000,8.000000,127.000000,140.000000,0.000000,175.000000,140.000000,,17.000000,0.000000,-8.000000,48.000000,0.000000
60.870000,123.661000,8.000000,128.000000,140.000000,0.000000,175.000000,140.000000,,17.000000,0.000000,-8.000000,47.000000,0.000000
60.970000,123.761000,9.000000,128.000000,140.000000,0.000000,175.000000,140.000000,,17.000000,0.000000,-9.000000,47.000000,0.000000
61.070000,123.861000,9.000000,129.000000,140.000000,0.000000,175.000000,140.000000,,16.000000,0.000000,-9.000000,46.000000,0.000000
61.170000,123.961000,9.000000,130.000000,140.000000,0.000000,175.000000,140.000000,,16.000000,0.000000,-9.000000,45.000000,0.000000
61.270000,124.061000,9.000000,131.000000,139.000000,0.000000,175.000000,140.000000,,16.000000,0.000000,-9.000000,44.000000,1.000000
61.470000,124.261000,9.000000,132.000000,139.000000,0.000000,175.000000,140.000000,,15.000000,0.000000,-9.000000,43.000000,1.000000
61.690000,124.481000,9.000000,133.000000,139.000000,0.000000,175.000000,140.000000,0.000000,0.000000,0.000000,-9.000000,42.000000,1.000000
61.890000,124.681000,9.000000,134.000000,139.000000,0.000000,175.000000,140.000000,0.000000,0.000000,0.000000,-9.000000,41.000000,1.000000
62.090000,124.881000,8.000000,134.000000,139.000000,0.000000,175.000000,140.000000,0.000000,0.000000,0.000000,-8.000000,41.000000,1.000000
62.190000,124.981000,8.000000,135.000000,138.000000,0.000000,175.000000,140.000000,0.000000,0.000000,0.000000,-8.000000,40.000000,2.000000
62.290000,125.081000,8.000000,136.000000,138.000000,0.000000,175.000000,140.000000,0.000000,0.000000,0.000000,-8.000000,39.000000,2.000000
62.390000,125.181000,8.000000,137.000000,138.000000,0.000000,175.000000,140.000000,0.000000,0.000000,0.000000,-8.000000,38.000000,2.000000
62.490000,125.281000,8.000000,138.000000,138.000000,0.000000,175.000000,140.000000,0.000000,0.000000,0.000000,-8.000000,37.000000,2.000000
62.590000,125.381000,7.000000,139.000000,138.000000,0.000000,175.000000,140.000000,0.000000,0.000000,0.000000,-7.000000,36.000000,2.000000
62.690000,125.481000,7.000000,140.000000,138.000000,0.000000,175.000000,140.000000,0.000000,0.000000,0.000000,-7.000000,35.000000,2.000000
70.730000,133.521000,-6.000000,180.000000,105.000000,0.000000,175.000000,140.000000,0.000000,0.000000,,6.000000,-5.000000,35.000000
70.810000,133.601000,-6.000000,179.000000,105.000000,0.000000,125.000000,100.000000,0.000000,0.000000,,6.000000,-54.000000,-5.000000
71.010000,133.801000,-5.000000,179.000000,105.000000,0.000000,125.000000,100.000000,0.000000,0.000000,,5.000000,-54.000000,-5.000000
71.110000,133.901000,-5.000000,178.000000,104.000000,0.000000,125.000000,100.000000,0.000000,0.000000,0.000000,5.000000,-53.000000,-4.000000
71.210000,134.001000,-5.000000,177.000000,104.000000,0.000000,125.000000,100.000000,0.000000,0.000000,,5.000000,-52.000000,-4.000000
71.410000,134.201000,-5.000000,176.000000,104.000000,0.000000,125.000000,100.000000,0.000000,0.000000,,5.000000,-51.000000,-4.000000
71.510000,134.301000,-5.000000,176.000000,103.000000,0.000000,125.000000,100.000000,0.000000,0.000000,0.000000,5.000000,-51.000000,-3.000000
71.610000,134.401000,-5.000000,175.000000,103.000000,0.000000,125.000000,100.000000,0.000000,0.000000,0.000000,5.000000,-50.000000,-3.000000
71.810000,134.601000,-5.000000,174.000000,103.000000,0.000000,125.000000,100.000000,0.000000,0.000000,0.000000,5.000000,-49.000000,-3.000000
71.910000,134.701000,-5.000000,173.000000,103.000000,0.000000,125.000000,100.000000,0.000000,0.000000,0.000000,5.000000,-48.000000,-3.000000
72.010000,134.801000,-5.000000,172.000000,102.000000,0.000000,125.000000,100.000000,0.000000,0.000000,0.000000,5.000000,-47.000000,-2.000000
72.110000,134.901000,-5.000000,171.000000,102.000000,0.000000,125.000000,100.000000,0.000000,0.000000,0.000000,5.000000,-46.000000,-2.000000
72.410000,135.201000,-5.000000,170.000000,102.000000,0.000000,125.000000,100.000000,0.000000,0.000000,0.000000,5.000000,-45.000000,-2.000000
72.610000,135.401000,-5.000000,169.000000,102.000000,0.000000,125.000000,100.000000,0.000000,0.000000,0.000000,5.000000,-44.000000,-2.000000
72.710000,135.501000,-4.000000,168.000000,102.000000,0.000000,125.000000,100.000000,0.000000,0.000000,0.000000,4.000000,-43.000000,-2.000000
72.810000,135.601000,-4.000000,167.000000,102.000000,0.000000,125.000000,100.000000,0.000000,0.000000,0.000000,4.000000,-42.000000,-2.000000
72.910000,135.701000,-4.000000,166.000000,102.000000,0.000000,125.000000,100.000000,0.000000,0.000000,0.000000,4.000000,-41.000000,-2.000000
73.010000,135.801000,-4.000000,165.000000,102.000000,0.000000,125.000000,100.000000,0.000000,0.000000,0.000000,4.000000,-40.000000,-2.000000
73.210000,136.001000,-4.000000,164.000000,102.000000,0.000000,125.000000,100.000000,0.000000,0.000000,0.000000,4.000000,-39.000000,-2.000000
73.310000,136.101000,-4.000000,163.000000,102.000000,0.000000,125.000000,100.000000,0.000000,0.000000,0.000000,4.000000,-38.000000,-2.000000
73.510000,136.301000,-4.000000,162.000000,102.000000,0.000000,125.000000,100.000000,0.000000,0.000000,0.000000,4.000000,-37.000000,-2.000000
73.610000,136.401000,-4.000000,161.000000,102.000000,0.000000,125.000000,100.000000,0.000000,0.000000,0.000000,4.000000,-36.000000,-2.000000
73.710000,136.501000,-4.000000,160.000000,102.000000,0.000000,125.000000,100.000000,0.000000,0.000000,0.000000,4.000000,-35.000000,-2.000000
73.810000,136.601000,-4.000000,159.000000,102.000000,0.000000,125.000000,100.000000,0.000000,0.000000,0.000000,4.000000,-34.000000,-2.000000
73.910000,136.701000,-4.000000,159.000000,101.000000,0.000000,125.000000,100.000000,0.000000,0.000000,0.000000,4.000000,-34.000000,-1.000000
74.110000,136.901000,-5.000000,157.000000,101.000000,0.000000,125.000000,100.000000,0.000000,0.000000,0.000000,5.000000,-32.000000,-1.000000
74.210000,137.001000,-4.000000,157.000000,101.000000,0.000000,125.000000,100.000000,0.000000,0.000000,0.000000,4.000000,-32.000000,-1.000000
74.310000,137.101000,-5.000000,156.000000,100.000000,0.000000,125.000000,100.000000,0.000000,0.000000,0.000000,5.000000,-31.000000,0.000000
74.510000,137.301000,-5.000000,155.000000,100.000000,0.000000,125.000000,100.000000,0.000000,0.000000,0.000000,5.000000,-30.000000,0.000000
74.710000,137.501000,-5.000000,154.000000,100.000000,0.000000,125.000000,100.000000,1.000000,-10.000000,0.000000,5.000000,-29.000000,0.000000
74.810000,137.601000,-5.000000,153.000000,100.000000,0.000000,125.000000,100.000000,1.000000,-10.000000,0.000000,5.000000,-28.000000,0.000000
74.910000,137.701000,-5.000000,152.000000,100.000000,0.000000,125.000000,100.000000,1.000000,-10.000000,0.000000,5.000000,-27.000000,0.000000
75.110000,137.901000,-5.000000,151.000000,100.000000,0.000000,125.000000,100.000000,1.000000,-9.000000,0.000000,5.000000,-26.000000,0.000000
75.210000,138.001000,-5.000000,150.000000,100.000000,0.000000,125.000000,100.000000,1.000000,-9.000000,0.000000,5.000000,-25.000000,0.000000
75.310000,138.101000,-5.000000,149.000000,100.000000,0.000000,125.000000,100.000000,1.000000,-5.000000,0.000000,5.000000,-24.000000,0.000000
75.410000,138.201000,-5.000000,148.000000,100.000000,0.000000,125.000000,100.000000,1.000000,-5.000000,0.000000,5.000000,-23.000000,0.000000
75.510000,138.301000,-5.000000,147.000000,99.000000,0.000000,125.000000,100.000000,1.000000,-5.000000,0.000000,5.000000,-22.000000,1.000000
75.610000,138.401000,-5.000000,146.000000,99.000000,0.000000,125.000000,100.000000,1.000000,-4.000000,0.000000,5.000000,-21.000000,1.000000
75.710000,138.501000,-5.000000,145.000000,99.000000,0.000000,125.000000,100.000000,1.000000,-4.000000,0.000000,5.000000,-20.000000,1.000000
75.810000,138.601000,-5.000000,144.000000,99.000000,0.000000,125.000000,100.000000,1.000000,-4.000000,0.000000,5.000000,-19.000000,1.000000
76.210000,139.001000,-5.000000,141.000000,99.000000,0.000000,125.000000,100.000000,1.000000,-3.000000,0.000000,5.000000,-16.000000,1.000000
76.310000,139.101000,-5.000000,140.000000,99.000000,0.000000,125.000000,100.000000,1.000000,-3.000000,0.000000,5.000000,-15.000000,1.000000
76.410000,139.201000,-5.000000,139.000000,99.000000,0.000000,125.000000,100.000000,1.000000,-3.000000,0.000000,5.000000,-14.000000,1.000000
76.510000,139.301000,-4.000000,138.000000,99.000000,0.000000,125.000000,100.000000,1.000000,-3.000000,0.000000,4.000000,-13.000000,1.000000
76.610000,139.401000,-4.000000,137.000000,99.000000,0.000000,125.000000,100.000000,1.000000,-3.000000,0.000000,4.000000,-12.000000,1.000000
76.810000,139.601000,-4.000000,136.000000,99.000000,0.000000,125.000000,100.000000,1.000000,-3.000000,0.000000,4.000000,-11.000000,1.000000
76.910000,139.701000,-4.000000,135.000000,99.000000,0.000000,125.000000,100.000000,1.000000,-2.000000,0.000000,4.000000,-10.000000,1.000000
77.010000,139.801000,-4.000000,134.000000,99.000000,0.000000,125.000000,100.000000,1.000000,-2.000000,0.000000,4.000000,-9.000000,1.000000
77.110000,139.901000,-4.000000,133.000000,99.000000,0.000000,75.000000,100.000000,1.000000,-20.000000,0.000000,4.000000,-58.000000,1.000000
77.210000,140.001000,-4.000000,132.000000,99.000000,0.000000,75.000000,100.000000,1.000000,-20.000000,0.000000,4.000000,-57.000000,1.000000
77.410000,140.201000,-4.000000,131.000000,99.000000,0.000000,75.000000,100.000000,1.000000,-19.000000,0.000000,4.000000,-56.000000,1.000000
77.510000,140.301000,-4.000000,130.000000,99.000000,0.000000,75.000000,100.000000,1.000000,-19.000000,0.000000,4.000000,-55.000000,1.000000
77.610000,140.401000,-4.000000,129.000000,99.000000,0.000000,75.000000,100.000000,1.000000,-19.000000,0.000000,4.000000,-54.000000,1.000000
77.710000,140.501000,-4.000000,128.000000,99.000000,0.000000,75.000000,100.000000,1.000000,-18.000000,0.000000,4.000000,-53.000000,1.000000
77.810000,140.601000,-4.000000,126.000000,99.000000,0.000000,75.000000,100.000000,1.000000,-18.000000,0.000000,4.000000,-51.000000,1.000000
77.910000,140.701000,-5.000000,124.000000,99.000000,0.000000,75.000000,100.000000,1.000000,-17.000000,0.000000,5.000000,-49.000000,1.000000
78.010000,140.801000,-5.000000,123.000000,99.000000,0.000000,75.000000,100.000000,1.000000,-17.000000,0.000000,5.000000,-48.000000,1.000000
78.110000,140.901000,-4.000000,121.000000,99.000000,0.000000,75.000000,100.000000,1.000000,-16.000000,0.000000,4.000000,-46.000000,1.000000
78.210000,141.001000,-4.000000,120.000000,99.000000,0.000000,75.000000,100.000000,1.000000,-16.000000,0.000000,4.000000,-45.000000,1.000000
78.310000,141.101000,-4.000000,119.000000,99.000000,0.000000,75.000000,100.000000,1.000000,-16.000000,0.000000,4.000000,-44.000000,1.000000
78.410000,141.201000,-4.000000,119.000000,98.000000,0.000000,75.000000,100.000000,1.000000,-16.000000,0.000000,4.000000,-44.000000,2.000000
78.510000,141.301000,-4.000000,118.000000,98.000000,0.000000,75.000000,100.000000,1.000000,-15.000000,0.000000,4.000000,-43.000000,2.000000
78.710000,141.501000,-4.000000,117.000000,98.000000,0.000000,75.000000,100.000000,1.000000,-15.000000,0.000000,4.000000,-42.000000,2.000000
78.810000,141.601000,-4.000000,116.000000,98.000000,0.000000,75.000000,100.000000,1.000000,-15.000000,0.000000,4.000000,-41.000000,2.000000
78.930000,141.721000,-4.000000,115.000000,98.000000,0.000000,75.000000,100.000000,0.000000,0.000000,0.000000,4.000000,-40.000000,2.000000
79.030000,141.821000,-3.000000,114.000000,98.000000,0.000000,75.000000,100.000000,0.000000,0.000000,0.000000,3.000000,-39.000000,2.000000
79.130000,141.921000,-3.000000,113.000000,98.000000,0.000000,75.000000,100.000000,0.000000,0.000000,0.000000,3.000000,-38.000000,2.000000
79.230000,142.021000,-3.000000,112.000000,98.000000,0.000000,75.000000,100.000000,0.000000,0.000000,0.000000,3.000000,-37.000000,2.000000
79.330000,142.121000,-2.000000,112.000000,99.000000,0.000000,75.000000,100.000000,0.000000,0.000000,0.000000,2.000000,-37.000000,1.000000
79.430000,142.221000,-2.000000,111.000000,99.000000,0.000000,75.000000,100.000000,0.000000,0.000000,0.000000,2.000000,-36.000000,1.000000
79.530000,142.321000,-2.000000,110.000000,99.000000,0.000000,75.000000,100.000000,0.000000,0.000000,0.000000,2.000000,-35.000000,1.000000
79.630000,142.421000,,110.000000,99.000000,0.000000,75.000000,100.000000,0.000000,0.000000,0.000000,,-35.000000,1.000000
79.730000,142.521000,,109.000000,99.000000,0.000000,75.000000,100.000000,0.000000,0.000000,0.000000,,-34.000000,1.000000
79.830000,142.621000,,108.000000,98.000000,0.000000,75.000000,100.000000,0.000000,0.000000,0.000000,,-33.000000,2.000000
80.030000,142.821000,,107.000000,98.000000,0.000000,75.000000,100.000000,0.000000,0.000000,0.000000,,-32.000000,2.000000
80.130000,142.921000,,106.000000,98.000000,0.000000,75.000000,100.000000,0.000000,0.000000,0.000000,,-31.000000,2.000000
80.330000,143.121000,,105.000000,98.000000,0.000000,75.000000,100.000000,0.000000,0.000000,0.000000,,-30.000000,2.000000
80.630000,143.421000,,104.000000,98.000000,0.000000,75.000000,100.000000,0.000000,0.000000,0.000000,,-29.000000,2.000000
80.830000,143.621000,0.000000,103.000000,98.000000,0.000000,75.000000,100.000000,0.000000,0.000000,0.000000,0.000000,-28.000000,2.000000
81.130000,143.921000,0.000000,102.000000,98.000000,0.000000,75.000000,100.000000,0.000000,0.000000,0.000000,0.000000,-27.000000,2.000000
81.530000,144.321000,0.000000,101.000000,98.000000,0.000000,75.000000,100.000000,0.000000,0.000000,0.000000,0.000000,-26.000000,2.000000
81.630000,144.421000,1.000000,101.000000,98.000000,0.000000,75.000000,100.000000,0.000000,0.000000,0.000000,-1.000000,-26.000000,2.000000
81.730000,144.521000,1.000000,100.000000,98.000000,0.000000,75.000000,100.000000,0.000000,0.000000,0.000000,-1.000000,-25.000000,2.000000
81.830000,144.621000,1.000000,99.000000,98.000000,0.000000,75.000000,100.000000,0.000000,0.000000,0.000000,-1.000000,-24.000000,2.000000
81.930000,144.721000,1.000000,99.000000,99.000000,0.000000,75.000000,100.000000,0.000000,0.000000,0.000000,-1.000000,-24.000000,1.000000
82.030000,144.821000,1.000000,98.000000,99.000000,0.000000,75.000000,100.000000,0.000000,0.000000,0.000000,-1.000000,-23.000000,1.000000
82.130000,144.921000,1.000000,97.000000,99.000000,0.000000,75.000000,100.000000,0.000000,0.000000,0.000000,-1.000000,-22.000000,1.000000
82.230000,145.021000,2.000000,97.000000,99.000000,0.000000,75.000000,100.000000,0.000000,0.000000,0.000000,-2.000000,-22.000000,1.000000
82.430000,145.221000,2.000000,96.000000,99.000000,0.000000,75.000000,100.000000,0.000000,0.000000,0.000000,-2.000000,-21.000000,1.000000
82.530000,145.321000,3.000000,96.000000,99.000000,0.000000,75.000000,100.000000,0.000000,0.000000,0.000000,-3.000000,-21.000000,1.000000
82.630000,145.421000,3.000000,95.000000,99.000000,0.000000,75.000000,100.000000,0.000000,0.000000,0.000000,-3.000000,-20.000000,1.000000
82.930000,145.721000,3.000000,94.000000,99.000000,0.000000,75.000000,100.000000,0.000000,0.000000,0.000000,-3.000000,-19.000000,1.000000
83.030000,145.821000,4.000000,94.000000,99.000000,0.000000,75.000000,100.000000,0.000000,0.000000,0.000000,-4.000000,-19.000000,1.000000
83.630000,146.421000,5.000000,94.000000,99.000000,0.000000,75.000000,100.000000,0.000000,-4.000000,0.000000,-5.000000,-19.000000,1.000000
84.030000,146.821000,5.000000,94.000000,98.000000,0.000000,75.000000,100.000000,0.000000,-4.000000,0.000000,-5.000000,-19.000000,2.000000
84.530000,147.321000,4.000000,94.000000,99.000000,0.000000,75.000000,100.000000,0.000000,-4.000000,0.000000,-4.000000,-19.000000,1.000000
84.830000,147.621000,3.000000,94.000000,99.000000,0.000000,75.000000,100.000000,0.000000,-4.000000,0.000000,-3.000000,-19.000000,1.000000
85.130000,147.921000,2.000000,94.000000,99.000000,0.000000,75.000000,100.000000,0.000000,-4.000000,0.000000,-2.000000,-19.000000,1.000000
85.230000,148.021000,2.000000,94.000000,98.000000,0.000000,75.000000,100.000000,0.000000,-4.000000,0.000000,-2.000000,-19.000000,2.000000
85.530000,148.321000,1.000000,95.000000,98.000000,0.000000,75.000000,100.000000,0.000000,-4.000000,0.000000,-1.000000,-20.000000,2.000000
85.730000,148.521000,1.000000,96.000000,98.000000,0.000000,75.000000,100.000000,0.000000,-4.000000,0.000000,-1.000000,-21.000000,2.000000
85.930000,148.721000,0.000000,96.000000,98.000000,0.000000,75.000000,100.000000,0.000000,-4.000000,0.000000,0.000000,-21.000000,2.000000
86.130000,148.921000,,96.000000,98.000000,0.000000,75.000000,100.000000,1.000000,-4.000000,0.000000,,-21.000000,2.000000
86.330000,149.121000,-2.000000,96.000000,98.000000,0.000000,75.000000,100.000000,1.000000,-4.000000,0.000000,2.000000,-21.000000,2.000000
86.630000,149.421000,-3.000000,96.000000,98.000000,0.000000,75.000000,100.000000,1.000000,-4.000000,0.000000,3.000000,-21.000000,2.000000
86.830000,149.621000,-4.000000,96.000000,98.000000,0.000000,75.000000,100.000000,1.000000,-4.000000,0.000000,4.000000,-21.000000,2.000000
86.930000,149.721000,-4.000000,96.000000,97.000000,0.000000,75.000000,100.000000,1.000000,-4.000000,0.000000,4.000000,-21.000000,3.000000
87.230000,150.021000,-5.000000,96.000000,97.000000,0.000000,75.000000,100.000000,1.000000,-4.000000,0.000000,5.000000,-21.000000,3.000000
87.450000,150.241000,-4.000000,96.000000,97.000000,0.000000,75.000000,100.000000,0.000000,0.000000,0.000000,4.000000,-21.000000,3.000000
87.550000,150.341000,-4.000000,97.000000,97.000000,0.000000,75.000000,100.000000,0.000000,0.000000,0.000000,4.000000,-22.000000,3.000000
88.050000,150.841000,-4.000000,98.000000,97.000000,0.000000,75.000000,100.000000,0.000000,0.000000,0.000000,4.000000,-23.000000,3.000000
88.250000,151.041000,-3.000000,98.000000,97.000000,0.000000,75.000000,100.000000,0.000000,0.000000,0.000000,3.000000,-23.000000,3.000000
88.550000,151.341000,-3.000000,99.000000,97.000000,0.000000,75.000000,100.000000,0.000000,0.000000,0.000000,3.000000,-24.000000,3.000000
88.650000,151.441000,-3.000000,98.000000,97.000000,0.000000,75.000000,100.000000,0.000000,0.000000,0.000000,3.000000,-23.000000,3.000000
88.750000,151.541000,-3.000000,99.000000,97.000000,0.000000,75.000000,100.000000,0.000000,0.000000,0.000000,3.000000,-24.000000,3.000000
89.250000,152.041000,-3.000000,99.000000,96.000000,0.000000,75.000000,100.000000,0.000000,0.000000,1.000000,3.000000,-24.000000,4.000000
89.450000,152.241000,-2.000000,99.000000,96.000000,0.000000,75.000000,100.000000,0.000000,0.000000,1.000000,2.000000,-24.000000,4.000000
89.550000,152.341000,-2.000000,100.000000,96.000000,0.000000,75.000000,100.000000,0.000000,0.000000,1.000000,2.000000,-25.000000,4.000000
89.650000,152.441000,-2.000000,99.000000,96.000000,0.000000,75.000000,100.000000,0.000000,0.000000,1.000000,2.000000,-24.000000,4.000000
89.750000,152.541000,-2.000000,100.000000,97.000000,0.000000,75.000000,100.000000,0.000000,0.000000,0.000000,2.000000,-25.000000,3.000000
89.850000,152.641000,-2.000000,99.000000,97.000000,0.000000,75.000000,100.000000,0.000000,0.000000,0.000000,2.000000,-24.000000,3.000000
89.950000,152.741000,,99.000000,97.000000,0.000000,75.000000,100.000000,0.000000,0.000000,0.000000,,-24.000000,3.000000
90.050000,152.841000,,100.000000,97.000000,0.000000,75.000000,100.000000,0.000000,0.000000,0.000000,,-25.000000,3.000000
90.350000,153.141000,0.000000,100.000000,97.000000,0.000000,75.000000,100.000000,0.000000,0.000000,0.000000,0.000000,-25.000000,3.000000
90.950000,153.741000,2.000000,101.000000,97.000000,0.000000,75.000000,100.000000,0.000000,0.000000,0.000000,-2.000000,-26.000000,3.000000
91.250000,154.041000,3.000000,101.000000,97.000000,0.000000,75.000000,100.000000,0.000000,0.000000,0.000000,-3.000000,-26.000000,3.000000
91.550000,154.341000,4.000000,101.000000,97.000000,0.000000,75.000000,100.000000,0.000000,0.000000,0.000000,-4.000000,-26.000000,3.000000
91.750000,154.541000,5.000000,101.000000,96.000000,0.000000,75.000000,100.000000,0.000000,-9.000000,1.000000,-5.000000,-26.000000,4.000000
92.050000,154.841000,6.000000,101.000000,96.000000,0.000000,75.000000,100.000000,0.000000,-9.000000,1.000000,-6.000000,-26.000000,4.000000
92.250000,155.041000,7.000000,100.000000,96.000000,0.000000,75.000000,100.000000,,-9.000000,1.000000,-7.000000,-25.000000,4.000000
92.450000,155.241000,7.000000,99.000000,96.000000,0.000000,75.000000,100.000000,,-5.000000,1.000000,-7.000000,-24.000000,4.000000
92.550000,155.341000,8.000000,99.000000,96.000000,0.000000,75.000000,100.000000,,-5.000000,1.000000,-8.000000,-24.000000,4.000000
92.650000,155.441000,8.000000,98.000000,96.000000,0.000000,75.000000,100.000000,,-5.000000,1.000000,-8.000000,-23.000000,4.000000
92.750000,155.541000,9.000000,97.000000,95.000000,0.000000,75.000000,100.000000,,-5.000000,1.000000,-9.000000,-22.000000,5.000000
92.850000,155.641000,10.000000,96.000000,95.000000,0.000000,75.000000,100.000000,,-4.000000,1.000000,-10.000000,-21.000000,5.000000
92.950000,155.741000,10.000000,95.000000,96.000000,0.000000,75.000000,100.000000,,-4.000000,1.000000,-10.000000,-20.000000,4.000000
93.050000,155.841000,11.000000,95.000000,96.000000,0.000000,75.000000,100.000000,,-4.000000,1.000000,-11.000000,-20.000000,4.000000
93.250000,156.041000,12.000000,95.000000,96.000000,0.000000,75.000000,100.000000,,-4.000000,1.000000,-12.000000,-20.000000,4.000000
93.350000,156.141000,12.000000,94.000000,96.000000,0.000000,75.000000,100.000000,,-4.000000,1.000000,-12.000000,-19.000000,4.000000
93.450000,156.241000,13.000000,93.000000,96.000000,0.000000,75.000000,100.000000,-2.000000,-4.000000,1.000000,-13.000000,-18.000000,4.000000
93.650000,156.441000,14.000000,92.000000,96.000000,0.000000,75.000000,100.000000,-2.000000,-4.000000,1.000000,-14.000000,-17.000000,4.000000
93.750000,156.541000,14.000000,91.000000,96.000000,0.000000,75.000000,100.000000,-2.000000,-4.000000,1.000000,-14.000000,-16.000000,4.000000
93.850000,156.641000,14.000000,90.000000,96.000000,0.000000,75.000000,100.000000,-3.000000,-3.000000,1.000000,-14.000000,-15.000000,4.000000
93.950000,156.741000,15.000000,90.000000,97.000000,0.000000,75.000000,100.000000,-3.000000,-3.000000,0.000000,-15.000000,-15.000000,3.000000
94.050000,156.841000,15.000000,89.000000,97.000000,0.000000,75.000000,100.000000,-3.000000,-3.000000,0.000000,-15.000000,-14.000000,3.000000
94.150000,156.941000,16.000000,88.000000,97.000000,0.000000,75.000000,100.000000,-3.000000,-3.000000,0.000000,-16.000000,-13.000000,3.000000
94.250000,157.041000,16.000000,87.000000,98.000000,0.000000,75.000000,100.000000,-3.000000,-3.000000,0.000000,-16.000000,-12.000000,2.000000
94.350000,157.141000,17.000000,87.000000,98.000000,0.000000,75.000000,100.000000,-3.000000,-3.000000,0.000000,-17.000000,-12.000000,2.000000
94.450000,157.241000,17.000000,86.000000,98.000000,0.000000,75.000000,100.000000,-3.000000,-3.000000,0.000000,-17.000000,-11.000000,2.000000
94.550000,157.341000,17.000000,85.000000,98.000000,0.000000,75.000000,100.000000,-3.000000,-2.000000,0.000000,-17.000000,-10.000000,2.000000
94.650000,157.441000,18.000000,84.000000,98.000000,0.000000,75.000000,100.000000,-4.000000,-2.000000,0.000000,-18.000000,-9.000000,2.000000
94.750000,157.541000,18.000000,83.000000,98.000000,0.000000,75.000000,100.000000,-4.000000,-2.000000,0.000000,-18.000000,-8.000000,2.000000
94.850000,157.641000,19.000000,83.000000,98.000000,0.000000,75.000000,100.000000,-4.000000,-2.000000,0.000000,-19.000000,-8.000000,2.000000
94.950000,157.741000,19.000000,82.000000,98.000000,0.000000,75.000000,100.000000,-4.000000,-2.000000,0.000000,-19.000000,-7.000000,2.000000
95.050000,157.841000,19.000000,81.000000,98.000000,0.000000,75.000000,100.000000,-4.000000,-2.000000,0.000000,-19.000000,-6.000000,2.000000
95.150000,157.941000,20.000000,81.000000,98.000000,0.000000,75.000000,100.000000,-4.000000,-2.000000,0.000000,-20.000000,-6.000000,2.000000
95.250000,158.041000,20.000000,80.000000,97.000000,0.000000,75.000000,100.000000,-4.000000,-2.000000,0.000000,-20.000000,-5.000000,3.000000
95.350000,158.141000,21.000000,79.000000,97.000000,0.000000,75.000000,100.000000,-4.000000,,0.000000,-21.000000,-4.000000,3.000000
95.450000,158.241000,21.000000,78.000000,97.000000,0.000000,75.000000,100.000000,-4.000000,,0.000000,-21.000000,-3.000000,3.000000
95.550000,158.341000,22.000000,78.000000,98.000000,0.000000,75.000000,100.000000,-4.000000,,0.000000,-22.000000,-3.000000,2.000000
95.750000,158.541000,22.000000,77.000000,98.000000,0.000000,75.000000,100.000000,-4.000000,,0.000000,-22.000000,-2.000000,2.000000
95.850000,158.641000,23.000000,77.000000,98.000000,0.000000,75.000000,100.000000,-4.000000,,0.000000,-23.000000,-2.000000,2.000000
95.950000,158.741000,23.000000,76.000000,98.000000,0.000000,75.000000,100.000000,-4.000000,,0.000000,-23.000000,-1.000000,2.000000
96.050000,158.841000,24.000000,75.000000,98.000000,0.000000,75.000000,100.000000,-5.000000,,0.000000,-24.000000,0.000000,2.000000
96.270000,159.061000,24.000000,74.000000,98.000000,0.000000,75.000000,100.000000,0.000000,0.000000,0.000000,-24.000000,1.000000,2.000000
96.470000,159.261000,25.000000,74.000000,98.000000,0.000000,75.000000,100.000000,0.000000,0.000000,0.000000,-25.000000,1.000000,2.000000
96.570000,159.361000,24.000000,74.000000,98.000000,0.000000,75.000000,100.000000,0.000000,0.000000,0.000000,-24.000000,1.000000,2.000000
96.670000,159.461000,24.000000,74.000000,97.000000,0.000000,75.000000,100.000000,0.000000,0.000000,0.000000,-24.000000,1.000000,3.000000
96.870000,159.661000,25.000000,74.000000,97.000000,0.000000,75.000000,100.000000,0.000000,0.000000,0.000000,-25.000000,1.000000,3.000000
96.970000,159.761000,25.000000,73.000000,97.000000,0.000000,75.000000,100.000000,0.000000,0.000000,0.000000,-25.000000,2.000000,3.000000
97.770000,160.561000,25.000000,72.000000,97.000000,0.000000,75.000000,100.000000,0.000000,0.000000,0.000000,-25.000000,3.000000,3.000000
97.970000,160.761000,25.000000,72.000000,96.000000,0.000000,75.000000,100.000000,0.000000,0.000000,1.000000,-25.000000,3.000000,4.000000
98.170000,160.961000,24.000000,72.000000,96.000000,0.000000,75.000000,100.000000,0.000000,0.000000,1.000000,-24.000000,3.000000,4.000000
98.370000,161.161000,24.000000,71.000000,96.000000,0.000000,75.000000,100.000000,0.000000,0.000000,1.000000,-24.000000,4.000000,4.000000
98.570000,161.361000,23.000000,70.000000,96.000000,0.000000,75.000000,100.000000,0.000000,0.000000,1.000000,-23.000000,5.000000,4.000000
98.770000,161.561000,23.000000,70.000000,97.000000,0.000000,75.000000,100.000000,0.000000,0.000000,0.000000,-23.000000,5.000000,3.000000
98.870000,161.661000,22.000000,70.000000,97.000000,0.000000,75.000000,100.000000,0.000000,0.000000,0.000000,-22.000000,5.000000,3.000000
98.970000,161.761000,22.000000,71.000000,97.000000,0.000000,75.000000,100.000000,0.000000,0.000000,0.000000,-22.000000,4.000000,3.000000
99.270000,162.061000,21.000000,70.000000,97.000000,0.000000,75.000000,100.000000,0.000000,0.000000,0.000000,-21.000000,5.000000,3.000000
99.370000,162.161000,21.000000,71.000000,97.000000,0.000000,75.000000,100.000000,0.000000,0.000000,0.000000,-21.000000,4.000000,3.000000
99.570000,162.361000,20.000000,71.000000,97.000000,0.000000,75.000000,100.000000,0.000000,0.000000,0.000000,-20.000000,4.000000,3.000000
99.770000,162.561000,19.000000,71.000000,97.000000,0.000000,75.000000,100.000000,0.000000,0.000000,0.000000,-19.000000,4.000000,3.000000
99.970000,162.761000,18.000000,70.000000,97.000000,0.000000,75.000000,100.000000,0.000000,0.000000,0.000000,-18.000000,5.000000,3.000000
100.070000,162.861000,18.000000,71.000000,97.000000,0.000000,75.000000,100.000000,0.000000,0.000000,0.000000,-18.000000,4.000000,3.000000
100.170000,162.961000,17.000000,71.000000,97.000000,0.000000,75.000000,100.000000,0.000000,0.000000,0.000000,-17.000000,4.000000,3.000000
100.370000,163.161000,16.000000,71.000000,97.000000,0.000000,75.000000,100.000000,0.000000,0.000000,0.000000,-16.000000,4.000000,3.000000
100.570000,163.361000,15.000000,72.000000,97.000000,0.000000,75.000000,100.000000,0.000000,0.000000,0.000000,-15.000000,3.000000,3.000000
100.670000,163.461000,14.000000,72.000000,97.000000,0.000000,75.000000,100.000000,0.000000,0.000000,0.000000,-14.000000,3.000000,3.000000
100.770000,163.561000,13.000000,72.000000,97.000000,0.000000,75.000000,100.000000,-3.000000,0.000000,0.000000,-13.000000,3.000000,3.000000
100.970000,163.761000,12.000000,73.000000,96.000000,0.000000,75.000000,100.000000,-2.000000,0.000000,1.000000,-12.000000,2.000000,4.000000
101.070000,163.861000,11.000000,73.000000,96.000000,0.000000,75.000000,100.000000,-2.000000,0.000000,1.000000,-11.000000,2.000000,4.000000
101.170000,163.961000,11.000000,73.000000,97.000000,0.000000,75.000000,100.000000,-2.000000,0.000000,0.000000,-11.000000,2.000000,3.000000
101.270000,164.061000,10.000000,73.000000,97.000000,0.000000,75.000000,100.000000,-2.000000,0.000000,0.000000,-10.000000,2.000000,3.000000
101.470000,164.261000,9.000000,73.000000,97.000000,0.000000,75.000000,100.000000,-2.000000,0.000000,0.000000,-9.000000,2.000000,3.000000
101.570000,164.361000,8.000000,74.000000,97.000000,0.000000,-25.000000,100.000000,,-23.000000,0.000000,-8.000000,-99.000000,3.000000
101.770000,164.561000,7.000000,74.000000,97.000000,0.000000,-25.000000,100.000000,,-23.000000,0.000000,-7.000000,-99.000000,3.000000
101.970000,164.761000,6.000000,74.000000,98.000000,0.000000,-25.000000,100.000000,0.000000,-23.000000,0.000000,-6.000000,-99.000000,2.000000
102.070000,164.861000,5.000000,73.000000,97.000000,0.000000,-25.000000,100.000000,0.000000,-23.000000,0.000000,-5.000000,-98.000000,3.000000
102.270000,165.061000,4.000000,72.000000,97.000000,0.000000,-25.000000,100.000000,0.000000,-23.000000,0.000000,-4.000000,-97.000000,3.000000
102.370000,165.161000,3.000000,71.000000,97.000000,0.000000,-25.000000,100.000000,0.000000,-23.000000,0.000000,-3.000000,-96.000000,3.000000
102.470000,165.261000,3.000000,70.000000,97.000000,0.000000,-25.000000,100.000000,0.000000,-23.000000,0.000000,-3.000000,-95.000000,3.000000
102.570000,165.361000,2.000000,69.000000,97.000000,0.000000,-25.000000,100.000000,0.000000,-23.000000,0.000000,-2.000000,-94.000000,3.000000
102.670000,165.461000,2.000000,68.000000,97.000000,0.000000,-25.000000,100.000000,0.000000,-23.000000,0.000000,-2.000000,-93.000000,3.000000
102.770000,165.561000,1.000000,67.000000,97.000000,0.000000,-25.000000,100.000000,0.000000,-23.000000,0.000000,-1.000000,-92.000000,3.000000
102.870000,165.661000,0.000000,65.000000,97.000000,0.000000,-25.000000,100.000000,0.000000,-23.000000,0.000000,0.000000,-90.000000,3.000000
102.970000,165.761000,0.000000,64.000000,97.000000,0.000000,-25.000000,100.000000,0.000000,-23.000000,0.000000,0.000000,-89.000000,3.000000
103.070000,165.861000,0.000000,62.000000,96.000000,0.000000,-25.000000,100.000000,0.000000,-23.000000,1.000000,0.000000,-87.000000,4.000000
103.170000,165.961000,,61.000000,96.000000,0.000000,-25.000000,100.000000,0.000000,-23.000000,1.000000,,-86.000000,4.000000
103.270000,166.061000,-2.000000,59.000000,96.000000,0.000000,-25.000000,100.000000,1.000000,-23.000000,1.000000,2.000000,-84.000000,4.000000
103.370000,166.161000,-2.000000,57.000000,97.000000,0.000000,-25.000000,100.000000,1.000000,-23.000000,0.000000,2.000000,-82.000000,3.000000
103.470000,166.261000,-3.000000,56.000000,96.000000,0.000000,-25.000000,100.000000,1.000000,-23.000000,1.000000,3.000000,-81.000000,4.000000
103.570000,166.361000,-3.000000,54.000000,96.000000,0.000000,-25.000000,100.000000,1.000000,-23.000000,1.000000,3.000000,-79.000000,4.000000
103.670000,166.461000,-4.000000,52.000000,96.000000,0.000000,-25.000000,100.000000,1.000000,-23.000000,1.000000,4.000000,-77.000000,4.000000
103.770000,166.561000,-4.000000,50.000000,96.000000,0.000000,-25.000000,100.000000,1.000000,-23.000000,1.000000,4.000000,-75.000000,4.000000
103.870000,166.661000,-5.000000,48.000000,96.000000,0.000000,-25.000000,100.000000,1.000000,-23.000000,1.000000,5.000000,-73.000000,4.000000
103.970000,166.761000,-5.000000,45.000000,96.000000,0.000000,-25.000000,100.000000,1.000000,-23.000000,1.000000,5.000000,-70.000000,4.000000
104.070000,166.861000,-6.000000,43.000000,96.000000,0.000000,-25.000000,100.000000,1.000000,-23.000000,1.000000,6.000000,-68.000000,4.000000
104.170000,166.961000,-6.000000,41.000000,96.000000,0.000000,-25.000000,100.000000,1.000000,-23.000000,1.000000,6.000000,-66.000000,4.000000
104.270000,167.061000,-7.000000,39.000000,96.000000,0.000000,-25.000000,100.000000,2.000000,-23.000000,1.000000,7.000000,-64.000000,4.000000
104.370000,167.161000,-7.000000,37.000000,96.000000,0.000000,-25.000000,100.000000,2.000000,-22.000000,1.000000,7.000000,-62.000000,4.000000
104.470000,167.261000,-8.000000,35.000000,96.000000,0.000000,-25.000000,100.000000,2.000000,-21.000000,1.000000,8.000000,-60.000000,4.000000
104.570000,167.361000,-8.000000,33.000000,96.000000,0.000000,-25.000000,100.000000,2.000000,-21.000000,1.000000,8.000000,-58.000000,4.000000
104.670000,167.461000,-8.000000,30.000000,97.000000,0.000000,-25.000000,100.000000,2.000000,-20.000000,0.000000,8.000000,-55.000000,3.000000
104.770000,167.561000,-8.000000,28.000000,97.000000,0.000000,-25.000000,100.000000,2.000000,-19.000000,0.000000,8.000000,-53.000000,3.000000
104.870000,167.661000,-9.000000,27.000000,96.000000,0.000000,-25.000000,100.000000,2.000000,-19.000000,1.000000,9.000000,-52.000000,4.000000
104.970000,167.761000,-9.000000,25.000000,96.000000,0.000000,-25.000000,100.000000,2.000000,-18.000000,1.000000,9.000000,-50.000000,4.000000
105.090000,167.881000,-9.000000,23.000000,97.000000,0.000000,-25.000000,100.000000,0.000000,0.000000,0.000000,9.000000,-48.000000,3.000000
105.170000,167.961000,-9.000000,20.000000,97.000000,0.000000,-25.000000,100.000000,2.000000,-16.000000,0.000000,9.000000,-45.000000,3.000000
105.290000,168.081000,-9.000000,18.000000,97.000000,0.000000,-25.000000,100.000000,0.000000,0.000000,0.000000,9.000000,-43.000000,3.000000
105.390000,168.181000,-9.000000,17.000000,97.000000,0.000000,-25.000000,100.000000,0.000000,0.000000,0.000000,9.000000,-42.000000,3.000000
105.490000,168.281000,-9.000000,15.000000,97.000000,0.000000,-25.000000,100.000000,0.000000,0.000000,0.000000,9.000000,-40.000000,3.000000
105.590000,168.381000,-9.000000,14.000000,97.000000,0.000000,-25.000000,100.000000,0.000000,0.000000,0.000000,9.000000,-39.000000,3.000000
105.690000,168.481000,-10.000000,13.000000,97.000000,0.000000,-25.000000,100.000000,0.000000,0.000000,0.000000,10.000000,-38.000000,3.000000
105.790000,168.581000,-10.000000,12.000000,97.000000,0.000000,-25.000000,100.000000,0.000000,0.000000,0.000000,10.000000,-37.000000,3.000000
105.890000,168.681000,-10.000000,10.000000,97.000000,0.000000,-25.000000,100.000000,0.000000,0.000000,0.000000,10.000000,-35.000000,3.000000
106.090000,168.881000,-10.000000,8.000000,97.000000,0.000000,-25.000000,100.000000,0.000000,0.000000,0.000000,10.000000,-33.000000,3.000000
106.190000,168.981000,-10.000000,7.000000,97.000000,0.000000,-25.000000,100.000000,0.000000,0.000000,0.000000,10.000000,-32.000000,3.000000
106.290000,169.081000,-11.000000,6.000000,97.000000,0.000000,-25.000000,100.000000,0.000000,0.000000,0.000000,11.000000,-31.000000,3.000000
106.490000,169.281000,-11.000000,5.000000,97.000000,0.000000,-25.000000,100.000000,0.000000,0.000000,0.000000,11.000000,-30.000000,3.000000
106.590000,169.381000,-11.000000,4.000000,97.000000,0.000000,-25.000000,100.000000,0.000000,0.000000,0.000000,11.000000,-29.000000,3.000000
106.690000,169.481000,-11.000000,3.000000,97.000000,0.000000,-25.000000,100.000000,0.000000,0.000000,0.000000,11.000000,-28.000000,3.000000
106.890000,169.681000,-10.000000,2.000000,97.000000,0.000000,-25.000000,100.000000,0.000000,0.000000,0.000000,10.000000,-27.000000,3.000000
107.090000,169.881000,-10.000000,1.000000,97.000000,0.000000,-25.000000,100.000000,0.000000,0.000000,0.000000,10.000000,-26.000000,3.000000
107.190000,169.981000,-10.000000,0.000000,96.000000,0.000000,-25.000000,100.000000,0.000000,0.000000,0.000000,10.000000,-25.000000,4.000000
107.290000,170.081000,-9.000000,0.000000,97.000000,0.000000,-25.000000,100.000000,0.000000,0.000000,0.000000,9.000000,-25.000000,3.000000
107.390000,170.181000,-9.000000,,97.000000,0.000000,-25.000000,100.000000,0.000000,0.000000,0.000000,9.000000,,3.000000
107.490000,170.281000,-9.000000,-2.000000,97.000000,0.000000,-25.000000,100.000000,0.000000,0.000000,0.000000,9.000000,-23.000000,3.000000
107.590000,170.381000,-9.000000,-3.000000,97.000000,0.000000,-25.000000,100.000000,0.000000,0.000000,0.000000,9.000000,-22.000000,3.000000
107.690000,170.481000,-9.000000,-4.000000,97.000000,0.000000,-25.000000,100.000000,0.000000,0.000000,0.000000,9.000000,-21.000000,3.000000
107.890000,170.681000,-9.000000,-5.000000,97.000000,0.000000,-25.000000,100.000000,0.000000,0.000000,0.000000,9.000000,-20.000000,3.000000
107.990000,170.781000,-8.000000,-6.000000,97.000000,0.000000,-25.000000,100.000000,0.000000,0.000000,0.000000,8.000000,-19.000000,3.000000
108.190000,170.981000,-9.000000,-6.000000,97.000000,0.000000,-25.000000,100.000000,0.000000,0.000000,0.000000,9.000000,-19.000000,3.000000
108.290000,171.081000,-8.000000,-6.000000,96.000000,0.000000,-25.000000,100.000000,0.000000,0.000000,1.000000,8.000000,-19.000000,4.000000
108.490000,171.281000,-8.000000,-7.000000,96.000000,0.000000,-25.000000,100.000000,0.000000,0.000000,0.000000,8.000000,-18.000000,4.000000
108.690000,171.481000,-8.000000,-8.000000,96.000000,0.000000,-25.000000,100.000000,0.000000,0.000000,1.000000,8.000000,-17.000000,4.000000
108.890000,171.681000,-7.000000,-9.000000,96.000000,0.000000,-25.000000,100.000000,0.000000,0.000000,0.000000,7.000000,-16.000000,4.000000
109.190000,171.981000,-7.000000,-9.000000,97.000000,0.000000,-25.000000,100.000000,0.000000,0.000000,0.000000,7.000000,-16.000000,3.000000
109.390000,172.181000,-6.000000,-9.000000,97.000000,0.000000,-25.000000,100.000000,0.000000,0.000000,0.000000,6.000000,-16.000000,3.000000
109.490000,172.281000,-6.000000,-10.000000,96.000000,0.000000,-25.000000,100.000000,0.000000,0.000000,1.000000,6.000000,-15.000000,4.000000
109.590000,172.381000,-5.000000,-10.000000,96.000000,0.000000,-25.000000,100.000000,0.000000,0.000000,1.000000,5.000000,-15.000000,4.000000
109.890000,172.681000,-4.000000,-10.000000,96.000000,0.000000,-25.000000,100.000000,1.000000,-3.000000,1.000000,4.000000,-15.000000,4.000000
109.990000,172.781000,-3.000000,-9.000000,96.000000,0.000000,-25.000000,100.000000,1.000000,-4.000000,1.000000,3.000000,-16.000000,4.000000
110.190000,172.981000,-2.000000,-8.000000,96.000000,0.000000,-25.000000,100.000000,1.000000,-4.000000,1.000000,2.000000,-17.000000,4.000000
110.390000,173.181000,,-7.000000,96.000000,0.000000,-25.000000,100.000000,1.000000,-4.000000,1.000000,,-18.000000,4.000000
110.590000,173.381000,,-7.000000,97.000000,0.000000,-25.000000,100.000000,0.000000,-4.000000,1.000000,,-18.000000,3.000000
110.690000,173.481000,0.000000,-6.000000,97.000000,0.000000,-25.000000,100.000000,0.000000,-4.000000,0.000000,0.000000,-19.000000,3.000000
110.890000,173.681000,0.000000,-5.000000,97.000000,0.000000,-25.000000,100.000000,0.000000,-4.000000,0.000000,0.000000,-20.000000,3.000000
110.990000,173.781000,1.000000,-5.000000,97.000000,0.000000,-25.000000,100.000000,0.000000,-4.000000,0.000000,-1.000000,-20.000000,3.000000
111.090000,173.881000,1.000000,-4.000000,97.000000,0.000000,-25.000000,100.000000,0.000000,-4.000000,0.000000,-1.000000,-21.000000,3.000000
111.190000,173.981000,1.000000,-4.000000,98.000000,0.000000,-25.000000,100.000000,1.000000,-4.000000,0.000000,-1.000000,-21.000000,2.000000
111.390000,174.181000,1.000000,-3.000000,98.000000,0.000000,-25.000000,100.000000,1.000000,-5.000000,0.000000,-1.000000,-22.000000,2.000000
111.490000,174.281000,1.000000,-3.000000,99.000000,0.000000,-25.000000,100.000000,1.000000,-5.000000,0.000000,-1.000000,-22.000000,1.000000
111.590000,174.381000,1.000000,-2.000000,99.000000,0.000000,-25.000000,100.000000,1.000000,-5.000000,0.000000,-1.000000,-23.000000,1.000000
111.790000,174.581000,1.000000,,99.000000,0.000000,-25.000000,100.000000,1.000000,-5.000000,0.000000,-1.000000,,1.000000
111.890000,174.681000,2.000000,,99.000000,0.000000,-25.000000,100.000000,0.000000,-5.000000,0.000000,-2.000000,,1.000000
112.090000,174.881000,2.000000,0.000000,99.000000,0.000000,-25.000000,100.000000,0.000000,-9.000000,0.000000,-2.000000,-25.000000,1.000000
112.190000,174.981000,2.000000,0.000000,100.000000,0.000000,-25.000000,100.000000,0.000000,-9.000000,0.000000,-2.000000,-25.000000,0.000000
112.290000,175.081000,2.000000,0.000000,99.000000,0.000000,-25.000000,100.000000,0.000000,-9.000000,0.000000,-2.000000,-25.000000,1.000000
112.390000,175.181000,2.000000,1.000000,99.000000,0.000000,-25.000000,100.000000,0.000000,-9.000000,0.000000,-2.000000,-26.000000,1.000000
112.490000,175.281000,2.000000,1.000000,100.000000,0.000000,-25.000000,100.000000,0.000000,-9.000000,0.000000,-2.000000,-26.000000,0.000000
112.590000,175.381000,3.000000,1.000000,100.000000,0.000000,-25.000000,100.000000,0.000000,-9.000000,0.000000,-3.000000,-26.000000,0.000000
112.690000,175.481000,3.000000,1.000000,99.000000,0.000000,-25.000000,100.000000,0.000000,-9.000000,0.000000,-3.000000,-26.000000,1.000000
112.790000,175.581000,3.000000,2.000000,99.000000,0.000000,-25.000000,100.000000,0.000000,-10.000000,0.000000,-3.000000,-27.000000,1.000000
113.090000,175.881000,3.000000,1.000000,100.000000,0.000000,-25.000000,100.000000,0.000000,-9.000000,0.000000,-3.000000,-26.000000,0.000000
113.390000,176.181000,3.000000,0.000000,100.000000,0.000000,-25.000000,100.000000,0.000000,-9.000000,0.000000,-3.000000,-25.000000,0.000000
113.490000,176.281000,3.000000,,101.000000,0.000000,-25.000000,100.000000,0.000000,-5.000000,0.000000,-3.000000,,-1.000000
113.690000,176.481000,4.000000,,101.000000,0.000000,-25.000000,100.000000,0.000000,-5.000000,0.000000,-4.000000,,-1.000000
113.790000,176.581000,4.000000,-2.000000,101.000000,0.000000,-25.000000,100.000000,0.000000,-5.000000,0.000000,-4.000000,-23.000000,-1.000000
113.990000,176.781000,4.000000,-3.000000,101.000000,0.000000,-25.000000,100.000000,0.000000,-5.000000,0.000000,-4.000000,-22.000000,-1.000000
114.110000,176.901000,4.000000,-4.000000,101.000000,0.000000,-25.000000,100.000000,0.000000,0.000000,0.000000,-4.000000,-21.000000,-1.000000
114.210000,177.001000,4.000000,-4.000000,100.000000,0.000000,-25.000000,100.000000,0.000000,0.000000,0.000000,-4.000000,-21.000000,0.000000
114.310000,177.101000,4.000000,-5.000000,100.000000,0.000000,-25.000000,100.000000,0.000000,0.000000,0.000000,-4.000000,-20.000000,0.000000
114.610000,177.401000,4.000000,-6.000000,100.000000,0.000000,-25.000000,100.000000,0.000000,0.000000,0.000000,-4.000000,-19.000000,0.000000
114.810000,177.601000,3.000000,-6.000000,100.000000,0.000000,-25.000000,100.000000,0.000000,0.000000,0.000000,-3.000000,-19.000000,0.000000
114.910000,177.701000,3.000000,-7.000000,100.000000,0.000000,-25.000000,100.000000,0.000000,0.000000,0.000000,-3.000000,-18.000000,0.000000
115.110000,177.901000,3.000000,-8.000000,101.000000,0.000000,-25.000000,100.000000,0.000000,0.000000,0.000000,-3.000000,-17.000000,-1.000000
115.210000,178.001000,2.000000,-9.000000,101.000000,0.000000,-25.000000,100.000000,0.000000,0.000000,0.000000,-2.000000,-16.000000,-1.000000
115.410000,178.201000,1.000000,-10.000000,101.000000,0.000000,-25.000000,100.000000,0.000000,0.000000,0.000000,-1.000000,-15.000000,-1.000000
115.610000,178.401000,1.000000,-10.000000,102.000000,0.000000,-25.000000,100.000000,0.000000,0.000000,0.000000,-1.000000,-15.000000,-2.000000
115.810000,178.601000,1.000000,-11.000000,102.000000,0.000000,-25.000000,100.000000,0.000000,0.000000,0.000000,-1.000000,-14.000000,-2.000000
115.910000,178.701000,0.000000,-11.000000,102.000000,0.000000,-25.000000,100.000000,0.000000,0.000000,0.000000,0.000000,-14.000000,-2.000000
116.010000,178.801000,0.000000,-12.000000,102.000000,0.000000,-25.000000,100.000000,0.000000,0.000000,0.000000,0.000000,-13.000000,-2.000000
116.310000,179.101000,,-13.000000,102.000000,0.000000,-25.000000,100.000000,0.000000,0.000000,0.000000,,-12.000000,-2.000000
116.710000,179.501000,,-14.000000,102.000000,0.000000,-25.000000,100.000000,0.000000,0.000000,0.000000,,-11.000000,-2.000000
116.810000,179.601000,-2.000000,-14.000000,102.000000,0.000000,-25.000000,100.000000,0.000000,0.000000,0.000000,2.000000,-11.000000,-2.000000
117.010000,179.801000,-2.000000,-13.000000,102.000000,0.000000,-25.000000,100.000000,0.000000,0.000000,0.000000,2.000000,-12.000000,-2.000000
117.210000,180.001000,-3.000000,-14.000000,102.000000,0.000000,-25.000000,100.000000,0.000000,0.000000,0.000000,3.000000,-11.000000,-2.000000
117.510000,180.301000,-3.000000,-13.000000,102.000000,0.000000,-25.000000,100.000000,0.000000,0.000000,0.000000,3.000000,-12.000000,-2.000000
117.610000,180.401000,-4.000000,-14.000000,101.000000,0.000000,-25.000000,100.000000,0.000000,0.000000,0.000000,4.000000,-11.000000,-1.000000
117.710000,180.501000,-4.000000,-14.000000,102.000000,0.000000,-25.000000,100.000000,0.000000,0.000000,0.000000,4.000000,-11.000000,-2.000000
117.910000,180.701000,-5.000000,-14.000000,101.000000,0.000000,-25.000000,100.000000,0.000000,0.000000,0.000000,5.000000,-11.000000,-1.000000
118.210000,181.001000,-6.000000,-14.000000,101.000000,0.000000,-25.000000,100.000000,0.000000,0.000000,0.000000,6.000000,-11.000000,-1.000000
118.310000,181.101000,-6.000000,-15.000000,101.000000,0.000000,-25.000000,100.000000,0.000000,0.000000,0.000000,6.000000,-10.000000,-1.000000
118.410000,181.201000,-6.000000,-14.000000,100.000000,0.000000,-25.000000,100.000000,1.000000,-3.000000,0.000000,6.000000,-11.000000,0.000000
118.610000,181.401000,-7.000000,-15.000000,100.000000,0.000000,-25.000000,100.000000,2.000000,,0.000000,7.000000,-10.000000,0.000000
118.710000,181.501000,-7.000000,-14.000000,100.000000,0.000000,-25.000000,100.000000,2.000000,-3.000000,0.000000,7.000000,-11.000000,0.000000
118.910000,181.701000,-7.000000,-14.000000,99.000000,0.000000,-25.000000,100.000000,2.000000,-3.000000,0.000000,7.000000,-11.000000,1.000000
119.110000,181.901000,-7.000000,-14.000000,100.000000,0.000000,-25.000000,100.000000,2.000000,-3.000000,0.000000,7.000000,-11.000000,0.000000
119.210000,182.001000,-8.000000,-14.000000,100.000000,0.000000,-25.000000,100.000000,2.000000,-3.000000,0.000000,8.000000,-11.000000,0.000000
119.310000,182.101000,-8.000000,-15.000000,100.000000,0.000000,-25.000000,100.000000,2.000000,,0.000000,8.000000,-10.000000,0.000000
119.510000,182.301000,-8.000000,-15.000000,99.000000,0.000000,-25.000000,100.000000,2.000000,,0.000000,8.000000,-10.000000,1.000000
119.610000,182.401000,-9.000000,-15.000000,99.000000,0.000000,-25.000000,100.000000,2.000000,,0.000000,9.000000,-10.000000,1.000000
119.710000,182.501000,-9.000000,-14.000000,100.000000,0.000000,-25.000000,100.000000,2.000000,-3.000000,0.000000,9.000000,-11.000000,0.000000
119.910000,182.701000,-9.000000,-14.000000,99.000000,0.000000,-25.000000,100.000000,2.000000,-3.000000,0.000000,9.000000,-11.000000,1.000000
120.110000,182.901000,-9.000000,-13.000000,99.000000,0.000000,-25.000000,100.000000,2.000000,-3.000000,0.000000,9.000000,-12.000000,1.000000
120.210000,183.001000,-9.000000,-14.000000,99.000000,0.000000,-25.000000,100.000000,2.000000,-3.000000,0.000000,9.000000,-11.000000,1.000000
120.810000,183.601000,-9.000000,-14.000000,100.000000,0.000000,-25.000000,100.000000,2.000000,-3.000000,0.000000,9.000000,-11.000000,0.000000
120.910000,183.701000,-9.000000,-14.000000,99.000000,0.000000,-25.000000,100.000000,2.000000,-3.000000,0.000000,9.000000,-11.000000,1.000000
121.010000,183.801000,-8.000000,-14.000000,99.000000,0.000000,-25.000000,100.000000,2.000000,-3.000000,0.000000,8.000000,-11.000000,1.000000
121.510000,184.301000,-8.000000,-15.000000,99.000000,0.000000,-25.000000,100.000000,2.000000,,0.000000,8.000000,-10.000000,1.000000
121.610000,184.401000,-7.000000,-15.000000,99.000000,0.000000,-25.000000,100.000000,2.000000,,0.000000,7.000000,-10.000000,1.000000
121.710000,184.501000,-7.000000,-15.000000,100.000000,0.000000,-25.000000,100.000000,2.000000,,0.000000,7.000000,-10.000000,0.000000
121.810000,184.601000,-7.000000,-14.000000,100.000000,0.000000,-25.000000,100.000000,2.000000,-3.000000,0.000000,7.000000,-11.000000,0.000000
121.910000,184.701000,-6.000000,-14.000000,99.000000,0.000000,-25.000000,100.000000,1.000000,-3.000000,0.000000,6.000000,-11.000000,1.000000
122.310000,185.101000,-6.000000,-14.000000,100.000000,0.000000,-25.000000,100.000000,1.000000,-3.000000,0.000000,6.000000,-11.000000,0.000000
122.410000,185.201000,-6.000000,-13.000000,100.000000,0.000000,-25.000000,100.000000,1.000000,-3.000000,0.000000,6.000000,-12.000000,0.000000
122.610000,185.401000,-5.000000,-13.000000,99.000000,0.000000,-25.000000,100.000000,1.000000,-3.000000,0.000000,5.000000,-12.000000,1.000000
122.810000,185.601000,-5.000000,-12.000000,99.000000,0.000000,-25.000000,100.000000,1.000000,-3.000000,0.000000,5.000000,-13.000000,1.000000
122.910000,185.701000,-4.000000,-12.000000,99.000000,0.000000,-25.000000,100.000000,1.000000,-3.000000,0.000000,4.000000,-13.000000,1.000000
123.110000,185.901000,-4.000000,-12.000000,98.000000,0.000000,-25.000000,100.000000,1.000000,-3.000000,0.000000,4.000000,-13.000000,2.000000
123.230000,186.021000,-4.000000,-11.000000,98.000000,0.000000,-25.000000,100.000000,0.000000,0.000000,0.000000,4.000000,-14.000000,2.000000
123.530000,186.321000,-4.000000,-11.000000,97.000000,0.000000,-25.000000,100.000000,0.000000,0.000000,0.000000,4.000000,-14.000000,3.000000
123.930000,186.721000,-4.000000,-12.000000,97.000000,0.000000,-25.000000,100.000000,0.000000,0.000000,0.000000,4.000000,-13.000000,3.000000
124.030000,186.821000,-4.000000,-12.000000,98.000000,0.000000,-25.000000,100.000000,0.000000,0.000000,0.000000,4.000000,-13.000000,2.000000
124.630000,187.421000,-4.000000,-13.000000,98.000000,0.000000,-25.000000,100.000000,0.000000,0.000000,0.000000,4.000000,-12.000000,2.000000
124.730000,187.521000,-4.000000,-13.000000,97.000000,0.000000,-25.000000,100.000000,0.000000,0.000000,0.000000,4.000000,-12.000000,3.000000
124.830000,187.621000,-4.000000,-13.000000,98.000000,0.000000,-25.000000,100.000000,0.000000,0.000000,0.000000,4.000000,-12.000000,2.000000
125.430000,188.221000,-3.000000,-12.000000,98.000000,0.000000,-25.000000,100.000000,0.000000,0.000000,0.000000,3.000000,-13.000000,2.000000
125.630000,188.421000,-3.000000,-12.000000,99.000000,0.000000,-25.000000,100.000000,0.000000,0.000000,0.000000,3.000000,-13.000000,1.000000
125.830000,188.621000,-3.000000,-13.000000,99.000000,0.000000,-25.000000,100.000000,0.000000,0.000000,0.000000,3.000000,-12.000000,1.000000
126.030000,188.821000,-2.000000,-13.000000,99.000000,0.000000,-25.000000,100.000000,0.000000,0.000000,0.000000,2.000000,-12.000000,1.000000
126.130000,188.921000,-2.000000,-14.000000,99.000000,0.000000,-25.000000,100.000000,0.000000,0.000000,0.000000,2.000000,-11.000000,1.000000
126.230000,189.021000,-2.000000,-14.000000,100.000000,0.000000,-25.000000,100.000000,0.000000,0.000000,0.000000,2.000000,-11.000000,0.000000
126.330000,189.121000,-3.000000,-15.000000,100.000000,0.000000,-25.000000,100.000000,0.000000,0.000000,0.000000,3.000000,-10.000000,0.000000
126.530000,189.321000,-3.000000,-16.000000,100.000000,0.000000,-25.000000,100.000000,0.000000,0.000000,0.000000,3.000000,-9.000000,0.000000
126.630000,189.421000,-2.000000,-16.000000,100.000000,150.000000,-25.000000,100.000000,0.000000,0.000000,0.000000,152.000000,-9.000000,0.000000
126.730000,189.521000,-2.000000,-17.000000,101.000000,150.000000,-25.000000,100.000000,0.000000,0.000000,0.000000,152.000000,-8.000000,-1.000000
126.930000,189.721000,,-17.000000,101.000000,150.000000,-25.000000,100.000000,0.000000,0.000000,0.000000,,-8.000000,-1.000000
127.030000,189.821000,0.000000,-17.000000,101.000000,150.000000,-25.000000,100.000000,0.000000,0.000000,0.000000,150.000000,-8.000000,-1.000000
127.130000,189.921000,1.000000,-17.000000,101.000000,150.000000,-25.000000,100.000000,0.000000,0.000000,0.000000,149.000000,-8.000000,-1.000000
127.230000,190.021000,2.000000,-18.000000,101.000000,150.000000,-25.000000,100.000000,0.000000,0.000000,0.000000,148.000000,-7.000000,-1.000000
127.330000,190.121000,3.000000,-18.000000,100.000000,150.000000,-25.000000,100.000000,0.000000,0.000000,0.000000,147.000000,-7.000000,0.000000
127.430000,190.221000,4.000000,-19.000000,100.000000,150.000000,-25.000000,100.000000,0.000000,0.000000,0.000000,146.000000,-6.000000,0.000000
127.530000,190.321000,5.000000,-19.000000,100.000000,150.000000,-25.000000,100.000000,23.000000,,0.000000,145.000000,-6.000000,0.000000
127.630000,190.421000,5.000000,-20.000000,101.000000,150.000000,-25.000000,100.000000,23.000000,,0.000000,145.000000,-5.000000,-1.000000
127.730000,190.521000,6.000000,-20.000000,101.000000,150.000000,-25.000000,100.000000,23.000000,,0.000000,144.000000,-5.000000,-1.000000
127.830000,190.621000,6.000000,-20.000000,102.000000,150.000000,-25.000000,100.000000,23.000000,,0.000000,144.000000,-5.000000,-2.000000
127.930000,190.721000,7.000000,-21.000000,102.000000,150.000000,-25.000000,100.000000,23.000000,,0.000000,143.000000,-4.000000,-2.000000
128.130000,190.921000,9.000000,-21.000000,102.000000,150.000000,-25.000000,100.000000,23.000000,,0.000000,141.000000,-4.000000,-2.000000
128.230000,191.021000,10.000000,-21.000000,101.000000,150.000000,-25.000000,100.000000,23.000000,,0.000000,140.000000,-4.000000,-1.000000
128.330000,191.121000,11.000000,-21.000000,101.000000,150.000000,-25.000000,100.000000,23.000000,,0.000000,139.000000,-4.000000,-1.000000
128.430000,191.221000,12.000000,-22.000000,101.000000,150.000000,-25.000000,100.000000,23.000000,,0.000000,138.000000,-3.000000,-1.000000
128.530000,191.321000,13.000000,-22.000000,101.000000,150.000000,-25.000000,100.000000,23.000000,,0.000000,137.000000,-3.000000,-1.000000
128.630000,191.421000,14.000000,-24.000000,101.000000,150.000000,-25.000000,100.000000,23.000000,,0.000000,136.000000,-1.000000,-1.000000
128.730000,191.521000,16.000000,-24.000000,100.000000,150.000000,-25.000000,100.000000,23.000000,0.000000,0.000000,134.000000,-1.000000,0.000000
128.830000,191.621000,17.000000,-25.000000,100.000000,150.000000,-25.000000,100.000000,23.000000,0.000000,0.000000,133.000000,0.000000,0.000000
128.930000,191.721000,19.000000,-26.000000,100.000000,150.000000,-25.000000,100.000000,23.000000,0.000000,0.000000,131.000000,1.000000,0.000000
129.130000,191.921000,20.000000,-25.000000,100.000000,150.000000,-25.000000,100.000000,23.000000,0.000000,0.000000,130.000000,0.000000,0.000000
129.230000,192.021000,21.000000,-25.000000,100.000000,150.000000,-25.000000,100.000000,23.000000,0.000000,0.000000,129.000000,0.000000,0.000000
129.430000,192.221000,22.000000,-25.000000,100.000000,150.000000,-25.000000,100.000000,23.000000,,0.000000,128.000000,0.000000,0.000000
129.530000,192.321000,23.000000,-25.000000,100.000000,150.000000,-25.000000,100.000000,23.000000,,0.000000,127.000000,0.000000,0.000000
129.630000,192.421000,24.000000,-25.000000,99.000000,150.000000,-25.000000,100.000000,23.000000,,0.000000,126.000000,0.000000,1.000000
129.730000,192.521000,26.000000,-24.000000,99.000000,150.000000,-25.000000,100.000000,23.000000,,0.000000,124.000000,-1.000000,1.000000
129.830000,192.621000,27.000000,-24.000000,98.000000,150.000000,-25.000000,100.000000,23.000000,,0.000000,123.000000,-1.000000,2.000000
129.930000,192.721000,28.000000,-25.000000,99.000000,150.000000,-25.000000,100.000000,23.000000,,0.000000,122.000000,0.000000,1.000000
130.130000,192.921000,29.000000,-25.000000,99.000000,150.000000,-25.000000,100.000000,23.000000,,0.000000,121.000000,0.000000,1.000000
130.230000,193.021000,30.000000,-25.000000,100.000000,150.000000,-25.000000,100.000000,23.000000,,0.000000,120.000000,0.000000,0.000000
130.330000,193.121000,30.000000,-26.000000,100.000000,150.000000,-25.000000,100.000000,23.000000,,0.000000,120.000000,1.000000,0.000000
130.430000,193.221000,31.000000,-26.000000,100.000000,150.000000,-25.000000,100.000000,23.000000,,0.000000,119.000000,1.000000,0.000000
130.530000,193.321000,32.000000,-26.000000,100.000000,150.000000,-25.000000,100.000000,23.000000,,0.000000,118.000000,1.000000,0.000000
130.730000,193.521000,33.000000,-27.000000,100.000000,150.000000,-25.000000,100.000000,23.000000,1.000000,0.000000,117.000000,2.000000,0.000000
130.830000,193.621000,34.000000,-27.000000,100.000000,150.000000,-25.000000,100.000000,23.000000,1.000000,0.000000,116.000000,2.000000,0.000000
131.030000,193.821000,36.000000,-28.000000,100.000000,150.000000,-25.000000,100.000000,23.000000,1.000000,0.000000,114.000000,3.000000,0.000000
131.130000,193.921000,37.000000,-28.000000,100.000000,150.000000,-25.000000,100.000000,23.000000,1.000000,0.000000,113.000000,3.000000,0.000000
131.230000,194.021000,38.000000,-29.000000,101.000000,150.000000,-25.000000,100.000000,23.000000,1.000000,0.000000,112.000000,4.000000,-1.000000
131.330000,194.121000,40.000000,-30.000000,101.000000,150.000000,-25.000000,100.000000,23.000000,1.000000,0.000000,110.000000,5.000000,-1.000000
131.430000,194.221000,41.000000,-30.000000,101.000000,150.000000,-25.000000,100.000000,23.000000,1.000000,0.000000,109.000000,5.000000,-1.000000
131.530000,194.321000,43.000000,-30.000000,101.000000,150.000000,-25.000000,100.000000,23.000000,1.000000,0.000000,107.000000,5.000000,-1.000000
131.630000,194.421000,44.000000,-31.000000,101.000000,150.000000,-25.000000,100.000000,23.000000,1.000000,0.000000,106.000000,6.000000,-1.000000
131.730000,194.521000,46.000000,-31.000000,101.000000,150.000000,-25.000000,100.000000,23.000000,1.000000,0.000000,104.000000,6.000000,-1.000000
131.830000,194.621000,47.000000,-32.000000,102.000000,150.000000,-25.000000,100.000000,23.000000,2.000000,0.000000,103.000000,7.000000,-2.000000
131.930000,194.721000,49.000000,-32.000000,102.000000,150.000000,-25.000000,100.000000,23.000000,2.000000,0.000000,101.000000,7.000000,-2.000000
132.030000,194.821000,51.000000,-33.000000,102.000000,150.000000,-25.000000,100.000000,23.000000,2.000000,0.000000,99.000000,8.000000,-2.000000
132.130000,194.921000,53.000000,-33.000000,101.000000,150.000000,-25.000000,100.000000,23.000000,2.000000,0.000000,97.000000,8.000000,-1.000000
132.250000,195.041000,55.000000,-34.000000,101.000000,150.000000,-25.000000,100.000000,0.000000,0.000000,0.000000,95.000000,9.000000,-1.000000
132.350000,195.141000,57.000000,-34.000000,101.000000,150.000000,-25.000000,100.000000,0.000000,0.000000,0.000000,93.000000,9.000000,-1.000000
132.450000,195.241000,59.000000,-35.000000,101.000000,150.000000,-25.000000,100.000000,0.000000,0.000000,0.000000,91.000000,10.000000,-1.000000
132.550000,195.341000,61.000000,-35.000000,101.000000,150.000000,-25.000000,100.000000,0.000000,0.000000,0.000000,89.000000,10.000000,-1.000000
132.650000,195.441000,63.000000,-35.000000,100.000000,150.000000,-25.000000,100.000000,0.000000,0.000000,0.000000,87.000000,10.000000,0.000000
132.750000,195.541000,65.000000,-36.000000,101.000000,150.000000,-25.000000,100.000000,0.000000,0.000000,0.000000,85.000000,11.000000,-1.000000
132.850000,195.641000,67.000000,-36.000000,101.000000,150.000000,-25.000000,100.000000,0.000000,0.000000,0.000000,83.000000,11.000000,-1.000000
132.950000,195.741000,68.000000,-37.000000,101.000000,150.000000,-25.000000,100.000000,0.000000,0.000000,0.000000,82.000000,12.000000,-1.000000
133.050000,195.841000,70.000000,-38.000000,101.000000,150.000000,-25.000000,100.000000,0.000000,0.000000,0.000000,80.000000,13.000000,-1.000000
133.150000,195.941000,71.000000,-39.000000,101.000000,150.000000,-25.000000,100.000000,0.000000,0.000000,0.000000,79.000000,14.000000,-1.000000
133.250000,196.041000,73.000000,-40.000000,101.000000,150.000000,-25.000000,100.000000,0.000000,0.000000,0.000000,77.000000,15.000000,-1.000000
133.350000,196.141000,74.000000,-40.000000,101.000000,150.000000,-25.000000,100.000000,0.000000,0.000000,0.000000,76.000000,15.000000,-1.000000
133.450000,196.241000,76.000000,-41.000000,101.000000,150.000000,-25.000000,100.000000,0.000000,0.000000,0.000000,74.000000,16.000000,-1.000000
133.550000,196.341000,77.000000,-41.000000,101.000000,150.000000,-25.000000,100.000000,0.000000,0.000000,0.000000,73.000000,16.000000,-1.000000
133.650000,196.441000,79.000000,-42.000000,101.000000,150.000000,-25.000000,100.000000,0.000000,0.000000,0.000000,71.000000,17.000000,-1.000000
133.750000,196.541000,80.000000,-42.000000,102.000000,150.000000,-25.000000,100.000000,0.000000,0.000000,0.000000,70.000000,17.000000,-2.000000
133.850000,196.641000,81.000000,-42.000000,102.000000,150.000000,-25.000000,100.000000,0.000000,0.000000,0.000000,69.000000,17.000000,-2.000000
133.950000,196.741000,82.000000,-43.000000,102.000000,150.000000,-25.000000,100.000000,0.000000,0.000000,0.000000,68.000000,18.000000,-2.000000
134.050000,196.841000,83.000000,-43.000000,102.000000,150.000000,-25.000000,100.000000,0.000000,0.000000,0.000000,67.000000,18.000000,-2.000000
134.150000,196.941000,84.000000,-43.000000,102.000000,150.000000,-25.000000,100.000000,0.000000,0.000000,0.000000,66.000000,18.000000,-2.000000
134.250000,197.041000,85.000000,-44.000000,102.000000,150.000000,-25.000000,100.000000,0.000000,0.000000,0.000000,65.000000,19.000000,-2.000000
134.350000,197.141000,86.000000,-44.000000,102.000000,150.000000,-25.000000,100.000000,0.000000,0.000000,0.000000,64.000000,19.000000,-2.000000
134.550000,197.341000,87.000000,-45.000000,103.000000,150.000000,-25.000000,100.000000,0.000000,0.000000,0.000000,63.000000,20.000000,-3.000000
134.650000,197.441000,88.000000,-45.000000,102.000000,150.000000,-25.000000,100.000000,0.000000,0.000000,0.000000,62.000000,20.000000,-2.000000
134.750000,197.541000,89.000000,-45.000000,103.000000,150.000000,-25.000000,100.000000,0.000000,0.000000,0.000000,61.000000,20.000000,-3.000000
134.850000,197.641000,89.000000,-46.000000,103.000000,150.000000,-25.000000,100.000000,0.000000,0.000000,0.000000,61.000000,21.000000,-3.000000
135.050000,197.841000,90.000000,-46.000000,103.000000,150.000000,-25.000000,100.000000,0.000000,0.000000,0.000000,60.000000,21.000000,-3.000000
135.250000,198.041000,90.000000,-47.000000,103.000000,150.000000,-25.000000,100.000000,0.000000,0.000000,0.000000,60.000000,22.000000,-3.000000
135.350000,198.141000,91.000000,-47.000000,103.000000,150.000000,-25.000000,100.000000,0.000000,0.000000,0.000000,59.000000,22.000000,-3.000000
135.650000,198.441000,92.000000,-47.000000,103.000000,150.000000,-25.000000,100.000000,0.000000,0.000000,0.000000,58.000000,22.000000,-3.000000
135.750000,198.541000,92.000000,-48.000000,103.000000,150.000000,-25.000000,100.000000,0.000000,0.000000,0.000000,58.000000,23.000000,-3.000000
135.950000,198.741000,93.000000,-48.000000,103.000000,150.000000,-25.000000,100.000000,0.000000,0.000000,0.000000,57.000000,23.000000,-3.000000
136.050000,198.841000,94.000000,-48.000000,103.000000,150.000000,-25.000000,100.000000,0.000000,0.000000,0.000000,56.000000,23.000000,-3.000000
136.150000,198.941000,95.000000,-48.000000,103.000000,150.000000,-25.000000,100.000000,0.000000,0.000000,0.000000,55.000000,23.000000,-3.000000
136.350000,199.141000,96.000000,-48.000000,103.000000,150.000000,-25.000000,100.000000,0.000000,0.000000,0.000000,54.000000,23.000000,-3.000000
136.450000,199.241000,97.000000,-48.000000,103.000000,150.000000,-25.000000,100.000000,0.000000,0.000000,0.000000,53.000000,23.000000,-3.000000
136.550000,199.341000,98.000000,-47.000000,103.000000,150.000000,-25.000000,100.000000,0.000000,0.000000,0.000000,52.000000,22.000000,-3.000000
136.750000,199.541000,99.000000,-47.000000,103.000000,150.000000,-25.000000,100.000000,18.000000,4.000000,0.000000,51.000000,22.000000,-3.000000
136.950000,199.741000,100.000000,-47.000000,103.000000,150.000000,-25.000000,100.000000,18.000000,4.000000,0.000000,50.000000,22.000000,-3.000000
137.050000,199.841000,101.000000,-47.000000,104.000000,150.000000,-25.000000,100.000000,18.000000,4.000000,,49.000000,22.000000,-4.000000
137.150000,199.941000,102.000000,-46.000000,104.000000,150.000000,-25.000000,100.000000,17.000000,4.000000,,48.000000,21.000000,-4.000000
137.350000,200.141000,103.000000,-45.000000,104.000000,150.000000,-25.000000,100.000000,17.000000,4.000000,,47.000000,20.000000,-4.000000
137.450000,200.241000,104.000000,-45.000000,104.000000,150.000000,-25.000000,100.000000,16.000000,4.000000,,46.000000,20.000000,-4.000000
137.550000,200.341000,105.000000,-44.000000,104.000000,150.000000,-25.000000,100.000000,16.000000,4.000000,,45.000000,19.000000,-4.000000
137.850000,200.641000,106.000000,-43.000000,103.000000,150.000000,-25.000000,100.000000,16.000000,4.000000,,44.000000,18.000000,-3.000000
138.050000,200.841000,106.000000,-42.000000,103.000000,150.000000,-25.000000,100.000000,16.000000,3.000000,0.000000,44.000000,17.000000,-3.000000
138.150000,200.941000,107.000000,-42.000000,103.000000,150.000000,-25.000000,100.000000,15.000000,3.000000,0.000000,43.000000,17.000000,-3.000000
138.350000,201.141000,108.000000,-41.000000,103.000000,150.000000,-25.000000,100.000000,15.000000,3.000000,0.000000,42.000000,16.000000,-3.000000
138.450000,201.241000,108.000000,-40.000000,103.000000,150.000000,-25.000000,100.000000,15.000000,3.000000,0.000000,42.000000,15.000000,-3.000000
138.550000,201.341000,109.000000,-40.000000,103.000000,150.000000,-25.000000,100.000000,15.000000,3.000000,0.000000,41.000000,15.000000,-3.000000
138.650000,201.441000,109.000000,-39.000000,103.000000,150.000000,-25.000000,100.000000,15.000000,3.000000,0.000000,41.000000,14.000000,-3.000000
138.950000,201.741000,110.000000,-38.000000,103.000000,150.000000,-25.000000,100.000000,14.000000,3.000000,0.000000,40.000000,13.000000,-3.000000
139.150000,201.941000,111.000000,-38.000000,103.000000,150.000000,-25.000000,100.000000,14.000000,3.000000,0.000000,39.000000,13.000000,-3.000000
139.250000,202.041000,111.000000,-37.000000,103.000000,150.000000,-25.000000,100.000000,14.000000,2.000000,0.000000,39.000000,12.000000,-3.000000
139.350000,202.141000,111.000000,-36.000000,103.000000,150.000000,-25.000000,100.000000,14.000000,2.000000,0.000000,39.000000,11.000000,-3.000000
139.450000,202.241000,112.000000,-36.000000,103.000000,150.000000,-25.000000,100.000000,14.000000,2.000000,0.000000,38.000000,11.000000,-3.000000
139.550000,202.341000,113.000000,-36.000000,103.000000,150.000000,-25.000000,100.000000,13.000000,2.000000,0.000000,37.000000,11.000000,-3.000000
139.650000,202.441000,113.000000,-35.000000,103.000000,150.000000,-25.000000,100.000000,13.000000,2.000000,0.000000,37.000000,10.000000,-3.000000
139.750000,202.541000,114.000000,-35.000000,103.000000,150.000000,-25.000000,100.000000,13.000000,2.000000,0.000000,36.000000,10.000000,-3.000000
139.850000,202.641000,114.000000,-34.000000,103.000000,150.000000,-25.000000,100.000000,13.000000,2.000000,0.000000,36.000000,9.000000,-3.000000
139.950000,202.741000,115.000000,-34.000000,103.000000,150.000000,-25.000000,100.000000,12.000000,2.000000,0.000000,35.000000,9.000000,-3.000000
140.050000,202.841000,115.000000,-33.000000,103.000000,150.000000,-25.000000,100.000000,12.000000,2.000000,0.000000,35.000000,8.000000,-3.000000
140.150000,202.941000,116.000000,-33.000000,103.000000,150.000000,-25.000000,100.000000,12.000000,2.000000,0.000000,34.000000,8.000000,-3.000000
140.250000,203.041000,116.000000,-32.000000,103.000000,150.000000,-25.000000,100.000000,12.000000,2.000000,0.000000,34.000000,7.000000,-3.000000
140.350000,203.141000,116.000000,-31.000000,103.000000,150.000000,-25.000000,100.000000,12.000000,1.000000,0.000000,34.000000,6.000000,-3.000000
140.550000,203.341000,116.000000,-30.000000,103.000000,150.000000,-25.000000,100.000000,12.000000,1.000000,0.000000,34.000000,5.000000,-3.000000
140.650000,203.441000,117.000000,-30.000000,103.000000,150.000000,-25.000000,100.000000,11.000000,1.000000,0.000000,33.000000,5.000000,-3.000000
140.750000,203.541000,118.000000,-29.000000,103.000000,150.000000,-25.000000,100.000000,11.000000,1.000000,0.000000,32.000000,4.000000,-3.000000
140.850000,203.641000,119.000000,-29.000000,103.000000,150.000000,-25.000000,100.000000,11.000000,1.000000,0.000000,31.000000,4.000000,-3.000000
140.950000,203.741000,119.000000,-28.000000,103.000000,150.000000,-25.000000,100.000000,11.000000,1.000000,0.000000,31.000000,3.000000,-3.000000
141.050000,203.841000,120.000000,-28.000000,103.000000,150.000000,-25.000000,100.000000,11.000000,1.000000,0.000000,30.000000,3.000000,-3.000000
141.170000,203.961000,121.000000,-27.000000,103.000000,150.000000,-25.000000,100.000000,0.000000,0.000000,0.000000,29.000000,2.000000,-3.000000
141.370000,204.161000,122.000000,-26.000000,103.000000,150.000000,-25.000000,100.000000,0.000000,0.000000,0.000000,28.000000,1.000000,-3.000000
141.470000,204.261000,123.000000,-26.000000,103.000000,150.000000,-25.000000,100.000000,0.000000,0.000000,0.000000,27.000000,1.000000,-3.000000
141.570000,204.361000,124.000000,-26.000000,103.000000,150.000000,-25.000000,100.000000,0.000000,0.000000,0.000000,26.000000,1.000000,-3.000000
141.670000,204.461000,124.000000,-25.000000,103.000000,150.000000,-25.000000,100.000000,0.000000,0.000000,0.000000,26.000000,0.000000,-3.000000
141.770000,204.561000,125.000000,-25.000000,103.000000,150.000000,-25.000000,100.000000,0.000000,0.000000,0.000000,25.000000,0.000000,-3.000000
141.870000,204.661000,125.000000,-24.000000,103.000000,150.000000,-25.000000,100.000000,0.000000,0.000000,0.000000,25.000000,-1.000000,-3.000000
141.970000,204.761000,126.000000,-24.000000,103.000000,150.000000,-25.000000,100.000000,0.000000,0.000000,0.000000,24.000000,-1.000000,-3.000000
142.070000,204.861000,127.000000,-24.000000,103.000000,150.000000,-25.000000,100.000000,0.000000,0.000000,0.000000,23.000000,-1.000000,-3.000000
142.170000,204.961000,127.000000,-23.000000,103.000000,150.000000,-25.000000,100.000000,0.000000,0.000000,0.000000,23.000000,-2.000000,-3.000000
142.270000,205.061000,128.000000,-22.000000,103.000000,150.000000,-25.000000,100.000000,0.000000,0.000000,0.000000,22.000000,-3.000000,-3.000000
142.470000,205.261000,128.000000,-22.000000,102.000000,150.000000,-25.000000,100.000000,0.000000,0.000000,0.000000,22.000000,-3.000000,-2.000000
142.570000,205.361000,129.000000,-21.000000,102.000000,150.000000,-25.000000,100.000000,0.000000,0.000000,0.000000,21.000000,-4.000000,-2.000000
142.670000,205.461000,130.000000,-21.000000,102.000000,150.000000,-25.000000,100.000000,0.000000,0.000000,0.000000,20.000000,-4.000000,-2.000000
142.870000,205.661000,131.000000,-21.000000,102.000000,150.000000,-25.000000,100.000000,0.000000,0.000000,0.000000,19.000000,-4.000000,-2.000000
142.970000,205.761000,132.000000,-21.000000,102.000000,150.000000,-25.000000,100.000000,0.000000,0.000000,0.000000,18.000000,-4.000000,-2.000000
143.070000,205.861000,132.000000,-20.000000,102.000000,150.000000,-25.000000,100.000000,0.000000,0.000000,0.000000,18.000000,-5.000000,-2.000000
143.370000,206.161000,133.000000,-19.000000,102.000000,150.000000,-25.000000,100.000000,0.000000,0.000000,0.000000,17.000000,-6.000000,-2.000000
143.570000,206.361000,134.000000,-19.000000,102.000000,150.000000,-25.000000,100.000000,0.000000,0.000000,0.000000,16.000000,-6.000000,-2.000000
143.770000,206.561000,135.000000,-19.000000,101.000000,150.000000,-25.000000,100.000000,0.000000,0.000000,0.000000,15.000000,-6.000000,-1.000000
143.870000,206.661000,136.000000,-18.000000,102.000000,150.000000,-25.000000,100.000000,0.000000,0.000000,0.000000,14.000000,-7.000000,-2.000000
143.970000,206.761000,136.000000,-18.000000,101.000000,150.000000,-25.000000,100.000000,0.000000,0.000000,0.000000,14.000000,-7.000000,-1.000000
144.070000,206.861000,136.000000,-18.000000,102.000000,150.000000,-25.000000,100.000000,0.000000,0.000000,0.000000,14.000000,-7.000000,-2.000000
144.170000,206.961000,136.000000,-17.000000,102.000000,150.000000,-25.000000,100.000000,0.000000,0.000000,0.000000,14.000000,-8.000000,-2.000000
144.270000,207.061000,137.000000,-18.000000,102.000000,150.000000,-25.000000,100.000000,0.000000,0.000000,0.000000,13.000000,-7.000000,-2.000000
144.370000,207.161000,137.000000,-17.000000,102.000000,150.000000,-25.000000,100.000000,0.000000,0.000000,0.000000,13.000000,-8.000000,-2.000000
144.470000,207.261000,137.000000,-18.000000,101.000000,150.000000,-25.000000,100.000000,0.000000,0.000000,0.000000,13.000000,-7.000000,-1.000000
144.670000,207.461000,138.000000,-18.000000,101.000000,150.000000,-25.000000,100.000000,0.000000,0.000000,0.000000,12.000000,-7.000000,-1.000000
144.970000,207.761000,139.000000,-18.000000,101.000000,150.000000,-25.000000,100.000000,0.000000,0.000000,0.000000,11.000000,-7.000000,-1.000000
145.070000,207.861000,140.000000,-19.000000,101.000000,150.000000,-25.000000,100.000000,0.000000,0.000000,0.000000,10.000000,-6.000000,-1.000000
145.370000,208.161000,141.000000,-19.000000,101.000000,150.000000,-25.000000,100.000000,0.000000,0.000000,0.000000,9.000000,-6.000000,-1.000000
145.470000,208.261000,141.000000,-20.000000,101.000000,150.000000,-25.000000,100.000000,0.000000,0.000000,0.000000,9.000000,-5.000000,-1.000000
145.670000,208.461000,142.000000,-20.000000,101.000000,150.000000,-25.000000,100.000000,2.000000,,0.000000,8.000000,-5.000000,-1.000000
145.970000,208.761000,143.000000,-20.000000,101.000000,150.000000,75.000000,100.000000,2.000000,23.000000,0.000000,7.000000,95.000000,-1.000000
146.170000,208.961000,143.000000,-19.000000,101.000000,150.000000,75.000000,100.000000,2.000000,23.000000,0.000000,7.000000,94.000000,-1.000000
146.270000,209.061000,143.000000,-18.000000,101.000000,150.000000,75.000000,100.000000,2.000000,23.000000,0.000000,7.000000,93.000000,-1.000000
146.470000,209.261000,143.000000,-17.000000,101.000000,150.000000,75.000000,100.000000,2.000000,23.000000,0.000000,7.000000,92.000000,-1.000000
146.570000,209.361000,144.000000,-17.000000,100.000000,150.000000,75.000000,100.000000,1.000000,23.000000,0.000000,6.000000,92.000000,0.000000
146.770000,209.561000,144.000000,-17.000000,101.000000,150.000000,75.000000,100.000000,1.000000,23.000000,0.000000,6.000000,92.000000,-1.000000
147.270000,210.061000,144.000000,-16.000000,101.000000,150.000000,75.000000,100.000000,1.000000,23.000000,0.000000,6.000000,91.000000,-1.000000
147.370000,210.161000,144.000000,-16.000000,102.000000,150.000000,75.000000,100.000000,1.000000,23.000000,0.000000,6.000000,91.000000,-2.000000
147.570000,210.361000,144.000000,-15.000000,102.000000,150.000000,75.000000,100.000000,1.000000,23.000000,0.000000,6.000000,90.000000,-2.000000
147.870000,210.661000,143.000000,-15.000000,102.000000,150.000000,75.000000,100.000000,2.000000,23.000000,0.000000,7.000000,90.000000,-2.000000
147.970000,210.761000,143.000000,-14.000000,102.000000,150.000000,75.000000,100.000000,2.000000,23.000000,0.000000,7.000000,89.000000,-2.000000
148.070000,210.861000,142.000000,-14.000000,102.000000,150.000000,75.000000,100.000000,2.000000,23.000000,0.000000,8.000000,89.000000,-2.000000
148.170000,210.961000,142.000000,-13.000000,102.000000,150.000000,75.000000,100.000000,2.000000,23.000000,0.000000,8.000000,88.000000,-2.000000
148.370000,211.161000,141.000000,-12.000000,102.000000,150.000000,75.000000,100.000000,2.000000,23.000000,0.000000,9.000000,87.000000,-2.000000
148.470000,211.261000,141.000000,-11.000000,102.000000,150.000000,75.000000,100.000000,2.000000,23.000000,0.000000,9.000000,86.000000,-2.000000
148.570000,211.361000,140.000000,-11.000000,102.000000,150.000000,75.000000,100.000000,2.000000,23.000000,0.000000,10.000000,86.000000,-2.000000
148.670000,211.461000,140.000000,-10.000000,102.000000,150.000000,75.000000,100.000000,2.000000,23.000000,0.000000,10.000000,85.000000,-2.000000
148.770000,211.561000,139.000000,-10.000000,102.000000,150.000000,75.000000,100.000000,2.000000,23.000000,0.000000,11.000000,85.000000,-2.000000
148.870000,211.661000,138.000000,-9.000000,102.000000,150.000000,75.000000,100.000000,2.000000,23.000000,0.000000,12.000000,84.000000,-2.000000
148.970000,211.761000,138.000000,-9.000000,101.000000,150.000000,75.000000,100.000000,2.000000,23.000000,0.000000,12.000000,84.000000,-1.000000
149.070000,211.861000,137.000000,-9.000000,101.000000,150.000000,75.000000,100.000000,3.000000,23.000000,0.000000,13.000000,84.000000,-1.000000
149.170000,211.961000,136.000000,-9.000000,102.000000,150.000000,75.000000,100.000000,3.000000,23.000000,0.000000,14.000000,84.000000,-2.000000
149.270000,212.061000,136.000000,-8.000000,102.000000,150.000000,75.000000,100.000000,3.000000,23.000000,0.000000,14.000000,83.000000,-2.000000
149.370000,212.161000,135.000000,-8.000000,102.000000,150.000000,75.000000,100.000000,3.000000,23.000000,0.000000,15.000000,83.000000,-2.000000
149.470000,212.261000,134.000000,-7.000000,102.000000,150.000000,75.000000,100.000000,3.000000,23.000000,0.000000,16.000000,82.000000,-2.000000
149.570000,212.361000,133.000000,-6.000000,102.000000,150.000000,75.000000,100.000000,3.000000,23.000000,0.000000,17.000000,81.000000,-2.000000
149.670000,212.461000,132.000000,-5.000000,102.000000,150.000000,75.000000,100.000000,4.000000,23.000000,0.000000,18.000000,80.000000,-2.000000
149.770000,212.561000,131.000000,-3.000000,102.000000,150.000000,75.000000,100.000000,4.000000,23.000000,0.000000,19.000000,78.000000,-2.000000
149.870000,212.661000,131.000000,-2.000000,102.000000,150.000000,75.000000,100.000000,4.000000,23.000000,0.000000,19.000000,77.000000,-2.000000
149.970000,212.761000,130.000000,0.000000,102.000000,150.000000,75.000000,100.000000,4.000000,23.000000,0.000000,20.000000,75.000000,-2.000000
150.070000,212.861000,129.000000,2.000000,102.000000,150.000000,75.000000,100.000000,4.000000,23.000000,0.000000,21.000000,73.000000,-2.000000
150.190000,212.981000,129.000000,4.000000,102.000000,150.000000,75.000000,100.000000,0.000000,0.000000,0.000000,21.000000,71.000000,-2.000000
150.290000,213.081000,128.000000,6.000000,102.000000,150.000000,75.000000,100.000000,0.000000,0.000000,0.000000,22.000000,69.000000,-2.000000
150.390000,213.181000,127.000000,8.000000,103.000000,150.000000,75.000000,100.000000,0.000000,0.000000,0.000000,23.000000,67.000000,-3.000000
150.490000,213.281000,127.000000,11.000000,102.000000,150.000000,75.000000,100.000000,0.000000,0.000000,0.000000,23.000000,64.000000,-2.000000
150.590000,213.381000,126.000000,13.000000,103.000000,150.000000,75.000000,100.000000,0.000000,0.000000,0.000000,24.000000,62.000000,-3.000000
150.690000,213.481000,125.000000,16.000000,103.000000,150.000000,75.000000,100.000000,0.000000,0.000000,0.000000,25.000000,59.000000,-3.000000
150.790000,213.581000,125.000000,18.000000,103.000000,150.000000,75.000000,100.000000,0.000000,0.000000,0.000000,25.000000,57.000000,-3.000000
150.890000,213.681000,124.000000,20.000000,102.000000,150.000000,75.000000,100.000000,0.000000,0.000000,0.000000,26.000000,55.000000,-2.000000
150.990000,213.781000,123.000000,21.000000,102.000000,150.000000,75.000000,100.000000,0.000000,0.000000,0.000000,27.000000,54.000000,-2.000000
151.090000,213.881000,123.000000,23.000000,102.000000,150.000000,75.000000,100.000000,0.000000,0.000000,0.000000,27.000000,52.000000,-2.000000
151.190000,213.981000,122.000000,24.000000,103.000000,150.000000,75.000000,100.000000,0.000000,0.000000,0.000000,28.000000,51.000000,-3.000000
151.290000,214.081000,121.000000,26.000000,103.000000,150.000000,75.000000,100.000000,0.000000,0.000000,0.000000,29.000000,49.000000,-3.000000
151.390000,214.181000,121.000000,27.000000,103.000000,150.000000,75.000000,100.000000,0.000000,0.000000,0.000000,29.000000,48.000000,-3.000000
151.490000,214.281000,120.000000,28.000000,104.000000,150.000000,75.000000,100.000000,0.000000,0.000000,,30.000000,47.000000,-4.000000
151.590000,214.381000,120.000000,29.000000,104.000000,150.000000,75.000000,100.000000,0.000000,0.000000,0.000000,30.000000,46.000000,-4.000000
151.690000,214.481000,119.000000,31.000000,104.000000,150.000000,75.000000,100.000000,0.000000,0.000000,,31.000000,44.000000,-4.000000
151.790000,214.581000,119.000000,32.000000,104.000000,150.000000,75.000000,100.000000,0.000000,0.000000,,31.000000,43.000000,-4.000000
151.890000,214.681000,119.000000,34.000000,104.000000,150.000000,75.000000,100.000000,0.000000,0.000000,,31.000000,41.000000,-4.000000
151.990000,214.781000,119.000000,35.000000,103.000000,150.000000,75.000000,100.000000,0.000000,0.000000,0.000000,31.000000,40.000000,-3.000000
152.090000,214.881000,119.000000,37.000000,103.000000,150.000000,75.000000,100.000000,0.000000,0.000000,0.000000,31.000000,38.000000,-3.000000
152.190000,214.981000,118.000000,38.000000,103.000000,150.000000,75.000000,100.000000,0.000000,0.000000,0.000000,32.000000,37.000000,-3.000000
152.290000,215.081000,118.000000,40.000000,102.000000,150.000000,75.000000,100.000000,0.000000,0.000000,0.000000,32.000000,35.000000,-2.000000
152.390000,215.181000,118.000000,41.000000,103.000000,150.000000,75.000000,100.000000,0.000000,0.000000,0.000000,32.000000,34.000000,-3.000000
152.490000,215.281000,117.000000,42.000000,103.000000,150.000000,75.000000,100.000000,0.000000,0.000000,0.000000,33.000000,33.000000,-3.000000
152.590000,215.381000,117.000000,43.000000,103.000000,150.000000,75.000000,100.000000,0.000000,0.000000,0.000000,33.000000,32.000000,-3.000000
152.790000,215.581000,116.000000,44.000000,104.000000,150.000000,75.000000,100.000000,0.000000,0.000000,,34.000000,31.000000,-4.000000
152.890000,215.681000,116.000000,46.000000,104.000000,150.000000,75.000000,100.000000,0.000000,0.000000,,34.000000,29.000000,-4.000000
152.990000,215.781000,116.000000,47.000000,104.000000,150.000000,75.000000,100.000000,0.000000,0.000000,,34.000000,28.000000,-4.000000
153.090000,215.881000,116.000000,48.000000,104.000000,150.000000,75.000000,100.000000,0.000000,0.000000,,34.000000,27.000000,-4.000000
153.190000,215.981000,116.000000,49.000000,104.000000,150.000000,75.000000,100.000000,0.000000,0.000000,,34.000000,26.000000,-4.000000
153.290000,216.081000,115.000000,50.000000,104.000000,150.000000,75.000000,100.000000,0.000000,0.000000,,35.000000,25.000000,-4.000000
153.390000,216.181000,115.000000,51.000000,104.000000,150.000000,75.000000,100.000000,0.000000,0.000000,0.000000,35.000000,24.000000,-4.000000
153.490000,216.281000,115.000000,52.000000,104.000000,150.000000,75.000000,100.000000,0.000000,0.000000,0.000000,35.000000,23.000000,-4.000000
153.590000,216.381000,115.000000,53.000000,104.000000,150.000000,75.000000,100.000000,0.000000,0.000000,0.000000,35.000000,22.000000,-4.000000
153.690000,216.481000,115.000000,54.000000,104.000000,150.000000,75.000000,100.000000,0.000000,0.000000,0.000000,35.000000,21.000000,-4.000000
153.790000,216.581000,115.000000,56.000000,104.000000,150.000000,75.000000,100.000000,0.000000,0.000000,,35.000000,19.000000,-4.000000
153.890000,216.681000,116.000000,57.000000,104.000000,150.000000,75.000000,100.000000,0.000000,0.000000,0.000000,34.000000,18.000000,-4.000000
153.990000,216.781000,116.000000,58.000000,104.000000,150.000000,75.000000,100.000000,0.000000,0.000000,,34.000000,17.000000,-4.000000
154.090000,216.881000,117.000000,59.000000,104.000000,150.000000,75.000000,100.000000,0.000000,0.000000,0.000000,33.000000,16.000000,-4.000000
154.190000,216.981000,118.000000,60.000000,104.000000,150.000000,75.000000,100.000000,0.000000,0.000000,0.000000,32.000000,15.000000,-4.000000
154.290000,217.081000,118.000000,62.000000,104.000000,150.000000,75.000000,100.000000,0.000000,0.000000,,32.000000,13.000000,-4.000000
154.390000,217.181000,119.000000,63.000000,104.000000,150.000000,75.000000,100.000000,0.000000,0.000000,0.000000,31.000000,12.000000,-4.000000
154.490000,217.281000,119.000000,64.000000,105.000000,150.000000,75.000000,100.000000,10.000000,2.000000,,31.000000,11.000000,-5.000000
154.590000,217.381000,120.000000,65.000000,105.000000,150.000000,75.000000,100.000000,10.000000,1.000000,,30.000000,10.000000,-5.000000
154.690000,217.481000,120.000000,66.000000,105.000000,150.000000,75.000000,100.000000,10.000000,1.000000,,30.000000,9.000000,-5.000000
154.790000,217.581000,121.000000,67.000000,105.000000,150.000000,75.000000,100.000000,10.000000,1.000000,,29.000000,8.000000,-5.000000
154.890000,217.681000,122.000000,68.000000,105.000000,150.000000,75.000000,100.000000,9.000000,1.000000,,28.000000,7.000000,-5.000000
154.990000,217.781000,122.000000,70.000000,105.000000,150.000000,75.000000,100.000000,9.000000,1.000000,,28.000000,5.000000,-5.000000
155.090000,217.881000,123.000000,70.000000,105.000000,150.000000,75.000000,100.000000,9.000000,1.000000,,27.000000,5.000000,-5.000000
155.190000,217.981000,124.000000,71.000000,105.000000,150.000000,75.000000,100.000000,5.000000,0.000000,,26.000000,4.000000,-5.000000
155.290000,218.081000,124.000000,72.000000,105.000000,150.000000,75.000000,100.000000,5.000000,0.000000,,26.000000,3.000000,-5.000000
155.390000,218.181000,125.000000,73.000000,105.000000,150.000000,75.000000,100.000000,5.000000,0.000000,,25.000000,2.000000,-5.000000
155.490000,218.281000,126.000000,74.000000,105.000000,150.000000,75.000000,100.000000,5.000000,0.000000,,24.000000,1.000000,-5.000000
155.590000,218.381000,127.000000,75.000000,105.000000,150.000000,75.000000,100.000000,4.000000,0.000000,,23.000000,0.000000,-5.000000
155.690000,218.481000,128.000000,76.000000,105.000000,150.000000,75.000000,100.000000,4.000000,0.000000,,22.000000,-1.000000,-5.000000
155.790000,218.581000,129.000000,77.000000,105.000000,150.000000,75.000000,100.000000,4.000000,,,21.000000,-2.000000,-5.000000
155.890000,218.681000,130.000000,78.000000,105.000000,150.000000,75.000000,100.000000,4.000000,,,20.000000,-3.000000,-5.000000
155.990000,218.781000,130.000000,79.000000,105.000000,150.000000,75.000000,100.000000,4.000000,,,20.000000,-4.000000,-5.000000
156.090000,218.881000,131.000000,80.000000,105.000000,150.000000,75.000000,100.000000,4.000000,,,19.000000,-5.000000,-5.000000
156.190000,218.981000,133.000000,80.000000,105.000000,150.000000,75.000000,100.000000,3.000000,,,17.000000,-5.000000,-5.000000
156.290000,219.081000,134.000000,81.000000,104.000000,150.000000,75.000000,100.000000,3.000000,,,16.000000,-6.000000,-4.000000
156.390000,219.181000,135.000000,81.000000,104.000000,150.000000,75.000000,100.000000,3.000000,,,15.000000,-6.000000,-4.000000
156.490000,219.281000,136.000000,82.000000,104.000000,150.000000,75.000000,100.000000,3.000000,-2.000000,,14.000000,-7.000000,-4.000000
156.590000,219.381000,137.000000,83.000000,104.000000,150.000000,75.000000,100.000000,3.000000,-2.000000,,13.000000,-8.000000,-4.000000
156.690000,219.481000,138.000000,83.000000,104.000000,150.000000,75.000000,100.000000,1.000000,-2.000000,,12.000000,-8.000000,-4.000000
156.790000,219.581000,139.000000,84.000000,104.000000,150.000000,75.000000,100.000000,1.000000,-2.000000,,11.000000,-9.000000,-4.000000
156.890000,219.681000,140.000000,84.000000,104.000000,150.000000,75.000000,100.000000,1.000000,-2.000000,,10.000000,-9.000000,-4.000000
156.990000,219.781000,141.000000,84.000000,104.000000,150.000000,75.000000,100.000000,1.000000,-2.000000,,9.000000,-9.000000,-4.000000
157.090000,219.881000,142.000000,85.000000,104.000000,150.000000,75.000000,100.000000,1.000000,-2.000000,,8.000000,-10.000000,-4.000000
157.190000,219.981000,143.000000,85.000000,104.000000,150.000000,75.000000,100.000000,1.000000,-2.000000,,7.000000,-10.000000,-4.000000
157.290000,220.081000,144.000000,86.000000,103.000000,150.000000,75.000000,100.000000,0.000000,-2.000000,,6.000000,-11.000000,-3.000000
157.390000,220.181000,145.000000,86.000000,103.000000,150.000000,75.000000,100.000000,0.000000,-2.000000,0.000000,5.000000,-11.000000,-3.000000
157.490000,220.281000,146.000000,87.000000,103.000000,150.000000,75.000000,100.000000,0.000000,-2.000000,0.000000,4.000000,-12.000000,-3.000000
157.590000,220.381000,147.000000,87.000000,103.000000,150.000000,75.000000,100.000000,0.000000,-2.000000,0.000000,3.000000,-12.000000,-3.000000
157.690000,220.481000,148.000000,87.000000,103.000000,150.000000,75.000000,100.000000,0.000000,-2.000000,0.000000,2.000000,-12.000000,-3.000000
157.790000,220.581000,149.000000,88.000000,104.000000,150.000000,75.000000,100.000000,0.000000,-3.000000,,1.000000,-13.000000,-4.000000
157.890000,220.681000,150.000000,88.000000,104.000000,150.000000,75.000000,100.000000,0.000000,-3.000000,,0.000000,-13.000000,-4.000000
157.990000,220.781000,151.000000,88.000000,103.000000,150.000000,75.000000,100.000000,0.000000,-3.000000,,-1.000000,-13.000000,-3.000000
158.090000,220.881000,151.000000,89.000000,103.000000,150.000000,75.000000,100.000000,0.000000,-3.000000,0.000000,-1.000000,-14.000000,-3.000000
158.190000,220.981000,152.000000,89.000000,103.000000,150.000000,75.000000,100.000000,,-3.000000,0.000000,-2.000000,-14.000000,-3.000000
158.290000,221.081000,153.000000,89.000000,103.000000,150.000000,75.000000,100.000000,,-3.000000,0.000000,-3.000000,-14.000000,-3.000000
158.390000,221.181000,153.000000,89.000000,102.000000,150.000000,75.000000,100.000000,,-3.000000,0.000000,-3.000000,-14.000000,-2.000000
158.490000,221.281000,154.000000,89.000000,102.000000,150.000000,75.000000,100.000000,,-3.000000,0.000000,-4.000000,-14.000000,-2.000000
158.590000,221.381000,154.000000,90.000000,102.000000,150.000000,75.000000,100.000000,,-3.000000,0.000000,-4.000000,-15.000000,-2.000000
158.690000,221.481000,154.000000,90.000000,103.000000,150.000000,75.000000,100.000000,,-3.000000,0.000000,-4.000000,-15.000000,-3.000000
158.790000,221.581000,155.000000,90.000000,103.000000,150.000000,75.000000,100.000000,,-3.000000,0.000000,-5.000000,-15.000000,-3.000000
159.090000,221.881000,156.000000,91.000000,102.000000,150.000000,75.000000,100.000000,,-3.000000,0.000000,-6.000000,-16.000000,-2.000000
159.510000,222.301000,156.000000,90.000000,102.000000,150.000000,75.000000,100.000000,0.000000,0.000000,0.000000,-6.000000,-15.000000,-2.000000
159.610000,222.401000,157.000000,90.000000,102.000000,150.000000,75.000000,100.000000,0.000000,0.000000,0.000000,-7.000000,-15.000000,-2.000000
159.810000,222.601000,157.000000,89.000000,102.000000,150.000000,75.000000,100.000000,0.000000,0.000000,0.000000,-7.000000,-14.000000,-2.000000
160.110000,222.901000,157.000000,88.000000,102.000000,150.000000,75.000000,100.000000,0.000000,0.000000,0.000000,-7.000000,-13.000000,-2.000000
160.410000,223.201000,157.000000,87.000000,102.000000,150.000000,75.000000,100.000000,0.000000,0.000000,0.000000,-7.000000,-12.000000,-2.000000
160.510000,223.301000,157.000000,88.000000,102.000000,150.000000,75.000000,100.000000,0.000000,0.000000,0.000000,-7.000000,-13.000000,-2.000000
160.610000,223.401000,156.000000,87.000000,102.000000,150.000000,75.000000,100.000000,0.000000,0.000000,0.000000,-6.000000,-12.000000,-2.000000
160.810000,223.601000,156.000000,86.000000,102.000000,150.000000,75.000000,100.000000,0.000000,0.000000,0.000000,-6.000000,-11.000000,-2.000000
160.910000,223.701000,155.000000,86.000000,102.000000,150.000000,75.000000,100.000000,0.000000,0.000000,0.000000,-5.000000,-11.000000,-2.000000
161.210000,224.001000,155.000000,85.000000,101.000000,150.000000,75.000000,100.000000,0.000000,0.000000,0.000000,-5.000000,-10.000000,-1.000000
161.310000,224.101000,154.000000,84.000000,101.000000,150.000000,75.000000,100.000000,0.000000,0.000000,0.000000,-4.000000,-9.000000,-1.000000
161.410000,224.201000,154.000000,84.000000,102.000000,150.000000,125.000000,100.000000,0.000000,0.000000,0.000000,-4.000000,41.000000,-2.000000
161.510000,224.301000,153.000000,83.000000,102.000000,150.000000,125.000000,100.000000,0.000000,0.000000,0.000000,-3.000000,42.000000,-2.000000
161.610000,224.401000,153.000000,82.000000,102.000000,150.000000,125.000000,100.000000,0.000000,0.000000,0.000000,-3.000000,43.000000,-2.000000
161.710000,224.501000,152.000000,81.000000,102.000000,150.000000,125.000000,100.000000,0.000000,0.000000,0.000000,-2.000000,44.000000,-2.000000
161.810000,224.601000,152.000000,80.000000,102.000000,150.000000,125.000000,100.000000,0.000000,0.000000,0.000000,-2.000000,45.000000,-2.000000
161.910000,224.701000,151.000000,80.000000,102.000000,150.000000,125.000000,100.000000,0.000000,0.000000,0.000000,-1.000000,45.000000,-2.000000
162.010000,224.801000,151.000000,79.000000,102.000000,150.000000,125.000000,100.000000,0.000000,0.000000,0.000000,-1.000000,46.000000,-2.000000
162.110000,224.901000,150.000000,79.000000,102.000000,150.000000,125.000000,100.000000,0.000000,0.000000,0.000000,0.000000,46.000000,-2.000000
162.310000,225.101000,149.000000,79.000000,102.000000,150.000000,125.000000,100.000000,0.000000,0.000000,0.000000,1.000000,46.000000,-2.000000
162.410000,225.201000,148.000000,80.000000,102.000000,150.000000,125.000000,100.000000,0.000000,0.000000,0.000000,2.000000,45.000000,-2.000000
162.510000,225.301000,147.000000,80.000000,102.000000,150.000000,125.000000,100.000000,0.000000,0.000000,0.000000,3.000000,45.000000,-2.000000
162.610000,225.401000,147.000000,79.000000,102.000000,150.000000,125.000000,100.000000,0.000000,0.000000,0.000000,3.000000,46.000000,-2.000000
162.710000,225.501000,146.000000,79.000000,102.000000,150.000000,125.000000,100.000000,0.000000,0.000000,0.000000,4.000000,46.000000,-2.000000
162.810000,225.601000,145.000000,78.000000,102.000000,150.000000,125.000000,100.000000,0.000000,0.000000,0.000000,5.000000,47.000000,-2.000000
162.910000,225.701000,144.000000,78.000000,102.000000,150.000000,125.000000,100.000000,0.000000,0.000000,0.000000,6.000000,47.000000,-2.000000
163.010000,225.801000,143.000000,77.000000,102.000000,150.000000,125.000000,100.000000,0.000000,0.000000,0.000000,7.000000,48.000000,-2.000000
163.110000,225.901000,142.000000,77.000000,102.000000,150.000000,125.000000,100.000000,0.000000,0.000000,0.000000,8.000000,48.000000,-2.000000
163.210000,226.001000,141.000000,76.000000,103.000000,150.000000,125.000000,100.000000,0.000000,0.000000,0.000000,9.000000,49.000000,-3.000000
163.310000,226.101000,140.000000,76.000000,103.000000,150.000000,125.000000,100.000000,0.000000,0.000000,0.000000,10.000000,49.000000,-3.000000
163.410000,226.201000,139.000000,76.000000,103.000000,150.000000,125.000000,100.000000,0.000000,0.000000,0.000000,11.000000,49.000000,-3.000000
163.510000,226.301000,138.000000,75.000000,103.000000,150.000000,125.000000,100.000000,0.000000,0.000000,0.000000,12.000000,50.000000,-3.000000
163.610000,226.401000,137.000000,75.000000,103.000000,150.000000,125.000000,100.000000,0.000000,0.000000,0.000000,13.000000,50.000000,-3.000000
163.710000,226.501000,136.000000,75.000000,103.000000,150.000000,125.000000,100.000000,0.000000,0.000000,0.000000,14.000000,50.000000,-3.000000
163.810000,226.601000,135.000000,75.000000,103.000000,150.000000,125.000000,100.000000,3.000000,17.000000,0.000000,15.000000,50.000000,-3.000000
163.910000,226.701000,134.000000,75.000000,103.000000,150.000000,125.000000,100.000000,3.000000,17.000000,0.000000,16.000000,50.000000,-3.000000
164.010000,226.801000,132.000000,75.000000,103.000000,150.000000,125.000000,100.000000,4.000000,17.000000,0.000000,18.000000,50.000000,-3.000000
164.110000,226.901000,131.000000,75.000000,102.000000,150.000000,125.000000,100.000000,4.000000,17.000000,0.000000,19.000000,50.000000,-2.000000
164.210000,227.001000,130.000000,75.000000,102.000000,150.000000,125.000000,100.000000,4.000000,17.000000,0.000000,20.000000,50.000000,-2.000000
164.310000,227.101000,128.000000,75.000000,103.000000,150.000000,125.000000,100.000000,4.000000,17.000000,0.000000,22.000000,50.000000,-3.000000
164.410000,227.201000,127.000000,75.000000,103.000000,150.000000,125.000000,100.000000,4.000000,17.000000,0.000000,23.000000,50.000000,-3.000000
164.510000,227.301000,126.000000,75.000000,102.000000,150.000000,125.000000,100.000000,5.000000,17.000000,0.000000,24.000000,50.000000,-2.000000
165.010000,227.801000,120.000000,74.000000,102.000000,150.000000,125.000000,100.000000,10.000000,17.000000,0.000000,30.000000,51.000000,-2.000000
165.110000,227.901000,119.000000,74.000000,102.000000,150.000000,125.000000,100.000000,10.000000,17.000000,0.000000,31.000000,51.000000,-2.000000
165.210000,228.001000,118.000000,74.000000,102.000000,150.000000,125.000000,100.000000,11.000000,17.000000,0.000000,32.000000,51.000000,-2.000000
165.310000,228.101000,117.000000,74.000000,102.000000,150.000000,125.000000,100.000000,11.000000,17.000000,0.000000,33.000000,51.000000,-2.000000
165.410000,228.201000,116.000000,74.000000,102.000000,150.000000,125.000000,100.000000,11.000000,17.000000,0.000000,34.000000,51.000000,-2.000000
165.510000,228.301000,115.000000,74.000000,102.000000,150.000000,125.000000,100.000000,12.000000,17.000000,0.000000,35.000000,51.000000,-2.000000
165.610000,228.401000,115.000000,75.000000,102.000000,150.000000,125.000000,100.000000,12.000000,17.000000,0.000000,35.000000,50.000000,-2.000000
165.710000,228.501000,114.000000,75.000000,101.000000,150.000000,125.000000,100.000000,12.000000,17.000000,0.000000,36.000000,50.000000,-1.000000
165.810000,228.601000,114.000000,76.000000,101.000000,150.000000,125.000000,100.000000,12.000000,17.000000,0.000000,36.000000,49.000000,-1.000000
165.910000,228.701000,113.000000,76.000000,102.000000,150.000000,125.000000,100.000000,12.000000,17.000000,0.000000,37.000000,49.000000,-2.000000
166.010000,228.801000,113.000000,77.000000,101.000000,150.000000,125.000000,100.000000,12.000000,17.000000,0.000000,37.000000,48.000000,-1.000000
166.110000,228.901000,112.000000,78.000000,101.000000,150.000000,125.000000,100.000000,13.000000,17.000000,0.000000,38.000000,47.000000,-1.000000
166.210000,229.001000,112.000000,79.000000,101.000000,150.000000,125.000000,100.000000,13.000000,16.000000,0.000000,38.000000,46.000000,-1.000000
166.310000,229.101000,112.000000,80.000000,101.000000,150.000000,125.000000,100.000000,13.000000,16.000000,0.000000,38.000000,45.000000,-1.000000
166.410000,229.201000,111.000000,81.000000,101.000000,150.000000,125.000000,100.000000,13.000000,16.000000,0.000000,39.000000,44.000000,-1.000000
166.510000,229.301000,110.000000,81.000000,101.000000,150.000000,125.000000,100.000000,14.000000,16.000000,0.000000,40.000000,44.000000,-1.000000
166.610000,229.401000,110.000000,82.000000,101.000000,150.000000,125.000000,100.000000,14.000000,15.000000,0.000000,40.000000,43.000000,-1.000000
166.710000,229.501000,109.000000,83.000000,102.000000,150.000000,125.000000,100.000000,14.000000,15.000000,0.000000,41.000000,42.000000,-2.000000
166.810000,229.601000,108.000000,83.000000,102.000000,150.000000,125.000000,100.000000,14.000000,15.000000,0.000000,42.000000,42.000000,-2.000000
166.910000,229.701000,108.000000,84.000000,101.000000,150.000000,125.000000,100.000000,14.000000,15.000000,0.000000,42.000000,41.000000,-1.000000
167.010000,229.801000,107.000000,85.000000,101.000000,150.000000,125.000000,100.000000,15.000000,13.000000,0.000000,43.000000,40.000000,-1.000000
167.210000,230.001000,106.000000,86.000000,101.000000,150.000000,125.000000,100.000000,15.000000,13.000000,0.000000,44.000000,39.000000,-1.000000
167.310000,230.101000,106.000000,88.000000,101.000000,150.000000,125.000000,100.000000,15.000000,12.000000,0.000000,44.000000,37.000000,-1.000000
167.410000,230.201000,105.000000,89.000000,101.000000,150.000000,125.000000,100.000000,15.000000,12.000000,0.000000,45.000000,36.000000,-1.000000
167.510000,230.301000,105.000000,90.000000,101.000000,150.000000,125.000000,100.000000,15.000000,11.000000,0.000000,45.000000,35.000000,-1.000000
167.610000,230.401000,105.000000,91.000000,101.000000,150.000000,125.000000,100.000000,15.000000,11.000000,0.000000,45.000000,34.000000,-1.000000
167.710000,230.501000,105.000000,93.000000,101.000000,150.000000,125.000000,100.000000,15.000000,10.000000,0.000000,45.000000,32.000000,-1.000000
167.810000,230.601000,104.000000,94.000000,101.000000,150.000000,125.000000,100.000000,16.000000,10.000000,0.000000,46.000000,31.000000,-1.000000
167.910000,230.701000,104.000000,95.000000,101.000000,150.000000,125.000000,100.000000,16.000000,10.000000,0.000000,46.000000,30.000000,-1.000000
168.010000,230.801000,103.000000,95.000000,101.000000,150.000000,125.000000,100.000000,16.000000,10.000000,0.000000,47.000000,30.000000,-1.000000
168.130000,230.921000,103.000000,96.000000,101.000000,150.000000,125.000000,100.000000,0.000000,0.000000,0.000000,47.000000,29.000000,-1.000000
168.230000,231.021000,102.000000,97.000000,101.000000,150.000000,125.000000,100.000000,0.000000,0.000000,0.000000,48.000000,28.000000,-1.000000
168.330000,231.121000,102.000000,98.000000,101.000000,150.000000,125.000000,100.000000,0.000000,0.000000,0.000000,48.000000,27.000000,-1.000000
168.430000,231.221000,101.000000,99.000000,101.000000,150.000000,125.000000,100.000000,0.000000,0.000000,0.000000,49.000000,26.000000,-1.000000
168.530000,231.321000,102.000000,100.000000,101.000000,150.000000,125.000000,100.000000,0.000000,0.000000,0.000000,48.000000,25.000000,-1.000000
168.630000,231.421000,102.000000,101.000000,101.000000,150.000000,125.000000,100.000000,0.000000,0.000000,0.000000,48.000000,24.000000,-1.000000
168.730000,231.521000,103.000000,102.000000,101.000000,150.000000,125.000000,100.000000,0.000000,0.000000,0.000000,47.000000,23.000000,-1.000000
168.830000,231.621000,104.000000,103.000000,101.000000,150.000000,125.000000,100.000000,0.000000,0.000000,0.000000,46.000000,22.000000,-1.000000
168.930000,231.721000,105.000000,105.000000,101.000000,150.000000,125.000000,100.000000,0.000000,0.000000,0.000000,45.000000,20.000000,-1.000000
169.030000,231.821000,106.000000,106.000000,101.000000,150.000000,125.000000,100.000000,0.000000,0.000000,0.000000,44.000000,19.000000,-1.000000
169.130000,231.921000,107.000000,108.000000,101.000000,150.000000,125.000000,100.000000,0.000000,0.000000,0.000000,43.000000,17.000000,-1.000000
169.230000,232.021000,108.000000,110.000000,101.000000,150.000000,125.000000,100.000000,0.000000,0.000000,0.000000,42.000000,15.000000,-1.000000
169.330000,232.121000,108.000000,111.000000,101.000000,150.000000,125.000000,100.000000,0.000000,0.000000,0.000000,42.000000,14.000000,-1.000000
169.430000,232.221000,109.000000,113.000000,101.000000,150.000000,125.000000,100.000000,0.000000,0.000000,0.000000,41.000000,12.000000,-1.000000
169.530000,232.321000,110.000000,114.000000,101.000000,150.000000,125.000000,100.000000,0.000000,0.000000,0.000000,40.000000,11.000000,-1.000000
169.630000,232.421000,111.000000,116.000000,101.000000,150.000000,125.000000,100.000000,0.000000,0.000000,0.000000,39.000000,9.000000,-1.000000
169.730000,232.521000,112.000000,117.000000,101.000000,150.000000,125.000000,100.000000,0.000000,0.000000,0.000000,38.000000,8.000000,-1.000000
169.830000,232.621000,113.000000,118.000000,101.000000,150.000000,125.000000,100.000000,0.000000,0.000000,0.000000,37.000000,7.000000,-1.000000
169.930000,232.721000,113.000000,119.000000,101.000000,150.000000,125.000000,100.000000,0.000000,0.000000,0.000000,37.000000,6.000000,-1.000000
170.030000,232.821000,114.000000,121.000000,101.000000,150.000000,125.000000,100.000000,0.000000,0.000000,0.000000,36.000000,4.000000,-1.000000
170.130000,232.921000,114.000000,122.000000,102.000000,150.000000,125.000000,100.000000,0.000000,0.000000,0.000000,36.000000,3.000000,-2.000000
170.230000,233.021000,115.000000,124.000000,102.000000,150.000000,125.000000,100.000000,0.000000,0.000000,0.000000,35.000000,1.000000,-2.000000
170.330000,233.121000,115.000000,125.000000,102.000000,150.000000,125.000000,100.000000,0.000000,0.000000,0.000000,35.000000,0.000000,-2.000000
170.430000,233.221000,116.000000,126.000000,102.000000,150.000000,125.000000,100.000000,0.000000,0.000000,0.000000,34.000000,-1.000000,-2.000000
170.530000,233.321000,117.000000,128.000000,102.000000,150.000000,125.000000,100.000000,0.000000,0.000000,0.000000,33.000000,-3.000000,-2.000000
170.630000,233.421000,118.000000,129.000000,102.000000,150.000000,125.000000,100.000000,0.000000,0.000000,0.000000,32.000000,-4.000000,-2.000000
170.730000,233.521000,118.000000,130.000000,102.000000,150.000000,125.000000,100.000000,0.000000,0.000000,0.000000,32.000000,-5.000000,-2.000000
170.830000,233.621000,119.000000,131.000000,102.000000,150.000000,125.000000,100.000000,0.000000,0.000000,0.000000,31.000000,-6.000000,-2.000000
170.930000,233.721000,119.000000,133.000000,102.000000,150.000000,125.000000,100.000000,0.000000,0.000000,0.000000,31.000000,-8.000000,-2.000000
171.030000,233.821000,120.000000,134.000000,102.000000,150.000000,125.000000,100.000000,0.000000,0.000000,0.000000,30.000000,-9.000000,-2.000000
171.130000,233.921000,121.000000,135.000000,102.000000,150.000000,125.000000,100.000000,0.000000,0.000000,0.000000,29.000000,-10.000000,-2.000000
171.230000,234.021000,122.000000,137.000000,102.000000,150.000000,125.000000,100.000000,0.000000,0.000000,0.000000,28.000000,-12.000000,-2.000000
171.330000,234.121000,122.000000,138.000000,102.000000,150.000000,125.000000,100.000000,0.000000,0.000000,0.000000,28.000000,-13.000000,-2.000000
171.430000,234.221000,123.000000,139.000000,102.000000,150.000000,125.000000,100.000000,0.000000,0.000000,0.000000,27.000000,-14.000000,-2.000000
171.530000,234.321000,124.000000,140.000000,102.000000,150.000000,125.000000,100.000000,0.000000,0.000000,0.000000,26.000000,-15.000000,-2.000000
171.630000,234.421000,125.000000,142.000000,102.000000,150.000000,125.000000,100.000000,0.000000,0.000000,0.000000,25.000000,-17.000000,-2.000000
171.730000,234.521000,126.000000,142.000000,102.000000,150.000000,125.000000,100.000000,0.000000,0.000000,0.000000,24.000000,-17.000000,-2.000000
171.830000,234.621000,127.000000,143.000000,102.000000,150.000000,125.000000,100.000000,0.000000,0.000000,0.000000,23.000000,-18.000000,-2.000000
171.930000,234.721000,128.000000,145.000000,101.000000,150.000000,125.000000,100.000000,0.000000,0.000000,0.000000,22.000000,-20.000000,-1.000000
172.030000,234.821000,129.000000,146.000000,101.000000,150.000000,125.000000,100.000000,0.000000,0.000000,0.000000,21.000000,-21.000000,-1.000000
172.130000,234.921000,131.000000,147.000000,101.000000,150.000000,125.000000,100.000000,0.000000,0.000000,0.000000,19.000000,-22.000000,-1.000000
172.230000,235.021000,132.000000,148.000000,101.000000,150.000000,125.000000,100.000000,0.000000,0.000000,0.000000,18.000000,-23.000000,-1.000000
172.330000,235.121000,133.000000,149.000000,101.000000,150.000000,125.000000,100.000000,0.000000,0.000000,0.000000,17.000000,-24.000000,-1.000000
172.430000,235.221000,134.000000,149.000000,101.000000,150.000000,125.000000,100.000000,0.000000,0.000000,0.000000,16.000000,-24.000000,-1.000000
172.530000,235.321000,135.000000,150.000000,102.000000,150.000000,125.000000,100.000000,2.000000,-5.000000,0.000000,15.000000,-25.000000,-2.000000
172.630000,235.421000,136.000000,151.000000,102.000000,150.000000,125.000000,100.000000,2.000000,-8.000000,0.000000,14.000000,-26.000000,-2.000000
172.730000,235.521000,137.000000,152.000000,102.000000,150.000000,125.000000,100.000000,2.000000,-9.000000,0.000000,13.000000,-27.000000,-2.000000
172.830000,235.621000,137.000000,152.000000,101.000000,150.000000,125.000000,100.000000,2.000000,-9.000000,0.000000,13.000000,-27.000000,-1.000000
172.930000,235.721000,138.000000,153.000000,101.000000,150.000000,125.000000,100.000000,1.000000,-9.000000,0.000000,12.000000,-28.000000,-1.000000
173.030000,235.821000,139.000000,153.000000,101.000000,150.000000,125.000000,100.000000,1.000000,-9.000000,0.000000,11.000000,-28.000000,-1.000000
173.130000,235.921000,140.000000,154.000000,101.000000,150.000000,125.000000,100.000000,1.000000,-10.000000,0.000000,10.000000,-29.000000,-1.000000
173.730000,236.521000,147.000000,156.000000,102.000000,150.000000,125.000000,100.000000,0.000000,-10.000000,0.000000,3.000000,-31.000000,-2.000000
173.830000,236.621000,148.000000,157.000000,102.000000,150.000000,125.000000,100.000000,0.000000,-11.000000,0.000000,2.000000,-32.000000,-2.000000
173.930000,236.721000,149.000000,157.000000,102.000000,150.000000,125.000000,100.000000,0.000000,-11.000000,0.000000,1.000000,-32.000000,-2.000000
174.030000,236.821000,150.000000,157.000000,102.000000,150.000000,125.000000,100.000000,0.000000,-11.000000,0.000000,0.000000,-32.000000,-2.000000
174.230000,237.021000,151.000000,158.000000,102.000000,150.000000,125.000000,100.000000,0.000000,-11.000000,0.000000,-1.000000,-33.000000,-2.000000
174.330000,237.121000,152.000000,158.000000,102.000000,150.000000,125.000000,100.000000,,-11.000000,0.000000,-2.000000,-33.000000,-2.000000
174.430000,237.221000,153.000000,158.000000,102.000000,150.000000,125.000000,100.000000,,-11.000000,0.000000,-3.000000,-33.000000,-2.000000
174.530000,237.321000,154.000000,158.000000,102.000000,150.000000,125.000000,100.000000,,-11.000000,0.000000,-4.000000,-33.000000,-2.000000
174.630000,237.421000,155.000000,158.000000,102.000000,150.000000,125.000000,100.000000,,-11.000000,0.000000,-5.000000,-33.000000,-2.000000
174.730000,237.521000,156.000000,158.000000,102.000000,150.000000,125.000000,100.000000,,-11.000000,0.000000,-6.000000,-33.000000,-2.000000
174.830000,237.621000,157.000000,158.000000,102.000000,150.000000,125.000000,100.000000,-2.000000,-11.000000,0.000000,-7.000000,-33.000000,-2.000000
174.930000,237.721000,158.000000,159.000000,102.000000,150.000000,125.000000,100.000000,-2.000000,-11.000000,0.000000,-8.000000,-34.000000,-2.000000
175.030000,237.821000,159.000000,159.000000,102.000000,150.000000,125.000000,100.000000,-2.000000,-11.000000,0.000000,-9.000000,-34.000000,-2.000000
175.230000,238.021000,160.000000,159.000000,101.000000,150.000000,125.000000,100.000000,-2.000000,-11.000000,0.000000,-10.000000,-34.000000,-1.000000
175.330000,238.121000,161.000000,158.000000,101.000000,150.000000,125.000000,100.000000,-2.000000,-11.000000,0.000000,-11.000000,-33.000000,-1.000000
175.430000,238.221000,161.000000,157.000000,101.000000,150.000000,125.000000,100.000000,-2.000000,-11.000000,0.000000,-11.000000,-32.000000,-1.000000
175.530000,238.321000,162.000000,157.000000,101.000000,150.000000,125.000000,100.000000,-2.000000,-11.000000,0.000000,-12.000000,-32.000000,-1.000000
175.630000,238.421000,163.000000,156.000000,102.000000,150.000000,125.000000,100.000000,-3.000000,-10.000000,0.000000,-13.000000,-31.000000,-2.000000
175.730000,238.521000,163.000000,155.000000,102.000000,150.000000,125.000000,100.000000,-3.000000,-10.000000,0.000000,-13.000000,-30.000000,-2.000000
175.830000,238.621000,164.000000,154.000000,102.000000,150.000000,125.000000,100.000000,-3.000000,-10.000000,0.000000,-14.000000,-29.000000,-2.000000
176.030000,238.821000,165.000000,153.000000,101.000000,150.000000,125.000000,100.000000,-3.000000,-9.000000,0.000000,-15.000000,-28.000000,-1.000000
176.130000,238.921000,166.000000,153.000000,101.000000,150.000000,125.000000,100.000000,-3.000000,-9.000000,0.000000,-16.000000,-28.000000,-1.000000
176.230000,239.021000,166.000000,152.000000,101.000000,150.000000,125.000000,100.000000,-3.000000,-9.000000,0.000000,-16.000000,-27.000000,-1.000000
176.330000,239.121000,167.000000,151.000000,101.000000,150.000000,125.000000,100.000000,-3.000000,-9.000000,0.000000,-17.000000,-26.000000,-1.000000
176.430000,239.221000,167.000000,150.000000,101.000000,150.000000,125.000000,100.000000,-3.000000,-5.000000,0.000000,-17.000000,-25.000000,-1.000000
176.530000,239.321000,168.000000,149.000000,101.000000,150.000000,125.000000,100.000000,-4.000000,-5.000000,0.000000,-18.000000,-24.000000,-1.000000
176.630000,239.421000,168.000000,148.000000,101.000000,150.000000,125.000000,100.000000,-4.000000,-3.000000,0.000000,-18.000000,-23.000000,-1.000000
176.830000,239.621000,169.000000,147.000000,101.000000,150.000000,125.000000,100.000000,-4.000000,-3.000000,0.000000,-19.000000,-22.000000,-1.000000
176.930000,239.721000,170.000000,146.000000,101.000000,150.000000,125.000000,100.000000,-4.000000,-3.000000,0.000000,-20.000000,-21.000000,-1.000000
177.050000,239.841000,170.000000,145.000000,101.000000,150.000000,125.000000,100.000000,0.000000,0.000000,0.000000,-20.000000,-20.000000,-1.000000
177.250000,240.041000,171.000000,144.000000,101.000000,150.000000,125.000000,100.000000,0.000000,0.000000,0.000000,-21.000000,-19.000000,-1.000000
177.350000,240.141000,171.000000,142.000000,101.000000,150.000000,125.000000,100.000000,0.000000,0.000000,0.000000,-21.000000,-17.000000,-1.000000
177.450000,240.241000,172.000000,141.000000,101.000000,150.000000,125.000000,100.000000,0.000000,0.000000,0.000000,-22.000000,-16.000000,-1.000000
177.550000,240.341000,172.000000,140.000000,101.000000,150.000000,125.000000,100.000000,0.000000,0.000000,0.000000,-22.000000,-15.000000,-1.000000
177.650000,240.441000,173.000000,139.000000,101.000000,150.000000,125.000000,100.000000,0.000000,0.000000,0.000000,-23.000000,-14.000000,-1.000000
177.850000,240.641000,173.000000,138.000000,101.000000,150.000000,125.000000,100.000000,0.000000,0.000000,0.000000,-23.000000,-13.000000,-1.000000
177.950000,240.741000,173.000000,137.000000,101.000000,150.000000,125.000000,100.000000,0.000000,0.000000,0.000000,-23.000000,-12.000000,-1.000000
178.050000,240.841000,173.000000,135.000000,101.000000,150.000000,125.000000,100.000000,0.000000,0.000000,0.000000,-23.000000,-10.000000,-1.000000
178.150000,240.941000,173.000000,134.000000,100.000000,150.000000,125.000000,100.000000,0.000000,0.000000,0.000000,-23.000000,-9.000000,0.000000
178.250000,241.041000,174.000000,133.000000,100.000000,150.000000,125.000000,100.000000,0.000000,0.000000,0.000000,-24.000000,-8.000000,0.000000
178.350000,241.141000,173.000000,132.000000,100.000000,150.000000,125.000000,100.000000,0.000000,0.000000,0.000000,-23.000000,-7.000000,0.000000
178.450000,241.241000,173.000000,130.000000,100.000000,150.000000,125.000000,100.000000,0.000000,0.000000,0.000000,-23.000000,-5.000000,0.000000
178.550000,241.341000,173.000000,129.000000,100.000000,150.000000,125.000000,100.000000,0.000000,0.000000,0.000000,-23.000000,-4.000000,0.000000
178.650000,241.441000,173.000000,128.000000,100.000000,150.000000,125.000000,100.000000,0.000000,0.000000,0.000000,-23.000000,-3.000000,0.000000
178.750000,241.541000,173.000000,127.000000,100.000000,150.000000,125.000000,100.000000,0.000000,0.000000,0.000000,-23.000000,-2.000000,0.000000
178.850000,241.641000,173.000000,126.000000,100.000000,150.000000,125.000000,100.000000,0.000000,0.000000,0.000000,-23.000000,-1.000000,0.000000
178.950000,241.741000,173.000000,125.000000,100.000000,150.000000,125.000000,100.000000,0.000000,0.000000,0.000000,-23.000000,0.000000,0.000000
179.050000,241.841000,173.000000,123.000000,100.000000,150.000000,125.000000,100.000000,0.000000,0.000000,0.000000,-23.000000,2.000000,0.000000
179.150000,241.941000,173.000000,122.000000,100.000000,150.000000,125.000000,100.000000,0.000000,0.000000,0.000000,-23.000000,3.000000,0.000000
179.250000,242.041000,173.000000,121.000000,100.000000,150.000000,125.000000,100.000000,0.000000,0.000000,0.000000,-23.000000,4.000000,0.000000
179.350000,242.141000,172.000000,120.000000,99.000000,150.000000,125.000000,100.000000,0.000000,0.000000,0.000000,-22.000000,5.000000,1.000000
179.450000,242.241000,172.000000,119.000000,99.000000,150.000000,125.000000,100.000000,0.000000,0.000000,0.000000,-22.000000,6.000000,1.000000
179.550000,242.341000,172.000000,118.000000,99.000000,150.000000,125.000000,100.000000,0.000000,0.000000,0.000000,-22.000000,7.000000,1.000000
179.650000,242.441000,172.000000,117.000000,99.000000,150.000000,125.000000,100.000000,0.000000,0.000000,0.000000,-22.000000,8.000000,1.000000
179.750000,242.541000,172.000000,116.000000,99.000000,150.000000,125.000000,100.000000,0.000000,0.000000,0.000000,-22.000000,9.000000,1.000000
179.850000,242.641000,172.000000,115.000000,99.000000,150.000000,125.000000,100.000000,0.000000,0.000000,0.000000,-22.000000,10.000000,1.000000
179.950000,242.741000,172.000000,114.000000,99.000000,150.000000,125.000000,100.000000,0.000000,0.000000,0.000000,-22.000000,11.000000,1.000000
180.250000,243.041000,172.000000,112.000000,99.000000,150.000000,125.000000,100.000000,0.000000,0.000000,0.000000,-22.000000,13.000000,1.000000
180.350000,243.141000,172.000000,110.000000,99.000000,150.000000,125.000000,100.000000,0.000000,0.000000,0.000000,-22.000000,15.000000,1.000000
180.450000,243.241000,172.000000,109.000000,99.000000,150.000000,125.000000,100.000000,0.000000,0.000000,0.000000,-22.000000,16.000000,1.000000
180.650000,243.441000,171.000000,108.000000,99.000000,150.000000,125.000000,100.000000,0.000000,0.000000,0.000000,-21.000000,17.000000,1.000000
180.750000,243.541000,171.000000,106.000000,99.000000,150.000000,125.000000,100.000000,0.000000,0.000000,0.000000,-21.000000,19.000000,1.000000
180.950000,243.741000,171.000000,105.000000,99.000000,150.000000,125.000000,100.000000,0.000000,0.000000,0.000000,-21.000000,20.000000,1.000000
181.050000,243.841000,170.000000,105.000000,100.000000,150.000000,125.000000,100.000000,0.000000,0.000000,0.000000,-20.000000,20.000000,0.000000
181.150000,243.941000,170.000000,104.000000,100.000000,150.000000,125.000000,100.000000,0.000000,0.000000,0.000000,-20.000000,21.000000,0.000000
181.250000,244.041000,170.000000,103.000000,100.000000,150.000000,125.000000,100.000000,0.000000,0.000000,0.000000,-20.000000,22.000000,0.000000
181.350000,244.141000,170.000000,102.000000,100.000000,150.000000,125.000000,100.000000,0.000000,0.000000,0.000000,-20.000000,23.000000,0.000000
181.450000,244.241000,170.000000,101.000000,100.000000,150.000000,125.000000,100.000000,-3.000000,5.000000,0.000000,-20.000000,24.000000,0.000000
181.550000,244.341000,169.000000,100.000000,100.000000,150.000000,125.000000,100.000000,-3.000000,9.000000,0.000000,-19.000000,25.000000,0.000000
181.650000,244.441000,169.000000,99.000000,100.000000,150.000000,125.000000,100.000000,-3.000000,9.000000,0.000000,-19.000000,26.000000,0.000000
182.250000,245.041000,169.000000,94.000000,101.000000,150.000000,125.000000,100.000000,-3.000000,11.000000,0.000000,-19.000000,31.000000,-1.000000
182.350000,245.141000,168.000000,93.000000,101.000000,150.000000,125.000000,100.000000,-3.000000,11.000000,0.000000,-18.000000,32.000000,-1.000000
182.450000,245.241000,168.000000,92.000000,101.000000,150.000000,125.000000,100.000000,-3.000000,12.000000,0.000000,-18.000000,33.000000,-1.000000
182.550000,245.341000,168.000000,91.000000,101.000000,150.000000,125.000000,100.000000,-3.000000,12.000000,0.000000,-18.000000,34.000000,-1.000000
182.650000,245.441000,167.000000,91.000000,101.000000,150.000000,125.000000,100.000000,-2.000000,12.000000,0.000000,-17.000000,34.000000,-1.000000
182.750000,245.541000,167.000000,90.000000,101.000000,150.000000,125.000000,100.000000,-2.000000,12.000000,0.000000,-17.000000,35.000000,-1.000000
182.950000,245.741000,166.000000,90.000000,101.000000,150.000000,125.000000,100.000000,-2.000000,12.000000,0.000000,-16.000000,35.000000,-1.000000
183.150000,245.941000,165.000000,90.000000,101.000000,150.000000,125.000000,100.000000,-2.000000,12.000000,0.000000,-15.000000,35.000000,-1.000000
183.550000,246.341000,164.000000,90.000000,101.000000,150.000000,125.000000,100.000000,-2.000000,12.000000,0.000000,-14.000000,35.000000,-1.000000
183.750000,246.541000,163.000000,90.000000,101.000000,150.000000,125.000000,100.000000,-2.000000,12.000000,0.000000,-13.000000,35.000000,-1.000000
184.050000,246.841000,162.000000,91.000000,101.000000,150.000000,125.000000,100.000000,,12.000000,0.000000,-12.000000,34.000000,-1.000000
184.150000,246.941000,161.000000,90.000000,101.000000,150.000000,125.000000,100.000000,,12.000000,0.000000,-11.000000,35.000000,-1.000000
184.250000,247.041000,160.000000,90.000000,101.000000,150.000000,125.000000,100.000000,,12.000000,0.000000,-10.000000,35.000000,-1.000000
184.350000,247.141000,159.000000,91.000000,101.000000,150.000000,125.000000,100.000000,,12.000000,0.000000,-9.000000,34.000000,-1.000000
184.450000,247.241000,158.000000,91.000000,101.000000,150.000000,125.000000,100.000000,,12.000000,0.000000,-8.000000,34.000000,-1.000000
184.550000,247.341000,158.000000,92.000000,101.000000,150.000000,125.000000,100.000000,,12.000000,0.000000,-8.000000,33.000000,-1.000000
184.850000,247.641000,157.000000,92.000000,101.000000,150.000000,125.000000,100.000000,,12.000000,0.000000,-7.000000,33.000000,-1.000000
184.950000,247.741000,157.000000,93.000000,101.000000,150.000000,125.000000,100.000000,,11.000000,0.000000,-7.000000,32.000000,-1.000000
185.150000,247.941000,156.000000,93.000000,101.000000,150.000000,125.000000,100.000000,0.000000,11.000000,0.000000,-6.000000,32.000000,-1.000000
185.250000,248.041000,156.000000,94.000000,101.000000,150.000000,125.000000,100.000000,0.000000,11.000000,0.000000,-6.000000,31.000000,-1.000000
185.350000,248.141000,155.000000,95.000000,101.000000,150.000000,125.000000,100.000000,0.000000,11.000000,0.000000,-5.000000,30.000000,-1.000000
185.450000,248.241000,155.000000,96.000000,102.000000,150.000000,125.000000,100.000000,0.000000,10.000000,0.000000,-5.000000,29.000000,-2.000000
185.550000,248.341000,155.000000,98.000000,102.000000,150.000000,125.000000,100.000000,0.000000,10.000000,0.000000,-5.000000,27.000000,-2.000000
185.650000,248.441000,154.000000,100.000000,102.000000,150.000000,125.000000,100.000000,0.000000,9.000000,0.000000,-4.000000,25.000000,-2.000000
185.750000,248.541000,154.000000,101.000000,102.000000,150.000000,125.000000,100.000000,0.000000,5.000000,0.000000,-4.000000,24.000000,-2.000000
185.870000,248.661000,154.000000,104.000000,102.000000,150.000000,125.000000,100.000000,0.000000,0.000000,0.000000,-4.000000,21.000000,-2.000000
185.970000,248.761000,154.000000,105.000000,101.000000,150.000000,125.000000,100.000000,0.000000,0.000000,0.000000,-4.000000,20.000000,-1.000000
186.070000,248.861000,154.000000,107.000000,101.000000,150.000000,125.000000,100.000000,0.000000,0.000000,0.000000,-4.000000,18.000000,-1.000000
186.170000,248.961000,153.000000,109.000000,102.000000,150.000000,125.000000,100.000000,0.000000,0.000000,0.000000,-3.000000,16.000000,-2.000000
186.270000,249.061000,153.000000,110.000000,102.000000,150.000000,125.000000,100.000000,0.000000,0.000000,0.000000,-3.000000,15.000000,-2.000000
186.370000,249.161000,153.000000,112.000000,102.000000,150.000000,125.000000,100.000000,0.000000,0.000000,0.000000,-3.000000,13.000000,-2.000000
186.470000,249.261000,152.000000,114.000000,102.000000,150.000000,125.000000,100.000000,0.000000,0.000000,0.000000,-2.000000,11.000000,-2.000000
186.570000,249.361000,152.000000,115.000000,102.000000,150.000000,125.000000,100.000000,0.000000,0.000000,0.000000,-2.000000,10.000000,-2.000000
186.670000,249.461000,152.000000,117.000000,102.000000,150.000000,125.000000,100.000000,0.000000,0.000000,0.000000,-2.000000,8.000000,-2.000000
186.770000,249.561000,152.000000,118.000000,103.000000,150.000000,175.000000,100.000000,0.000000,0.000000,0.000000,-2.000000,57.000000,-3.000000
186.870000,249.661000,152.000000,120.000000,103.000000,150.000000,175.000000,100.000000,0.000000,0.000000,0.000000,-2.000000,55.000000,-3.000000
186.970000,249.761000,151.000000,122.000000,103.000000,150.000000,175.000000,100.000000,0.000000,0.000000,0.000000,-1.000000,53.000000,-3.000000
187.070000,249.861000,151.000000,123.000000,103.000000,150.000000,175.000000,100.000000,0.000000,0.000000,0.000000,-1.000000,52.000000,-3.000000
187.170000,249.961000,151.000000,125.000000,104.000000,150.000000,175.000000,100.000000,0.000000,0.000000,,-1.000000,50.000000,-4.000000
187.270000,250.061000,151.000000,127.000000,104.000000,150.000000,175.000000,100.000000,0.000000,0.000000,,-1.000000,48.000000,-4.000000
187.370000,250.161000,150.000000,129.000000,104.000000,150.000000,175.000000,100.000000,0.000000,0.000000,0.000000,0.000000,46.000000,-4.000000
187.470000,250.261000,150.000000,131.000000,104.000000,150.000000,175.000000,100.000000,0.000000,0.000000,,0.000000,44.000000,-4.000000
187.570000,250.361000,151.000000,133.000000,104.000000,150.000000,175.000000,100.000000,0.000000,0.000000,,-1.000000,42.000000,-4.000000
187.670000,250.461000,151.000000,135.000000,104.000000,150.000000,175.000000,100.000000,0.000000,0.000000,,-1.000000,40.000000,-4.000000
187.770000,250.561000,151.000000,137.000000,104.000000,150.000000,175.000000,100.000000,0.000000,0.000000,,-1.000000,38.000000,-4.000000
187.870000,250.661000,151.000000,140.000000,104.000000,150.000000,175.000000,100.000000,0.000000,0.000000,,-1.000000,35.000000,-4.000000
187.970000,250.761000,151.000000,141.000000,104.000000,150.000000,175.000000,100.000000,0.000000,0.000000,,-1.000000,34.000000,-4.000000
188.070000,250.861000,151.000000,144.000000,104.000000,150.000000,175.000000,100.000000,0.000000,0.000000,,-1.000000,31.000000,-4.000000
188.170000,250.961000,151.000000,146.000000,104.000000,150.000000,175.000000,100.000000,0.000000,0.000000,0.000000,-1.000000,29.000000,-4.000000
188.270000,251.061000,151.000000,147.000000,104.000000,150.000000,175.000000,100.000000,0.000000,0.000000,0.000000,-1.000000,28.000000,-4.000000
188.370000,251.161000,151.000000,150.000000,104.000000,150.000000,175.000000,100.000000,0.000000,0.000000,0.000000,-1.000000,25.000000,-4.000000
188.470000,251.261000,151.000000,152.000000,104.000000,150.000000,175.000000,100.000000,0.000000,0.000000,0.000000,-1.000000,23.000000,-4.000000
188.570000,251.361000,150.000000,154.000000,105.000000,150.000000,175.000000,100.000000,0.000000,0.000000,0.000000,0.000000,21.000000,-5.000000
188.670000,251.461000,150.000000,156.000000,104.000000,150.000000,175.000000,100.000000,0.000000,0.000000,,0.000000,19.000000,-4.000000
188.770000,251.561000,150.000000,159.000000,105.000000,150.000000,175.000000,100.000000,0.000000,0.000000,0.000000,0.000000,16.000000,-5.000000
188.870000,251.661000,150.000000,161.000000,105.000000,150.000000,175.000000,100.000000,0.000000,0.000000,0.000000,0.000000,14.000000,-5.000000
188.970000,251.761000,150.000000,163.000000,104.000000,150.000000,175.000000,100.000000,0.000000,0.000000,,0.000000,12.000000,-4.000000
189.070000,251.861000,150.000000,165.000000,104.000000,150.000000,175.000000,100.000000,0.000000,0.000000,,0.000000,10.000000,-4.000000
189.170000,251.961000,150.000000,166.000000,104.000000,150.000000,175.000000,140.000000,0.000000,0.000000,0.000000,0.000000,9.000000,36.000000
189.270000,252.061000,150.000000,168.000000,104.000000,150.000000,175.000000,140.000000,0.000000,0.000000,16.000000,0.000000,7.000000,36.000000
189.370000,252.161000,149.000000,170.000000,104.000000,150.000000,175.000000,140.000000,0.000000,0.000000,16.000000,1.000000,5.000000,36.000000
189.470000,252.261000,150.000000,172.000000,105.000000,150.000000,175.000000,140.000000,0.000000,0.000000,16.000000,0.000000,3.000000,35.000000
189.570000,252.361000,149.000000,174.000000,106.000000,150.000000,175.000000,140.000000,0.000000,0.000000,15.000000,1.000000,1.000000,34.000000
189.670000,252.461000,149.000000,176.000000,107.000000,150.000000,175.000000,140.000000,0.000000,0.000000,15.000000,1.000000,-1.000000,33.000000
189.770000,252.561000,149.000000,177.000000,108.000000,150.000000,175.000000,140.000000,0.000000,0.000000,0.000000,1.000000,-2.000000,32.000000
189.870000,252.661000,149.000000,179.000000,109.000000,150.000000,175.000000,140.000000,0.000000,0.000000,14.000000,1.000000,-4.000000,31.000000
189.970000,252.761000,149.000000,180.000000,111.000000,150.000000,175.000000,140.000000,0.000000,0.000000,13.000000,1.000000,-5.000000,29.000000
190.070000,252.861000,149.000000,182.000000,112.000000,150.000000,175.000000,140.000000,0.000000,0.000000,0.000000,1.000000,-7.000000,28.000000
190.170000,252.961000,149.000000,184.000000,113.000000,150.000000,175.000000,140.000000,0.000000,0.000000,12.000000,1.000000,-9.000000,27.000000
190.270000,253.061000,149.000000,185.000000,114.000000,150.000000,175.000000,140.000000,0.000000,0.000000,11.000000,1.000000,-10.000000,26.000000
190.370000,253.161000,149.000000,187.000000,115.000000,150.000000,175.000000,140.000000,,-2.000000,11.000000,1.000000,-12.000000,25.000000
190.470000,253.261000,149.000000,189.000000,116.000000,150.000000,175.000000,140.000000,,-3.000000,11.000000,1.000000,-14.000000,24.000000
190.570000,253.361000,148.000000,190.000000,117.000000,150.000000,175.000000,140.000000,0.000000,-3.000000,10.000000,2.000000,-15.000000,23.000000
190.670000,253.461000,148.000000,192.000000,118.000000,150.000000,175.000000,140.000000,0.000000,-3.000000,10.000000,2.000000,-17.000000,22.000000
190.770000,253.561000,148.000000,193.000000,119.000000,150.000000,175.000000,140.000000,0.000000,-4.000000,9.000000,2.000000,-18.000000,21.000000
190.870000,253.661000,148.000000,194.000000,119.000000,150.000000,175.000000,140.000000,0.000000,-4.000000,9.000000,2.000000,-19.000000,21.000000
190.970000,253.761000,148.000000,196.000000,120.000000,150.000000,175.000000,140.000000,0.000000,-4.000000,9.000000,2.000000,-21.000000,20.000000
191.070000,253.861000,148.000000,197.000000,121.000000,150.000000,175.000000,140.000000,0.000000,-4.000000,8.000000,2.000000,-22.000000,19.000000
191.170000,253.961000,148.000000,198.000000,122.000000,150.000000,175.000000,140.000000,0.000000,-4.000000,8.000000,2.000000,-23.000000,18.000000
191.270000,254.061000,147.000000,199.000000,122.000000,150.000000,175.000000,140.000000,0.000000,-5.000000,8.000000,3.000000,-24.000000,18.000000
191.370000,254.161000,147.000000,200.000000,123.000000,150.000000,175.000000,140.000000,0.000000,-5.000000,8.000000,3.000000,-25.000000,17.000000
191.470000,254.261000,147.000000,201.000000,123.000000,150.000000,175.000000,140.000000,0.000000,-8.000000,7.000000,3.000000,-26.000000,17.000000
191.570000,254.361000,147.000000,202.000000,124.000000,150.000000,175.000000,140.000000,0.000000,-9.000000,7.000000,3.000000,-27.000000,16.000000
191.670000,254.461000,147.000000,203.000000,125.000000,150.000000,175.000000,140.000000,0.000000,-9.000000,7.000000,3.000000,-28.000000,15.000000
191.770000,254.561000,147.000000,205.000000,125.000000,150.000000,175.000000,140.000000,0.000000,-10.000000,7.000000,3.000000,-30.000000,15.000000
191.870000,254.661000,147.000000,206.000000,126.000000,150.000000,175.000000,140.000000,0.000000,-10.000000,6.000000,3.000000,-31.000000,14.000000
191.970000,254.761000,147.000000,207.000000,126.000000,150.000000,175.000000,140.000000,0.000000,-11.000000,6.000000,3.000000,-32.000000,14.000000
192.070000,254.861000,147.000000,208.000000,127.000000,150.000000,175.000000,140.000000,0.000000,-11.000000,6.000000,3.000000,-33.000000,13.000000
192.170000,254.961000,147.000000,209.000000,128.000000,150.000000,175.000000,140.000000,0.000000,-11.000000,5.000000,3.000000,-34.000000,12.000000
192.270000,255.061000,147.000000,209.000000,129.000000,150.000000,175.000000,140.000000,0.000000,-11.000000,5.000000,3.000000,-34.000000,11.000000
192.470000,255.261000,147.000000,209.000000,130.000000,150.000000,175.000000,140.000000,0.000000,-11.000000,4.000000,3.000000,-34.000000,10.000000
192.670000,255.461000,148.000000,210.000000,131.000000,150.000000,175.000000,140.000000,0.000000,-12.000000,4.000000,2.000000,-35.000000,9.000000
192.870000,255.661000,148.000000,210.000000,132.000000,150.000000,175.000000,140.000000,0.000000,-12.000000,3.000000,2.000000,-35.000000,8.000000
193.070000,255.861000,148.000000,210.000000,133.000000,150.000000,175.000000,140.000000,0.000000,-12.000000,2.000000,2.000000,-35.000000,7.000000
193.270000,256.061000,148.000000,210.000000,134.000000,150.000000,175.000000,140.000000,0.000000,-12.000000,2.000000,2.000000,-35.000000,6.000000
193.370000,256.161000,148.000000,210.000000,135.000000,150.000000,175.000000,140.000000,0.000000,-12.000000,1.000000,2.000000,-35.000000,5.000000
193.470000,256.261000,149.000000,210.000000,135.000000,150.000000,175.000000,140.000000,0.000000,-12.000000,1.000000,1.000000,-35.000000,5.000000
193.570000,256.361000,149.000000,210.000000,136.000000,150.000000,175.000000,140.000000,0.000000,-12.000000,1.000000,1.000000,-35.000000,4.000000
193.770000,256.561000,149.000000,209.000000,136.000000,150.000000,175.000000,140.000000,0.000000,-11.000000,1.000000,1.000000,-34.000000,4.000000
193.870000,256.661000,150.000000,209.000000,137.000000,150.000000,175.000000,140.000000,0.000000,-11.000000,0.000000,0.000000,-34.000000,3.000000
193.970000,256.761000,150.000000,208.000000,137.000000,150.000000,175.000000,140.000000,0.000000,-11.000000,0.000000,0.000000,-33.000000,3.000000
194.170000,256.961000,150.000000,207.000000,137.000000,150.000000,175.000000,140.000000,0.000000,-11.000000,0.000000,0.000000,-32.000000,3.000000
194.270000,257.061000,151.000000,206.000000,137.000000,150.000000,175.000000,140.000000,0.000000,-10.000000,0.000000,-1.000000,-31.000000,3.000000
194.470000,257.261000,151.000000,205.000000,137.000000,150.000000,175.000000,140.000000,0.000000,-10.000000,0.000000,-1.000000,-30.000000,3.000000
194.570000,257.361000,152.000000,205.000000,137.000000,150.000000,175.000000,140.000000,,-10.000000,0.000000,-2.000000,-30.000000,3.000000
194.670000,257.461000,152.000000,204.000000,137.000000,150.000000,175.000000,140.000000,,-10.000000,0.000000,-2.000000,-29.000000,3.000000
194.770000,257.561000,152.000000,203.000000,137.000000,150.000000,175.000000,140.000000,,-9.000000,0.000000,-2.000000,-28.000000,3.000000
194.870000,257.661000,153.000000,202.000000,137.000000,150.000000,175.000000,140.000000,,-9.000000,0.000000,-3.000000,-27.000000,3.000000
194.970000,257.761000,153.000000,201.000000,137.000000,150.000000,175.000000,140.000000,,-9.000000,0.000000,-3.000000,-26.000000,3.000000
195.090000,257.881000,154.000000,201.000000,137.000000,150.000000,175.000000,140.000000,0.000000,0.000000,0.000000,-4.000000,-26.000000,3.000000
195.170000,257.961000,154.000000,200.000000,137.000000,150.000000,175.000000,140.000000,,-5.000000,0.000000,-4.000000,-25.000000,3.000000
195.290000,258.081000,154.000000,199.000000,138.000000,150.000000,175.000000,140.000000,0.000000,0.000000,0.000000,-4.000000,-24.000000,2.000000
195.390000,258.181000,155.000000,198.000000,138.000000,150.000000,175.000000,140.000000,0.000000,0.000000,0.000000,-5.000000,-23.000000,2.000000
195.490000,258.281000,155.000000,196.000000,138.000000,150.000000,175.000000,140.000000,0.000000,0.000000,0.000000,-5.000000,-21.000000,2.000000
195.590000,258.381000,155.000000,195.000000,138.000000,150.000000,175.000000,140.000000,0.000000,0.000000,0.000000,-5.000000,-20.000000,2.000000
195.690000,258.481000,156.000000,194.000000,139.000000,150.000000,175.000000,140.000000,0.000000,0.000000,0.000000,-6.000000,-19.000000,1.000000
195.790000,258.581000,157.000000,193.000000,139.000000,150.000000,175.000000,140.000000,0.000000,0.000000,0.000000,-7.000000,-18.000000,1.000000
195.890000,258.681000,157.000000,191.000000,139.000000,150.000000,175.000000,140.000000,0.000000,0.000000,0.000000,-7.000000,-16.000000,1.000000
195.990000,258.781000,157.000000,190.000000,139.000000,150.000000,175.000000,140.000000,0.000000,0.000000,0.000000,-7.000000,-15.000000,1.000000
196.090000,258.881000,158.000000,189.000000,139.000000,150.000000,175.000000,140.000000,0.000000,0.000000,0.000000,-8.000000,-14.000000,1.000000
196.190000,258.981000,159.000000,187.000000,139.000000,150.000000,175.000000,140.000000,0.000000,0.000000,0.000000,-9.000000,-12.000000,1.000000
196.290000,259.081000,159.000000,186.000000,139.000000,150.000000,175.000000,140.000000,0.000000,0.000000,0.000000,-9.000000,-11.000000,1.000000
196.390000,259.181000,160.000000,185.000000,139.000000,150.000000,175.000000,140.000000,0.000000,0.000000,0.000000,-10.000000,-10.000000,1.000000
196.490000,259.281000,161.000000,184.000000,139.000000,150.000000,175.000000,140.000000,0.000000,0.000000,0.000000,-11.000000,-9.000000,1.000000
196.590000,259.381000,161.000000,182.000000,139.000000,150.000000,175.000000,140.000000,0.000000,0.000000,0.000000,-11.000000,-7.000000,1.000000
196.690000,259.481000,162.000000,181.000000,139.000000,150.000000,175.000000,140.000000,0.000000,0.000000,0.000000,-12.000000,-6.000000,1.000000
196.790000,259.581000,163.000000,180.000000,139.000000,150.000000,175.000000,140.000000,0.000000,0.000000,0.000000,-13.000000,-5.000000,1.000000
196.890000,259.681000,163.000000,179.000000,139.000000,150.000000,175.000000,140.000000,0.000000,0.000000,0.000000,-13.000000,-4.000000,1.000000
196.990000,259.781000,164.000000,178.000000,139.000000,150.000000,175.000000,140.000000,0.000000,0.000000,0.000000,-14.000000,-3.000000,1.000000
197.090000,259.881000,165.000000,177.000000,139.000000,150.000000,175.000000,140.000000,0.000000,0.000000,0.000000,-15.000000,-2.000000,1.000000
197.190000,259.981000,166.000000,176.000000,139.000000,150.000000,175.000000,140.000000,0.000000,0.000000,0.000000,-16.000000,-1.000000,1.000000
197.290000,260.081000,166.000000,175.000000,139.000000,150.000000,175.000000,140.000000,0.000000,0.000000,0.000000,-16.000000,0.000000,1.000000
197.390000,260.181000,167.000000,174.000000,139.000000,150.000000,175.000000,140.000000,0.000000,0.000000,0.000000,-17.000000,1.000000,1.000000
197.490000,260.281000,168.000000,174.000000,139.000000,150.000000,175.000000,140.000000,0.000000,0.000000,0.000000,-18.000000,1.000000,1.000000
197.590000,260.381000,168.000000,173.000000,139.000000,150.000000,175.000000,140.000000,0.000000,0.000000,0.000000,-18.000000,2.000000,1.000000
197.690000,260.481000,169.000000,172.000000,139.000000,150.000000,175.000000,140.000000,0.000000,0.000000,0.000000,-19.000000,3.000000,1.000000
197.790000,260.581000,170.000000,170.000000,139.000000,150.000000,175.000000,140.000000,0.000000,0.000000,0.000000,-20.000000,5.000000,1.000000
197.890000,260.681000,170.000000,169.000000,139.000000,150.000000,175.000000,140.000000,0.000000,0.000000,0.000000,-20.000000,6.000000,1.000000
197.990000,260.781000,171.000000,168.000000,139.000000,150.000000,175.000000,140.000000,0.000000,0.000000,0.000000,-21.000000,7.000000,1.000000
198.090000,260.881000,171.000000,166.000000,139.000000,150.000000,175.000000,140.000000,0.000000,0.000000,0.000000,-21.000000,9.000000,1.000000
198.190000,260.981000,172.000000,165.000000,139.000000,150.000000,175.000000,140.000000,0.000000,0.000000,0.000000,-22.000000,10.000000,1.000000
198.290000,261.081000,172.000000,164.000000,139.000000,150.000000,175.000000,140.000000,0.000000,0.000000,0.000000,-22.000000,11.000000,1.000000
198.390000,261.181000,173.000000,163.000000,139.000000,150.000000,175.000000,140.000000,0.000000,0.000000,0.000000,-23.000000,12.000000,1.000000
198.490000,261.281000,174.000000,162.000000,139.000000,150.000000,175.000000,140.000000,0.000000,0.000000,0.000000,-24.000000,13.000000,1.000000
198.590000,261.381000,175.000000,161.000000,139.000000,150.000000,175.000000,140.000000,0.000000,0.000000,0.000000,-25.000000,14.000000,1.000000
198.690000,261.481000,176.000000,160.000000,139.000000,150.000000,175.000000,140.000000,0.000000,0.000000,0.000000,-26.000000,15.000000,1.000000
198.790000,261.581000,176.000000,159.000000,139.000000,150.000000,175.000000,140.000000,0.000000,0.000000,0.000000,-26.000000,16.000000,1.000000
198.890000,261.681000,177.000000,158.000000,139.000000,150.000000,175.000000,140.000000,0.000000,0.000000,0.000000,-27.000000,17.000000,1.000000
198.990000,261.781000,178.000000,157.000000,139.000000,150.000000,175.000000,140.000000,0.000000,0.000000,0.000000,-28.000000,18.000000,1.000000
199.090000,261.881000,178.000000,156.000000,139.000000,150.000000,175.000000,140.000000,0.000000,0.000000,0.000000,-28.000000,19.000000,1.000000
199.190000,261.981000,179.000000,155.000000,139.000000,150.000000,175.000000,140.000000,0.000000,0.000000,0.000000,-29.000000,20.000000,1.000000
199.290000,262.081000,179.000000,154.000000,139.000000,150.000000,175.000000,140.000000,0.000000,0.000000,0.000000,-29.000000,21.000000,1.000000
199.390000,262.181000,180.000000,153.000000,139.000000,150.000000,175.000000,140.000000,0.000000,0.000000,0.000000,-30.000000,22.000000,1.000000
199.490000,262.281000,180.000000,153.000000,140.000000,150.000000,175.000000,140.000000,0.000000,0.000000,0.000000,-30.000000,22.000000,0.000000
199.690000,262.481000,181.000000,152.000000,140.000000,150.000000,175.000000,140.000000,0.000000,0.000000,0.000000,-31.000000,23.000000,0.000000
199.890000,262.681000,181.000000,152.000000,141.000000,150.000000,175.000000,140.000000,0.000000,0.000000,0.000000,-31.000000,23.000000,-1.000000
199.990000,262.781000,182.000000,151.000000,141.000000,150.000000,175.000000,140.000000,-11.000000,5.000000,0.000000,-32.000000,24.000000,-1.000000
200.090000,262.881000,182.000000,150.000000,141.000000,150.000000,175.000000,140.000000,0.000000,0.000000,0.000000,-32.000000,25.000000,-1.000000
200.190000,262.981000,181.000000,150.000000,142.000000,150.000000,175.000000,140.000000,0.000000,0.000000,0.000000,-31.000000,25.000000,-2.000000
200.290000,263.081000,181.000000,149.000000,142.000000,150.000000,175.000000,140.000000,-10.000000,9.000000,0.000000,-31.000000,26.000000,-2.000000
200.590000,263.381000,181.000000,150.000000,142.000000,150.000000,175.000000,140.000000,-10.000000,9.000000,0.000000,-31.000000,25.000000,-2.000000
200.790000,263.581000,180.000000,150.000000,142.000000,150.000000,175.000000,140.000000,-10.000000,9.000000,0.000000,-30.000000,25.000000,-2.000000
200.890000,263.681000,179.000000,150.000000,142.000000,150.000000,175.000000,140.000000,-10.000000,9.000000,0.000000,-29.000000,25.000000,-2.000000
201.090000,263.881000,178.000000,150.000000,142.000000,150.000000,175.000000,140.000000,-9.000000,9.000000,0.000000,-28.000000,25.000000,-2.000000
201.190000,263.981000,177.000000,150.000000,143.000000,150.000000,175.000000,140.000000,-9.000000,9.000000,0.000000,-27.000000,25.000000,-3.000000
201.390000,264.181000,176.000000,150.000000,143.000000,150.000000,175.000000,140.000000,-4.000000,9.000000,0.000000,-26.000000,25.000000,-3.000000
201.490000,264.281000,175.000000,151.000000,143.000000,150.000000,175.000000,140.000000,-5.000000,5.000000,0.000000,-25.000000,24.000000,-3.000000
201.690000,264.481000,174.000000,151.000000,143.000000,150.000000,175.000000,140.000000,-5.000000,5.000000,0.000000,-24.000000,24.000000,-3.000000
201.790000,264.581000,173.000000,151.000000,143.000000,150.000000,175.000000,140.000000,-3.000000,5.000000,0.000000,-23.000000,24.000000,-3.000000
201.890000,264.681000,173.000000,152.000000,143.000000,150.000000,175.000000,140.000000,-5.000000,5.000000,0.000000,-23.000000,23.000000,-3.000000
201.990000,264.781000,172.000000,152.000000,143.000000,150.000000,175.000000,140.000000,-3.000000,5.000000,0.000000,-22.000000,23.000000,-3.000000
202.090000,264.881000,171.000000,152.000000,143.000000,150.000000,175.000000,140.000000,-3.000000,5.000000,0.000000,-21.000000,23.000000,-3.000000
202.190000,264.981000,171.000000,153.000000,143.000000,150.000000,175.000000,140.000000,-3.000000,4.000000,0.000000,-21.000000,22.000000,-3.000000
202.290000,265.081000,170.000000,153.000000,143.000000,150.000000,175.000000,140.000000,-3.000000,4.000000,0.000000,-20.000000,22.000000,-3.000000
202.390000,265.181000,169.000000,154.000000,144.000000,150.000000,175.000000,140.000000,-3.000000,4.000000,,-19.000000,21.000000,-4.000000
202.590000,265.381000,168.000000,154.000000,143.000000,150.000000,175.000000,140.000000,-3.000000,4.000000,,-18.000000,21.000000,-3.000000
202.690000,265.481000,167.000000,155.000000,144.000000,150.000000,175.000000,140.000000,-3.000000,4.000000,,-17.000000,20.000000,-4.000000
202.790000,265.581000,166.000000,155.000000,143.000000,150.000000,175.000000,140.000000,-2.000000,4.000000,,-16.000000,20.000000,-3.000000
202.890000,265.681000,166.000000,156.000000,143.000000,150.000000,175.000000,140.000000,-2.000000,4.000000,0.000000,-16.000000,19.000000,-3.000000
202.990000,265.781000,165.000000,156.000000,143.000000,150.000000,175.000000,140.000000,-2.000000,4.000000,0.000000,-15.000000,19.000000,-3.000000
203.090000,265.881000,164.000000,157.000000,143.000000,150.000000,175.000000,140.000000,-2.000000,4.000000,0.000000,-14.000000,18.000000,-3.000000
203.190000,265.981000,163.000000,157.000000,143.000000,150.000000,175.000000,140.000000,-2.000000,4.000000,0.000000,-13.000000,18.000000,-3.000000
203.290000,266.081000,162.000000,158.000000,143.000000,150.000000,175.000000,140.000000,-2.000000,4.000000,0.000000,-12.000000,17.000000,-3.000000
203.390000,266.181000,161.000000,159.000000,143.000000,150.000000,175.000000,140.000000,,3.000000,0.000000,-11.000000,16.000000,-3.000000
203.590000,266.381000,159.000000,160.000000,144.000000,150.000000,175.000000,140.000000,,3.000000,,-9.000000,15.000000,-4.000000
203.690000,266.481000,158.000000,161.000000,144.000000,150.000000,175.000000,140.000000,,3.000000,,-8.000000,14.000000,-4.000000
203.790000,266.581000,157.000000,162.000000,144.000000,150.000000,175.000000,140.000000,,3.000000,,-7.000000,13.000000,-4.000000
203.990000,266.781000,155.000000,163.000000,144.000000,150.000000,175.000000,140.000000,0.000000,3.000000,,-5.000000,12.000000,-4.000000
204.090000,266.881000,153.000000,164.000000,144.000000,150.000000,175.000000,140.000000,0.000000,3.000000,,-3.000000,11.000000,-4.000000
204.190000,266.981000,152.000000,164.000000,144.000000,150.000000,175.000000,140.000000,0.000000,3.000000,,-2.000000,11.000000,-4.000000
204.290000,267.081000,151.000000,165.000000,144.000000,150.000000,175.000000,140.000000,0.000000,2.000000,,-1.000000,10.000000,-4.000000
204.390000,267.181000,150.000000,166.000000,143.000000,150.000000,175.000000,140.000000,0.000000,2.000000,,0.000000,9.000000,-3.000000
204.490000,267.281000,149.000000,167.000000,143.000000,150.000000,125.000000,140.000000,0.000000,-15.000000,0.000000,1.000000,-42.000000,-3.000000
204.590000,267.381000,148.000000,168.000000,143.000000,150.000000,125.000000,140.000000,1.000000,-15.000000,0.000000,2.000000,-43.000000,-3.000000
204.690000,267.481000,147.000000,168.000000,143.000000,150.000000,125.000000,140.000000,1.000000,-15.000000,0.000000,3.000000,-43.000000,-3.000000
204.810000,267.601000,146.000000,169.000000,143.000000,150.000000,125.000000,140.000000,0.000000,0.000000,0.000000,4.000000,-44.000000,-3.000000
204.910000,267.701000,144.000000,170.000000,143.000000,150.000000,125.000000,140.000000,0.000000,0.000000,0.000000,6.000000,-45.000000,-3.000000
205.110000,267.901000,142.000000,171.000000,143.000000,150.000000,125.000000,140.000000,0.000000,0.000000,0.000000,8.000000,-46.000000,-3.000000
205.210000,268.001000,141.000000,171.000000,143.000000,150.000000,125.000000,140.000000,0.000000,0.000000,0.000000,9.000000,-46.000000,-3.000000
205.310000,268.101000,140.000000,172.000000,142.000000,150.000000,125.000000,140.000000,0.000000,0.000000,0.000000,10.000000,-47.000000,-2.000000
205.410000,268.201000,139.000000,172.000000,142.000000,150.000000,125.000000,140.000000,0.000000,0.000000,0.000000,11.000000,-47.000000,-2.000000
205.510000,268.301000,137.000000,173.000000,142.000000,150.000000,125.000000,140.000000,0.000000,0.000000,0.000000,13.000000,-48.000000,-2.000000
205.610000,268.401000,136.000000,173.000000,143.000000,150.000000,125.000000,140.000000,0.000000,0.000000,0.000000,14.000000,-48.000000,-3.000000
205.710000,268.501000,135.000000,174.000000,143.000000,150.000000,125.000000,140.000000,0.000000,0.000000,0.000000,15.000000,-49.000000,-3.000000
205.810000,268.601000,134.000000,174.000000,143.000000,150.000000,125.000000,140.000000,0.000000,0.000000,0.000000,16.000000,-49.000000,-3.000000
205.910000,268.701000,133.000000,175.000000,142.000000,150.000000,125.000000,140.000000,0.000000,0.000000,0.000000,17.000000,-50.000000,-2.000000
206.010000,268.801000,132.000000,175.000000,142.000000,150.000000,125.000000,140.000000,0.000000,0.000000,0.000000,18.000000,-50.000000,-2.000000
206.110000,268.901000,131.000000,176.000000,142.000000,150.000000,125.000000,140.000000,0.000000,0.000000,0.000000,19.000000,-51.000000,-2.000000
206.210000,269.001000,130.000000,177.000000,142.000000,150.000000,125.000000,140.000000,0.000000,0.000000,0.000000,20.000000,-52.000000,-2.000000
206.310000,269.101000,128.000000,177.000000,142.000000,150.000000,125.000000,140.000000,0.000000,0.000000,0.000000,22.000000,-52.000000,-2.000000
206.410000,269.201000,127.000000,178.000000,142.000000,150.000000,125.000000,140.000000,0.000000,0.000000,0.000000,23.000000,-53.000000,-2.000000
206.510000,269.301000,126.000000,178.000000,142.000000,150.000000,125.000000,140.000000,0.000000,0.000000,0.000000,24.000000,-53.000000,-2.000000
206.610000,269.401000,125.000000,178.000000,141.000000,150.000000,125.000000,140.000000,0.000000,0.000000,0.000000,25.000000,-53.000000,-1.000000
206.710000,269.501000,124.000000,178.000000,141.000000,150.000000,125.000000,140.000000,0.000000,0.000000,0.000000,26.000000,-53.000000,-1.000000
206.810000,269.601000,123.000000,178.000000,141.000000,150.000000,125.000000,140.000000,0.000000,0.000000,0.000000,27.000000,-53.000000,-1.000000
206.910000,269.701000,121.000000,179.000000,141.000000,150.000000,125.000000,140.000000,0.000000,0.000000,0.000000,29.000000,-54.000000,-1.000000
207.110000,269.901000,119.000000,179.000000,141.000000,150.000000,125.000000,140.000000,0.000000,0.000000,0.000000,31.000000,-54.000000,-1.000000
207.210000,270.001000,118.000000,179.000000,141.000000,150.000000,125.000000,140.000000,0.000000,0.000000,0.000000,32.000000,-54.000000,-1.000000
207.410000,270.201000,117.000000,179.000000,140.000000,150.000000,125.000000,140.000000,0.000000,0.000000,0.000000,33.000000,-54.000000,0.000000
207.510000,270.301000,116.000000,179.000000,140.000000,150.000000,125.000000,140.000000,0.000000,0.000000,0.000000,34.000000,-54.000000,0.000000
207.610000,270.401000,115.000000,180.000000,140.000000,150.000000,125.000000,140.000000,0.000000,0.000000,0.000000,35.000000,-55.000000,0.000000
207.810000,270.601000,114.000000,180.000000,141.000000,150.000000,125.000000,140.000000,0.000000,0.000000,0.000000,36.000000,-55.000000,-1.000000
208.010000,270.801000,113.000000,180.000000,141.000000,150.000000,125.000000,140.000000,0.000000,0.000000,0.000000,37.000000,-55.000000,-1.000000
208.110000,270.901000,112.000000,180.000000,141.000000,150.000000,125.000000,140.000000,0.000000,0.000000,0.000000,38.000000,-55.000000,-1.000000
208.210000,271.001000,112.000000,179.000000,140.000000,150.000000,125.000000,140.000000,0.000000,0.000000,0.000000,38.000000,-54.000000,0.000000
208.310000,271.101000,111.000000,179.000000,141.000000,150.000000,125.000000,140.000000,0.000000,0.000000,0.000000,39.000000,-54.000000,-1.000000
208.410000,271.201000,110.000000,179.000000,140.000000,150.000000,125.000000,140.000000,0.000000,0.000000,0.000000,40.000000,-54.000000,0.000000
208.510000,271.301000,110.000000,178.000000,140.000000,150.000000,125.000000,140.000000,0.000000,0.000000,0.000000,40.000000,-53.000000,0.000000
208.610000,271.401000,109.000000,179.000000,140.000000,150.000000,125.000000,140.000000,0.000000,0.000000,0.000000,41.000000,-54.000000,0.000000
208.710000,271.501000,109.000000,178.000000,140.000000,150.000000,125.000000,140.000000,0.000000,0.000000,0.000000,41.000000,-53.000000,0.000000
208.810000,271.601000,108.000000,178.000000,140.000000,150.000000,125.000000,140.000000,0.000000,0.000000,0.000000,42.000000,-53.000000,0.000000
209.010000,271.801000,107.000000,178.000000,140.000000,150.000000,125.000000,140.000000,0.000000,0.000000,0.000000,43.000000,-53.000000,0.000000
209.110000,271.901000,107.000000,177.000000,140.000000,150.000000,125.000000,140.000000,0.000000,0.000000,0.000000,43.000000,-52.000000,0.000000
209.210000,272.001000,106.000000,177.000000,139.000000,150.000000,125.000000,140.000000,0.000000,0.000000,0.000000,44.000000,-52.000000,1.000000
209.410000,272.201000,106.000000,176.000000,139.000000,150.000000,125.000000,140.000000,0.000000,0.000000,0.000000,44.000000,-51.000000,1.000000
209.610000,272.401000,106.000000,175.000000,139.000000,150.000000,125.000000,140.000000,0.000000,0.000000,0.000000,44.000000,-50.000000,1.000000
209.710000,272.501000,106.000000,174.000000,139.000000,150.000000,125.000000,140.000000,15.000000,-17.000000,0.000000,44.000000,-49.000000,1.000000
209.810000,272.601000,106.000000,173.000000,139.000000,150.000000,125.000000,140.000000,0.000000,0.000000,0.000000,44.000000,-48.000000,1.000000
209.910000,272.701000,107.000000,173.000000,139.000000,150.000000,125.000000,140.000000,15.000000,-17.000000,0.000000,43.000000,-48.000000,1.000000
210.010000,272.801000,108.000000,171.000000,139.000000,150.000000,125.000000,140.000000,14.000000,-16.000000,0.000000,42.000000,-46.000000,1.000000
210.110000,272.901000,108.000000,170.000000,138.000000,150.000000,125.000000,140.000000,14.000000,-16.000000,0.000000,42.000000,-45.000000,2.000000
210.210000,273.001000,109.000000,169.000000,138.000000,150.000000,125.000000,140.000000,14.000000,-16.000000,0.000000,41.000000,-44.000000,2.000000
210.310000,273.101000,110.000000,168.000000,138.000000,150.000000,125.000000,140.000000,14.000000,-15.000000,0.000000,40.000000,-43.000000,2.000000
210.410000,273.201000,111.000000,167.000000,138.000000,150.000000,125.000000,140.000000,13.000000,-15.000000,0.000000,39.000000,-42.000000,2.000000
210.510000,273.301000,111.000000,166.000000,138.000000,150.000000,125.000000,140.000000,13.000000,-15.000000,0.000000,39.000000,-41.000000,2.000000
210.610000,273.401000,112.000000,164.000000,138.000000,150.000000,125.000000,140.000000,13.000000,-14.000000,0.000000,38.000000,-39.000000,2.000000
210.710000,273.501000,113.000000,163.000000,138.000000,150.000000,125.000000,140.000000,12.000000,-14.000000,0.000000,37.000000,-38.000000,2.000000
210.810000,273.601000,113.000000,162.000000,138.000000,150.000000,125.000000,140.000000,12.000000,-13.000000,0.000000,37.000000,-37.000000,2.000000
210.910000,273.701000,114.000000,161.000000,138.000000,150.000000,125.000000,140.000000,12.000000,-13.000000,0.000000,36.000000,-36.000000,2.000000
211.010000,273.801000,115.000000,160.000000,138.000000,150.000000,125.000000,140.000000,12.000000,-12.000000,0.000000,35.000000,-35.000000,2.000000
211.110000,273.901000,115.000000,159.000000,138.000000,150.000000,125.000000,140.000000,12.000000,-12.000000,0.000000,35.000000,-34.000000,2.000000
211.210000,274.001000,116.000000,158.000000,138.000000,150.000000,125.000000,140.000000,11.000000,-12.000000,0.000000,34.000000,-33.000000,2.000000
211.310000,274.101000,116.000000,157.000000,138.000000,150.000000,125.000000,140.000000,11.000000,-11.000000,0.000000,34.000000,-32.000000,2.000000
211.410000,274.201000,117.000000,156.000000,138.000000,150.000000,125.000000,140.000000,11.000000,-11.000000,0.000000,33.000000,-31.000000,2.000000
211.510000,274.301000,118.000000,155.000000,138.000000,150.000000,125.000000,140.000000,11.000000,-11.000000,0.000000,32.000000,-30.000000,2.000000
211.610000,274.401000,118.000000,153.000000,138.000000,150.000000,125.000000,140.000000,11.000000,-10.000000,0.000000,32.000000,-28.000000,2.000000
211.710000,274.501000,119.000000,152.000000,137.000000,150.000000,125.000000,140.000000,10.000000,-10.000000,0.000000,31.000000,-27.000000,3.000000
211.810000,274.601000,120.000000,151.000000,137.000000,150.000000,125.000000,140.000000,10.000000,-9.000000,0.000000,30.000000,-26.000000,3.000000
211.910000,274.701000,120.000000,150.000000,137.000000,150.000000,125.000000,140.000000,10.000000,-9.000000,0.000000,30.000000,-25.000000,3.000000
212.010000,274.801000,121.000000,148.000000,137.000000,150.000000,125.000000,140.000000,10.000000,-4.000000,0.000000,29.000000,-23.000000,3.000000
212.110000,274.901000,122.000000,147.000000,137.000000,150.000000,125.000000,140.000000,9.000000,-4.000000,0.000000,28.000000,-22.000000,3.000000
212.210000,275.001000,123.000000,145.000000,137.000000,150.000000,125.000000,140.000000,9.000000,-3.000000,0.000000,27.000000,-20.000000,3.000000
212.310000,275.101000,124.000000,143.000000,137.000000,150.000000,125.000000,140.000000,5.000000,-3.000000,0.000000,26.000000,-18.000000,3.000000
212.410000,275.201000,125.000000,142.000000,137.000000,150.000000,125.000000,140.000000,5.000000,-3.000000,0.000000,25.000000,-17.000000,3.000000
212.510000,275.301000,127.000000,141.000000,137.000000,150.000000,125.000000,140.000000,4.000000,-3.000000,0.000000,23.000000,-16.000000,3.000000
212.610000,275.401000,128.000000,140.000000,137.000000,150.000000,125.000000,140.000000,4.000000,-2.000000,0.000000,22.000000,-15.000000,3.000000
212.710000,275.501000,130.000000,138.000000,137.000000,150.000000,125.000000,140.000000,4.000000,-2.000000,0.000000,20.000000,-13.000000,3.000000
212.810000,275.601000,131.000000,138.000000,137.000000,150.000000,125.000000,140.000000,4.000000,-2.000000,0.000000,19.000000,-13.000000,3.000000
212.910000,275.701000,132.000000,136.000000,137.000000,150.000000,125.000000,140.000000,4.000000,-2.000000,0.000000,18.000000,-11.000000,3.000000
213.010000,275.801000,134.000000,135.000000,137.000000,150.000000,125.000000,140.000000,3.000000,,0.000000,16.000000,-10.000000,3.000000
213.110000,275.901000,135.000000,134.000000,137.000000,150.000000,125.000000,140.000000,3.000000,,0.000000,15.000000,-9.000000,3.000000
213.210000,276.001000,137.000000,133.000000,137.000000,150.000000,125.000000,140.000000,3.000000,,0.000000,13.000000,-8.000000,3.000000
213.310000,276.101000,138.000000,131.000000,138.000000,150.000000,125.000000,140.000000,2.000000,,0.000000,12.000000,-6.000000,2.000000
213.410000,276.201000,139.000000,130.000000,138.000000,150.000000,125.000000,140.000000,2.000000,,0.000000,11.000000,-5.000000,2.000000
213.510000,276.301000,140.000000,129.000000,138.000000,150.000000,125.000000,140.000000,2.000000,0.000000,0.000000,10.000000,-4.000000,2.000000
213.610000,276.401000,141.000000,128.000000,138.000000,150.000000,125.000000,140.000000,2.000000,0.000000,0.000000,9.000000,-3.000000,2.000000
213.710000,276.501000,143.000000,127.000000,138.000000,150.000000,75.000000,140.000000,2.000000,-17.000000,0.000000,7.000000,-52.000000,2.000000
213.810000,276.601000,144.000000,126.000000,138.000000,150.000000,75.000000,140.000000,1.000000,-18.000000,0.000000,6.000000,-51.000000,2.000000
213.910000,276.701000,145.000000,125.000000,138.000000,150.000000,75.000000,140.000000,1.000000,-17.000000,0.000000,5.000000,-50.000000,2.000000
214.010000,276.801000,146.000000,124.000000,138.000000,150.000000,75.000000,140.000000,1.000000,-17.000000,0.000000,4.000000,-49.000000,2.000000
214.110000,276.901000,148.000000,122.000000,138.000000,150.000000,75.000000,140.000000,1.000000,-17.000000,0.000000,2.000000,-47.000000,2.000000
214.210000,277.001000,149.000000,120.000000,137.000000,150.000000,75.000000,140.000000,1.000000,-16.000000,0.000000,1.000000,-45.000000,3.000000
214.310000,277.101000,150.000000,118.000000,137.000000,150.000000,75.000000,140.000000,0.000000,-15.000000,0.000000,0.000000,-43.000000,3.000000
214.410000,277.201000,151.000000,116.000000,137.000000,150.000000,75.000000,140.000000,0.000000,-15.000000,0.000000,-1.000000,-41.000000,3.000000
214.530000,277.321000,152.000000,114.000000,137.000000,150.000000,75.000000,140.000000,0.000000,0.000000,0.000000,-2.000000,-39.000000,3.000000
214.630000,277.421000,154.000000,113.000000,137.000000,150.000000,75.000000,140.000000,0.000000,0.000000,0.000000,-4.000000,-38.000000,3.000000
214.730000,277.521000,155.000000,112.000000,137.000000,150.000000,75.000000,140.000000,0.000000,0.000000,0.000000,-5.000000,-37.000000,3.000000
214.830000,277.621000,156.000000,111.000000,137.000000,150.000000,75.000000,140.000000,0.000000,0.000000,0.000000,-6.000000,-36.000000,3.000000
214.930000,277.721000,158.000000,110.000000,137.000000,150.000000,75.000000,140.000000,0.000000,0.000000,0.000000,-8.000000,-35.000000,3.000000
215.030000,277.821000,159.000000,109.000000,137.000000,150.000000,75.000000,140.000000,0.000000,0.000000,0.000000,-9.000000,-34.000000,3.000000
215.130000,277.921000,160.000000,108.000000,137.000000,150.000000,75.000000,140.000000,0.000000,0.000000,0.000000,-10.000000,-33.000000,3.000000
215.230000,278.021000,160.000000,106.000000,136.000000,150.000000,75.000000,140.000000,0.000000,0.000000,1.000000,-10.000000,-31.000000,4.000000
215.330000,278.121000,161.000000,105.000000,136.000000,150.000000,75.000000,140.000000,0.000000,0.000000,1.000000,-11.000000,-30.000000,4.000000
215.430000,278.221000,162.000000,104.000000,136.000000,150.000000,75.000000,140.000000,0.000000,0.000000,1.000000,-12.000000,-29.000000,4.000000
215.530000,278.321000,163.000000,103.000000,136.000000,150.000000,75.000000,140.000000,0.000000,0.000000,0.000000,-13.000000,-28.000000,4.000000
215.630000,278.421000,163.000000,101.000000,136.000000,150.000000,75.000000,140.000000,0.000000,0.000000,1.000000,-13.000000,-26.000000,4.000000
215.730000,278.521000,164.000000,100.000000,136.000000,150.000000,75.000000,140.000000,0.000000,0.000000,1.000000,-14.000000,-25.000000,4.000000
215.850000,278.641000,165.000000,99.000000,136.000000,150.000000,75.000000,140.000000,0.000000,0.000000,0.000000,-15.000000,-24.000000,4.000000
215.930000,278.721000,166.000000,98.000000,135.000000,150.000000,75.000000,140.000000,0.000000,0.000000,1.000000,-16.000000,-23.000000,5.000000
216.030000,278.821000,166.000000,97.000000,135.000000,150.000000,75.000000,140.000000,0.000000,0.000000,1.000000,-16.000000,-22.000000,5.000000
216.130000,278.921000,167.000000,96.000000,135.000000,150.000000,75.000000,140.000000,0.000000,0.000000,1.000000,-17.000000,-21.000000,5.000000
216.230000,279.021000,168.000000,94.000000,135.000000,150.000000,75.000000,140.000000,0.000000,0.000000,1.000000,-18.000000,-19.000000,5.000000
216.330000,279.121000,168.000000,93.000000,135.000000,150.000000,75.000000,140.000000,0.000000,0.000000,1.000000,-18.000000,-18.000000,5.000000
216.430000,279.221000,169.000000,93.000000,135.000000,150.000000,75.000000,140.000000,0.000000,0.000000,1.000000,-19.000000,-18.000000,5.000000
216.530000,279.321000,169.000000,92.000000,135.000000,150.000000,75.000000,140.000000,0.000000,0.000000,1.000000,-19.000000,-17.000000,5.000000
216.630000,279.421000,170.000000,91.000000,135.000000,150.000000,75.000000,140.000000,0.000000,0.000000,0.000000,-20.000000,-16.000000,5.000000
216.730000,279.521000,171.000000,91.000000,135.000000,150.000000,75.000000,140.000000,0.000000,0.000000,0.000000,-21.000000,-16.000000,5.000000
216.830000,279.621000,171.000000,90.000000,135.000000,150.000000,75.000000,140.000000,0.000000,0.000000,1.000000,-21.000000,-15.000000,5.000000
216.930000,279.721000,171.000000,89.000000,134.000000,150.000000,75.000000,140.000000,0.000000,0.000000,0.000000,-21.000000,-14.000000,6.000000
217.030000,279.821000,172.000000,88.000000,134.000000,150.000000,75.000000,140.000000,0.000000,0.000000,2.000000,-22.000000,-13.000000,6.000000
217.130000,279.921000,173.000000,87.000000,134.000000,150.000000,75.000000,140.000000,0.000000,0.000000,2.000000,-23.000000,-12.000000,6.000000
217.330000,280.121000,174.000000,85.000000,135.000000,150.000000,75.000000,140.000000,0.000000,0.000000,1.000000,-24.000000,-10.000000,5.000000
217.430000,280.221000,174.000000,84.000000,135.000000,150.000000,75.000000,140.000000,0.000000,0.000000,0.000000,-24.000000,-9.000000,5.000000
217.530000,280.321000,175.000000,83.000000,135.000000,150.000000,75.000000,140.000000,0.000000,0.000000,1.000000,-25.000000,-8.000000,5.000000
217.630000,280.421000,175.000000,82.000000,135.000000,150.000000,75.000000,140.000000,0.000000,0.000000,0.000000,-25.000000,-7.000000,5.000000
217.830000,280.621000,175.000000,81.000000,135.000000,150.000000,75.000000,140.000000,0.000000,0.000000,1.000000,-25.000000,-6.000000,5.000000
218.030000,280.821000,176.000000,80.000000,134.000000,150.000000,75.000000,140.000000,0.000000,0.000000,2.000000,-26.000000,-5.000000,6.000000
218.130000,280.921000,176.000000,79.000000,134.000000,150.000000,75.000000,140.000000,0.000000,0.000000,2.000000,-26.000000,-4.000000,6.000000
218.330000,281.121000,176.000000,78.000000,134.000000,150.000000,75.000000,140.000000,0.000000,0.000000,2.000000,-26.000000,-3.000000,6.000000
218.430000,281.221000,177.000000,78.000000,135.000000,150.000000,75.000000,140.000000,0.000000,0.000000,0.000000,-27.000000,-3.000000,5.000000
218.630000,281.421000,177.000000,77.000000,135.000000,150.000000,75.000000,140.000000,0.000000,0.000000,1.000000,-27.000000,-2.000000,5.000000
218.730000,281.521000,176.000000,77.000000,135.000000,150.000000,75.000000,140.000000,0.000000,0.000000,1.000000,-26.000000,-2.000000,5.000000
218.930000,281.721000,176.000000,76.000000,135.000000,150.000000,75.000000,140.000000,0.000000,0.000000,1.000000,-26.000000,-1.000000,5.000000
219.030000,281.821000,176.000000,76.000000,136.000000,150.000000,75.000000,140.000000,0.000000,0.000000,0.000000,-26.000000,-1.000000,4.000000
219.130000,281.921000,175.000000,76.000000,136.000000,150.000000,75.000000,140.000000,0.000000,0.000000,1.000000,-25.000000,-1.000000,4.000000
219.230000,282.021000,174.000000,75.000000,136.000000,150.000000,75.000000,140.000000,0.000000,0.000000,0.000000,-24.000000,0.000000,4.000000
219.330000,282.121000,174.000000,74.000000,136.000000,150.000000,75.000000,140.000000,0.000000,0.000000,1.000000,-24.000000,1.000000,4.000000
219.630000,282.421000,173.000000,74.000000,136.000000,150.000000,75.000000,140.000000,-4.000000,0.000000,1.000000,-23.000000,1.000000,4.000000
219.730000,282.521000,172.000000,73.000000,136.000000,150.000000,75.000000,140.000000,-4.000000,0.000000,1.000000,-22.000000,2.000000,4.000000
219.930000,282.721000,172.000000,72.000000,137.000000,150.000000,75.000000,140.000000,-4.000000,0.000000,1.000000,-22.000000,3.000000,3.000000
220.030000,282.821000,171.000000,72.000000,137.000000,150.000000,75.000000,140.000000,-4.000000,0.000000,0.000000,-21.000000,3.000000,3.000000
220.130000,282.921000,170.000000,72.000000,137.000000,150.000000,75.000000,140.000000,-4.000000,0.000000,0.000000,-20.000000,3.000000,3.000000
220.230000,283.021000,170.000000,71.000000,137.000000,150.000000,75.000000,140.000000,-4.000000,0.000000,0.000000,-20.000000,4.000000,3.000000
220.330000,283.121000,169.000000,71.000000,137.000000,150.000000,75.000000,140.000000,-4.000000,0.000000,0.000000,-19.000000,4.000000,3.000000
220.430000,283.221000,169.000000,70.000000,138.000000,150.000000,75.000000,140.000000,-4.000000,0.000000,0.000000,-19.000000,5.000000,2.000000
220.530000,283.321000,168.000000,70.000000,138.000000,150.000000,75.000000,140.000000,-4.000000,0.000000,0.000000,-18.000000,5.000000,2.000000
220.730000,283.521000,167.000000,70.000000,138.000000,150.000000,75.000000,140.000000,-4.000000,0.000000,0.000000,-17.000000,5.000000,2.000000
220.930000,283.721000,166.000000,70.000000,138.000000,150.000000,75.000000,140.000000,-3.000000,0.000000,0.000000,-16.000000,5.000000,2.000000
221.030000,283.821000,165.000000,70.000000,138.000000,150.000000,75.000000,140.000000,-3.000000,0.000000,0.000000,-15.000000,5.000000,2.000000
221.230000,284.021000,164.000000,70.000000,138.000000,150.000000,75.000000,140.000000,-3.000000,0.000000,0.000000,-14.000000,5.000000,2.000000
221.330000,284.121000,163.000000,70.000000,138.000000,150.000000,75.000000,140.000000,-3.000000,0.000000,0.000000,-13.000000,5.000000,2.000000
221.430000,284.221000,163.000000,71.000000,138.000000,150.000000,75.000000,140.000000,-3.000000,0.000000,0.000000,-13.000000,4.000000,2.000000
221.530000,284.321000,162.000000,71.000000,138.000000,150.000000,75.000000,140.000000,-2.000000,0.000000,0.000000,-12.000000,4.000000,2.000000
221.630000,284.421000,161.000000,71.000000,138.000000,150.000000,75.000000,140.000000,-2.000000,0.000000,0.000000,-11.000000,4.000000,2.000000
221.730000,284.521000,160.000000,71.000000,137.000000,150.000000,75.000000,140.000000,-2.000000,0.000000,0.000000,-10.000000,4.000000,3.000000
221.930000,284.721000,159.000000,71.000000,137.000000,150.000000,75.000000,140.000000,-2.000000,0.000000,0.000000,-9.000000,4.000000,3.000000
222.030000,284.821000,157.000000,71.000000,137.000000,200.000000,75.000000,140.000000,15.000000,1.000000,0.000000,43.000000,4.000000,3.000000
222.230000,285.021000,156.000000,71.000000,137.000000,200.000000,75.000000,140.000000,16.000000,1.000000,0.000000,44.000000,4.000000,3.000000
222.330000,285.121000,155.000000,72.000000,137.000000,200.000000,75.000000,140.000000,16.000000,1.000000,0.000000,45.000000,3.000000,3.000000
222.430000,285.221000,154.000000,72.000000,137.000000,200.000000,75.000000,140.000000,16.000000,1.000000,0.000000,46.000000,3.000000,3.000000
222.630000,285.421000,153.000000,72.000000,138.000000,200.000000,75.000000,140.000000,17.000000,1.000000,0.000000,47.000000,3.000000,2.000000
222.730000,285.521000,152.000000,72.000000,138.000000,200.000000,75.000000,140.000000,17.000000,1.000000,0.000000,48.000000,3.000000,2.000000
222.830000,285.621000,152.000000,72.000000,137.000000,200.000000,75.000000,140.000000,17.000000,1.000000,0.000000,48.000000,3.000000,3.000000
222.930000,285.721000,151.000000,73.000000,137.000000,200.000000,75.000000,140.000000,17.000000,1.000000,0.000000,49.000000,2.000000,3.000000
223.230000,286.021000,150.000000,73.000000,137.000000,200.000000,75.000000,140.000000,17.000000,1.000000,0.000000,50.000000,2.000000,3.000000
223.330000,286.121000,150.000000,74.000000,137.000000,200.000000,75.000000,140.000000,17.000000,1.000000,0.000000,50.000000,1.000000,3.000000
223.630000,286.421000,149.000000,74.000000,137.000000,200.000000,75.000000,140.000000,17.000000,0.000000,0.000000,51.000000,1.000000,3.000000
223.730000,286.521000,149.000000,75.000000,137.000000,200.000000,75.000000,140.000000,17.000000,0.000000,0.000000,51.000000,0.000000,3.000000
223.930000,286.721000,149.000000,76.000000,137.000000,200.000000,75.000000,140.000000,17.000000,0.000000,0.000000,51.000000,-1.000000,3.000000
224.130000,286.921000,148.000000,76.000000,137.000000,200.000000,75.000000,140.000000,18.000000,1.000000,0.000000,52.000000,-1.000000,3.000000
224.330000,287.121000,148.000000,77.000000,137.000000,200.000000,75.000000,140.000000,18.000000,,0.000000,52.000000,-2.000000,3.000000
224.650000,287.441000,148.000000,78.000000,137.000000,200.000000,75.000000,140.000000,0.000000,0.000000,0.000000,52.000000,-3.000000,3.000000
224.750000,287.541000,149.000000,79.000000,137.000000,200.000000,75.000000,140.000000,0.000000,0.000000,0.000000,51.000000,-4.000000,3.000000
224.950000,287.741000,150.000000,80.000000,137.000000,200.000000,75.000000,140.000000,0.000000,0.000000,0.000000,50.000000,-5.000000,3.000000
225.050000,287.841000,150.000000,81.000000,138.000000,200.000000,75.000000,140.000000,0.000000,0.000000,0.000000,50.000000,-6.000000,2.000000
225.150000,287.941000,151.000000,81.000000,138.000000,200.000000,75.000000,140.000000,0.000000,0.000000,0.000000,49.000000,-6.000000,2.000000
225.250000,288.041000,152.000000,81.000000,138.000000,200.000000,75.000000,140.000000,0.000000,0.000000,0.000000,48.000000,-6.000000,2.000000
225.350000,288.141000,152.000000,82.000000,138.000000,200.000000,75.000000,140.000000,0.000000,0.000000,0.000000,48.000000,-7.000000,2.000000
225.450000,288.241000,153.000000,83.000000,138.000000,200.000000,75.000000,140.000000,0.000000,0.000000,0.000000,47.000000,-8.000000,2.000000
225.550000,288.341000,154.000000,83.000000,138.000000,200.000000,75.000000,140.000000,0.000000,0.000000,0.000000,46.000000,-8.000000,2.000000
225.650000,288.441000,155.000000,83.000000,138.000000,200.000000,75.000000,140.000000,0.000000,0.000000,0.000000,45.000000,-8.000000,2.000000
225.750000,288.541000,156.000000,84.000000,138.000000,200.000000,75.000000,140.000000,0.000000,0.000000,0.000000,44.000000,-9.000000,2.000000
225.850000,288.641000,157.000000,84.000000,138.000000,200.000000,75.000000,140.000000,0.000000,0.000000,0.000000,43.000000,-9.000000,2.000000
225.950000,288.741000,158.000000,85.000000,138.000000,200.000000,75.000000,140.000000,0.000000,0.000000,0.000000,42.000000,-10.000000,2.000000
226.050000,288.841000,159.000000,86.000000,138.000000,200.000000,75.000000,140.000000,0.000000,0.000000,0.000000,41.000000,-11.000000,2.000000
226.150000,288.941000,159.000000,87.000000,138.000000,200.000000,75.000000,140.000000,0.000000,0.000000,0.000000,41.000000,-12.000000,2.000000
226.250000,289.041000,161.000000,88.000000,139.000000,200.000000,75.000000,140.000000,0.000000,0.000000,0.000000,39.000000,-13.000000,1.000000
226.350000,289.141000,162.000000,88.000000,139.000000,200.000000,75.000000,140.000000,0.000000,0.000000,0.000000,38.000000,-13.000000,1.000000
226.450000,289.241000,163.000000,89.000000,139.000000,200.000000,75.000000,140.000000,0.000000,0.000000,0.000000,37.000000,-14.000000,1.000000
226.550000,289.341000,164.000000,90.000000,139.000000,200.000000,75.000000,140.000000,0.000000,0.000000,0.000000,36.000000,-15.000000,1.000000
226.650000,289.441000,165.000000,91.000000,140.000000,200.000000,75.000000,140.000000,0.000000,0.000000,0.000000,35.000000,-16.000000,0.000000
226.750000,289.541000,166.000000,92.000000,140.000000,200.000000,75.000000,140.000000,0.000000,0.000000,0.000000,34.000000,-17.000000,0.000000
226.850000,289.641000,168.000000,94.000000,140.000000,200.000000,75.000000,140.000000,0.000000,0.000000,0.000000,32.000000,-19.000000,0.000000
226.950000,289.741000,169.000000,95.000000,140.000000,200.000000,75.000000,140.000000,0.000000,0.000000,0.000000,31.000000,-20.000000,0.000000
227.050000,289.841000,170.000000,96.000000,140.000000,200.000000,75.000000,140.000000,0.000000,0.000000,0.000000,30.000000,-21.000000,0.000000
227.150000,289.941000,171.000000,97.000000,140.000000,200.000000,75.000000,140.000000,0.000000,0.000000,0.000000,29.000000,-22.000000,0.000000
227.250000,290.041000,173.000000,98.000000,140.000000,200.000000,75.000000,140.000000,0.000000,0.000000,0.000000,27.000000,-23.000000,0.000000
227.350000,290.141000,174.000000,99.000000,141.000000,200.000000,75.000000,140.000000,0.000000,0.000000,0.000000,26.000000,-24.000000,-1.000000
227.450000,290.241000,175.000000,101.000000,141.000000,200.000000,75.000000,140.000000,0.000000,0.000000,0.000000,25.000000,-26.000000,-1.000000
227.550000,290.341000,176.000000,102.000000,141.000000,200.000000,75.000000,140.000000,0.000000,0.000000,0.000000,24.000000,-27.000000,-1.000000
227.650000,290.441000,178.000000,103.000000,141.000000,200.000000,75.000000,140.000000,0.000000,0.000000,0.000000,22.000000,-28.000000,-1.000000
227.750000,290.541000,179.000000,104.000000,141.000000,200.000000,75.000000,140.000000,0.000000,0.000000,0.000000,21.000000,-29.000000,-1.000000
227.850000,290.641000,180.000000,106.000000,141.000000,200.000000,75.000000,140.000000,0.000000,0.000000,0.000000,20.000000,-31.000000,-1.000000
227.950000,290.741000,181.000000,106.000000,141.000000,200.000000,75.000000,140.000000,0.000000,0.000000,0.000000,19.000000,-31.000000,-1.000000
228.050000,290.841000,183.000000,107.000000,141.000000,200.000000,75.000000,140.000000,0.000000,0.000000,0.000000,17.000000,-32.000000,-1.000000
228.150000,290.941000,184.000000,107.000000,141.000000,200.000000,75.000000,140.000000,0.000000,0.000000,0.000000,16.000000,-32.000000,-1.000000
228.250000,291.041000,185.000000,108.000000,141.000000,200.000000,75.000000,140.000000,0.000000,0.000000,0.000000,15.000000,-33.000000,-1.000000
228.350000,291.141000,187.000000,108.000000,141.000000,200.000000,75.000000,140.000000,0.000000,0.000000,0.000000,13.000000,-33.000000,-1.000000
228.450000,291.241000,188.000000,109.000000,141.000000,200.000000,75.000000,140.000000,0.000000,0.000000,0.000000,12.000000,-34.000000,-1.000000
228.550000,291.341000,189.000000,109.000000,141.000000,200.000000,75.000000,140.000000,0.000000,0.000000,0.000000,11.000000,-34.000000,-1.000000
228.750000,291.541000,190.000000,109.000000,141.000000,200.000000,75.000000,140.000000,2.000000,-11.000000,0.000000,10.000000,-34.000000,-1.000000
228.850000,291.641000,191.000000,109.000000,141.000000,200.000000,75.000000,140.000000,2.000000,-11.000000,0.000000,9.000000,-34.000000,-1.000000
229.050000,291.841000,192.000000,109.000000,141.000000,200.000000,75.000000,140.000000,2.000000,-11.000000,0.000000,8.000000,-34.000000,-1.000000
229.250000,292.041000,192.000000,110.000000,141.000000,200.000000,75.000000,140.000000,2.000000,-12.000000,0.000000,8.000000,-35.000000,-1.000000
229.350000,292.141000,193.000000,110.000000,141.000000,200.000000,75.000000,140.000000,2.000000,-12.000000,0.000000,7.000000,-35.000000,-1.000000
229.750000,292.541000,193.000000,110.000000,142.000000,200.000000,75.000000,140.000000,2.000000,-12.000000,0.000000,7.000000,-35.000000,-2.000000
229.850000,292.641000,192.000000,111.000000,141.000000,200.000000,75.000000,140.000000,2.000000,-12.000000,0.000000,8.000000,-36.000000,-1.000000
229.950000,292.741000,192.000000,111.000000,142.000000,200.000000,75.000000,140.000000,2.000000,-12.000000,0.000000,8.000000,-36.000000,-2.000000
230.650000,293.441000,191.000000,111.000000,142.000000,200.000000,75.000000,140.000000,2.000000,-12.000000,0.000000,9.000000,-36.000000,-2.000000
230.950000,293.741000,190.000000,110.000000,142.000000,200.000000,75.000000,140.000000,2.000000,-12.000000,0.000000,10.000000,-35.000000,-2.000000
231.250000,294.041000,189.000000,109.000000,142.000000,200.000000,75.000000,140.000000,3.000000,-11.000000,0.000000,11.000000,-34.000000,-2.000000
231.450000,294.241000,188.000000,108.000000,142.000000,200.000000,75.000000,140.000000,3.000000,-11.000000,0.000000,12.000000,-33.000000,-2.000000
231.550000,294.341000,187.000000,108.000000,143.000000,200.000000,75.000000,140.000000,3.000000,-11.000000,0.000000,13.000000,-33.000000,-3.000000
231.650000,294.441000,187.000000,107.000000,142.000000,200.000000,75.000000,140.000000,3.000000,-11.000000,0.000000,13.000000,-32.000000,-2.000000
231.750000,294.541000,186.000000,107.000000,143.000000,200.000000,75.000000,140.000000,3.000000,-11.000000,0.000000,14.000000,-32.000000,-3.000000
231.850000,294.641000,185.000000,106.000000,143.000000,200.000000,75.000000,140.000000,3.000000,-10.000000,0.000000,15.000000,-31.000000,-3.000000
232.050000,294.841000,184.000000,105.000000,143.000000,200.000000,75.000000,140.000000,4.000000,-10.000000,0.000000,16.000000,-30.000000,-3.000000
232.150000,294.941000,184.000000,104.000000,143.000000,200.000000,75.000000,140.000000,4.000000,-10.000000,0.000000,16.000000,-29.000000,-3.000000
232.250000,295.041000,183.000000,103.000000,142.000000,200.000000,75.000000,140.000000,4.000000,-9.000000,0.000000,17.000000,-28.000000,-2.000000
232.350000,295.141000,183.000000,102.000000,142.000000,200.000000,75.000000,140.000000,4.000000,-9.000000,0.000000,17.000000,-27.000000,-2.000000
232.450000,295.241000,182.000000,101.000000,142.000000,200.000000,75.000000,140.000000,4.000000,-5.000000,0.000000,18.000000,-26.000000,-2.000000
232.550000,295.341000,182.000000,100.000000,142.000000,200.000000,75.000000,140.000000,4.000000,-5.000000,0.000000,18.000000,-25.000000,-2.000000
232.650000,295.441000,181.000000,99.000000,142.000000,200.000000,75.000000,140.000000,4.000000,-5.000000,0.000000,19.000000,-24.000000,-2.000000
232.750000,295.541000,181.000000,98.000000,142.000000,200.000000,75.000000,140.000000,4.000000,-4.000000,0.000000,19.000000,-23.000000,-2.000000
232.850000,295.641000,180.000000,97.000000,142.000000,200.000000,75.000000,140.000000,4.000000,-4.000000,0.000000,20.000000,-22.000000,-2.000000
232.950000,295.741000,180.000000,96.000000,142.000000,200.000000,75.000000,140.000000,4.000000,-4.000000,0.000000,20.000000,-21.000000,-2.000000
233.070000,295.861000,179.000000,95.000000,142.000000,200.000000,75.000000,140.000000,0.000000,0.000000,0.000000,21.000000,-20.000000,-2.000000
233.170000,295.961000,179.000000,94.000000,142.000000,200.000000,75.000000,140.000000,0.000000,0.000000,0.000000,21.000000,-19.000000,-2.000000
233.370000,296.161000,178.000000,93.000000,142.000000,200.000000,75.000000,140.000000,0.000000,0.000000,0.000000,22.000000,-18.000000,-2.000000
233.470000,296.261000,177.000000,93.000000,142.000000,200.000000,75.000000,140.000000,0.000000,0.000000,0.000000,23.000000,-18.000000,-2.000000
233.570000,296.361000,177.000000,92.000000,142.000000,200.000000,75.000000,140.000000,0.000000,0.000000,0.000000,23.000000,-17.000000,-2.000000
233.670000,296.461000,177.000000,91.000000,141.000000,200.000000,75.000000,140.000000,0.000000,0.000000,0.000000,23.000000,-16.000000,-1.000000
233.770000,296.561000,176.000000,90.000000,141.000000,200.000000,75.000000,140.000000,0.000000,0.000000,0.000000,24.000000,-15.000000,-1.000000
233.870000,296.661000,176.000000,89.000000,141.000000,200.000000,75.000000,140.000000,0.000000,0.000000,0.000000,24.000000,-14.000000,-1.000000
233.970000,296.761000,175.000000,88.000000,141.000000,200.000000,75.000000,140.000000,0.000000,0.000000,0.000000,25.000000,-13.000000,-1.000000
234.170000,296.961000,174.000000,87.000000,141.000000,200.000000,75.000000,140.000000,0.000000,0.000000,0.000000,26.000000,-12.000000,-1.000000
234.270000,297.061000,174.000000,86.000000,141.000000,200.000000,75.000000,140.000000,0.000000,0.000000,0.000000,26.000000,-11.000000,-1.000000
234.470000,297.261000,173.000000,85.000000,141.000000,200.000000,75.000000,140.000000,0.000000,0.000000,0.000000,27.000000,-10.000000,-1.000000
234.570000,297.361000,173.000000,84.000000,140.000000,200.000000,75.000000,140.000000,0.000000,0.000000,0.000000,27.000000,-9.000000,0.000000
234.770000,297.561000,173.000000,83.000000,140.000000,200.000000,75.000000,140.000000,0.000000,0.000000,0.000000,27.000000,-8.000000,0.000000
235.070000,297.861000,173.000000,82.000000,140.000000,200.000000,75.000000,140.000000,0.000000,0.000000,0.000000,27.000000,-7.000000,0.000000
235.270000,298.061000,174.000000,81.000000,139.000000,200.000000,75.000000,140.000000,0.000000,0.000000,0.000000,26.000000,-6.000000,1.000000
235.470000,298.261000,174.000000,80.000000,140.000000,200.000000,75.000000,140.000000,0.000000,0.000000,0.000000,26.000000,-5.000000,0.000000
235.670000,298.461000,174.000000,79.000000,140.000000,200.000000,75.000000,140.000000,0.000000,0.000000,0.000000,26.000000,-4.000000,0.000000
235.870000,298.661000,174.000000,78.000000,140.000000,200.000000,75.000000,140.000000,0.000000,0.000000,0.000000,26.000000,-3.000000,0.000000
236.070000,298.861000,174.000000,77.000000,140.000000,200.000000,75.000000,140.000000,0.000000,0.000000,0.000000,26.000000,-2.000000,0.000000
236.270000,299.061000,174.000000,76.000000,140.000000,200.000000,75.000000,140.000000,0.000000,0.000000,0.000000,26.000000,-1.000000,0.000000
236.370000,299.161000,174.000000,75.000000,140.000000,200.000000,75.000000,140.000000,0.000000,0.000000,0.000000,26.000000,0.000000,0.000000
236.470000,299.261000,174.000000,74.000000,140.000000,200.000000,75.000000,140.000000,0.000000,0.000000,0.000000,26.000000,1.000000,0.000000
236.570000,299.361000,175.000000,73.000000,140.000000,200.000000,75.000000,140.000000,0.000000,0.000000,0.000000,25.000000,2.000000,0.000000
236.770000,299.561000,175.000000,72.000000,140.000000,200.000000,75.000000,140.000000,0.000000,0.000000,0.000000,25.000000,3.000000,0.000000
236.870000,299.661000,176.000000,71.000000,140.000000,200.000000,75.000000,140.000000,0.000000,0.000000,0.000000,24.000000,4.000000,0.000000
237.070000,299.861000,176.000000,70.000000,140.000000,200.000000,75.000000,140.000000,0.000000,0.000000,0.000000,24.000000,5.000000,0.000000
237.170000,299.961000,177.000000,70.000000,140.000000,200.000000,75.000000,140.000000,0.000000,0.000000,0.000000,23.000000,5.000000,0.000000
237.570000,300.361000,178.000000,69.000000,140.000000,200.000000,75.000000,140.000000,5.000000,1.000000,0.000000,22.000000,6.000000,0.000000
237.770000,300.561000,179.000000,69.000000,140.000000,200.000000,75.000000,140.000000,4.000000,1.000000,0.000000,21.000000,6.000000,0.000000
237.870000,300.661000,179.000000,68.000000,140.000000,200.000000,75.000000,140.000000,4.000000,2.000000,0.000000,21.000000,7.000000,0.000000
237.970000,300.761000,180.000000,68.000000,140.000000,200.000000,75.000000,140.000000,4.000000,2.000000,0.000000,20.000000,7.000000,0.000000
238.170000,300.961000,181.000000,68.000000,140.000000,200.000000,75.000000,140.000000,4.000000,2.000000,0.000000,19.000000,7.000000,0.000000
238.270000,301.061000,181.000000,68.000000,141.000000,200.000000,75.000000,140.000000,4.000000,2.000000,0.000000,19.000000,7.000000,-1.000000
238.370000,301.161000,182.000000,67.000000,141.000000,200.000000,75.000000,140.000000,4.000000,2.000000,0.000000,18.000000,8.000000,-1.000000
238.470000,301.261000,183.000000,67.000000,141.000000,200.000000,75.000000,140.000000,4.000000,2.000000,0.000000,17.000000,8.000000,-1.000000
238.570000,301.361000,183.000000,66.000000,141.000000,200.000000,75.000000,140.000000,4.000000,2.000000,0.000000,17.000000,9.000000,-1.000000
238.670000,301.461000,184.000000,66.000000,141.000000,200.000000,75.000000,140.000000,3.000000,2.000000,0.000000,16.000000,9.000000,-1.000000
238.770000,301.561000,185.000000,65.000000,141.000000,200.000000,75.000000,140.000000,3.000000,2.000000,0.000000,15.000000,10.000000,-1.000000
238.870000,301.661000,186.000000,65.000000,141.000000,200.000000,75.000000,140.000000,3.000000,2.000000,0.000000,14.000000,10.000000,-1.000000
238.970000,301.761000,187.000000,64.000000,141.000000,200.000000,75.000000,140.000000,3.000000,2.000000,0.000000,13.000000,11.000000,-1.000000
239.070000,301.861000,188.000000,64.000000,141.000000,200.000000,75.000000,140.000000,3.000000,2.000000,0.000000,12.000000,11.000000,-1.000000
239.170000,301.961000,189.000000,64.000000,141.000000,200.000000,75.000000,140.000000,3.000000,2.000000,0.000000,11.000000,11.000000,-1.000000
239.270000,302.061000,190.000000,64.000000,141.000000,200.000000,75.000000,140.000000,2.000000,2.000000,0.000000,10.000000,11.000000,-1.000000
239.370000,302.161000,190.000000,63.000000,141.000000,200.000000,75.000000,140.000000,2.000000,2.000000,0.000000,10.000000,12.000000,-1.000000
239.470000,302.261000,191.000000,63.000000,141.000000,200.000000,75.000000,140.000000,2.000000,2.000000,0.000000,9.000000,12.000000,-1.000000
239.570000,302.361000,192.000000,63.000000,141.000000,200.000000,75.000000,140.000000,2.000000,2.000000,0.000000,8.000000,12.000000,-1.000000
239.670000,302.461000,193.000000,63.000000,141.000000,200.000000,75.000000,140.000000,2.000000,2.000000,0.000000,7.000000,12.000000,-1.000000
239.770000,302.561000,194.000000,63.000000,141.000000,200.000000,75.000000,140.000000,2.000000,2.000000,0.000000,6.000000,12.000000,-1.000000
239.870000,302.661000,195.000000,63.000000,141.000000,200.000000,75.000000,140.000000,2.000000,2.000000,0.000000,5.000000,12.000000,-1.000000
239.970000,302.761000,196.000000,63.000000,141.000000,200.000000,75.000000,140.000000,1.000000,2.000000,0.000000,4.000000,12.000000,-1.000000
240.170000,302.961000,197.000000,63.000000,141.000000,200.000000,75.000000,140.000000,1.000000,2.000000,0.000000,3.000000,12.000000,-1.000000
240.270000,303.061000,198.000000,63.000000,141.000000,200.000000,75.000000,140.000000,1.000000,2.000000,0.000000,2.000000,12.000000,-1.000000
240.370000,303.161000,199.000000,63.000000,141.000000,200.000000,75.000000,140.000000,1.000000,2.000000,0.000000,1.000000,12.000000,-1.000000
240.470000,303.261000,200.000000,63.000000,141.000000,200.000000,75.000000,140.000000,1.000000,2.000000,0.000000,0.000000,12.000000,-1.000000
240.570000,303.361000,201.000000,63.000000,141.000000,200.000000,75.000000,140.000000,1.000000,2.000000,0.000000,-1.000000,12.000000,-1.000000
240.670000,303.461000,202.000000,63.000000,141.000000,200.000000,75.000000,140.000000,,2.000000,0.000000,-2.000000,12.000000,-1.000000
240.870000,303.661000,203.000000,63.000000,141.000000,200.000000,75.000000,140.000000,,2.000000,0.000000,-3.000000,12.000000,-1.000000
240.970000,303.761000,204.000000,63.000000,141.000000,200.000000,75.000000,140.000000,,2.000000,0.000000,-4.000000,12.000000,-1.000000
241.070000,303.861000,205.000000,63.000000,141.000000,200.000000,75.000000,140.000000,,2.000000,0.000000,-5.000000,12.000000,-1.000000
241.270000,304.061000,206.000000,64.000000,141.000000,200.000000,75.000000,140.000000,,2.000000,0.000000,-6.000000,11.000000,-1.000000
241.370000,304.161000,206.000000,63.000000,141.000000,200.000000,75.000000,140.000000,,2.000000,0.000000,-6.000000,12.000000,-1.000000
241.470000,304.261000,207.000000,64.000000,141.000000,200.000000,75.000000,140.000000,-2.000000,2.000000,0.000000,-7.000000,11.000000,-1.000000
241.670000,304.461000,208.000000,64.000000,141.000000,200.000000,75.000000,140.000000,-2.000000,2.000000,0.000000,-8.000000,11.000000,-1.000000
241.770000,304.561000,208.000000,65.000000,141.000000,200.000000,75.000000,140.000000,-2.000000,2.000000,0.000000,-8.000000,10.000000,-1.000000
242.090000,304.881000,209.000000,65.000000,141.000000,200.000000,75.000000,140.000000,0.000000,0.000000,0.000000,-9.000000,10.000000,-1.000000
242.190000,304.981000,209.000000,66.000000,141.000000,200.000000,75.000000,140.000000,0.000000,0.000000,0.000000,-9.000000,9.000000,-1.000000
242.490000,305.281000,209.000000,67.000000,141.000000,200.000000,75.000000,140.000000,0.000000,0.000000,0.000000,-9.000000,8.000000,-1.000000
242.690000,305.481000,210.000000,68.000000,141.000000,200.000000,75.000000,140.000000,0.000000,0.000000,0.000000,-10.000000,7.000000,-1.000000
242.790000,305.581000,209.000000,68.000000,141.000000,200.000000,75.000000,140.000000,0.000000,0.000000,0.000000,-9.000000,7.000000,-1.000000
242.890000,305.681000,209.000000,69.000000,141.000000,200.000000,75.000000,140.000000,0.000000,0.000000,0.000000,-9.000000,6.000000,-1.000000
242.990000,305.781000,209.000000,70.000000,141.000000,200.000000,75.000000,140.000000,0.000000,0.000000,0.000000,-9.000000,5.000000,-1.000000
243.090000,305.881000,209.000000,71.000000,141.000000,200.000000,75.000000,140.000000,0.000000,0.000000,0.000000,-9.000000,4.000000,-1.000000
243.290000,306.081000,209.000000,72.000000,141.000000,200.000000,125.000000,140.000000,0.000000,0.000000,0.000000,-9.000000,53.000000,-1.000000
243.590000,306.381000,209.000000,73.000000,141.000000,200.000000,125.000000,140.000000,0.000000,0.000000,0.000000,-9.000000,52.000000,-1.000000
243.790000,306.581000,209.000000,74.000000,141.000000,200.000000,125.000000,140.000000,0.000000,0.000000,0.000000,-9.000000,51.000000,-1.000000
243.890000,306.681000,209.000000,75.000000,141.000000,200.000000,125.000000,140.000000,0.000000,0.000000,0.000000,-9.000000,50.000000,-1.000000
243.990000,306.781000,209.000000,76.000000,141.000000,200.000000,125.000000,140.000000,0.000000,0.000000,0.000000,-9.000000,49.000000,-1.000000
244.190000,306.981000,209.000000,77.000000,141.000000,200.000000,125.000000,140.000000,0.000000,0.000000,0.000000,-9.000000,48.000000,-1.000000
244.390000,307.181000,209.000000,78.000000,141.000000,200.000000,125.000000,140.000000,0.000000,0.000000,0.000000,-9.000000,47.000000,-1.000000
244.590000,307.381000,208.000000,79.000000,141.000000,200.000000,125.000000,140.000000,0.000000,0.000000,0.000000,-8.000000,46.000000,-1.000000
244.690000,307.481000,208.000000,80.000000,141.000000,200.000000,125.000000,140.000000,0.000000,0.000000,0.000000,-8.000000,45.000000,-1.000000
244.790000,307.581000,208.000000,81.000000,141.000000,200.000000,125.000000,140.000000,0.000000,0.000000,0.000000,-8.000000,44.000000,-1.000000
244.890000,307.681000,208.000000,82.000000,141.000000,200.000000,125.000000,140.000000,0.000000,0.000000,0.000000,-8.000000,43.000000,-1.000000
244.990000,307.781000,208.000000,83.000000,141.000000,200.000000,125.000000,140.000000,0.000000,0.000000,0.000000,-8.000000,42.000000,-1.000000
245.090000,307.881000,207.000000,83.000000,141.000000,200.000000,125.000000,140.000000,0.000000,0.000000,0.000000,-7.000000,42.000000,-1.000000
245.190000,307.981000,207.000000,84.000000,141.000000,200.000000,125.000000,140.000000,0.000000,0.000000,0.000000,-7.000000,41.000000,-1.000000
245.290000,308.081000,207.000000,85.000000,141.000000,200.000000,125.000000,140.000000,0.000000,0.000000,0.000000,-7.000000,40.000000,-1.000000
245.390000,308.181000,207.000000,86.000000,142.000000,200.000000,125.000000,140.000000,0.000000,0.000000,0.000000,-7.000000,39.000000,-2.000000
245.490000,308.281000,207.000000,87.000000,142.000000,200.000000,125.000000,140.000000,0.000000,0.000000,0.000000,-7.000000,38.000000,-2.000000
245.590000,308.381000,207.000000,88.000000,142.000000,200.000000,125.000000,140.000000,0.000000,0.000000,0.000000,-7.000000,37.000000,-2.000000
245.690000,308.481000,207.000000,89.000000,142.000000,200.000000,125.000000,140.000000,0.000000,0.000000,0.000000,-7.000000,36.000000,-2.000000
245.790000,308.581000,207.000000,90.000000,142.000000,200.000000,125.000000,140.000000,0.000000,0.000000,0.000000,-7.000000,35.000000,-2.000000
245.890000,308.681000,207.000000,91.000000,142.000000,200.000000,125.000000,140.000000,0.000000,0.000000,0.000000,-7.000000,34.000000,-2.000000
246.090000,308.881000,207.000000,92.000000,142.000000,200.000000,125.000000,140.000000,0.000000,0.000000,0.000000,-7.000000,33.000000,-2.000000
246.190000,308.981000,207.000000,93.000000,142.000000,200.000000,125.000000,140.000000,0.000000,0.000000,0.000000,-7.000000,32.000000,-2.000000
246.290000,309.081000,207.000000,94.000000,142.000000,200.000000,125.000000,140.000000,0.000000,0.000000,0.000000,-7.000000,31.000000,-2.000000
246.390000,309.181000,206.000000,95.000000,142.000000,200.000000,125.000000,140.000000,0.000000,0.000000,0.000000,-6.000000,30.000000,-2.000000
246.490000,309.281000,206.000000,96.000000,142.000000,200.000000,125.000000,140.000000,0.000000,0.000000,0.000000,-6.000000,29.000000,-2.000000
246.690000,309.481000,206.000000,97.000000,142.000000,200.000000,125.000000,140.000000,0.000000,10.000000,0.000000,-6.000000,28.000000,-2.000000
246.890000,309.681000,205.000000,98.000000,142.000000,200.000000,125.000000,140.000000,0.000000,10.000000,0.000000,-5.000000,27.000000,-2.000000
247.090000,309.881000,205.000000,99.000000,142.000000,200.000000,125.000000,140.000000,0.000000,9.000000,0.000000,-5.000000,26.000000,-2.000000
247.290000,310.081000,205.000000,100.000000,142.000000,200.000000,125.000000,140.000000,0.000000,9.000000,0.000000,-5.000000,25.000000,-2.000000
247.590000,310.381000,204.000000,101.000000,142.000000,200.000000,125.000000,140.000000,0.000000,5.000000,0.000000,-4.000000,24.000000,-2.000000
247.890000,310.681000,204.000000,102.000000,142.000000,200.000000,125.000000,140.000000,0.000000,5.000000,0.000000,-4.000000,23.000000,-2.000000
248.190000,310.981000,203.000000,102.000000,142.000000,200.000000,125.000000,140.000000,0.000000,5.000000,0.000000,-3.000000,23.000000,-2.000000
248.390000,311.181000,203.000000,103.000000,142.000000,200.000000,125.000000,140.000000,0.000000,5.000000,0.000000,-3.000000,22.000000,-2.000000
248.490000,311.281000,203.000000,103.000000,141.000000,200.000000,125.000000,140.000000,0.000000,5.000000,0.000000,-3.000000,22.000000,-1.000000
248.790000,311.581000,202.000000,104.000000,141.000000,200.000000,125.000000,140.000000,0.000000,4.000000,0.000000,-2.000000,21.000000,-1.000000
249.390000,312.181000,202.000000,105.000000,141.000000,200.000000,125.000000,140.000000,0.000000,4.000000,0.000000,-2.000000,20.000000,-1.000000
249.590000,312.381000,202.000000,106.000000,141.000000,200.000000,125.000000,140.000000,0.000000,4.000000,0.000000,-2.000000,19.000000,-1.000000
249.790000,312.581000,202.000000,106.000000,140.000000,200.000000,125.000000,140.000000,0.000000,4.000000,0.000000,-2.000000,19.000000,0.000000
249.890000,312.681000,201.000000,106.000000,140.000000,200.000000,125.000000,140.000000,0.000000,4.000000,0.000000,-1.000000,19.000000,0.000000
249.990000,312.781000,201.000000,107.000000,140.000000,200.000000,125.000000,140.000000,0.000000,4.000000,0.000000,-1.000000,18.000000,0.000000
250.290000,313.081000,201.000000,108.000000,140.000000,200.000000,125.000000,140.000000,0.000000,4.000000,0.000000,-1.000000,17.000000,0.000000
251.110000,313.901000,201.000000,108.000000,139.000000,200.000000,125.000000,140.000000,0.000000,0.000000,0.000000,-1.000000,17.000000,1.000000
251.210000,314.001000,200.000000,108.000000,139.000000,200.000000,125.000000,140.000000,0.000000,0.000000,0.000000,0.000000,17.000000,1.000000
252.310000,315.101000,200.000000,109.000000,139.000000,200.000000,125.000000,140.000000,0.000000,0.000000,0.000000,0.000000,16.000000,1.000000
253.210000,316.001000,200.000000,110.000000,139.000000,200.000000,125.000000,140.000000,0.000000,0.000000,0.000000,0.000000,15.000000,1.000000
253.410000,316.201000,199.000000,110.000000,139.000000,200.000000,125.000000,140.000000,0.000000,0.000000,0.000000,1.000000,15.000000,1.000000
253.510000,316.301000,199.000000,109.000000,139.000000,200.000000,125.000000,140.000000,0.000000,0.000000,0.000000,1.000000,16.000000,1.000000
254.110000,316.901000,199.000000,108.000000,139.000000,200.000000,125.000000,140.000000,0.000000,0.000000,0.000000,1.000000,17.000000,1.000000
254.210000,317.001000,199.000000,108.000000,138.000000,200.000000,125.000000,140.000000,0.000000,0.000000,0.000000,1.000000,17.000000,2.000000
254.310000,317.101000,199.000000,108.000000,139.000000,200.000000,125.000000,140.000000,0.000000,0.000000,0.000000,1.000000,17.000000,1.000000
254.510000,317.301000,199.000000,108.000000,138.000000,200.000000,125.000000,140.000000,0.000000,0.000000,0.000000,1.000000,17.000000,2.000000
254.610000,317.401000,199.000000,108.000000,139.000000,200.000000,125.000000,140.000000,0.000000,0.000000,0.000000,1.000000,17.000000,1.000000
255.510000,318.301000,200.000000,108.000000,139.000000,200.000000,125.000000,140.000000,0.000000,4.000000,0.000000,0.000000,17.000000,1.000000
255.710000,318.501000,200.000000,107.000000,139.000000,200.000000,125.000000,140.000000,0.000000,4.000000,0.000000,0.000000,18.000000,1.000000
256.410000,319.201000,201.000000,107.000000,139.000000,200.000000,125.000000,140.000000,0.000000,4.000000,0.000000,-1.000000,18.000000,1.000000
256.910000,319.701000,202.000000,107.000000,139.000000,200.000000,125.000000,140.000000,0.000000,4.000000,0.000000,-2.000000,18.000000,1.000000
257.010000,319.801000,202.000000,107.000000,140.000000,200.000000,125.000000,140.000000,0.000000,4.000000,0.000000,-2.000000,18.000000,0.000000
257.310000,320.101000,203.000000,107.000000,140.000000,200.000000,125.000000,140.000000,0.000000,4.000000,0.000000,-3.000000,18.000000,0.000000
257.610000,320.401000,203.000000,107.000000,139.000000,200.000000,125.000000,140.000000,0.000000,4.000000,0.000000,-3.000000,18.000000,1.000000
257.910000,320.701000,204.000000,107.000000,139.000000,200.000000,125.000000,140.000000,0.000000,4.000000,0.000000,-4.000000,18.000000,1.000000
258.310000,321.101000,204.000000,106.000000,139.000000,200.000000,125.000000,140.000000,0.000000,4.000000,0.000000,-4.000000,19.000000,1.000000
258.410000,321.201000,205.000000,107.000000,139.000000,200.000000,125.000000,140.000000,0.000000,4.000000,0.000000,-5.000000,18.000000,1.000000
258.810000,321.601000,206.000000,107.000000,139.000000,200.000000,125.000000,140.000000,0.000000,4.000000,0.000000,-6.000000,18.000000,1.000000
258.910000,321.701000,206.000000,106.000000,139.000000,200.000000,125.000000,140.000000,0.000000,4.000000,0.000000,-6.000000,19.000000,1.000000
259.010000,321.801000,206.000000,106.000000,140.000000,200.000000,125.000000,140.000000,0.000000,4.000000,0.000000,-6.000000,19.000000,0.000000
259.210000,322.001000,206.000000,107.000000,140.000000,200.000000,125.000000,140.000000,0.000000,4.000000,0.000000,-6.000000,18.000000,0.000000
259.730000,322.521000,207.000000,108.000000,140.000000,200.000000,125.000000,140.000000,0.000000,0.000000,0.000000,-7.000000,17.000000,0.000000
259.930000,322.721000,207.000000,108.000000,141.000000,200.000000,125.000000,140.000000,0.000000,0.000000,0.000000,-7.000000,17.000000,-1.000000
260.030000,322.821000,207.000000,109.000000,141.000000,200.000000,125.000000,140.000000,0.000000,0.000000,0.000000,-7.000000,16.000000,-1.000000
260.330000,323.121000,207.000000,110.000000,141.000000,200.000000,125.000000,140.000000,0.000000,0.000000,0.000000,-7.000000,15.000000,-1.000000
260.430000,323.221000,208.000000,110.000000,141.000000,200.000000,125.000000,140.000000,0.000000,0.000000,0.000000,-8.000000,15.000000,-1.000000
260.630000,323.421000,208.000000,110.000000,142.000000,200.000000,125.000000,140.000000,0.000000,0.000000,0.000000,-8.000000,15.000000,-2.000000
260.730000,323.521000,208.000000,111.000000,142.000000,200.000000,125.000000,140.000000,0.000000,0.000000,0.000000,-8.000000,14.000000,-2.000000
260.830000,323.621000,209.000000,111.000000,142.000000,200.000000,125.000000,140.000000,0.000000,0.000000,0.000000,-9.000000,14.000000,-2.000000
261.030000,323.821000,209.000000,112.000000,142.000000,200.000000,125.000000,140.000000,0.000000,0.000000,0.000000,-9.000000,13.000000,-2.000000
261.130000,323.921000,209.000000,113.000000,142.000000,200.000000,125.000000,140.000000,0.000000,0.000000,0.000000,-9.000000,12.000000,-2.000000
261.430000,324.221000,209.000000,114.000000,142.000000,200.000000,125.000000,140.000000,0.000000,0.000000,0.000000,-9.000000,11.000000,-2.000000
261.530000,324.321000,208.000000,114.000000,143.000000,200.000000,125.000000,140.000000,0.000000,0.000000,0.000000,-8.000000,11.000000,-3.000000
261.630000,324.421000,208.000000,113.000000,143.000000,200.000000,125.000000,140.000000,0.000000,0.000000,0.000000,-8.000000,12.000000,-3.000000
261.730000,324.521000,208.000000,114.000000,143.000000,200.000000,125.000000,140.000000,0.000000,0.000000,0.000000,-8.000000,11.000000,-3.000000
261.930000,324.721000,207.000000,114.000000,143.000000,200.000000,125.000000,140.000000,0.000000,0.000000,0.000000,-7.000000,11.000000,-3.000000
262.230000,325.021000,206.000000,115.000000,143.000000,200.000000,125.000000,140.000000,0.000000,0.000000,0.000000,-6.000000,10.000000,-3.000000
262.930000,325.721000,206.000000,116.000000,143.000000,200.000000,125.000000,140.000000,0.000000,0.000000,0.000000,-6.000000,9.000000,-3.000000
263.130000,325.921000,205.000000,116.000000,143.000000,200.000000,125.000000,140.000000,0.000000,0.000000,0.000000,-5.000000,9.000000,-3.000000
263.230000,326.021000,205.000000,115.000000,143.000000,200.000000,125.000000,140.000000,0.000000,0.000000,0.000000,-5.000000,10.000000,-3.000000
263.330000,326.121000,205.000000,116.000000,143.000000,200.000000,125.000000,140.000000,0.000000,0.000000,0.000000,-5.000000,9.000000,-3.000000
263.530000,326.321000,205.000000,115.000000,143.000000,200.000000,125.000000,140.000000,0.000000,0.000000,0.000000,-5.000000,10.000000,-3.000000
263.630000,326.421000,204.000000,116.000000,143.000000,200.000000,125.000000,140.000000,0.000000,0.000000,0.000000,-4.000000,9.000000,-3.000000
263.830000,326.621000,204.000000,115.000000,143.000000,200.000000,175.000000,140.000000,0.000000,0.000000,0.000000,-4.000000,60.000000,-3.000000
263.930000,326.721000,204.000000,116.000000,143.000000,200.000000,175.000000,140.000000,0.000000,0.000000,0.000000,-4.000000,59.000000,-3.000000
264.030000,326.821000,204.000000,115.000000,143.000000,200.000000,175.000000,140.000000,0.000000,0.000000,0.000000,-4.000000,60.000000,-3.000000
264.330000,327.121000,203.000000,115.000000,143.000000,200.000000,175.000000,140.000000,0.000000,21.000000,0.000000,-3.000000,60.000000,-3.000000
264.630000,327.421000,203.000000,114.000000,143.000000,200.000000,175.000000,140.000000,0.000000,21.000000,0.000000,-3.000000,61.000000,-3.000000
264.730000,327.521000,202.000000,114.000000,143.000000,200.000000,175.000000,140.000000,0.000000,21.000000,0.000000,-2.000000,61.000000,-3.000000
264.830000,327.621000,202.000000,115.000000,142.000000,200.000000,175.000000,140.000000,0.000000,21.000000,0.000000,-2.000000,60.000000,-2.000000
265.530000,328.321000,203.000000,116.000000,142.000000,200.000000,175.000000,140.000000,0.000000,20.000000,0.000000,-3.000000,59.000000,-2.000000
265.730000,328.521000,203.000000,117.000000,142.000000,200.000000,175.000000,140.000000,0.000000,20.000000,0.000000,-3.000000,58.000000,-2.000000
265.830000,328.621000,203.000000,118.000000,142.000000,200.000000,175.000000,140.000000,0.000000,20.000000,0.000000,-3.000000,57.000000,-2.000000
265.930000,328.721000,203.000000,119.000000,142.000000,200.000000,175.000000,140.000000,0.000000,19.000000,0.000000,-3.000000,56.000000,-2.000000
266.030000,328.821000,203.000000,120.000000,142.000000,200.000000,175.000000,140.000000,0.000000,19.000000,0.000000,-3.000000,55.000000,-2.000000
266.130000,328.921000,203.000000,121.000000,142.000000,200.000000,175.000000,140.000000,0.000000,19.000000,0.000000,-3.000000,54.000000,-2.000000
266.230000,329.021000,203.000000,122.000000,142.000000,200.000000,175.000000,140.000000,0.000000,18.000000,0.000000,-3.000000,53.000000,-2.000000
266.330000,329.121000,203.000000,123.000000,142.000000,200.000000,175.000000,140.000000,0.000000,18.000000,0.000000,-3.000000,52.000000,-2.000000
266.430000,329.221000,203.000000,125.000000,142.000000,200.000000,175.000000,140.000000,0.000000,18.000000,0.000000,-3.000000,50.000000,-2.000000
266.530000,329.321000,203.000000,126.000000,142.000000,200.000000,175.000000,140.000000,0.000000,17.000000,0.000000,-3.000000,49.000000,-2.000000
266.630000,329.421000,203.000000,127.000000,142.000000,200.000000,175.000000,140.000000,0.000000,17.000000,0.000000,-3.000000,48.000000,-2.000000
266.730000,329.521000,203.000000,129.000000,142.000000,200.000000,175.000000,140.000000,0.000000,16.000000,0.000000,-3.000000,46.000000,-2.000000
266.830000,329.621000,203.000000,130.000000,142.000000,200.000000,175.000000,140.000000,0.000000,16.000000,0.000000,-3.000000,45.000000,-2.000000
266.930000,329.721000,203.000000,132.000000,142.000000,200.000000,175.000000,140.000000,0.000000,15.000000,0.000000,-3.000000,43.000000,-2.000000
267.030000,329.821000,203.000000,133.000000,142.000000,200.000000,175.000000,140.000000,0.000000,15.000000,0.000000,-3.000000,42.000000,-2.000000
267.130000,329.921000,203.000000,135.000000,142.000000,200.000000,175.000000,140.000000,0.000000,14.000000,0.000000,-3.000000,40.000000,-2.000000
267.230000,330.021000,203.000000,136.000000,142.000000,200.000000,175.000000,140.000000,0.000000,14.000000,0.000000,-3.000000,39.000000,-2.000000
267.330000,330.121000,203.000000,138.000000,143.000000,200.000000,175.000000,140.000000,0.000000,13.000000,0.000000,-3.000000,37.000000,-3.000000
267.430000,330.221000,203.000000,140.000000,143.000000,200.000000,175.000000,140.000000,0.000000,12.000000,0.000000,-3.000000,35.000000,-3.000000
267.530000,330.321000,204.000000,141.000000,143.000000,200.000000,175.000000,140.000000,0.000000,12.000000,0.000000,-4.000000,34.000000,-3.000000
267.630000,330.421000,204.000000,143.000000,143.000000,200.000000,175.000000,140.000000,0.000000,11.000000,0.000000,-4.000000,32.000000,-3.000000
267.730000,330.521000,204.000000,145.000000,143.000000,200.000000,175.000000,140.000000,0.000000,11.000000,0.000000,-4.000000,30.000000,-3.000000
267.830000,330.621000,204.000000,146.000000,143.000000,200.000000,175.000000,140.000000,0.000000,10.000000,0.000000,-4.000000,29.000000,-3.000000
267.930000,330.721000,204.000000,148.000000,143.000000,200.000000,175.000000,140.000000,0.000000,10.000000,0.000000,-4.000000,27.000000,-3.000000
268.030000,330.821000,204.000000,150.000000,143.000000,200.000000,175.000000,140.000000,0.000000,9.000000,0.000000,-4.000000,25.000000,-3.000000
268.130000,330.921000,205.000000,152.000000,143.000000,200.000000,175.000000,140.000000,0.000000,5.000000,0.000000,-5.000000,23.000000,-3.000000
268.230000,331.021000,205.000000,153.000000,143.000000,200.000000,175.000000,140.000000,0.000000,5.000000,0.000000,-5.000000,22.000000,-3.000000
268.330000,331.121000,205.000000,155.000000,143.000000,200.000000,175.000000,140.000000,0.000000,4.000000,0.000000,-5.000000,20.000000,-3.000000
268.430000,331.221000,205.000000,156.000000,143.000000,200.000000,175.000000,140.000000,0.000000,4.000000,0.000000,-5.000000,19.000000,-3.000000
268.530000,331.321000,205.000000,157.000000,143.000000,200.000000,175.000000,140.000000,0.000000,4.000000,0.000000,-5.000000,18.000000,-3.000000
268.630000,331.421000,206.000000,158.000000,143.000000,200.000000,175.000000,140.000000,0.000000,4.000000,0.000000,-6.000000,17.000000,-3.000000
268.730000,331.521000,206.000000,159.000000,143.000000,200.000000,175.000000,140.000000,0.000000,4.000000,0.000000,-6.000000,16.000000,-3.000000
268.830000,331.621000,206.000000,160.000000,143.000000,200.000000,175.000000,140.000000,,3.000000,0.000000,-6.000000,15.000000,-3.000000
268.930000,331.721000,206.000000,162.000000,143.000000,200.000000,175.000000,140.000000,0.000000,3.000000,0.000000,-6.000000,13.000000,-3.000000
269.150000,331.941000,207.000000,163.000000,143.000000,200.000000,175.000000,140.000000,0.000000,0.000000,0.000000,-7.000000,12.000000,-3.000000
269.250000,332.041000,207.000000,164.000000,143.000000,200.000000,175.000000,140.000000,0.000000,0.000000,0.000000,-7.000000,11.000000,-3.000000
269.350000,332.141000,207.000000,165.000000,143.000000,200.000000,175.000000,140.000000,0.000000,0.000000,0.000000,-7.000000,10.000000,-3.000000
269.450000,332.241000,206.000000,166.000000,143.000000,200.000000,175.000000,140.000000,0.000000,0.000000,0.000000,-6.000000,9.000000,-3.000000
269.650000,332.441000,206.000000,167.000000,143.000000,200.000000,175.000000,140.000000,0.000000,0.000000,0.000000,-6.000000,8.000000,-3.000000
269.850000,332.641000,206.000000,168.000000,142.000000,200.000000,175.000000,100.000000,0.000000,0.000000,-19.000000,-6.000000,7.000000,-42.000000
269.950000,332.741000,206.000000,169.000000,142.000000,200.000000,175.000000,100.000000,0.000000,0.000000,0.000000,-6.000000,6.000000,-42.000000
270.050000,332.841000,206.000000,169.000000,141.000000,200.000000,175.000000,100.000000,0.000000,0.000000,0.000000,-6.000000,6.000000,-41.000000
270.150000,332.941000,206.000000,169.000000,140.000000,200.000000,175.000000,100.000000,0.000000,0.000000,-18.000000,-6.000000,6.000000,-40.000000
270.250000,333.041000,206.000000,169.000000,138.000000,200.000000,175.000000,100.000000,0.000000,0.000000,-17.000000,-6.000000,6.000000,-38.000000
270.350000,333.141000,206.000000,170.000000,137.000000,200.000000,175.000000,100.000000,0.000000,0.000000,-16.000000,-6.000000,5.000000,-37.000000
270.450000,333.241000,205.000000,170.000000,135.000000,200.000000,175.000000,100.000000,0.000000,0.000000,-16.000000,-5.000000,5.000000,-35.000000
270.550000,333.341000,205.000000,171.000000,134.000000,200.000000,175.000000,100.000000,0.000000,0.000000,-15.000000,-5.000000,4.000000,-34.000000
270.650000,333.441000,205.000000,171.000000,133.000000,200.000000,175.000000,100.000000,0.000000,0.000000,0.000000,-5.000000,4.000000,-33.000000
270.750000,333.541000,205.000000,171.000000,132.000000,200.000000,175.000000,100.000000,0.000000,0.000000,-14.000000,-5.000000,4.000000,-32.000000
270.850000,333.641000,205.000000,171.000000,131.000000,200.000000,175.000000,100.000000,0.000000,0.000000,-14.000000,-5.000000,4.000000,-31.000000
270.950000,333.741000,205.000000,171.000000,129.000000,200.000000,175.000000,100.000000,0.000000,0.000000,-13.000000,-5.000000,4.000000,-29.000000
271.050000,333.841000,205.000000,171.000000,128.000000,200.000000,175.000000,100.000000,0.000000,0.000000,-12.000000,-5.000000,4.000000,-28.000000
271.150000,333.941000,205.000000,170.000000,127.000000,200.000000,175.000000,100.000000,0.000000,0.000000,-12.000000,-5.000000,5.000000,-27.000000
271.250000,334.041000,205.000000,170.000000,126.000000,200.000000,175.000000,100.000000,0.000000,0.000000,0.000000,-5.000000,5.000000,-26.000000
271.350000,334.141000,204.000000,170.000000,125.000000,200.000000,175.000000,100.000000,0.000000,0.000000,-11.000000,-4.000000,5.000000,-25.000000
271.450000,334.241000,204.000000,170.000000,124.000000,200.000000,175.000000,100.000000,0.000000,0.000000,-11.000000,-4.000000,5.000000,-24.000000
271.550000,334.341000,204.000000,170.000000,123.000000,200.000000,175.000000,100.000000,0.000000,0.000000,-10.000000,-4.000000,5.000000,-23.000000
271.650000,334.441000,204.000000,169.000000,122.000000,200.000000,175.000000,100.000000,0.000000,0.000000,0.000000,-4.000000,6.000000,-22.000000
271.750000,334.541000,204.000000,169.000000,121.000000,200.000000,175.000000,100.000000,0.000000,0.000000,0.000000,-4.000000,6.000000,-21.000000
271.850000,334.641000,204.000000,169.000000,120.000000,200.000000,175.000000,100.000000,0.000000,0.000000,0.000000,-4.000000,6.000000,-20.000000
271.950000,334.741000,204.000000,168.000000,119.000000,200.000000,175.000000,100.000000,0.000000,0.000000,0.000000,-4.000000,7.000000,-19.000000
272.050000,334.841000,204.000000,168.000000,118.000000,200.000000,175.000000,100.000000,0.000000,0.000000,-8.000000,-4.000000,7.000000,-18.000000
272.250000,335.041000,203.000000,168.000000,116.000000,200.000000,175.000000,100.000000,0.000000,0.000000,-7.000000,-3.000000,7.000000,-16.000000
272.350000,335.141000,203.000000,167.000000,115.000000,200.000000,175.000000,100.000000,0.000000,0.000000,0.000000,-3.000000,8.000000,-15.000000
272.450000,335.241000,202.000000,167.000000,114.000000,200.000000,175.000000,100.000000,0.000000,0.000000,-6.000000,-2.000000,8.000000,-14.000000
272.650000,335.441000,202.000000,167.000000,113.000000,200.000000,175.000000,100.000000,0.000000,0.000000,-6.000000,-2.000000,8.000000,-13.000000
272.750000,335.541000,201.000000,166.000000,112.000000,200.000000,175.000000,100.000000,0.000000,0.000000,-5.000000,-1.000000,9.000000,-12.000000
272.850000,335.641000,201.000000,165.000000,112.000000,200.000000,175.000000,100.000000,0.000000,0.000000,0.000000,-1.000000,10.000000,-12.000000
272.950000,335.741000,200.000000,165.000000,111.000000,200.000000,175.000000,100.000000,0.000000,0.000000,0.000000,0.000000,10.000000,-11.000000
273.150000,335.941000,199.000000,164.000000,110.000000,200.000000,175.000000,100.000000,0.000000,0.000000,-4.000000,1.000000,11.000000,-10.000000
273.350000,336.141000,199.000000,164.000000,109.000000,200.000000,175.000000,100.000000,0.000000,0.000000,0.000000,1.000000,11.000000,-9.000000
273.450000,336.241000,198.000000,164.000000,109.000000,200.000000,175.000000,100.000000,0.000000,0.000000,-3.000000,2.000000,11.000000,-9.000000
273.650000,336.441000,198.000000,164.000000,108.000000,200.000000,175.000000,100.000000,0.000000,0.000000,-3.000000,2.000000,11.000000,-8.000000
273.850000,336.641000,197.000000,164.000000,108.000000,200.000000,175.000000,100.000000,1.000000,3.000000,-3.000000,3.000000,11.000000,-8.000000
273.950000,336.741000,197.000000,163.000000,107.000000,200.000000,175.000000,100.000000,1.000000,3.000000,-2.000000,3.000000,12.000000,-7.000000
274.150000,336.941000,196.000000,163.000000,107.000000,200.000000,175.000000,100.000000,1.000000,3.000000,-2.000000,4.000000,12.000000,-7.000000
274.350000,337.141000,196.000000,163.000000,106.000000,200.000000,175.000000,100.000000,1.000000,3.000000,-2.000000,4.000000,12.000000,-6.000000
274.450000,337.241000,196.000000,162.000000,106.000000,200.000000,175.000000,100.000000,1.000000,3.000000,-2.000000,4.000000,13.000000,-6.000000
274.550000,337.341000,195.000000,162.000000,106.000000,200.000000,175.000000,100.000000,1.000000,3.000000,-2.000000,5.000000,13.000000,-6.000000
274.650000,337.441000,195.000000,161.000000,106.000000,200.000000,175.000000,100.000000,1.000000,3.000000,-2.000000,5.000000,14.000000,-6.000000
274.950000,337.741000,194.000000,160.000000,105.000000,200.000000,175.000000,100.000000,2.000000,3.000000,,6.000000,15.000000,-5.000000
275.150000,337.941000,194.000000,159.000000,105.000000,200.000000,175.000000,100.000000,1.000000,4.000000,,6.000000,16.000000,-5.000000
275.350000,338.141000,194.000000,158.000000,105.000000,200.000000,175.000000,100.000000,1.000000,4.000000,,6.000000,17.000000,-5.000000
275.550000,338.341000,194.000000,157.000000,104.000000,200.000000,175.000000,100.000000,1.000000,4.000000,,6.000000,18.000000,-4.000000
275.850000,338.641000,194.000000,156.000000,104.000000,200.000000,175.000000,100.000000,1.000000,4.000000,,6.000000,19.000000,-4.000000
276.050000,338.841000,194.000000,155.000000,104.000000,200.000000,175.000000,100.000000,1.000000,4.000000,,6.000000,20.000000,-4.000000
276.150000,338.941000,194.000000,155.000000,105.000000,200.000000,175.000000,100.000000,1.000000,4.000000,,6.000000,20.000000,-5.000000
276.250000,339.041000,194.000000,154.000000,104.000000,200.000000,175.000000,100.000000,1.000000,4.000000,,6.000000,21.000000,-4.000000
276.650000,339.441000,194.000000,153.000000,104.000000,200.000000,175.000000,100.000000,1.000000,5.000000,,6.000000,22.000000,-4.000000
276.850000,339.641000,194.000000,153.000000,103.000000,200.000000,175.000000,100.000000,1.000000,5.000000,0.000000,6.000000,22.000000,-3.000000
276.950000,339.741000,195.000000,153.000000,103.000000,200.000000,175.000000,100.000000,1.000000,5.000000,0.000000,5.000000,22.000000,-3.000000
277.450000,340.241000,195.000000,153.000000,104.000000,200.000000,175.000000,100.000000,1.000000,5.000000,,5.000000,22.000000,-4.000000
277.550000,340.341000,195.000000,153.000000,103.000000,200.000000,175.000000,100.000000,1.000000,5.000000,0.000000,5.000000,22.000000,-3.000000
277.650000,340.441000,195.000000,153.000000,104.000000,200.000000,175.000000,100.000000,1.000000,5.000000,,5.000000,22.000000,-4.000000
277.850000,340.641000,196.000000,154.000000,103.000000,200.000000,175.000000,100.000000,1.000000,4.000000,,4.000000,21.000000,-3.000000
278.450000,341.241000,196.000000,155.000000,103.000000,200.000000,175.000000,100.000000,1.000000,4.000000,0.000000,4.000000,20.000000,-3.000000
278.550000,341.341000,197.000000,155.000000,103.000000,200.000000,175.000000,100.000000,1.000000,4.000000,0.000000,3.000000,20.000000,-3.000000
278.750000,341.541000,197.000000,156.000000,103.000000,200.000000,175.000000,100.000000,1.000000,4.000000,0.000000,3.000000,19.000000,-3.000000
279.170000,341.961000,197.000000,157.000000,103.000000,200.000000,175.000000,100.000000,0.000000,0.000000,0.000000,3.000000,18.000000,-3.000000
279.270000,342.061000,197.000000,158.000000,103.000000,200.000000,175.000000,100.000000,0.000000,0.000000,0.000000,3.000000,17.000000,-3.000000
279.370000,342.161000,198.000000,158.000000,103.000000,200.000000,175.000000,100.000000,0.000000,0.000000,0.000000,2.000000,17.000000,-3.000000
279.570000,342.361000,198.000000,159.000000,103.000000,200.000000,175.000000,100.000000,0.000000,0.000000,0.000000,2.000000,16.000000,-3.000000
279.670000,342.461000,199.000000,159.000000,103.000000,200.000000,175.000000,100.000000,0.000000,0.000000,0.000000,1.000000,16.000000,-3.000000
279.870000,342.661000,199.000000,160.000000,103.000000,200.000000,175.000000,100.000000,0.000000,0.000000,0.000000,1.000000,15.000000,-3.000000
279.970000,342.761000,199.000000,161.000000,103.000000,200.000000,175.000000,100.000000,0.000000,0.000000,0.000000,1.000000,14.000000,-3.000000
280.170000,342.961000,199.000000,162.000000,103.000000,200.000000,175.000000,100.000000,0.000000,0.000000,0.000000,1.000000,13.000000,-3.000000
280.370000,343.161000,199.000000,163.000000,103.000000,200.000000,175.000000,100.000000,0.000000,0.000000,0.000000,1.000000,12.000000,-3.000000
280.470000,343.261000,199.000000,164.000000,103.000000,200.000000,175.000000,100.000000,0.000000,0.000000,0.000000,1.000000,11.000000,-3.000000
280.670000,343.461000,200.000000,165.000000,103.000000,200.000000,175.000000,100.000000,0.000000,0.000000,0.000000,0.000000,10.000000,-3.000000
280.770000,343.561000,200.000000,166.000000,103.000000,200.000000,125.000000,100.000000,0.000000,0.000000,0.000000,0.000000,-41.000000,-3.000000
280.970000,343.761000,201.000000,167.000000,103.000000,200.000000,125.000000,100.000000,0.000000,0.000000,0.000000,-1.000000,-42.000000,-3.000000
281.170000,343.961000,201.000000,168.000000,103.000000,200.000000,125.000000,100.000000,0.000000,0.000000,0.000000,-1.000000,-43.000000,-3.000000
281.270000,344.061000,202.000000,168.000000,103.000000,200.000000,125.000000,100.000000,0.000000,0.000000,0.000000,-2.000000,-43.000000,-3.000000
281.370000,344.161000,202.000000,169.000000,103.000000,200.000000,125.000000,100.000000,0.000000,0.000000,0.000000,-2.000000,-44.000000,-3.000000
281.570000,344.361000,202.000000,169.000000,104.000000,200.000000,125.000000,100.000000,0.000000,0.000000,0.000000,-2.000000,-44.000000,-4.000000
281.770000,344.561000,203.000000,169.000000,103.000000,200.000000,125.000000,100.000000,0.000000,0.000000,0.000000,-3.000000,-44.000000,-3.000000
281.870000,344.661000,203.000000,169.000000,104.000000,200.000000,125.000000,100.000000,0.000000,0.000000,,-3.000000,-44.000000,-4.000000
281.970000,344.761000,203.000000,169.000000,103.000000,200.000000,125.000000,100.000000,0.000000,0.000000,0.000000,-3.000000,-44.000000,-3.000000
282.070000,344.861000,203.000000,170.000000,103.000000,200.000000,125.000000,100.000000,0.000000,0.000000,0.000000,-3.000000,-45.000000,-3.000000
282.170000,344.961000,204.000000,170.000000,103.000000,200.000000,125.000000,100.000000,0.000000,0.000000,0.000000,-4.000000,-45.000000,-3.000000
282.470000,345.261000,204.000000,170.000000,104.000000,200.000000,125.000000,100.000000,0.000000,0.000000,,-4.000000,-45.000000,-4.000000
282.670000,345.461000,204.000000,171.000000,104.000000,200.000000,125.000000,100.000000,0.000000,0.000000,0.000000,-4.000000,-46.000000,-4.000000
282.770000,345.561000,204.000000,171.000000,103.000000,200.000000,125.000000,100.000000,0.000000,0.000000,0.000000,-4.000000,-46.000000,-3.000000
282.870000,345.661000,205.000000,171.000000,103.000000,200.000000,125.000000,100.000000,0.000000,0.000000,0.000000,-5.000000,-46.000000,-3.000000
283.470000,346.261000,206.000000,172.000000,103.000000,200.000000,125.000000,100.000000,0.000000,0.000000,0.000000,-6.000000,-47.000000,-3.000000
283.770000,346.561000,206.000000,172.000000,104.000000,200.000000,125.000000,100.000000,0.000000,-17.000000,,-6.000000,-47.000000,-4.000000
283.870000,346.661000,207.000000,172.000000,103.000000,200.000000,125.000000,100.000000,,-17.000000,,-7.000000,-47.000000,-3.000000
284.070000,346.861000,207.000000,172.000000,104.000000,200.000000,125.000000,100.000000,,-17.000000,,-7.000000,-47.000000,-4.000000
284.170000,346.961000,208.000000,172.000000,103.000000,200.000000,125.000000,100.000000,,-17.000000,,-8.000000,-47.000000,-3.000000
284.370000,347.161000,209.000000,172.000000,103.000000,200.000000,125.000000,100.000000,,-17.000000,0.000000,-9.000000,-47.000000,-3.000000
284.470000,347.261000,209.000000,171.000000,103.000000,200.000000,125.000000,100.000000,,-16.000000,0.000000,-9.000000,-46.000000,-3.000000
284.670000,347.461000,210.000000,170.000000,103.000000,200.000000,125.000000,100.000000,,-16.000000,0.000000,-10.000000,-45.000000,-3.000000
284.770000,347.561000,210.000000,170.000000,102.000000,200.000000,125.000000,100.000000,,-16.000000,0.000000,-10.000000,-45.000000,-2.000000
284.870000,347.661000,211.000000,169.000000,102.000000,200.000000,125.000000,100.000000,,-16.000000,0.000000,-11.000000,-44.000000,-2.000000
285.170000,347.961000,211.000000,168.000000,102.000000,200.000000,125.000000,100.000000,,-15.000000,0.000000,-11.000000,-43.000000,-2.000000
285.270000,348.061000,211.000000,167.000000,102.000000,200.000000,125.000000,100.000000,,-15.000000,0.000000,-11.000000,-42.000000,-2.000000
285.470000,348.261000,212.000000,167.000000,102.000000,200.000000,125.000000,100.000000,,-15.000000,0.000000,-12.000000,-42.000000,-2.000000
285.670000,348.461000,212.000000,166.000000,102.000000,200.000000,125.000000,100.000000,,-15.000000,0.000000,-12.000000,-41.000000,-2.000000
285.770000,348.561000,213.000000,166.000000,102.000000,200.000000,125.000000,100.000000,-2.000000,-15.000000,0.000000,-13.000000,-41.000000,-2.000000
285.870000,348.661000,213.000000,165.000000,102.000000,200.000000,125.000000,100.000000,-2.000000,-14.000000,0.000000,-13.000000,-40.000000,-2.000000
285.970000,348.761000,214.000000,164.000000,102.000000,200.000000,125.000000,100.000000,-2.000000,-14.000000,0.000000,-14.000000,-39.000000,-2.000000
286.070000,348.861000,214.000000,163.000000,102.000000,200.000000,125.000000,100.000000,-2.000000,-14.000000,0.000000,-14.000000,-38.000000,-2.000000
286.170000,348.961000,215.000000,162.000000,101.000000,200.000000,125.000000,100.000000,-2.000000,-13.000000,0.000000,-15.000000,-37.000000,-1.000000
286.270000,349.061000,215.000000,161.000000,101.000000,200.000000,125.000000,100.000000,-2.000000,-13.000000,0.000000,-15.000000,-36.000000,-1.000000
286.370000,349.161000,216.000000,160.000000,101.000000,200.000000,125.000000,100.000000,-2.000000,-12.000000,0.000000,-16.000000,-35.000000,-1.000000
286.470000,349.261000,216.000000,158.000000,101.000000,200.000000,125.000000,100.000000,-2.000000,-12.000000,0.000000,-16.000000,-33.000000,-1.000000
286.570000,349.361000,216.000000,157.000000,101.000000,200.000000,125.000000,100.000000,-2.000000,-11.000000,0.000000,-16.000000,-32.000000,-1.000000
286.670000,349.461000,216.000000,156.000000,101.000000,200.000000,125.000000,100.000000,-2.000000,-11.000000,0.000000,-16.000000,-31.000000,-1.000000
286.770000,349.561000,216.000000,155.000000,101.000000,200.000000,125.000000,100.000000,-2.000000,-11.000000,0.000000,-16.000000,-30.000000,-1.000000
286.870000,349.661000,216.000000,154.000000,101.000000,200.000000,125.000000,100.000000,-2.000000,-10.000000,0.000000,-16.000000,-29.000000,-1.000000
286.970000,349.761000,217.000000,153.000000,101.000000,200.000000,125.000000,100.000000,-2.000000,-10.000000,0.000000,-17.000000,-28.000000,-1.000000
287.070000,349.861000,217.000000,152.000000,101.000000,200.000000,125.000000,100.000000,-2.000000,-10.000000,0.000000,-17.000000,-27.000000,-1.000000
287.170000,349.961000,217.000000,151.000000,101.000000,200.000000,125.000000,100.000000,-2.000000,-9.000000,0.000000,-17.000000,-26.000000,-1.000000
287.270000,350.061000,218.000000,150.000000,101.000000,200.000000,125.000000,100.000000,-3.000000,-9.000000,0.000000,-18.000000,-25.000000,-1.000000
287.370000,350.161000,218.000000,148.000000,101.000000,200.000000,125.000000,100.000000,-3.000000,-5.000000,0.000000,-18.000000,-23.000000,-1.000000
287.570000,350.361000,218.000000,146.000000,101.000000,200.000000,125.000000,100.000000,-3.000000,-4.000000,0.000000,-18.000000,-21.000000,-1.000000
287.670000,350.461000,218.000000,145.000000,101.000000,200.000000,125.000000,100.000000,-3.000000,-4.000000,0.000000,-18.000000,-20.000000,-1.000000
287.770000,350.561000,218.000000,144.000000,101.000000,200.000000,125.000000,100.000000,-3.000000,-4.000000,0.000000,-18.000000,-19.000000,-1.000000
288.070000,350.861000,218.000000,142.000000,100.000000,200.000000,125.000000,100.000000,-3.000000,-4.000000,0.000000,-18.000000,-17.000000,0.000000
288.170000,350.961000,219.000000,141.000000,100.000000,200.000000,125.000000,100.000000,-3.000000,-4.000000,0.000000,-19.000000,-16.000000,0.000000
288.290000,351.081000,219.000000,140.000000,100.000000,200.000000,125.000000,100.000000,0.000000,0.000000,0.000000,-19.000000,-15.000000,0.000000
288.490000,351.281000,219.000000,139.000000,100.000000,200.000000,125.000000,100.000000,0.000000,0.000000,0.000000,-19.000000,-14.000000,0.000000
288.590000,351.381000,219.000000,138.000000,100.000000,200.000000,125.000000,100.000000,0.000000,0.000000,0.000000,-19.000000,-13.000000,0.000000
288.790000,351.581000,219.000000,137.000000,100.000000,200.000000,125.000000,100.000000,0.000000,0.000000,0.000000,-19.000000,-12.000000,0.000000
289.090000,351.881000,219.000000,136.000000,100.000000,200.000000,125.000000,100.000000,0.000000,0.000000,0.000000,-19.000000,-11.000000,0.000000
289.290000,352.081000,219.000000,135.000000,100.000000,200.000000,125.000000,100.000000,0.000000,0.000000,0.000000,-19.000000,-10.000000,0.000000
289.390000,352.181000,220.000000,135.000000,100.000000,200.000000,125.000000,100.000000,0.000000,0.000000,0.000000,-20.000000,-10.000000,0.000000
289.490000,352.281000,220.000000,134.000000,100.000000,200.000000,125.000000,100.000000,0.000000,0.000000,0.000000,-20.000000,-9.000000,0.000000
289.590000,352.381000,221.000000,133.000000,100.000000,200.000000,125.000000,100.000000,0.000000,0.000000,0.000000,-21.000000,-8.000000,0.000000
289.790000,352.581000,222.000000,133.000000,99.000000,200.000000,125.000000,100.000000,0.000000,0.000000,0.000000,-22.000000,-8.000000,1.000000
289.890000,352.681000,222.000000,132.000000,100.000000,200.000000,125.000000,100.000000,0.000000,0.000000,0.000000,-22.000000,-7.000000,0.000000
290.090000,352.881000,222.000000,131.000000,100.000000,200.000000,125.000000,100.000000,0.000000,0.000000,0.000000,-22.000000,-6.000000,0.000000
290.190000,352.981000,223.000000,131.000000,100.000000,200.000000,125.000000,100.000000,0.000000,0.000000,0.000000,-23.000000,-6.000000,0.000000
290.290000,353.081000,223.000000,130.000000,99.000000,200.000000,125.000000,100.000000,0.000000,0.000000,0.000000,-23.000000,-5.000000,1.000000
290.490000,353.281000,223.000000,129.000000,99.000000,200.000000,125.000000,100.000000,0.000000,0.000000,0.000000,-23.000000,-4.000000,1.000000
290.690000,353.481000,223.000000,128.000000,99.000000,200.000000,125.000000,100.000000,0.000000,0.000000,0.000000,-23.000000,-3.000000,1.000000
290.790000,353.581000,224.000000,128.000000,99.000000,200.000000,125.000000,100.000000,0.000000,0.000000,0.000000,-24.000000,-3.000000,1.000000
290.890000,353.681000,224.000000,127.000000,99.000000,200.000000,125.000000,100.000000,0.000000,0.000000,0.000000,-24.000000,-2.000000,1.000000
291.190000,353.981000,224.000000,126.000000,99.000000,200.000000,125.000000,100.000000,0.000000,0.000000,0.000000,-24.000000,-1.000000,1.000000
291.290000,354.081000,224.000000,126.000000,98.000000,200.000000,125.000000,100.000000,0.000000,0.000000,0.000000,-24.000000,-1.000000,2.000000
291.790000,354.581000,224.000000,125.000000,98.000000,200.000000,125.000000,100.000000,0.000000,0.000000,0.000000,-24.000000,0.000000,2.000000
292.190000,354.981000,224.000000,124.000000,98.000000,200.000000,125.000000,100.000000,0.000000,0.000000,0.000000,-24.000000,1.000000,2.000000
292.590000,355.381000,223.000000,124.000000,97.000000,200.000000,125.000000,100.000000,0.000000,0.000000,0.000000,-23.000000,1.000000,3.000000
292.690000,355.481000,222.000000,124.000000,97.000000,200.000000,125.000000,100.000000,0.000000,0.000000,0.000000,-22.000000,1.000000,3.000000
292.890000,355.681000,221.000000,124.000000,98.000000,200.000000,125.000000,100.000000,0.000000,0.000000,0.000000,-21.000000,1.000000,2.000000
293.090000,355.881000,220.000000,124.000000,98.000000,200.000000,125.000000,100.000000,0.000000,0.000000,0.000000,-20.000000,1.000000,2.000000
293.290000,356.081000,219.000000,123.000000,98.000000,200.000000,125.000000,100.000000,0.000000,0.000000,0.000000,-19.000000,2.000000,2.000000
293.590000,356.381000,218.000000,123.000000,97.000000,200.000000,125.000000,100.000000,-4.000000,0.000000,0.000000,-18.000000,2.000000,3.000000
293.790000,356.581000,217.000000,123.000000,98.000000,200.000000,125.000000,100.000000,-3.000000,0.000000,0.000000,-17.000000,2.000000,2.000000
294.290000,357.081000,216.000000,123.000000,98.000000,200.000000,125.000000,100.000000,-3.000000,0.000000,0.000000,-16.000000,2.000000,2.000000
294.790000,357.581000,215.000000,123.000000,98.000000,200.000000,125.000000,100.000000,-3.000000,0.000000,0.000000,-15.000000,2.000000,2.000000
294.990000,357.781000,215.000000,122.000000,98.000000,200.000000,125.000000,100.000000,-3.000000,0.000000,0.000000,-15.000000,3.000000,2.000000
295.090000,357.881000,214.000000,122.000000,98.000000,200.000000,125.000000,100.000000,-3.000000,0.000000,0.000000,-14.000000,3.000000,2.000000
295.690000,358.481000,213.000000,121.000000,98.000000,200.000000,125.000000,100.000000,-3.000000,0.000000,0.000000,-13.000000,4.000000,2.000000
296.090000,358.881000,212.000000,121.000000,98.000000,200.000000,125.000000,100.000000,-2.000000,0.000000,0.000000,-12.000000,4.000000,2.000000
296.190000,358.981000,212.000000,121.000000,97.000000,200.000000,125.000000,100.000000,-2.000000,0.000000,0.000000,-12.000000,4.000000,3.000000
296.290000,359.081000,212.000000,122.000000,97.000000,200.000000,125.000000,100.000000,-2.000000,0.000000,0.000000,-12.000000,3.000000,3.000000
296.390000,359.181000,211.000000,121.000000,98.000000,200.000000,125.000000,100.000000,-2.000000,0.000000,0.000000,-11.000000,4.000000,2.000000
296.690000,359.481000,211.000000,122.000000,98.000000,200.000000,125.000000,100.000000,-2.000000,0.000000,0.000000,-11.000000,3.000000,2.000000
296.790000,359.581000,210.000000,122.000000,98.000000,200.000000,125.000000,100.000000,-2.000000,0.000000,0.000000,-10.000000,3.000000,2.000000
296.890000,359.681000,210.000000,121.000000,98.000000,200.000000,125.000000,100.000000,-2.000000,0.000000,0.000000,-10.000000,4.000000,2.000000
296.990000,359.781000,209.000000,122.000000,98.000000,200.000000,125.000000,100.000000,-2.000000,0.000000,0.000000,-9.000000,3.000000,2.000000
305.210000,368.001000,201.000000,86.000000,97.000000,200.000000,75.000000,100.000000,0.000000,-3.000000,1.000000,-1.000000,-11.000000,3.000000
343.950000,406.741000,352.000000,-16.000000,104.000000,200.000000,75.000000,100.000000,0.000000,0.000000,,-152.000000,91.000000,-4.000000
343.990000,406.781000,352.000000,-16.000000,103.000000,350.000000,75.000000,100.000000,0.000000,23.000000,,-2.000000,91.000000,-3.000000
344.190000,406.981000,352.000000,-16.000000,104.000000,350.000000,75.000000,100.000000,0.000000,23.000000,,-2.000000,91.000000,-4.000000
344.290000,407.081000,353.000000,-15.000000,104.000000,350.000000,75.000000,100.000000,0.000000,23.000000,,-3.000000,90.000000,-4.000000
344.610000,407.401000,353.000000,-15.000000,105.000000,350.000000,75.000000,100.000000,0.000000,0.000000,,-3.000000,90.000000,-5.000000
344.710000,407.501000,354.000000,-15.000000,105.000000,350.000000,75.000000,100.000000,0.000000,0.000000,0.000000,-4.000000,90.000000,-5.000000
345.310000,408.101000,354.000000,-14.000000,105.000000,350.000000,75.000000,100.000000,0.000000,0.000000,,-4.000000,89.000000,-5.000000
345.410000,408.201000,353.000000,-14.000000,105.000000,350.000000,75.000000,100.000000,0.000000,0.000000,,-3.000000,89.000000,-5.000000
345.510000,408.301000,353.000000,-15.000000,105.000000,350.000000,75.000000,100.000000,0.000000,0.000000,0.000000,-3.000000,90.000000,-5.000000
345.610000,408.401000,352.000000,-14.000000,104.000000,350.000000,75.000000,100.000000,0.000000,0.000000,,-2.000000,89.000000,-4.000000
345.810000,408.601000,352.000000,-13.000000,104.000000,350.000000,75.000000,100.000000,0.000000,0.000000,,-2.000000,88.000000,-4.000000
345.910000,408.701000,351.000000,-13.000000,104.000000,350.000000,75.000000,100.000000,0.000000,0.000000,,-1.000000,88.000000,-4.000000
346.010000,408.801000,351.000000,-13.000000,105.000000,350.000000,75.000000,100.000000,0.000000,0.000000,,-1.000000,88.000000,-5.000000
346.110000,408.901000,351.000000,-13.000000,104.000000,350.000000,75.000000,100.000000,0.000000,0.000000,,-1.000000,88.000000,-4.000000
346.210000,409.001000,350.000000,-13.000000,104.000000,350.000000,75.000000,100.000000,0.000000,0.000000,,0.000000,88.000000,-4.000000
346.410000,409.201000,349.000000,-13.000000,105.000000,350.000000,75.000000,100.000000,0.000000,0.000000,,1.000000,88.000000,-5.000000
346.510000,409.301000,348.000000,-13.000000,105.000000,350.000000,75.000000,100.000000,0.000000,0.000000,,2.000000,88.000000,-5.000000
346.610000,409.401000,347.000000,-13.000000,105.000000,350.000000,75.000000,100.000000,0.000000,0.000000,0.000000,3.000000,88.000000,-5.000000
346.810000,409.601000,346.000000,-13.000000,104.000000,350.000000,75.000000,100.000000,0.000000,0.000000,0.000000,4.000000,88.000000,-4.000000
347.010000,409.801000,346.000000,-14.000000,104.000000,350.000000,75.000000,100.000000,0.000000,0.000000,0.000000,4.000000,89.000000,-4.000000
347.110000,409.901000,346.000000,-13.000000,104.000000,350.000000,75.000000,100.000000,0.000000,0.000000,0.000000,4.000000,88.000000,-4.000000
347.210000,410.001000,345.000000,-13.000000,104.000000,350.000000,75.000000,100.000000,0.000000,0.000000,,5.000000,88.000000,-4.000000
347.410000,410.201000,344.000000,-12.000000,103.000000,350.000000,75.000000,100.000000,0.000000,0.000000,0.000000,6.000000,87.000000,-3.000000
347.510000,410.301000,343.000000,-11.000000,103.000000,350.000000,75.000000,100.000000,0.000000,0.000000,0.000000,7.000000,86.000000,-3.000000
347.610000,410.401000,343.000000,-10.000000,103.000000,350.000000,75.000000,100.000000,0.000000,0.000000,0.000000,7.000000,85.000000,-3.000000
347.710000,410.501000,342.000000,-9.000000,102.000000,350.000000,75.000000,100.000000,0.000000,0.000000,0.000000,8.000000,84.000000,-2.000000
347.810000,410.601000,341.000000,-9.000000,103.000000,350.000000,75.000000,100.000000,0.000000,0.000000,0.000000,9.000000,84.000000,-3.000000
347.910000,410.701000,340.000000,-9.000000,103.000000,350.000000,75.000000,100.000000,0.000000,0.000000,0.000000,10.000000,84.000000,-3.000000
348.010000,410.801000,339.000000,-9.000000,103.000000,350.000000,75.000000,100.000000,0.000000,0.000000,0.000000,11.000000,84.000000,-3.000000
348.210000,411.001000,338.000000,-8.000000,103.000000,350.000000,75.000000,100.000000,0.000000,0.000000,0.000000,12.000000,83.000000,-3.000000
348.310000,411.101000,337.000000,-8.000000,103.000000,350.000000,75.000000,100.000000,0.000000,0.000000,0.000000,13.000000,83.000000,-3.000000
348.410000,411.201000,336.000000,-8.000000,103.000000,350.000000,75.000000,100.000000,0.000000,0.000000,0.000000,14.000000,83.000000,-3.000000
348.510000,411.301000,335.000000,-8.000000,103.000000,350.000000,75.000000,100.000000,0.000000,0.000000,0.000000,15.000000,83.000000,-3.000000
348.610000,411.401000,334.000000,-7.000000,102.000000,350.000000,75.000000,100.000000,0.000000,0.000000,0.000000,16.000000,82.000000,-2.000000
348.710000,411.501000,333.000000,-7.000000,102.000000,350.000000,75.000000,100.000000,0.000000,0.000000,0.000000,17.000000,82.000000,-2.000000
348.810000,411.601000,332.000000,-7.000000,102.000000,350.000000,75.000000,100.000000,0.000000,0.000000,0.000000,18.000000,82.000000,-2.000000
349.010000,411.801000,331.000000,-7.000000,102.000000,350.000000,75.000000,100.000000,4.000000,23.000000,0.000000,19.000000,82.000000,-2.000000
349.110000,411.901000,330.000000,-6.000000,101.000000,350.000000,75.000000,100.000000,4.000000,23.000000,0.000000,20.000000,81.000000,-1.000000
349.310000,412.101000,329.000000,-6.000000,101.000000,350.000000,75.000000,100.000000,4.000000,23.000000,0.000000,21.000000,81.000000,-1.000000
349.410000,412.201000,327.000000,-5.000000,101.000000,350.000000,75.000000,100.000000,4.000000,23.000000,0.000000,23.000000,80.000000,-1.000000
349.510000,412.301000,326.000000,-4.000000,101.000000,350.000000,75.000000,100.000000,5.000000,23.000000,0.000000,24.000000,79.000000,-1.000000
349.610000,412.401000,325.000000,-4.000000,101.000000,350.000000,75.000000,100.000000,5.000000,23.000000,0.000000,25.000000,79.000000,-1.000000
349.710000,412.501000,324.000000,-4.000000,101.000000,350.000000,75.000000,100.000000,5.000000,23.000000,0.000000,26.000000,79.000000,-1.000000
349.810000,412.601000,323.000000,-4.000000,101.000000,350.000000,75.000000,100.000000,9.000000,23.000000,0.000000,27.000000,79.000000,-1.000000
349.910000,412.701000,323.000000,-3.000000,101.000000,350.000000,75.000000,100.000000,9.000000,23.000000,0.000000,27.000000,78.000000,-1.000000
350.010000,412.801000,322.000000,-3.000000,101.000000,350.000000,75.000000,100.000000,9.000000,23.000000,0.000000,28.000000,78.000000,-1.000000
350.110000,412.901000,321.000000,-2.000000,101.000000,350.000000,75.000000,100.000000,10.000000,23.000000,0.000000,29.000000,77.000000,-1.000000
350.210000,413.001000,320.000000,-2.000000,101.000000,350.000000,75.000000,100.000000,10.000000,23.000000,0.000000,30.000000,77.000000,-1.000000
350.310000,413.101000,319.000000,-2.000000,101.000000,350.000000,75.000000,100.000000,10.000000,23.000000,0.000000,31.000000,77.000000,-1.000000
350.510000,413.301000,318.000000,,102.000000,350.000000,75.000000,100.000000,11.000000,23.000000,0.000000,32.000000,,-2.000000
350.610000,413.401000,317.000000,0.000000,102.000000,350.000000,75.000000,100.000000,11.000000,23.000000,0.000000,33.000000,75.000000,-2.000000
350.710000,413.501000,316.000000,1.000000,101.000000,350.000000,75.000000,100.000000,11.000000,23.000000,0.000000,34.000000,74.000000,-1.000000
350.810000,413.601000,315.000000,1.000000,101.000000,350.000000,75.000000,100.000000,12.000000,23.000000,0.000000,35.000000,74.000000,-1.000000
350.910000,413.701000,315.000000,2.000000,101.000000,350.000000,75.000000,100.000000,12.000000,23.000000,0.000000,35.000000,73.000000,-1.000000
351.010000,413.801000,314.000000,4.000000,101.000000,350.000000,75.000000,100.000000,12.000000,23.000000,0.000000,36.000000,71.000000,-1.000000
351.110000,413.901000,313.000000,5.000000,101.000000,350.000000,75.000000,100.000000,12.000000,23.000000,0.000000,37.000000,70.000000,-1.000000
351.210000,414.001000,312.000000,6.000000,101.000000,350.000000,75.000000,100.000000,13.000000,23.000000,0.000000,38.000000,69.000000,-1.000000
351.310000,414.101000,312.000000,7.000000,101.000000,350.000000,75.000000,100.000000,13.000000,23.000000,0.000000,38.000000,68.000000,-1.000000
351.410000,414.201000,312.000000,9.000000,101.000000,350.000000,75.000000,100.000000,13.000000,23.000000,0.000000,38.000000,66.000000,-1.000000
351.510000,414.301000,310.000000,9.000000,101.000000,350.000000,75.000000,100.000000,14.000000,23.000000,0.000000,40.000000,66.000000,-1.000000
351.610000,414.401000,309.000000,11.000000,101.000000,350.000000,75.000000,100.000000,14.000000,23.000000,0.000000,41.000000,64.000000,-1.000000
351.710000,414.501000,309.000000,12.000000,101.000000,350.000000,75.000000,100.000000,14.000000,23.000000,0.000000,41.000000,63.000000,-1.000000
351.810000,414.601000,308.000000,13.000000,102.000000,350.000000,75.000000,100.000000,14.000000,22.000000,0.000000,42.000000,62.000000,-2.000000
351.910000,414.701000,307.000000,14.000000,102.000000,350.000000,75.000000,100.000000,15.000000,22.000000,0.000000,43.000000,61.000000,-2.000000
352.010000,414.801000,306.000000,15.000000,102.000000,350.000000,75.000000,100.000000,15.000000,21.000000,0.000000,44.000000,60.000000,-2.000000
352.110000,414.901000,305.000000,15.000000,103.000000,350.000000,75.000000,100.000000,15.000000,21.000000,0.000000,45.000000,60.000000,-3.000000
352.210000,415.001000,304.000000,16.000000,103.000000,350.000000,75.000000,100.000000,16.000000,21.000000,0.000000,46.000000,59.000000,-3.000000
352.310000,415.101000,304.000000,17.000000,103.000000,350.000000,75.000000,100.000000,16.000000,21.000000,0.000000,46.000000,58.000000,-3.000000
352.410000,415.201000,303.000000,18.000000,103.000000,350.000000,75.000000,100.000000,16.000000,20.000000,0.000000,47.000000,57.000000,-3.000000
352.510000,415.301000,303.000000,20.000000,103.000000,350.000000,75.000000,100.000000,16.000000,20.000000,0.000000,47.000000,55.000000,-3.000000
352.610000,415.401000,302.000000,21.000000,103.000000,350.000000,75.000000,100.000000,16.000000,19.000000,0.000000,48.000000,54.000000,-3.000000
352.710000,415.501000,302.000000,23.000000,103.000000,350.000000,75.000000,100.000000,16.000000,19.000000,0.000000,48.000000,52.000000,-3.000000
352.810000,415.601000,301.000000,24.000000,102.000000,350.000000,75.000000,100.000000,17.000000,18.000000,0.000000,49.000000,51.000000,-2.000000
352.910000,415.701000,301.000000,25.000000,102.000000,350.000000,75.000000,100.000000,17.000000,18.000000,0.000000,49.000000,50.000000,-2.000000
353.030000,415.821000,300.000000,26.000000,102.000000,350.000000,75.000000,100.000000,0.000000,0.000000,0.000000,50.000000,49.000000,-2.000000
353.130000,415.921000,299.000000,26.000000,103.000000,350.000000,75.000000,100.000000,0.000000,0.000000,0.000000,51.000000,49.000000,-3.000000
353.230000,416.021000,299.000000,27.000000,103.000000,350.000000,75.000000,100.000000,0.000000,0.000000,0.000000,51.000000,48.000000,-3.000000
353.330000,416.121000,299.000000,29.000000,103.000000,350.000000,75.000000,100.000000,0.000000,0.000000,0.000000,51.000000,46.000000,-3.000000
353.430000,416.221000,298.000000,30.000000,103.000000,350.000000,75.000000,100.000000,0.000000,0.000000,0.000000,52.000000,45.000000,-3.000000
353.530000,416.321000,298.000000,32.000000,103.000000,350.000000,75.000000,100.000000,0.000000,0.000000,0.000000,52.000000,43.000000,-3.000000
353.630000,416.421000,298.000000,34.000000,102.000000,350.000000,75.000000,100.000000,0.000000,0.000000,0.000000,52.000000,41.000000,-2.000000
353.730000,416.521000,297.000000,36.000000,102.000000,350.000000,75.000000,100.000000,0.000000,0.000000,0.000000,53.000000,39.000000,-2.000000
353.830000,416.621000,297.000000,38.000000,102.000000,350.000000,75.000000,100.000000,0.000000,0.000000,0.000000,53.000000,37.000000,-2.000000
353.930000,416.721000,296.000000,40.000000,102.000000,350.000000,75.000000,100.000000,0.000000,0.000000,0.000000,54.000000,35.000000,-2.000000
354.030000,416.821000,296.000000,41.000000,102.000000,350.000000,75.000000,100.000000,0.000000,0.000000,0.000000,54.000000,34.000000,-2.000000
354.130000,416.921000,295.000000,43.000000,102.000000,350.000000,75.000000,100.000000,0.000000,0.000000,0.000000,55.000000,32.000000,-2.000000
354.230000,417.021000,295.000000,45.000000,102.000000,350.000000,75.000000,100.000000,0.000000,0.000000,0.000000,55.000000,30.000000,-2.000000
354.330000,417.121000,295.000000,46.000000,102.000000,350.000000,75.000000,100.000000,0.000000,0.000000,0.000000,55.000000,29.000000,-2.000000
354.430000,417.221000,295.000000,48.000000,103.000000,350.000000,75.000000,100.000000,0.000000,0.000000,0.000000,55.000000,27.000000,-3.000000
354.530000,417.321000,295.000000,50.000000,103.000000,350.000000,75.000000,100.000000,0.000000,0.000000,0.000000,55.000000,25.000000,-3.000000
354.630000,417.421000,295.000000,51.000000,103.000000,350.000000,75.000000,100.000000,0.000000,0.000000,0.000000,55.000000,24.000000,-3.000000
354.730000,417.521000,295.000000,53.000000,103.000000,350.000000,75.000000,100.000000,0.000000,0.000000,0.000000,55.000000,22.000000,-3.000000
354.830000,417.621000,295.000000,55.000000,103.000000,350.000000,75.000000,100.000000,0.000000,0.000000,0.000000,55.000000,20.000000,-3.000000
354.930000,417.721000,296.000000,57.000000,103.000000,350.000000,75.000000,100.000000,0.000000,0.000000,0.000000,54.000000,18.000000,-3.000000
355.030000,417.821000,296.000000,59.000000,103.000000,350.000000,75.000000,100.000000,0.000000,0.000000,0.000000,54.000000,16.000000,-3.000000
355.130000,417.921000,296.000000,61.000000,103.000000,350.000000,75.000000,100.000000,0.000000,0.000000,0.000000,54.000000,14.000000,-3.000000
355.230000,418.021000,297.000000,62.000000,103.000000,350.000000,75.000000,100.000000,0.000000,0.000000,0.000000,53.000000,13.000000,-3.000000
355.330000,418.121000,297.000000,63.000000,104.000000,350.000000,75.000000,100.000000,0.000000,0.000000,0.000000,53.000000,12.000000,-4.000000
355.430000,418.221000,296.000000,64.000000,104.000000,350.000000,75.000000,100.000000,0.000000,0.000000,,54.000000,11.000000,-4.000000
355.530000,418.321000,296.000000,65.000000,104.000000,350.000000,75.000000,100.000000,0.000000,0.000000,0.000000,54.000000,10.000000,-4.000000
355.630000,418.421000,296.000000,66.000000,104.000000,350.000000,75.000000,100.000000,0.000000,0.000000,,54.000000,9.000000,-4.000000
355.730000,418.521000,296.000000,68.000000,104.000000,350.000000,75.000000,100.000000,0.000000,0.000000,,54.000000,7.000000,-4.000000
355.830000,418.621000,296.000000,69.000000,104.000000,350.000000,75.000000,100.000000,0.000000,0.000000,0.000000,54.000000,6.000000,-4.000000
355.930000,418.721000,297.000000,71.000000,104.000000,350.000000,75.000000,100.000000,0.000000,0.000000,,53.000000,4.000000,-4.000000
356.030000,418.821000,297.000000,72.000000,104.000000,350.000000,75.000000,100.000000,0.000000,0.000000,,53.000000,3.000000,-4.000000
356.130000,418.921000,298.000000,73.000000,104.000000,350.000000,75.000000,100.000000,0.000000,0.000000,0.000000,52.000000,2.000000,-4.000000
356.230000,419.021000,298.000000,75.000000,103.000000,350.000000,75.000000,100.000000,0.000000,0.000000,0.000000,52.000000,0.000000,-3.000000
356.330000,419.121000,298.000000,76.000000,104.000000,350.000000,75.000000,100.000000,0.000000,0.000000,,52.000000,-1.000000,-4.000000
356.430000,419.221000,299.000000,77.000000,103.000000,350.000000,75.000000,100.000000,0.000000,0.000000,0.000000,51.000000,-2.000000,-3.000000
356.530000,419.321000,299.000000,78.000000,104.000000,350.000000,75.000000,100.000000,0.000000,0.000000,,51.000000,-3.000000,-4.000000
356.630000,419.421000,299.000000,79.000000,104.000000,350.000000,75.000000,100.000000,0.000000,0.000000,,51.000000,-4.000000,-4.000000
356.730000,419.521000,300.000000,80.000000,104.000000,350.000000,75.000000,100.000000,0.000000,0.000000,,50.000000,-5.000000,-4.000000
356.830000,419.621000,300.000000,82.000000,104.000000,350.000000,75.000000,100.000000,0.000000,0.000000,,50.000000,-7.000000,-4.000000
356.930000,419.721000,300.000000,83.000000,104.000000,350.000000,75.000000,100.000000,0.000000,0.000000,,50.000000,-8.000000,-4.000000
357.030000,419.821000,301.000000,85.000000,104.000000,350.000000,75.000000,100.000000,0.000000,0.000000,,49.000000,-10.000000,-4.000000
357.130000,419.921000,301.000000,86.000000,104.000000,350.000000,75.000000,100.000000,0.000000,0.000000,,49.000000,-11.000000,-4.000000
357.230000,420.021000,301.000000,88.000000,103.000000,350.000000,75.000000,100.000000,0.000000,0.000000,0.000000,49.000000,-13.000000,-3.000000
357.330000,420.121000,301.000000,89.000000,104.000000,350.000000,75.000000,100.000000,0.000000,0.000000,0.000000,49.000000,-14.000000,-4.000000
357.430000,420.221000,302.000000,91.000000,104.000000,350.000000,75.000000,100.000000,0.000000,0.000000,0.000000,48.000000,-16.000000,-4.000000
357.530000,420.321000,302.000000,92.000000,104.000000,350.000000,75.000000,100.000000,16.000000,-3.000000,,48.000000,-17.000000,-4.000000
357.630000,420.421000,303.000000,92.000000,104.000000,350.000000,75.000000,100.000000,16.000000,-3.000000,,47.000000,-17.000000,-4.000000
357.730000,420.521000,305.000000,93.000000,104.000000,350.000000,75.000000,100.000000,15.000000,-4.000000,,45.000000,-18.000000,-4.000000
357.830000,420.621000,306.000000,94.000000,103.000000,350.000000,75.000000,100.000000,15.000000,-4.000000,0.000000,44.000000,-19.000000,-3.000000
357.930000,420.721000,307.000000,96.000000,103.000000,350.000000,75.000000,100.000000,15.000000,-4.000000,0.000000,43.000000,-21.000000,-3.000000
358.030000,420.821000,308.000000,97.000000,103.000000,350.000000,75.000000,100.000000,14.000000,-4.000000,0.000000,42.000000,-22.000000,-3.000000
358.130000,420.921000,310.000000,98.000000,103.000000,350.000000,75.000000,100.000000,14.000000,-4.000000,0.000000,40.000000,-23.000000,-3.000000
358.230000,421.021000,311.000000,99.000000,103.000000,350.000000,75.000000,100.000000,13.000000,-5.000000,0.000000,39.000000,-24.000000,-3.000000
358.330000,421.121000,313.000000,100.000000,103.000000,350.000000,75.000000,100.000000,12.000000,-5.000000,0.000000,37.000000,-25.000000,-3.000000
358.430000,421.221000,314.000000,101.000000,103.000000,350.000000,75.000000,100.000000,12.000000,-8.000000,0.000000,36.000000,-26.000000,-3.000000
358.530000,421.321000,315.000000,102.000000,103.000000,350.000000,75.000000,100.000000,12.000000,-9.000000,0.000000,35.000000,-27.000000,-3.000000
358.630000,421.421000,317.000000,102.000000,103.000000,350.000000,75.000000,100.000000,11.000000,-9.000000,0.000000,33.000000,-27.000000,-3.000000
358.730000,421.521000,318.000000,103.000000,103.000000,350.000000,75.000000,100.000000,11.000000,-9.000000,0.000000,32.000000,-28.000000,-3.000000
358.830000,421.621000,320.000000,103.000000,103.000000,350.000000,75.000000,100.000000,10.000000,-9.000000,0.000000,30.000000,-28.000000,-3.000000
358.930000,421.721000,322.000000,104.000000,103.000000,350.000000,75.000000,100.000000,9.000000,-10.000000,0.000000,28.000000,-29.000000,-3.000000
359.030000,421.821000,324.000000,105.000000,103.000000,350.000000,75.000000,100.000000,4.000000,-10.000000,0.000000,26.000000,-30.000000,-3.000000
359.130000,421.921000,325.000000,105.000000,103.000000,350.000000,75.000000,100.000000,4.000000,-10.000000,0.000000,25.000000,-30.000000,-3.000000
359.730000,422.521000,333.000000,109.000000,103.000000,350.000000,75.000000,100.000000,3.000000,-12.000000,0.000000,17.000000,-34.000000,-3.000000
359.830000,422.621000,334.000000,109.000000,103.000000,350.000000,75.000000,100.000000,2.000000,-11.000000,0.000000,16.000000,-34.000000,-3.000000
359.930000,422.721000,335.000000,109.000000,103.000000,350.000000,75.000000,100.000000,2.000000,-12.000000,0.000000,15.000000,-34.000000,-3.000000
360.030000,422.821000,337.000000,109.000000,103.000000,350.000000,75.000000,100.000000,2.000000,-11.000000,0.000000,13.000000,-34.000000,-3.000000
360.130000,422.921000,338.000000,110.000000,103.000000,350.000000,75.000000,100.000000,2.000000,-12.000000,0.000000,12.000000,-35.000000,-3.000000
360.230000,423.021000,339.000000,111.000000,103.000000,350.000000,75.000000,100.000000,1.000000,-12.000000,0.000000,11.000000,-36.000000,-3.000000
360.330000,423.121000,340.000000,111.000000,103.000000,350.000000,75.000000,100.000000,1.000000,-12.000000,0.000000,10.000000,-36.000000,-3.000000
360.430000,423.221000,342.000000,111.000000,104.000000,350.000000,75.000000,100.000000,1.000000,-12.000000,,8.000000,-36.000000,-4.000000
360.530000,423.321000,343.000000,111.000000,103.000000,350.000000,75.000000,100.000000,1.000000,-12.000000,,7.000000,-36.000000,-3.000000
360.630000,423.421000,344.000000,111.000000,103.000000,350.000000,75.000000,100.000000,1.000000,-12.000000,0.000000,6.000000,-36.000000,-3.000000
360.730000,423.521000,345.000000,112.000000,103.000000,350.000000,75.000000,100.000000,0.000000,-13.000000,0.000000,5.000000,-37.000000,-3.000000
360.830000,423.621000,346.000000,112.000000,103.000000,350.000000,75.000000,100.000000,0.000000,-12.000000,0.000000,4.000000,-37.000000,-3.000000
360.930000,423.721000,347.000000,112.000000,103.000000,350.000000,75.000000,100.000000,0.000000,-12.000000,0.000000,3.000000,-37.000000,-3.000000
361.030000,423.821000,348.000000,112.000000,103.000000,350.000000,75.000000,100.000000,0.000000,-13.000000,0.000000,2.000000,-37.000000,-3.000000
361.130000,423.921000,349.000000,113.000000,103.000000,350.000000,75.000000,100.000000,0.000000,-13.000000,0.000000,1.000000,-38.000000,-3.000000
361.230000,424.021000,350.000000,112.000000,103.000000,350.000000,75.000000,100.000000,0.000000,-13.000000,0.000000,0.000000,-37.000000,-3.000000
361.330000,424.121000,351.000000,112.000000,102.000000,350.000000,75.000000,100.000000,0.000000,-12.000000,0.000000,-1.000000,-37.000000,-2.000000
361.430000,424.221000,353.000000,112.000000,102.000000,350.000000,75.000000,100.000000,,-12.000000,0.000000,-3.000000,-37.000000,-2.000000
361.630000,424.421000,354.000000,112.000000,102.000000,350.000000,75.000000,100.000000,,-12.000000,0.000000,-4.000000,-37.000000,-2.000000
361.730000,424.521000,355.000000,112.000000,102.000000,350.000000,75.000000,100.000000,,-13.000000,0.000000,-5.000000,-37.000000,-2.000000
361.830000,424.621000,356.000000,112.000000,102.000000,350.000000,75.000000,100.000000,,-12.000000,0.000000,-6.000000,-37.000000,-2.000000
362.050000,424.841000,357.000000,111.000000,102.000000,350.000000,75.000000,100.000000,0.000000,0.000000,0.000000,-7.000000,-36.000000,-2.000000
362.150000,424.941000,358.000000,111.000000,102.000000,350.000000,75.000000,100.000000,0.000000,0.000000,0.000000,-8.000000,-36.000000,-2.000000
362.250000,425.041000,359.000000,110.000000,102.000000,350.000000,75.000000,100.000000,0.000000,0.000000,0.000000,-9.000000,-35.000000,-2.000000
362.350000,425.141000,360.000000,109.000000,102.000000,350.000000,75.000000,100.000000,0.000000,0.000000,0.000000,-10.000000,-34.000000,-2.000000
362.450000,425.241000,361.000000,109.000000,102.000000,350.000000,75.000000,100.000000,0.000000,0.000000,0.000000,-11.000000,-34.000000,-2.000000
362.550000,425.341000,362.000000,108.000000,102.000000,350.000000,75.000000,100.000000,0.000000,0.000000,0.000000,-12.000000,-33.000000,-2.000000
362.650000,425.441000,363.000000,108.000000,102.000000,350.000000,75.000000,100.000000,0.000000,0.000000,0.000000,-13.000000,-33.000000,-2.000000
362.750000,425.541000,363.000000,107.000000,102.000000,350.000000,75.000000,100.000000,0.000000,0.000000,0.000000,-13.000000,-32.000000,-2.000000
362.850000,425.641000,364.000000,107.000000,103.000000,350.000000,75.000000,100.000000,0.000000,0.000000,0.000000,-14.000000,-32.000000,-3.000000
362.950000,425.741000,365.000000,106.000000,103.000000,350.000000,75.000000,100.000000,0.000000,0.000000,0.000000,-15.000000,-31.000000,-3.000000
363.050000,425.841000,366.000000,105.000000,102.000000,350.000000,75.000000,100.000000,0.000000,0.000000,0.000000,-16.000000,-30.000000,-2.000000
363.250000,426.041000,367.000000,104.000000,102.000000,350.000000,75.000000,100.000000,0.000000,0.000000,0.000000,-17.000000,-29.000000,-2.000000
363.350000,426.141000,367.000000,103.000000,102.000000,350.000000,75.000000,100.000000,0.000000,0.000000,0.000000,-17.000000,-28.000000,-2.000000
363.450000,426.241000,368.000000,102.000000,102.000000,350.000000,75.000000,100.000000,0.000000,0.000000,0.000000,-18.000000,-27.000000,-2.000000
363.550000,426.341000,368.000000,101.000000,101.000000,350.000000,75.000000,100.000000,0.000000,0.000000,0.000000,-18.000000,-26.000000,-1.000000
363.650000,426.441000,368.000000,101.000000,102.000000,350.000000,75.000000,100.000000,0.000000,0.000000,0.000000,-18.000000,-26.000000,-2.000000
363.750000,426.541000,369.000000,99.000000,102.000000,350.000000,75.000000,100.000000,0.000000,0.000000,0.000000,-19.000000,-24.000000,-2.000000
363.950000,426.741000,370.000000,98.000000,102.000000,350.000000,75.000000,100.000000,0.000000,0.000000,0.000000,-20.000000,-23.000000,-2.000000
364.050000,426.841000,370.000000,97.000000,102.000000,350.000000,75.000000,100.000000,0.000000,0.000000,0.000000,-20.000000,-22.000000,-2.000000
364.150000,426.941000,371.000000,96.000000,101.000000,350.000000,75.000000,100.000000,0.000000,0.000000,0.000000,-21.000000,-21.000000,-1.000000
364.250000,427.041000,371.000000,95.000000,102.000000,350.000000,75.000000,100.000000,0.000000,0.000000,0.000000,-21.000000,-20.000000,-2.000000
364.350000,427.141000,372.000000,94.000000,102.000000,350.000000,75.000000,100.000000,0.000000,0.000000,0.000000,-22.000000,-19.000000,-2.000000
364.450000,427.241000,372.000000,93.000000,102.000000,350.000000,75.000000,100.000000,0.000000,0.000000,0.000000,-22.000000,-18.000000,-2.000000
364.550000,427.341000,373.000000,92.000000,101.000000,350.000000,75.000000,100.000000,0.000000,0.000000,0.000000,-23.000000,-17.000000,-1.000000
364.650000,427.441000,373.000000,91.000000,102.000000,350.000000,75.000000,100.000000,0.000000,0.000000,0.000000,-23.000000,-16.000000,-2.000000
364.750000,427.541000,373.000000,90.000000,102.000000,350.000000,75.000000,100.000000,0.000000,0.000000,0.000000,-23.000000,-15.000000,-2.000000
364.850000,427.641000,373.000000,89.000000,102.000000,350.000000,75.000000,100.000000,0.000000,0.000000,0.000000,-23.000000,-14.000000,-2.000000
364.950000,427.741000,373.000000,88.000000,102.000000,350.000000,75.000000,100.000000,0.000000,0.000000,0.000000,-23.000000,-13.000000,-2.000000
365.050000,427.841000,373.000000,87.000000,102.000000,350.000000,75.000000,100.000000,0.000000,0.000000,0.000000,-23.000000,-12.000000,-2.000000
365.150000,427.941000,373.000000,86.000000,102.000000,350.000000,75.000000,100.000000,0.000000,0.000000,0.000000,-23.000000,-11.000000,-2.000000
365.250000,428.041000,374.000000,85.000000,102.000000,350.000000,75.000000,100.000000,0.000000,0.000000,0.000000,-24.000000,-10.000000,-2.000000
365.350000,428.141000,373.000000,83.000000,102.000000,350.000000,75.000000,100.000000,0.000000,0.000000,0.000000,-23.000000,-8.000000,-2.000000
365.450000,428.241000,373.000000,82.000000,102.000000,350.000000,75.000000,100.000000,0.000000,0.000000,0.000000,-23.000000,-7.000000,-2.000000
365.550000,428.341000,374.000000,81.000000,102.000000,350.000000,75.000000,100.000000,0.000000,0.000000,0.000000,-24.000000,-6.000000,-2.000000
365.650000,428.441000,373.000000,79.000000,101.000000,350.000000,75.000000,100.000000,0.000000,0.000000,0.000000,-23.000000,-4.000000,-1.000000
365.750000,428.541000,373.000000,78.000000,101.000000,350.000000,75.000000,100.000000,0.000000,0.000000,0.000000,-23.000000,-3.000000,-1.000000
365.850000,428.641000,373.000000,77.000000,101.000000,350.000000,75.000000,100.000000,0.000000,0.000000,0.000000,-23.000000,-2.000000,-1.000000
365.950000,428.741000,373.000000,76.000000,101.000000,350.000000,75.000000,100.000000,0.000000,0.000000,0.000000,-23.000000,-1.000000,-1.000000
366.050000,428.841000,373.000000,75.000000,101.000000,350.000000,75.000000,100.000000,0.000000,0.000000,0.000000,-23.000000,0.000000,-1.000000
366.150000,428.941000,373.000000,74.000000,101.000000,350.000000,75.000000,100.000000,0.000000,0.000000,0.000000,-23.000000,1.000000,-1.000000
366.250000,429.041000,372.000000,74.000000,101.000000,350.000000,75.000000,100.000000,0.000000,0.000000,0.000000,-22.000000,1.000000,-1.000000
366.350000,429.141000,372.000000,73.000000,101.000000,350.000000,75.000000,100.000000,0.000000,0.000000,0.000000,-22.000000,2.000000,-1.000000
366.450000,429.241000,372.000000,72.000000,101.000000,350.000000,75.000000,100.000000,0.000000,0.000000,0.000000,-22.000000,3.000000,-1.000000
366.650000,429.441000,371.000000,71.000000,101.000000,350.000000,75.000000,100.000000,-4.000000,1.000000,0.000000,-21.000000,4.000000,-1.000000
366.750000,429.541000,371.000000,71.000000,100.000000,350.000000,75.000000,100.000000,-4.000000,1.000000,0.000000,-21.000000,4.000000,0.000000
366.850000,429.641000,371.000000,70.000000,100.000000,350.000000,75.000000,100.000000,-4.000000,2.000000,0.000000,-21.000000,5.000000,0.000000
367.050000,429.841000,371.000000,69.000000,100.000000,350.000000,75.000000,100.000000,-4.000000,2.000000,0.000000,-21.000000,6.000000,0.000000
367.250000,430.041000,370.000000,69.000000,101.000000,350.000000,75.000000,100.000000,-4.000000,2.000000,0.000000,-20.000000,6.000000,-1.000000
367.350000,430.141000,370.000000,68.000000,101.000000,350.000000,75.000000,100.000000,-4.000000,2.000000,0.000000,-20.000000,7.000000,-1.000000
367.450000,430.241000,369.000000,67.000000,101.000000,350.000000,75.000000,100.000000,-4.000000,2.000000,0.000000,-19.000000,8.000000,-1.000000
367.650000,430.441000,368.000000,66.000000,101.000000,350.000000,75.000000,100.000000,-4.000000,2.000000,0.000000,-18.000000,9.000000,-1.000000
367.750000,430.541000,368.000000,65.000000,101.000000,350.000000,75.000000,100.000000,-4.000000,2.000000,0.000000,-18.000000,10.000000,-1.000000
367.850000,430.641000,367.000000,64.000000,101.000000,350.000000,75.000000,100.000000,-3.000000,3.000000,0.000000,-17.000000,11.000000,-1.000000
367.950000,430.741000,367.000000,63.000000,101.000000,350.000000,75.000000,100.000000,-3.000000,3.000000,0.000000,-17.000000,12.000000,-1.000000
368.050000,430.841000,366.000000,62.000000,101.000000,350.000000,75.000000,100.000000,-3.000000,3.000000,0.000000,-16.000000,13.000000,-1.000000
368.250000,431.041000,365.000000,61.000000,101.000000,350.000000,75.000000,100.000000,-3.000000,3.000000,0.000000,-15.000000,14.000000,-1.000000
368.450000,431.241000,364.000000,60.000000,101.000000,350.000000,75.000000,100.000000,-3.000000,3.000000,0.000000,-14.000000,15.000000,-1.000000
368.550000,431.341000,363.000000,59.000000,101.000000,350.000000,75.000000,100.000000,-2.000000,4.000000,0.000000,-13.000000,16.000000,-1.000000
368.750000,431.541000,362.000000,59.000000,101.000000,350.000000,75.000000,100.000000,,4.000000,0.000000,-12.000000,16.000000,-1.000000
368.850000,431.641000,362.000000,58.000000,101.000000,350.000000,75.000000,100.000000,,4.000000,0.000000,-12.000000,17.000000,-1.000000
368.950000,431.741000,361.000000,58.000000,101.000000,350.000000,75.000000,100.000000,,4.000000,0.000000,-11.000000,17.000000,-1.000000
369.050000,431.841000,360.000000,57.000000,100.000000,350.000000,75.000000,100.000000,,4.000000,0.000000,-10.000000,18.000000,0.000000
369.150000,431.941000,359.000000,56.000000,100.000000,350.000000,75.000000,100.000000,,4.000000,0.000000,-9.000000,19.000000,0.000000
369.350000,432.141000,358.000000,56.000000,100.000000,350.000000,75.000000,100.000000,,4.000000,0.000000,-8.000000,19.000000,0.000000
369.450000,432.241000,357.000000,55.000000,100.000000,350.000000,75.000000,100.000000,,4.000000,0.000000,-7.000000,20.000000,0.000000
369.750000,432.541000,356.000000,55.000000,100.000000,350.000000,75.000000,100.000000,0.000000,4.000000,0.000000,-6.000000,20.000000,0.000000
369.850000,432.641000,356.000000,54.000000,100.000000,350.000000,75.000000,100.000000,0.000000,4.000000,0.000000,-6.000000,21.000000,0.000000
369.950000,432.741000,355.000000,54.000000,100.000000,350.000000,75.000000,100.000000,0.000000,4.000000,0.000000,-5.000000,21.000000,0.000000
370.050000,432.841000,354.000000,54.000000,100.000000,350.000000,75.000000,100.000000,0.000000,4.000000,0.000000,-4.000000,21.000000,0.000000
370.250000,433.041000,353.000000,53.000000,100.000000,350.000000,75.000000,100.000000,0.000000,5.000000,0.000000,-3.000000,22.000000,0.000000
370.450000,433.241000,352.000000,53.000000,100.000000,350.000000,75.000000,100.000000,0.000000,5.000000,0.000000,-2.000000,22.000000,0.000000
370.550000,433.341000,352.000000,54.000000,100.000000,350.000000,75.000000,100.000000,0.000000,4.000000,0.000000,-2.000000,21.000000,0.000000
370.650000,433.441000,351.000000,53.000000,99.000000,350.000000,75.000000,100.000000,0.000000,5.000000,0.000000,-1.000000,22.000000,1.000000
370.850000,433.641000,351.000000,54.000000,99.000000,350.000000,75.000000,100.000000,0.000000,4.000000,0.000000,-1.000000,21.000000,1.000000
370.950000,433.741000,350.000000,54.000000,99.000000,350.000000,75.000000,100.000000,0.000000,4.000000,0.000000,0.000000,21.000000,1.000000
371.050000,433.841000,350.000000,55.000000,99.000000,350.000000,75.000000,100.000000,0.000000,4.000000,0.000000,0.000000,20.000000,1.000000
371.170000,433.961000,350.000000,56.000000,99.000000,350.000000,75.000000,100.000000,0.000000,0.000000,0.000000,0.000000,19.000000,1.000000
371.270000,434.061000,349.000000,56.000000,99.000000,350.000000,75.000000,100.000000,0.000000,0.000000,0.000000,1.000000,19.000000,1.000000
371.470000,434.261000,348.000000,56.000000,99.000000,350.000000,75.000000,100.000000,0.000000,0.000000,0.000000,2.000000,19.000000,1.000000
371.770000,434.561000,347.000000,56.000000,99.000000,350.000000,75.000000,100.000000,0.000000,0.000000,0.000000,3.000000,19.000000,1.000000
371.970000,434.761000,346.000000,57.000000,100.000000,350.000000,75.000000,100.000000,0.000000,0.000000,0.000000,4.000000,18.000000,0.000000
372.270000,435.061000,345.000000,58.000000,100.000000,350.000000,75.000000,100.000000,0.000000,0.000000,0.000000,5.000000,17.000000,0.000000
372.470000,435.261000,344.000000,58.000000,100.000000,350.000000,75.000000,100.000000,0.000000,0.000000,0.000000,6.000000,17.000000,0.000000
372.570000,435.361000,344.000000,59.000000,100.000000,350.000000,75.000000,100.000000,0.000000,0.000000,0.000000,6.000000,16.000000,0.000000
372.670000,435.461000,343.000000,60.000000,100.000000,350.000000,75.000000,100.000000,0.000000,0.000000,0.000000,7.000000,15.000000,0.000000
372.770000,435.561000,342.000000,60.000000,100.000000,350.000000,75.000000,100.000000,0.000000,0.000000,0.000000,8.000000,15.000000,0.000000
372.870000,435.661000,341.000000,61.000000,100.000000,350.000000,75.000000,100.000000,0.000000,0.000000,0.000000,9.000000,14.000000,0.000000
373.070000,435.861000,340.000000,62.000000,100.000000,350.000000,75.000000,100.000000,0.000000,0.000000,0.000000,10.000000,13.000000,0.000000
373.170000,435.961000,339.000000,62.000000,100.000000,350.000000,75.000000,100.000000,0.000000,0.000000,0.000000,11.000000,13.000000,0.000000
373.270000,436.061000,339.000000,63.000000,100.000000,350.000000,75.000000,100.000000,0.000000,0.000000,0.000000,11.000000,12.000000,0.000000
373.370000,436.161000,338.000000,63.000000,100.000000,350.000000,75.000000,100.000000,0.000000,0.000000,0.000000,12.000000,12.000000,0.000000
373.470000,436.261000,337.000000,64.000000,100.000000,350.000000,75.000000,100.000000,0.000000,0.000000,0.000000,13.000000,11.000000,0.000000
373.570000,436.361000,337.000000,65.000000,101.000000,350.000000,75.000000,100.000000,0.000000,0.000000,0.000000,13.000000,10.000000,-1.000000
373.770000,436.561000,336.000000,65.000000,101.000000,350.000000,75.000000,100.000000,0.000000,0.000000,0.000000,14.000000,10.000000,-1.000000
373.870000,436.661000,336.000000,66.000000,101.000000,350.000000,75.000000,100.000000,0.000000,0.000000,0.000000,14.000000,9.000000,-1.000000
373.970000,436.761000,335.000000,66.000000,101.000000,350.000000,75.000000,100.000000,0.000000,0.000000,0.000000,15.000000,9.000000,-1.000000
374.070000,436.861000,334.000000,67.000000,101.000000,350.000000,75.000000,100.000000,0.000000,0.000000,0.000000,16.000000,8.000000,-1.000000
374.170000,436.961000,334.000000,68.000000,101.000000,350.000000,75.000000,100.000000,0.000000,0.000000,0.000000,16.000000,7.000000,-1.000000
374.270000,437.061000,333.000000,68.000000,101.000000,350.000000,75.000000,100.000000,0.000000,0.000000,0.000000,17.000000,7.000000,-1.000000
374.370000,437.161000,332.000000,69.000000,101.000000,350.000000,75.000000,100.000000,0.000000,0.000000,0.000000,18.000000,6.000000,-1.000000
374.470000,437.261000,331.000000,70.000000,101.000000,350.000000,75.000000,100.000000,0.000000,0.000000,0.000000,19.000000,5.000000,-1.000000
374.570000,437.361000,330.000000,71.000000,101.000000,350.000000,75.000000,100.000000,0.000000,0.000000,0.000000,20.000000,4.000000,-1.000000
374.670000,437.461000,329.000000,72.000000,101.000000,350.000000,75.000000,100.000000,0.000000,0.000000,0.000000,21.000000,3.000000,-1.000000
374.770000,437.561000,329.000000,73.000000,101.000000,350.000000,75.000000,100.000000,0.000000,0.000000,0.000000,21.000000,2.000000,-1.000000
374.870000,437.661000,329.000000,74.000000,101.000000,350.000000,75.000000,100.000000,0.000000,0.000000,0.000000,21.000000,1.000000,-1.000000
374.970000,437.761000,328.000000,75.000000,101.000000,350.000000,75.000000,100.000000,0.000000,0.000000,0.000000,22.000000,0.000000,-1.000000
375.070000,437.861000,328.000000,76.000000,101.000000,350.000000,75.000000,100.000000,0.000000,0.000000,0.000000,22.000000,-1.000000,-1.000000
375.170000,437.961000,327.000000,77.000000,101.000000,350.000000,75.000000,100.000000,0.000000,0.000000,0.000000,23.000000,-2.000000,-1.000000
375.270000,438.061000,327.000000,78.000000,101.000000,350.000000,75.000000,100.000000,0.000000,0.000000,0.000000,23.000000,-3.000000,-1.000000
375.370000,438.161000,327.000000,79.000000,101.000000,350.000000,75.000000,100.000000,0.000000,0.000000,0.000000,23.000000,-4.000000,-1.000000
375.470000,438.261000,327.000000,80.000000,101.000000,350.000000,75.000000,100.000000,0.000000,0.000000,0.000000,23.000000,-5.000000,-1.000000
375.570000,438.361000,326.000000,81.000000,101.000000,350.000000,75.000000,100.000000,0.000000,0.000000,0.000000,24.000000,-6.000000,-1.000000
375.670000,438.461000,326.000000,82.000000,102.000000,350.000000,75.000000,100.000000,0.000000,0.000000,0.000000,24.000000,-7.000000,-2.000000
375.770000,438.561000,325.000000,83.000000,102.000000,350.000000,75.000000,100.000000,0.000000,0.000000,0.000000,25.000000,-8.000000,-2.000000
375.870000,438.661000,325.000000,84.000000,102.000000,350.000000,75.000000,100.000000,0.000000,0.000000,0.000000,25.000000,-9.000000,-2.000000
375.970000,438.761000,324.000000,85.000000,102.000000,350.000000,75.000000,100.000000,0.000000,0.000000,0.000000,26.000000,-10.000000,-2.000000
376.070000,438.861000,324.000000,86.000000,102.000000,350.000000,75.000000,100.000000,0.000000,0.000000,0.000000,26.000000,-11.000000,-2.000000
376.170000,438.961000,323.000000,87.000000,102.000000,350.000000,75.000000,100.000000,0.000000,0.000000,0.000000,27.000000,-12.000000,-2.000000
376.370000,439.161000,322.000000,88.000000,102.000000,350.000000,75.000000,100.000000,9.000000,-3.000000,0.000000,28.000000,-13.000000,-2.000000
376.470000,439.261000,322.000000,89.000000,102.000000,350.000000,75.000000,100.000000,9.000000,-3.000000,0.000000,28.000000,-14.000000,-2.000000
376.570000,439.361000,322.000000,90.000000,102.000000,350.000000,75.000000,100.000000,9.000000,-3.000000,0.000000,28.000000,-15.000000,-2.000000
376.670000,439.461000,322.000000,91.000000,102.000000,350.000000,75.000000,100.000000,10.000000,-3.000000,0.000000,28.000000,-16.000000,-2.000000
376.770000,439.561000,321.000000,91.000000,102.000000,350.000000,75.000000,100.000000,10.000000,-3.000000,0.000000,29.000000,-16.000000,-2.000000
376.870000,439.661000,321.000000,92.000000,102.000000,350.000000,75.000000,100.000000,10.000000,-3.000000,0.000000,29.000000,-17.000000,-2.000000
376.970000,439.761000,320.000000,93.000000,102.000000,350.000000,75.000000,100.000000,10.000000,-4.000000,0.000000,30.000000,-18.000000,-2.000000
377.170000,439.961000,320.000000,94.000000,102.000000,350.000000,75.000000,100.000000,10.000000,-4.000000,0.000000,30.000000,-19.000000,-2.000000
377.270000,440.061000,319.000000,95.000000,102.000000,350.000000,75.000000,100.000000,10.000000,-4.000000,0.000000,31.000000,-20.000000,-2.000000
377.370000,440.161000,319.000000,96.000000,102.000000,350.000000,75.000000,100.000000,10.000000,-4.000000,0.000000,31.000000,-21.000000,-2.000000
377.570000,440.361000,318.000000,97.000000,102.000000,350.000000,75.000000,100.000000,11.000000,-4.000000,0.000000,32.000000,-22.000000,-2.000000
377.670000,440.461000,319.000000,97.000000,102.000000,350.000000,75.000000,100.000000,10.000000,-4.000000,0.000000,31.000000,-22.000000,-2.000000
377.870000,440.661000,319.000000,98.000000,102.000000,350.000000,75.000000,100.000000,10.000000,-4.000000,0.000000,31.000000,-23.000000,-2.000000
377.970000,440.761000,319.000000,99.000000,102.000000,350.000000,75.000000,100.000000,10.000000,-5.000000,0.000000,31.000000,-24.000000,-2.000000
378.070000,440.861000,318.000000,99.000000,102.000000,350.000000,75.000000,100.000000,11.000000,-5.000000,0.000000,32.000000,-24.000000,-2.000000
378.170000,440.961000,318.000000,100.000000,102.000000,350.000000,75.000000,100.000000,11.000000,-5.000000,0.000000,32.000000,-25.000000,-2.000000
378.270000,441.061000,318.000000,101.000000,102.000000,350.000000,75.000000,100.000000,11.000000,-8.000000,0.000000,32.000000,-26.000000,-2.000000
378.470000,441.261000,318.000000,102.000000,102.000000,350.000000,75.000000,100.000000,11.000000,-9.000000,0.000000,32.000000,-27.000000,-2.000000
378.670000,441.461000,319.000000,102.000000,102.000000,350.000000,75.000000,100.000000,10.000000,-9.000000,0.000000,31.000000,-27.000000,-2.000000
378.870000,441.661000,320.000000,102.000000,102.000000,350.000000,75.000000,100.000000,10.000000,-9.000000,0.000000,30.000000,-27.000000,-2.000000
378.970000,441.761000,321.000000,102.000000,102.000000,350.000000,75.000000,100.000000,10.000000,-9.000000,0.000000,29.000000,-27.000000,-2.000000
379.170000,441.961000,322.000000,103.000000,102.000000,350.000000,75.000000,100.000000,9.000000,-9.000000,0.000000,28.000000,-28.000000,-2.000000
379.370000,442.161000,323.000000,103.000000,102.000000,350.000000,75.000000,100.000000,9.000000,-9.000000,0.000000,27.000000,-28.000000,-2.000000
379.570000,442.361000,324.000000,103.000000,102.000000,350.000000,75.000000,100.000000,4.000000,-9.000000,0.000000,26.000000,-28.000000,-2.000000
379.670000,442.461000,325.000000,102.000000,102.000000,350.000000,75.000000,100.000000,4.000000,-9.000000,0.000000,25.000000,-27.000000,-2.000000
379.770000,442.561000,326.000000,102.000000,102.000000,350.000000,75.000000,100.000000,4.000000,-9.000000,0.000000,24.000000,-27.000000,-2.000000
379.970000,442.761000,327.000000,102.000000,102.000000,350.000000,75.000000,100.000000,3.000000,-9.000000,0.000000,23.000000,-27.000000,-2.000000
380.070000,442.861000,328.000000,101.000000,102.000000,350.000000,75.000000,100.000000,3.000000,-9.000000,0.000000,22.000000,-26.000000,-2.000000
380.270000,443.061000,329.000000,101.000000,102.000000,350.000000,75.000000,100.000000,3.000000,-9.000000,0.000000,21.000000,-26.000000,-2.000000
380.370000,443.161000,329.000000,100.000000,102.000000,350.000000,75.000000,100.000000,3.000000,-5.000000,0.000000,21.000000,-25.000000,-2.000000
380.470000,443.261000,330.000000,99.000000,102.000000,350.000000,75.000000,100.000000,3.000000,-5.000000,0.000000,20.000000,-24.000000,-2.000000
380.570000,443.361000,331.000000,99.000000,102.000000,350.000000,75.000000,100.000000,3.000000,-5.000000,0.000000,19.000000,-24.000000,-2.000000
380.670000,443.461000,332.000000,98.000000,102.000000,350.000000,75.000000,100.000000,3.000000,-4.000000,0.000000,18.000000,-23.000000,-2.000000
380.770000,443.561000,333.000000,98.000000,102.000000,350.000000,75.000000,100.000000,2.000000,-4.000000,0.000000,17.000000,-23.000000,-2.000000
380.870000,443.661000,334.000000,97.000000,102.000000,350.000000,75.000000,100.000000,2.000000,-4.000000,0.000000,16.000000,-22.000000,-2.000000
380.990000,443.781000,335.000000,97.000000,102.000000,350.000000,75.000000,100.000000,0.000000,0.000000,0.000000,15.000000,-22.000000,-2.000000
381.070000,443.861000,336.000000,96.000000,102.000000,350.000000,75.000000,100.000000,2.000000,-4.000000,0.000000,14.000000,-21.000000,-2.000000
381.190000,443.981000,337.000000,96.000000,102.000000,350.000000,75.000000,100.000000,0.000000,0.000000,0.000000,13.000000,-21.000000,-2.000000
381.290000,444.081000,338.000000,95.000000,101.000000,350.000000,75.000000,100.000000,0.000000,0.000000,0.000000,12.000000,-20.000000,-1.000000
381.390000,444.181000,339.000000,94.000000,101.000000,350.000000,75.000000,100.000000,0.000000,0.000000,0.000000,11.000000,-19.000000,-1.000000
381.490000,444.281000,340.000000,94.000000,101.000000,350.000000,75.000000,100.000000,0.000000,0.000000,0.000000,10.000000,-19.000000,-1.000000
381.590000,444.381000,341.000000,93.000000,101.000000,350.000000,75.000000,100.000000,0.000000,0.000000,0.000000,9.000000,-18.000000,-1.000000
381.690000,444.481000,342.000000,92.000000,101.000000,350.000000,75.000000,100.000000,0.000000,0.000000,0.000000,8.000000,-17.000000,-1.000000
381.790000,444.581000,343.000000,92.000000,101.000000,350.000000,75.000000,100.000000,0.000000,0.000000,0.000000,7.000000,-17.000000,-1.000000
381.890000,444.681000,344.000000,91.000000,101.000000,350.000000,75.000000,100.000000,0.000000,0.000000,0.000000,6.000000,-16.000000,-1.000000
381.990000,444.781000,345.000000,90.000000,101.000000,350.000000,75.000000,100.000000,0.000000,0.000000,0.000000,5.000000,-15.000000,-1.000000
382.090000,444.881000,346.000000,90.000000,101.000000,350.000000,75.000000,100.000000,0.000000,0.000000,0.000000,4.000000,-15.000000,-1.000000
382.190000,444.981000,347.000000,89.000000,101.000000,350.000000,75.000000,100.000000,0.000000,0.000000,0.000000,3.000000,-14.000000,-1.000000
382.290000,445.081000,349.000000,88.000000,101.000000,350.000000,75.000000,100.000000,0.000000,0.000000,0.000000,1.000000,-13.000000,-1.000000
382.390000,445.181000,350.000000,87.000000,101.000000,350.000000,75.000000,100.000000,0.000000,0.000000,0.000000,0.000000,-12.000000,-1.000000
382.490000,445.281000,352.000000,87.000000,101.000000,350.000000,75.000000,100.000000,0.000000,0.000000,0.000000,-2.000000,-12.000000,-1.000000
382.590000,445.381000,354.000000,86.000000,101.000000,350.000000,75.000000,100.000000,0.000000,0.000000,0.000000,-4.000000,-11.000000,-1.000000
382.690000,445.481000,355.000000,85.000000,101.000000,350.000000,75.000000,100.000000,0.000000,0.000000,0.000000,-5.000000,-10.000000,-1.000000
382.790000,445.581000,356.000000,84.000000,101.000000,350.000000,75.000000,100.000000,0.000000,0.000000,0.000000,-6.000000,-9.000000,-1.000000
382.890000,445.681000,357.000000,83.000000,101.000000,350.000000,75.000000,100.000000,0.000000,0.000000,0.000000,-7.000000,-8.000000,-1.000000
382.990000,445.781000,359.000000,82.000000,101.000000,350.000000,75.000000,100.000000,0.000000,0.000000,0.000000,-9.000000,-7.000000,-1.000000
383.090000,445.881000,360.000000,81.000000,101.000000,350.000000,75.000000,100.000000,0.000000,0.000000,0.000000,-10.000000,-6.000000,-1.000000
383.190000,445.981000,361.000000,80.000000,101.000000,350.000000,75.000000,100.000000,0.000000,0.000000,0.000000,-11.000000,-5.000000,-1.000000
383.290000,446.081000,362.000000,79.000000,101.000000,350.000000,75.000000,100.000000,0.000000,0.000000,0.000000,-12.000000,-4.000000,-1.000000
383.390000,446.181000,363.000000,78.000000,101.000000,350.000000,75.000000,100.000000,0.000000,0.000000,0.000000,-13.000000,-3.000000,-1.000000
383.490000,446.281000,364.000000,77.000000,101.000000,350.000000,75.000000,100.000000,0.000000,0.000000,0.000000,-14.000000,-2.000000,-1.000000
383.590000,446.381000,365.000000,76.000000,101.000000,350.000000,75.000000,100.000000,0.000000,0.000000,0.000000,-15.000000,-1.000000,-1.000000
383.690000,446.481000,365.000000,75.000000,101.000000,350.000000,75.000000,100.000000,0.000000,0.000000,0.000000,-15.000000,0.000000,-1.000000
383.790000,446.581000,366.000000,74.000000,101.000000,350.000000,75.000000,100.000000,0.000000,0.000000,0.000000,-16.000000,1.000000,-1.000000
383.890000,446.681000,367.000000,73.000000,101.000000,350.000000,75.000000,100.000000,0.000000,0.000000,0.000000,-17.000000,2.000000,-1.000000
383.990000,446.781000,368.000000,72.000000,101.000000,350.000000,75.000000,100.000000,0.000000,0.000000,0.000000,-18.000000,3.000000,-1.000000
384.090000,446.881000,369.000000,70.000000,101.000000,350.000000,75.000000,100.000000,0.000000,0.000000,0.000000,-19.000000,5.000000,-1.000000
384.190000,446.981000,370.000000,69.000000,101.000000,350.000000,75.000000,100.000000,0.000000,0.000000,0.000000,-20.000000,6.000000,-1.000000
384.290000,447.081000,371.000000,68.000000,101.000000,350.000000,75.000000,100.000000,0.000000,0.000000,0.000000,-21.000000,7.000000,-1.000000
384.390000,447.181000,373.000000,67.000000,101.000000,350.000000,75.000000,100.000000,0.000000,0.000000,0.000000,-23.000000,8.000000,-1.000000
384.490000,447.281000,374.000000,66.000000,101.000000,350.000000,75.000000,100.000000,0.000000,0.000000,0.000000,-24.000000,9.000000,-1.000000
384.590000,447.381000,375.000000,64.000000,101.000000,350.000000,75.000000,100.000000,0.000000,0.000000,0.000000,-25.000000,11.000000,-1.000000
384.690000,447.481000,376.000000,63.000000,101.000000,350.000000,75.000000,100.000000,0.000000,0.000000,0.000000,-26.000000,12.000000,-1.000000
384.790000,447.581000,377.000000,61.000000,101.000000,350.000000,75.000000,100.000000,0.000000,0.000000,0.000000,-27.000000,14.000000,-1.000000
384.890000,447.681000,379.000000,60.000000,100.000000,350.000000,75.000000,100.000000,0.000000,0.000000,0.000000,-29.000000,15.000000,0.000000
384.990000,447.781000,380.000000,60.000000,100.000000,350.000000,75.000000,100.000000,0.000000,0.000000,0.000000,-30.000000,15.000000,0.000000
385.090000,447.881000,382.000000,59.000000,100.000000,350.000000,75.000000,100.000000,0.000000,0.000000,0.000000,-32.000000,16.000000,0.000000
385.190000,447.981000,383.000000,58.000000,100.000000,350.000000,75.000000,100.000000,0.000000,0.000000,0.000000,-33.000000,17.000000,0.000000
385.290000,448.081000,384.000000,57.000000,100.000000,350.000000,75.000000,100.000000,0.000000,0.000000,0.000000,-34.000000,18.000000,0.000000
385.390000,448.181000,385.000000,55.000000,100.000000,350.000000,75.000000,100.000000,0.000000,0.000000,0.000000,-35.000000,20.000000,0.000000
385.490000,448.281000,386.000000,54.000000,100.000000,350.000000,75.000000,100.000000,0.000000,0.000000,0.000000,-36.000000,21.000000,0.000000
385.590000,448.381000,387.000000,53.000000,100.000000,350.000000,75.000000,100.000000,0.000000,0.000000,0.000000,-37.000000,22.000000,0.000000
385.690000,448.481000,387.000000,52.000000,100.000000,350.000000,75.000000,100.000000,0.000000,0.000000,0.000000,-37.000000,23.000000,0.000000
385.790000,448.581000,388.000000,51.000000,100.000000,350.000000,75.000000,100.000000,-13.000000,5.000000,0.000000,-38.000000,24.000000,0.000000
385.890000,448.681000,389.000000,50.000000,100.000000,350.000000,75.000000,100.000000,-13.000000,9.000000,0.000000,-39.000000,25.000000,0.000000
385.990000,448.781000,389.000000,49.000000,99.000000,350.000000,75.000000,100.000000,-13.000000,9.000000,0.000000,-39.000000,26.000000,1.000000
386.090000,448.881000,390.000000,48.000000,100.000000,350.000000,75.000000,100.000000,-14.000000,10.000000,0.000000,-40.000000,27.000000,0.000000
386.190000,448.981000,390.000000,47.000000,99.000000,350.000000,75.000000,100.000000,-14.000000,10.000000,0.000000,-40.000000,28.000000,1.000000
386.290000,449.081000,390.000000,46.000000,99.000000,350.000000,75.000000,100.000000,-14.000000,10.000000,0.000000,-40.000000,29.000000,1.000000
386.390000,449.181000,391.000000,46.000000,99.000000,350.000000,75.000000,100.000000,-14.000000,10.000000,0.000000,-41.000000,29.000000,1.000000
386.490000,449.281000,391.000000,45.000000,99.000000,350.000000,75.000000,100.000000,-14.000000,11.000000,0.000000,-41.000000,30.000000,1.000000
386.790000,449.581000,392.000000,45.000000,99.000000,350.000000,75.000000,100.000000,-14.000000,11.000000,0.000000,-42.000000,30.000000,1.000000
386.890000,449.681000,392.000000,44.000000,99.000000,350.000000,75.000000,100.000000,-14.000000,11.000000,0.000000,-42.000000,31.000000,1.000000
386.990000,449.781000,393.000000,44.000000,100.000000,350.000000,75.000000,100.000000,-15.000000,11.000000,0.000000,-43.000000,31.000000,0.000000
387.090000,449.881000,393.000000,43.000000,100.000000,350.000000,75.000000,100.000000,-15.000000,11.000000,0.000000,-43.000000,32.000000,0.000000
387.190000,449.981000,393.000000,42.000000,100.000000,350.000000,75.000000,100.000000,-15.000000,12.000000,0.000000,-43.000000,33.000000,0.000000
387.390000,450.181000,393.000000,41.000000,100.000000,350.000000,75.000000,100.000000,-15.000000,12.000000,0.000000,-43.000000,34.000000,0.000000
387.690000,450.481000,392.000000,40.000000,100.000000,350.000000,75.000000,100.000000,-14.000000,12.000000,0.000000,-42.000000,35.000000,0.000000
387.890000,450.681000,392.000000,40.000000,99.000000,350.000000,75.000000,100.000000,-14.000000,12.000000,0.000000,-42.000000,35.000000,1.000000
387.990000,450.781000,391.000000,40.000000,99.000000,350.000000,75.000000,100.000000,-14.000000,12.000000,0.000000,-41.000000,35.000000,1.000000
388.290000,451.081000,390.000000,40.000000,100.000000,350.000000,75.000000,100.000000,-14.000000,12.000000,0.000000,-40.000000,35.000000,0.000000
388.490000,451.281000,389.000000,40.000000,100.000000,350.000000,75.000000,100.000000,-13.000000,12.000000,0.000000,-39.000000,35.000000,0.000000
388.590000,451.381000,388.000000,40.000000,100.000000,350.000000,75.000000,100.000000,-13.000000,12.000000,0.000000,-38.000000,35.000000,0.000000
388.690000,451.481000,388.000000,39.000000,100.000000,350.000000,75.000000,100.000000,-13.000000,13.000000,0.000000,-38.000000,36.000000,0.000000
388.790000,451.581000,387.000000,39.000000,100.000000,350.000000,75.000000,100.000000,-12.000000,13.000000,0.000000,-37.000000,36.000000,0.000000
388.890000,451.681000,386.000000,39.000000,100.000000,350.000000,75.000000,100.000000,-12.000000,13.000000,0.000000,-36.000000,36.000000,0.000000
388.990000,451.781000,385.000000,39.000000,100.000000,350.000000,75.000000,100.000000,-12.000000,13.000000,0.000000,-35.000000,36.000000,0.000000
389.090000,451.881000,384.000000,39.000000,100.000000,350.000000,75.000000,100.000000,-11.000000,13.000000,0.000000,-34.000000,36.000000,0.000000
389.190000,451.981000,382.000000,39.000000,100.000000,350.000000,75.000000,100.000000,-11.000000,13.000000,0.000000,-32.000000,36.000000,0.000000
389.290000,452.081000,381.000000,39.000000,100.000000,350.000000,75.000000,100.000000,-11.000000,12.000000,0.000000,-31.000000,36.000000,0.000000
389.390000,452.181000,380.000000,40.000000,100.000000,350.000000,75.000000,100.000000,-10.000000,12.000000,0.000000,-30.000000,35.000000,0.000000
389.490000,452.281000,378.000000,41.000000,100.000000,350.000000,75.000000,100.000000,-9.000000,12.000000,0.000000,-28.000000,34.000000,0.000000
389.590000,452.381000,377.000000,42.000000,99.000000,350.000000,75.000000,100.000000,-9.000000,12.000000,0.000000,-27.000000,33.000000,1.000000
389.690000,452.481000,375.000000,43.000000,99.000000,350.000000,75.000000,100.000000,-4.000000,11.000000,0.000000,-25.000000,32.000000,1.000000
389.790000,452.581000,374.000000,44.000000,99.000000,350.000000,75.000000,100.000000,-4.000000,11.000000,0.000000,-24.000000,31.000000,1.000000
389.890000,452.681000,373.000000,45.000000,99.000000,350.000000,75.000000,100.000000,-3.000000,11.000000,0.000000,-23.000000,30.000000,1.000000
389.990000,452.781000,372.000000,45.000000,99.000000,350.000000,75.000000,100.000000,-3.000000,11.000000,0.000000,-22.000000,30.000000,1.000000
390.090000,452.881000,371.000000,46.000000,99.000000,350.000000,75.000000,100.000000,-3.000000,10.000000,0.000000,-21.000000,29.000000,1.000000
390.190000,452.981000,370.000000,46.000000,99.000000,350.000000,75.000000,100.000000,-3.000000,10.000000,0.000000,-20.000000,29.000000,1.000000
390.290000,453.081000,369.000000,47.000000,99.000000,350.000000,75.000000,100.000000,-3.000000,10.000000,0.000000,-19.000000,28.000000,1.000000
390.390000,453.181000,368.000000,47.000000,99.000000,350.000000,75.000000,100.000000,-3.000000,10.000000,0.000000,-18.000000,28.000000,1.000000
390.490000,453.281000,367.000000,48.000000,99.000000,350.000000,75.000000,100.000000,-2.000000,10.000000,0.000000,-17.000000,27.000000,1.000000
390.590000,453.381000,366.000000,49.000000,99.000000,350.000000,75.000000,100.000000,-2.000000,9.000000,0.000000,-16.000000,26.000000,1.000000
390.710000,453.501000,364.000000,50.000000,99.000000,350.000000,75.000000,100.000000,0.000000,0.000000,0.000000,-14.000000,25.000000,1.000000
390.910000,453.701000,362.000000,52.000000,99.000000,350.000000,75.000000,100.000000,0.000000,0.000000,0.000000,-12.000000,23.000000,1.000000
391.010000,453.801000,361.000000,54.000000,99.000000,350.000000,75.000000,100.000000,0.000000,0.000000,0.000000,-11.000000,21.000000,1.000000
391.110000,453.901000,360.000000,55.000000,99.000000,350.000000,75.000000,100.000000,0.000000,0.000000,0.000000,-10.000000,20.000000,1.000000
391.210000,454.001000,358.000000,57.000000,99.000000,350.000000,75.000000,100.000000,0.000000,0.000000,0.000000,-8.000000,18.000000,1.000000
391.310000,454.101000,357.000000,57.000000,99.000000,350.000000,75.000000,100.000000,0.000000,0.000000,0.000000,-7.000000,18.000000,1.000000
391.410000,454.201000,355.000000,58.000000,99.000000,350.000000,75.000000,100.000000,0.000000,0.000000,0.000000,-5.000000,17.000000,1.000000
391.510000,454.301000,354.000000,58.000000,99.000000,350.000000,75.000000,100.000000,0.000000,0.000000,0.000000,-4.000000,17.000000,1.000000
391.610000,454.401000,353.000000,59.000000,99.000000,350.000000,75.000000,100.000000,0.000000,0.000000,0.000000,-3.000000,16.000000,1.000000
391.710000,454.501000,351.000000,61.000000,99.000000,350.000000,75.000000,100.000000,0.000000,0.000000,0.000000,-1.000000,14.000000,1.000000
391.810000,454.601000,350.000000,62.000000,99.000000,350.000000,75.000000,100.000000,0.000000,0.000000,0.000000,0.000000,13.000000,1.000000
391.910000,454.701000,348.000000,62.000000,99.000000,350.000000,75.000000,100.000000,0.000000,0.000000,0.000000,2.000000,13.000000,1.000000
392.010000,454.801000,347.000000,63.000000,99.000000,350.000000,75.000000,100.000000,0.000000,0.000000,0.000000,3.000000,12.000000,1.000000
392.110000,454.901000,346.000000,64.000000,99.000000,350.000000,75.000000,100.000000,0.000000,0.000000,0.000000,4.000000,11.000000,1.000000
392.210000,455.001000,344.000000,65.000000,99.000000,350.000000,75.000000,100.000000,0.000000,0.000000,0.000000,6.000000,10.000000,1.000000
392.310000,455.101000,343.000000,66.000000,99.000000,350.000000,75.000000,100.000000,0.000000,0.000000,0.000000,7.000000,9.000000,1.000000
392.410000,455.201000,342.000000,66.000000,99.000000,350.000000,75.000000,100.000000,0.000000,0.000000,0.000000,8.000000,9.000000,1.000000
392.510000,455.301000,341.000000,67.000000,99.000000,350.000000,75.000000,100.000000,0.000000,0.000000,0.000000,9.000000,8.000000,1.000000
392.610000,455.401000,340.000000,68.000000,99.000000,350.000000,75.000000,100.000000,0.000000,0.000000,0.000000,10.000000,7.000000,1.000000
392.710000,455.501000,338.000000,68.000000,99.000000,350.000000,75.000000,100.000000,0.000000,0.000000,0.000000,12.000000,7.000000,1.000000
392.810000,455.601000,337.000000,69.000000,99.000000,350.000000,75.000000,100.000000,0.000000,0.000000,0.000000,13.000000,6.000000,1.000000
392.910000,455.701000,336.000000,70.000000,98.000000,350.000000,75.000000,100.000000,0.000000,0.000000,0.000000,14.000000,5.000000,2.000000
393.010000,455.801000,335.000000,71.000000,98.000000,350.000000,75.000000,100.000000,0.000000,0.000000,0.000000,15.000000,4.000000,2.000000
393.110000,455.901000,334.000000,72.000000,98.000000,350.000000,75.000000,100.000000,0.000000,0.000000,0.000000,16.000000,3.000000,2.000000
393.210000,456.001000,333.000000,73.000000,98.000000,350.000000,75.000000,100.000000,0.000000,0.000000,0.000000,17.000000,2.000000,2.000000
393.310000,456.101000,333.000000,74.000000,98.000000,350.000000,75.000000,100.000000,0.000000,0.000000,0.000000,17.000000,1.000000,2.000000
393.410000,456.201000,332.000000,76.000000,98.000000,350.000000,75.000000,100.000000,0.000000,0.000000,0.000000,18.000000,-1.000000,2.000000
393.510000,456.301000,330.000000,76.000000,98.000000,350.000000,75.000000,100.000000,0.000000,0.000000,0.000000,20.000000,-1.000000,2.000000
393.610000,456.401000,330.000000,77.000000,98.000000,350.000000,75.000000,100.000000,0.000000,0.000000,0.000000,20.000000,-2.000000,2.000000
393.710000,456.501000,329.000000,77.000000,99.000000,350.000000,75.000000,100.000000,0.000000,0.000000,0.000000,21.000000,-2.000000,1.000000
393.810000,456.601000,328.000000,78.000000,99.000000,350.000000,75.000000,100.000000,0.000000,0.000000,0.000000,22.000000,-3.000000,1.000000
393.910000,456.701000,327.000000,79.000000,99.000000,350.000000,75.000000,100.000000,0.000000,0.000000,0.000000,23.000000,-4.000000,1.000000
394.010000,456.801000,326.000000,80.000000,99.000000,350.000000,75.000000,100.000000,0.000000,0.000000,0.000000,24.000000,-5.000000,1.000000
394.110000,456.901000,325.000000,81.000000,99.000000,350.000000,75.000000,100.000000,0.000000,0.000000,0.000000,25.000000,-6.000000,1.000000
394.210000,457.001000,324.000000,82.000000,99.000000,350.000000,75.000000,100.000000,0.000000,0.000000,0.000000,26.000000,-7.000000,1.000000
394.310000,457.101000,323.000000,83.000000,99.000000,350.000000,75.000000,100.000000,0.000000,0.000000,0.000000,27.000000,-8.000000,1.000000
394.410000,457.201000,323.000000,83.000000,100.000000,350.000000,75.000000,100.000000,0.000000,0.000000,0.000000,27.000000,-8.000000,0.000000
394.510000,457.301000,322.000000,84.000000,100.000000,350.000000,75.000000,100.000000,0.000000,0.000000,0.000000,28.000000,-9.000000,0.000000
394.610000,457.401000,322.000000,85.000000,100.000000,350.000000,75.000000,100.000000,0.000000,0.000000,0.000000,28.000000,-10.000000,0.000000
394.710000,457.501000,322.000000,86.000000,100.000000,350.000000,75.000000,100.000000,0.000000,0.000000,0.000000,28.000000,-11.000000,0.000000
394.810000,457.601000,321.000000,87.000000,100.000000,350.000000,75.000000,100.000000,0.000000,0.000000,0.000000,29.000000,-12.000000,0.000000
395.110000,457.901000,320.000000,88.000000,100.000000,350.000000,75.000000,100.000000,0.000000,0.000000,0.000000,30.000000,-13.000000,0.000000
395.410000,458.201000,320.000000,89.000000,100.000000,350.000000,75.000000,100.000000,0.000000,0.000000,0.000000,30.000000,-14.000000,0.000000
395.910000,458.701000,320.000000,90.000000,100.000000,350.000000,75.000000,100.000000,10.000000,-3.000000,0.000000,30.000000,-15.000000,0.000000
396.210000,459.001000,320.000000,91.000000,100.000000,350.000000,75.000000,100.000000,10.000000,-3.000000,0.000000,30.000000,-16.000000,0.000000
396.310000,459.101000,321.000000,92.000000,100.000000,350.000000,75.000000,100.000000,10.000000,-3.000000,0.000000,29.000000,-17.000000,0.000000
396.510000,459.301000,322.000000,92.000000,100.000000,350.000000,75.000000,100.000000,9.000000,-3.000000,0.000000,28.000000,-17.000000,0.000000
396.710000,459.501000,323.000000,93.000000,100.000000,350.000000,75.000000,100.000000,9.000000,-4.000000,0.000000,27.000000,-18.000000,0.000000
396.910000,459.701000,324.000000,94.000000,100.000000,350.000000,75.000000,100.000000,5.000000,-4.000000,0.000000,26.000000,-19.000000,0.000000
397.010000,459.801000,325.000000,94.000000,100.000000,350.000000,75.000000,100.000000,5.000000,-4.000000,0.000000,25.000000,-19.000000,0.000000
397.110000,459.901000,326.000000,94.000000,101.000000,350.000000,75.000000,100.000000,5.000000,-4.000000,0.000000,24.000000,-19.000000,-1.000000
397.310000,460.101000,327.000000,94.000000,101.000000,350.000000,75.000000,100.000000,3.000000,-4.000000,0.000000,23.000000,-19.000000,-1.000000
397.510000,460.301000,328.000000,94.000000,101.000000,350.000000,75.000000,100.000000,3.000000,-4.000000,0.000000,22.000000,-19.000000,-1.000000
397.710000,460.501000,329.000000,94.000000,102.000000,350.000000,75.000000,100.000000,3.000000,-4.000000,0.000000,21.000000,-19.000000,-2.000000
397.810000,460.601000,330.000000,94.000000,102.000000,350.000000,75.000000,100.000000,3.000000,-4.000000,0.000000,20.000000,-19.000000,-2.000000
397.910000,460.701000,330.000000,93.000000,102.000000,350.000000,75.000000,100.000000,3.000000,-4.000000,0.000000,20.000000,-18.000000,-2.000000
398.010000,460.801000,331.000000,93.000000,102.000000,350.000000,75.000000,100.000000,3.000000,-4.000000,0.000000,19.000000,-18.000000,-2.000000
398.110000,460.901000,332.000000,93.000000,102.000000,350.000000,75.000000,100.000000,3.000000,-4.000000,0.000000,18.000000,-18.000000,-2.000000
398.210000,461.001000,333.000000,92.000000,102.000000,350.000000,75.000000,100.000000,3.000000,-3.000000,0.000000,17.000000,-17.000000,-2.000000
398.410000,461.201000,334.000000,91.000000,102.000000,350.000000,75.000000,100.000000,3.000000,-3.000000,0.000000,16.000000,-16.000000,-2.000000
398.510000,461.301000,335.000000,91.000000,102.000000,350.000000,75.000000,100.000000,3.000000,-3.000000,0.000000,15.000000,-16.000000,-2.000000
398.610000,461.401000,336.000000,91.000000,102.000000,350.000000,75.000000,100.000000,3.000000,-3.000000,0.000000,14.000000,-16.000000,-2.000000
398.710000,461.501000,337.000000,90.000000,102.000000,350.000000,75.000000,100.000000,3.000000,-3.000000,0.000000,13.000000,-15.000000,-2.000000
398.810000,461.601000,338.000000,90.000000,102.000000,350.000000,75.000000,100.000000,3.000000,-3.000000,0.000000,12.000000,-15.000000,-2.000000
398.910000,461.701000,339.000000,89.000000,102.000000,350.000000,75.000000,100.000000,1.000000,-3.000000,0.000000,11.000000,-14.000000,-2.000000
399.010000,461.801000,339.000000,88.000000,101.000000,350.000000,75.000000,100.000000,1.000000,-3.000000,0.000000,11.000000,-13.000000,-1.000000
399.110000,461.901000,340.000000,88.000000,101.000000,350.000000,75.000000,100.000000,1.000000,-3.000000,0.000000,10.000000,-13.000000,-1.000000
399.410000,462.201000,341.000000,87.000000,101.000000,350.000000,75.000000,100.000000,1.000000,-2.000000,0.000000,9.000000,-12.000000,-1.000000
399.610000,462.401000,342.000000,86.000000,101.000000,350.000000,75.000000,100.000000,1.000000,-2.000000,0.000000,8.000000,-11.000000,-1.000000
399.810000,462.601000,343.000000,85.000000,101.000000,350.000000,75.000000,100.000000,1.000000,-2.000000,0.000000,7.000000,-10.000000,-1.000000
400.010000,462.801000,344.000000,84.000000,101.000000,350.000000,75.000000,100.000000,0.000000,-2.000000,0.000000,6.000000,-9.000000,-1.000000
400.210000,463.001000,344.000000,83.000000,101.000000,350.000000,75.000000,100.000000,0.000000,-2.000000,0.000000,6.000000,-8.000000,-1.000000
400.310000,463.101000,345.000000,82.000000,100.000000,350.000000,125.000000,100.000000,1.000000,14.000000,0.000000,5.000000,43.000000,0.000000
400.410000,463.201000,346.000000,81.000000,100.000000,350.000000,125.000000,100.000000,1.000000,16.000000,0.000000,4.000000,44.000000,0.000000
400.630000,463.421000,347.000000,80.000000,100.000000,350.000000,125.000000,100.000000,0.000000,0.000000,0.000000,3.000000,45.000000,0.000000
400.730000,463.521000,348.000000,79.000000,100.000000,350.000000,125.000000,100.000000,0.000000,0.000000,0.000000,2.000000,46.000000,0.000000
400.830000,463.621000,348.000000,79.000000,99.000000,350.000000,125.000000,100.000000,0.000000,0.000000,0.000000,2.000000,46.000000,1.000000
400.930000,463.721000,349.000000,79.000000,99.000000,350.000000,125.000000,100.000000,0.000000,0.000000,0.000000,1.000000,46.000000,1.000000
401.030000,463.821000,350.000000,78.000000,100.000000,350.000000,125.000000,100.000000,0.000000,0.000000,0.000000,0.000000,47.000000,0.000000
401.130000,463.921000,351.000000,77.000000,99.000000,350.000000,125.000000,100.000000,0.000000,0.000000,0.000000,-1.000000,48.000000,1.000000
401.330000,464.121000,352.000000,76.000000,99.000000,350.000000,125.000000,100.000000,0.000000,0.000000,0.000000,-2.000000,49.000000,1.000000
401.430000,464.221000,353.000000,75.000000,99.000000,350.000000,125.000000,100.000000,0.000000,0.000000,0.000000,-3.000000,50.000000,1.000000
401.530000,464.321000,353.000000,74.000000,99.000000,350.000000,125.000000,100.000000,0.000000,0.000000,0.000000,-3.000000,51.000000,1.000000
401.630000,464.421000,354.000000,73.000000,99.000000,350.000000,125.000000,100.000000,0.000000,0.000000,0.000000,-4.000000,52.000000,1.000000
401.730000,464.521000,355.000000,72.000000,100.000000,350.000000,125.000000,100.000000,0.000000,0.000000,0.000000,-5.000000,53.000000,0.000000
401.930000,464.721000,356.000000,71.000000,100.000000,350.000000,125.000000,100.000000,0.000000,0.000000,0.000000,-6.000000,54.000000,0.000000
402.030000,464.821000,357.000000,71.000000,100.000000,350.000000,125.000000,100.000000,0.000000,0.000000,0.000000,-7.000000,54.000000,0.000000
402.230000,465.021000,358.000000,71.000000,100.000000,350.000000,125.000000,100.000000,0.000000,0.000000,0.000000,-8.000000,54.000000,0.000000
402.330000,465.121000,359.000000,70.000000,100.000000,350.000000,125.000000,100.000000,0.000000,0.000000,0.000000,-9.000000,55.000000,0.000000
402.430000,465.221000,360.000000,70.000000,100.000000,350.000000,125.000000,100.000000,0.000000,0.000000,0.000000,-10.000000,55.000000,0.000000
402.530000,465.321000,360.000000,69.000000,100.000000,350.000000,125.000000,100.000000,0.000000,0.000000,0.000000,-10.000000,56.000000,0.000000
402.630000,465.421000,361.000000,69.000000,100.000000,350.000000,125.000000,100.000000,0.000000,0.000000,0.000000,-11.000000,56.000000,0.000000
402.730000,465.521000,362.000000,68.000000,100.000000,350.000000,125.000000,100.000000,0.000000,0.000000,0.000000,-12.000000,57.000000,0.000000
402.930000,465.721000,363.000000,68.000000,100.000000,350.000000,125.000000,100.000000,0.000000,0.000000,0.000000,-13.000000,57.000000,0.000000
403.130000,465.921000,364.000000,67.000000,101.000000,350.000000,125.000000,100.000000,0.000000,0.000000,0.000000,-14.000000,58.000000,-1.000000
403.230000,466.021000,365.000000,67.000000,101.000000,350.000000,125.000000,100.000000,0.000000,0.000000,0.000000,-15.000000,58.000000,-1.000000
403.430000,466.221000,366.000000,67.000000,101.000000,350.000000,125.000000,100.000000,0.000000,0.000000,0.000000,-16.000000,58.000000,-1.000000
403.530000,466.321000,366.000000,68.000000,101.000000,350.000000,125.000000,100.000000,0.000000,0.000000,0.000000,-16.000000,57.000000,-1.000000
403.730000,466.521000,366.000000,69.000000,101.000000,350.000000,125.000000,100.000000,0.000000,0.000000,0.000000,-16.000000,56.000000,-1.000000
403.830000,466.621000,367.000000,70.000000,100.000000,350.000000,125.000000,100.000000,0.000000,0.000000,0.000000,-17.000000,55.000000,0.000000
403.930000,466.721000,368.000000,71.000000,100.000000,350.000000,125.000000,100.000000,0.000000,0.000000,0.000000,-18.000000,54.000000,0.000000
404.030000,466.821000,368.000000,72.000000,100.000000,350.000000,125.000000,100.000000,0.000000,0.000000,0.000000,-18.000000,53.000000,0.000000
404.130000,466.921000,369.000000,73.000000,100.000000,350.000000,125.000000,100.000000,0.000000,0.000000,0.000000,-19.000000,52.000000,0.000000
404.230000,467.021000,369.000000,74.000000,100.000000,350.000000,125.000000,100.000000,0.000000,0.000000,0.000000,-19.000000,51.000000,0.000000
404.330000,467.121000,370.000000,75.000000,100.000000,350.000000,125.000000,100.000000,0.000000,0.000000,0.000000,-20.000000,50.000000,0.000000
404.530000,467.321000,370.000000,76.000000,100.000000,350.000000,125.000000,100.000000,0.000000,0.000000,0.000000,-20.000000,49.000000,0.000000
404.630000,467.421000,371.000000,76.000000,101.000000,350.000000,125.000000,100.000000,0.000000,0.000000,0.000000,-21.000000,49.000000,-1.000000
404.830000,467.621000,372.000000,76.000000,101.000000,350.000000,125.000000,100.000000,0.000000,0.000000,0.000000,-22.000000,49.000000,-1.000000
404.930000,467.721000,372.000000,77.000000,101.000000,350.000000,125.000000,100.000000,0.000000,0.000000,0.000000,-22.000000,48.000000,-1.000000
405.030000,467.821000,373.000000,78.000000,101.000000,350.000000,125.000000,100.000000,0.000000,0.000000,0.000000,-23.000000,47.000000,-1.000000
405.130000,467.921000,374.000000,79.000000,101.000000,350.000000,125.000000,100.000000,0.000000,0.000000,0.000000,-24.000000,46.000000,-1.000000
405.230000,468.021000,374.000000,80.000000,101.000000,350.000000,125.000000,100.000000,0.000000,0.000000,0.000000,-24.000000,45.000000,-1.000000
405.330000,468.121000,374.000000,82.000000,102.000000,350.000000,125.000000,100.000000,0.000000,0.000000,0.000000,-24.000000,43.000000,-2.000000
405.430000,468.221000,375.000000,83.000000,101.000000,350.000000,125.000000,100.000000,0.000000,0.000000,0.000000,-25.000000,42.000000,-1.000000
405.530000,468.321000,375.000000,84.000000,101.000000,350.000000,125.000000,100.000000,0.000000,0.000000,0.000000,-25.000000,41.000000,-1.000000
405.630000,468.421000,375.000000,85.000000,101.000000,350.000000,125.000000,100.000000,0.000000,0.000000,0.000000,-25.000000,40.000000,-1.000000
405.730000,468.521000,376.000000,87.000000,101.000000,350.000000,125.000000,100.000000,-4.000000,14.000000,0.000000,-26.000000,38.000000,-1.000000
405.830000,468.621000,377.000000,88.000000,101.000000,350.000000,125.000000,100.000000,-9.000000,13.000000,0.000000,-27.000000,37.000000,-1.000000
405.930000,468.721000,377.000000,89.000000,102.000000,350.000000,125.000000,100.000000,-9.000000,13.000000,0.000000,-27.000000,36.000000,-2.000000
406.030000,468.821000,378.000000,89.000000,102.000000,350.000000,125.000000,100.000000,-9.000000,13.000000,0.000000,-28.000000,36.000000,-2.000000
406.130000,468.921000,378.000000,90.000000,102.000000,350.000000,125.000000,100.000000,-9.000000,12.000000,0.000000,-28.000000,35.000000,-2.000000
406.230000,469.021000,378.000000,91.000000,102.000000,350.000000,125.000000,100.000000,-9.000000,12.000000,0.000000,-28.000000,34.000000,-2.000000
406.330000,469.121000,378.000000,92.000000,102.000000,350.000000,125.000000,100.000000,-9.000000,12.000000,0.000000,-28.000000,33.000000,-2.000000
406.430000,469.221000,379.000000,93.000000,102.000000,350.000000,125.000000,100.000000,-10.000000,11.000000,0.000000,-29.000000,32.000000,-2.000000
406.530000,469.321000,379.000000,95.000000,101.000000,350.000000,125.000000,100.000000,-10.000000,10.000000,0.000000,-29.000000,30.000000,-1.000000
406.630000,469.421000,379.000000,96.000000,101.000000,350.000000,125.000000,100.000000,-10.000000,10.000000,0.000000,-29.000000,29.000000,-1.000000
406.730000,469.521000,379.000000,98.000000,101.000000,350.000000,125.000000,100.000000,-10.000000,10.000000,0.000000,-29.000000,27.000000,-1.000000
406.830000,469.621000,379.000000,99.000000,101.000000,350.000000,125.000000,100.000000,-10.000000,9.000000,0.000000,-29.000000,26.000000,-1.000000
406.930000,469.721000,379.000000,100.000000,101.000000,350.000000,125.000000,100.000000,-10.000000,9.000000,0.000000,-29.000000,25.000000,-1.000000
407.030000,469.821000,379.000000,101.000000,102.000000,350.000000,125.000000,100.000000,-10.000000,5.000000,0.000000,-29.000000,24.000000,-2.000000
407.130000,469.921000,379.000000,103.000000,102.000000,350.000000,125.000000,100.000000,-10.000000,5.000000,0.000000,-29.000000,22.000000,-2.000000
407.230000,470.021000,379.000000,104.000000,102.000000,350.000000,125.000000,100.000000,-10.000000,4.000000,0.000000,-29.000000,21.000000,-2.000000
407.330000,470.121000,378.000000,106.000000,102.000000,350.000000,125.000000,100.000000,-9.000000,4.000000,0.000000,-28.000000,19.000000,-2.000000
407.430000,470.221000,378.000000,108.000000,102.000000,350.000000,125.000000,100.000000,-9.000000,4.000000,0.000000,-28.000000,17.000000,-2.000000
407.530000,470.321000,377.000000,109.000000,102.000000,350.000000,125.000000,100.000000,-9.000000,4.000000,0.000000,-27.000000,16.000000,-2.000000
407.630000,470.421000,377.000000,111.000000,102.000000,350.000000,125.000000,100.000000,-9.000000,3.000000,0.000000,-27.000000,14.000000,-2.000000
407.730000,470.521000,377.000000,112.000000,102.000000,350.000000,125.000000,100.000000,-9.000000,3.000000,0.000000,-27.000000,13.000000,-2.000000
407.830000,470.621000,376.000000,114.000000,102.000000,350.000000,125.000000,100.000000,-5.000000,3.000000,0.000000,-26.000000,11.000000,-2.000000
407.930000,470.721000,376.000000,115.000000,101.000000,350.000000,125.000000,100.000000,-5.000000,2.000000,0.000000,-26.000000,10.000000,-1.000000
408.030000,470.821000,376.000000,118.000000,101.000000,350.000000,125.000000,100.000000,-5.000000,2.000000,0.000000,-26.000000,7.000000,-1.000000
408.130000,470.921000,375.000000,120.000000,102.000000,350.000000,125.000000,100.000000,-5.000000,2.000000,0.000000,-25.000000,5.000000,-2.000000
408.230000,471.021000,374.000000,121.000000,101.000000,350.000000,125.000000,100.000000,-5.000000,1.000000,0.000000,-24.000000,4.000000,-1.000000
408.330000,471.121000,374.000000,123.000000,102.000000,350.000000,125.000000,100.000000,-5.000000,1.000000,0.000000,-24.000000,2.000000,-2.000000
408.430000,471.221000,373.000000,124.000000,102.000000,350.000000,125.000000,100.000000,-4.000000,1.000000,0.000000,-23.000000,1.000000,-2.000000
408.530000,471.321000,373.000000,125.000000,102.000000,350.000000,125.000000,100.000000,-4.000000,1.000000,0.000000,-23.000000,0.000000,-2.000000
408.630000,471.421000,372.000000,127.000000,102.000000,350.000000,125.000000,100.000000,-4.000000,0.000000,0.000000,-22.000000,-2.000000,-2.000000
408.730000,471.521000,372.000000,128.000000,102.000000,350.000000,125.000000,100.000000,-4.000000,0.000000,0.000000,-22.000000,-3.000000,-2.000000
408.830000,471.621000,371.000000,130.000000,102.000000,350.000000,125.000000,100.000000,-4.000000,0.000000,0.000000,-21.000000,-5.000000,-2.000000
408.930000,471.721000,371.000000,132.000000,102.000000,350.000000,125.000000,100.000000,-4.000000,,0.000000,-21.000000,-7.000000,-2.000000
409.030000,471.821000,370.000000,134.000000,103.000000,350.000000,125.000000,100.000000,-4.000000,,0.000000,-20.000000,-9.000000,-3.000000
409.130000,471.921000,369.000000,135.000000,103.000000,350.000000,125.000000,100.000000,-4.000000,,0.000000,-19.000000,-10.000000,-3.000000
409.230000,472.021000,369.000000,137.000000,103.000000,350.000000,125.000000,100.000000,-4.000000,,0.000000,-19.000000,-12.000000,-3.000000
409.330000,472.121000,368.000000,139.000000,103.000000,350.000000,125.000000,100.000000,-4.000000,-2.000000,0.000000,-18.000000,-14.000000,-3.000000
409.430000,472.221000,368.000000,140.000000,103.000000,350.000000,125.000000,100.000000,-4.000000,-2.000000,0.000000,-18.000000,-15.000000,-3.000000
409.530000,472.321000,367.000000,142.000000,102.000000,350.000000,125.000000,100.000000,-3.000000,-3.000000,0.000000,-17.000000,-17.000000,-2.000000
409.630000,472.421000,366.000000,143.000000,102.000000,350.000000,125.000000,100.000000,-3.000000,-4.000000,0.000000,-16.000000,-18.000000,-2.000000
409.730000,472.521000,365.000000,144.000000,102.000000,350.000000,125.000000,100.000000,-3.000000,-4.000000,0.000000,-15.000000,-19.000000,-2.000000
409.830000,472.621000,364.000000,146.000000,102.000000,350.000000,125.000000,100.000000,-3.000000,-4.000000,0.000000,-14.000000,-21.000000,-2.000000
409.930000,472.721000,363.000000,147.000000,102.000000,350.000000,125.000000,100.000000,-3.000000,-4.000000,0.000000,-13.000000,-22.000000,-2.000000
410.030000,472.821000,362.000000,148.000000,102.000000,350.000000,125.000000,100.000000,-2.000000,-4.000000,0.000000,-12.000000,-23.000000,-2.000000
410.130000,472.921000,361.000000,149.000000,102.000000,350.000000,125.000000,100.000000,-2.000000,-5.000000,0.000000,-11.000000,-24.000000,-2.000000
410.230000,473.021000,360.000000,151.000000,102.000000,350.000000,125.000000,100.000000,-2.000000,-8.000000,0.000000,-10.000000,-26.000000,-2.000000
410.330000,473.121000,359.000000,153.000000,102.000000,350.000000,125.000000,100.000000,-2.000000,-9.000000,0.000000,-9.000000,-28.000000,-2.000000
410.430000,473.221000,358.000000,154.000000,102.000000,350.000000,125.000000,100.000000,-2.000000,-10.000000,0.000000,-8.000000,-29.000000,-2.000000
410.530000,473.321000,357.000000,156.000000,102.000000,350.000000,125.000000,100.000000,-2.000000,-10.000000,0.000000,-7.000000,-31.000000,-2.000000
410.650000,473.441000,355.000000,158.000000,102.000000,350.000000,125.000000,100.000000,0.000000,0.000000,0.000000,-5.000000,-33.000000,-2.000000
410.730000,473.521000,354.000000,159.000000,102.000000,350.000000,125.000000,100.000000,,-11.000000,0.000000,-4.000000,-34.000000,-2.000000
410.850000,473.641000,352.000000,161.000000,102.000000,350.000000,125.000000,100.000000,0.000000,0.000000,0.000000,-2.000000,-36.000000,-2.000000
410.950000,473.741000,351.000000,162.000000,103.000000,350.000000,125.000000,100.000000,0.000000,0.000000,0.000000,-1.000000,-37.000000,-3.000000
411.050000,473.841000,350.000000,163.000000,103.000000,350.000000,125.000000,100.000000,0.000000,0.000000,0.000000,0.000000,-38.000000,-3.000000
411.150000,473.941000,349.000000,164.000000,103.000000,350.000000,125.000000,100.000000,0.000000,0.000000,0.000000,1.000000,-39.000000,-3.000000
411.250000,474.041000,347.000000,165.000000,103.000000,350.000000,125.000000,100.000000,0.000000,0.000000,0.000000,3.000000,-40.000000,-3.000000
411.350000,474.141000,346.000000,166.000000,103.000000,350.000000,125.000000,100.000000,0.000000,0.000000,0.000000,4.000000,-41.000000,-3.000000
411.550000,474.341000,344.000000,167.000000,103.000000,350.000000,125.000000,100.000000,0.000000,0.000000,0.000000,6.000000,-42.000000,-3.000000
411.650000,474.441000,343.000000,168.000000,103.000000,350.000000,125.000000,100.000000,0.000000,0.000000,0.000000,7.000000,-43.000000,-3.000000
411.750000,474.541000,342.000000,169.000000,103.000000,350.000000,125.000000,100.000000,0.000000,0.000000,0.000000,8.000000,-44.000000,-3.000000
411.850000,474.641000,341.000000,169.000000,104.000000,350.000000,125.000000,100.000000,0.000000,0.000000,0.000000,9.000000,-44.000000,-4.000000
411.950000,474.741000,340.000000,170.000000,104.000000,350.000000,125.000000,100.000000,0.000000,0.000000,,10.000000,-45.000000,-4.000000
412.050000,474.841000,338.000000,171.000000,104.000000,350.000000,125.000000,100.000000,0.000000,0.000000,0.000000,12.000000,-46.000000,-4.000000
412.150000,474.941000,336.000000,171.000000,104.000000,350.000000,125.000000,100.000000,0.000000,0.000000,0.000000,14.000000,-46.000000,-4.000000
412.250000,475.041000,335.000000,171.000000,104.000000,350.000000,125.000000,100.000000,0.000000,0.000000,,15.000000,-46.000000,-4.000000
412.350000,475.141000,333.000000,172.000000,104.000000,350.000000,125.000000,100.000000,0.000000,0.000000,,17.000000,-47.000000,-4.000000
412.450000,475.241000,332.000000,172.000000,104.000000,350.000000,125.000000,100.000000,0.000000,0.000000,0.000000,18.000000,-47.000000,-4.000000
412.550000,475.341000,331.000000,173.000000,104.000000,350.000000,125.000000,100.000000,0.000000,0.000000,,19.000000,-48.000000,-4.000000
412.650000,475.441000,329.000000,173.000000,104.000000,350.000000,125.000000,100.000000,0.000000,0.000000,,21.000000,-48.000000,-4.000000
412.750000,475.541000,328.000000,173.000000,104.000000,350.000000,125.000000,100.000000,0.000000,0.000000,,22.000000,-48.000000,-4.000000
412.850000,475.641000,327.000000,173.000000,104.000000,350.000000,125.000000,100.000000,0.000000,0.000000,,23.000000,-48.000000,-4.000000
412.950000,475.741000,325.000000,173.000000,104.000000,350.000000,125.000000,100.000000,0.000000,0.000000,,25.000000,-48.000000,-4.000000
413.050000,475.841000,324.000000,174.000000,104.000000,350.000000,125.000000,100.000000,0.000000,0.000000,,26.000000,-49.000000,-4.000000
413.150000,475.941000,322.000000,174.000000,104.000000,350.000000,125.000000,100.000000,0.000000,0.000000,,28.000000,-49.000000,-4.000000
413.250000,476.041000,321.000000,174.000000,104.000000,350.000000,125.000000,100.000000,0.000000,0.000000,,29.000000,-49.000000,-4.000000
413.350000,476.141000,320.000000,174.000000,104.000000,350.000000,125.000000,100.000000,0.000000,0.000000,,30.000000,-49.000000,-4.000000
413.450000,476.241000,318.000000,174.000000,104.000000,350.000000,125.000000,100.000000,0.000000,0.000000,,32.000000,-49.000000,-4.000000
413.550000,476.341000,317.000000,174.000000,104.000000,350.000000,125.000000,100.000000,0.000000,0.000000,0.000000,33.000000,-49.000000,-4.000000
413.650000,476.441000,316.000000,174.000000,104.000000,350.000000,125.000000,100.000000,0.000000,0.000000,,34.000000,-49.000000,-4.000000
413.750000,476.541000,315.000000,174.000000,104.000000,350.000000,125.000000,100.000000,0.000000,0.000000,0.000000,35.000000,-49.000000,-4.000000
413.850000,476.641000,314.000000,173.000000,104.000000,350.000000,125.000000,100.000000,0.000000,0.000000,0.000000,36.000000,-48.000000,-4.000000
413.950000,476.741000,313.000000,173.000000,104.000000,350.000000,125.000000,100.000000,0.000000,0.000000,,37.000000,-48.000000,-4.000000
414.050000,476.841000,311.000000,172.000000,103.000000,350.000000,125.000000,100.000000,0.000000,0.000000,0.000000,39.000000,-47.000000,-3.000000
414.150000,476.941000,310.000000,171.000000,103.000000,350.000000,125.000000,100.000000,0.000000,0.000000,0.000000,40.000000,-46.000000,-3.000000
414.250000,477.041000,310.000000,170.000000,103.000000,350.000000,125.000000,100.000000,0.000000,0.000000,0.000000,40.000000,-45.000000,-3.000000
414.350000,477.141000,309.000000,169.000000,102.000000,350.000000,125.000000,100.000000,0.000000,0.000000,0.000000,41.000000,-44.000000,-2.000000
414.450000,477.241000,308.000000,169.000000,102.000000,350.000000,125.000000,100.000000,0.000000,0.000000,0.000000,42.000000,-44.000000,-2.000000
414.550000,477.341000,306.000000,168.000000,102.000000,350.000000,125.000000,100.000000,0.000000,0.000000,0.000000,44.000000,-43.000000,-2.000000
414.650000,477.441000,306.000000,167.000000,102.000000,350.000000,125.000000,100.000000,0.000000,0.000000,0.000000,44.000000,-42.000000,-2.000000
414.750000,477.541000,305.000000,167.000000,102.000000,350.000000,125.000000,100.000000,0.000000,0.000000,0.000000,45.000000,-42.000000,-2.000000
414.850000,477.641000,305.000000,166.000000,102.000000,350.000000,125.000000,100.000000,0.000000,0.000000,0.000000,45.000000,-41.000000,-2.000000
414.950000,477.741000,304.000000,165.000000,102.000000,350.000000,125.000000,100.000000,0.000000,0.000000,0.000000,46.000000,-40.000000,-2.000000
415.050000,477.841000,304.000000,164.000000,102.000000,350.000000,125.000000,100.000000,0.000000,0.000000,0.000000,46.000000,-39.000000,-2.000000
415.150000,477.941000,303.000000,163.000000,102.000000,350.000000,125.000000,100.000000,0.000000,0.000000,0.000000,47.000000,-38.000000,-2.000000
415.250000,478.041000,303.000000,162.000000,102.000000,350.000000,125.000000,100.000000,0.000000,0.000000,0.000000,47.000000,-37.000000,-2.000000
415.350000,478.141000,302.000000,161.000000,102.000000,350.000000,125.000000,100.000000,0.000000,0.000000,0.000000,48.000000,-36.000000,-2.000000
415.450000,478.241000,302.000000,160.000000,102.000000,350.000000,125.000000,100.000000,0.000000,0.000000,0.000000,48.000000,-35.000000,-2.000000
415.550000,478.341000,301.000000,159.000000,102.000000,350.000000,125.000000,100.000000,0.000000,0.000000,0.000000,49.000000,-34.000000,-2.000000
415.650000,478.441000,301.000000,158.000000,102.000000,350.000000,125.000000,100.000000,0.000000,0.000000,0.000000,49.000000,-33.000000,-2.000000
415.750000,478.541000,301.000000,156.000000,102.000000,350.000000,125.000000,100.000000,0.000000,0.000000,0.000000,49.000000,-31.000000,-2.000000
415.850000,478.641000,301.000000,155.000000,102.000000,350.000000,125.000000,100.000000,17.000000,-10.000000,0.000000,49.000000,-30.000000,-2.000000
415.950000,478.741000,300.000000,153.000000,102.000000,350.000000,125.000000,100.000000,17.000000,-9.000000,0.000000,50.000000,-28.000000,-2.000000
416.050000,478.841000,300.000000,151.000000,102.000000,350.000000,125.000000,100.000000,17.000000,-9.000000,0.000000,50.000000,-26.000000,-2.000000
416.150000,478.941000,301.000000,149.000000,102.000000,350.000000,125.000000,100.000000,17.000000,-5.000000,0.000000,49.000000,-24.000000,-2.000000
416.250000,479.041000,301.000000,147.000000,102.000000,350.000000,125.000000,100.000000,17.000000,-4.000000,0.000000,49.000000,-22.000000,-2.000000
416.350000,479.141000,301.000000,145.000000,102.000000,350.000000,125.000000,100.000000,17.000000,-4.000000,0.000000,49.000000,-20.000000,-2.000000
416.450000,479.241000,301.000000,143.000000,102.000000,350.000000,125.000000,100.000000,17.000000,-4.000000,0.000000,49.000000,-18.000000,-2.000000
416.550000,479.341000,301.000000,142.000000,101.000000,350.000000,125.000000,100.000000,17.000000,-3.000000,0.000000,49.000000,-17.000000,-1.000000
416.650000,479.441000,302.000000,140.000000,101.000000,350.000000,125.000000,100.000000,16.000000,-3.000000,0.000000,48.000000,-15.000000,-1.000000
416.750000,479.541000,301.000000,138.000000,101.000000,350.000000,125.000000,100.000000,17.000000,-3.000000,0.000000,49.000000,-13.000000,-1.000000
416.850000,479.641000,302.000000,137.000000,101.000000,350.000000,125.000000,100.000000,16.000000,-2.000000,0.000000,48.000000,-12.000000,-1.000000
416.950000,479.741000,301.000000,135.000000,101.000000,350.000000,125.000000,100.000000,17.000000,-2.000000,0.000000,49.000000,-10.000000,-1.000000
417.050000,479.841000,301.000000,134.000000,101.000000,350.000000,125.000000,100.000000,17.000000,-2.000000,0.000000,49.000000,-9.000000,-1.000000
417.150000,479.941000,302.000000,132.000000,101.000000,350.000000,125.000000,100.000000,16.000000,-2.000000,0.000000,48.000000,-7.000000,-1.000000
417.250000,480.041000,302.000000,131.000000,101.000000,350.000000,125.000000,100.000000,16.000000,,0.000000,48.000000,-6.000000,-1.000000
417.350000,480.141000,302.000000,129.000000,100.000000,350.000000,125.000000,100.000000,16.000000,,0.000000,48.000000,-4.000000,0.000000
417.450000,480.241000,304.000000,127.000000,100.000000,350.000000,125.000000,100.000000,16.000000,,0.000000,46.000000,-2.000000,0.000000
417.550000,480.341000,305.000000,126.000000,100.000000,350.000000,125.000000,100.000000,15.000000,,0.000000,45.000000,-1.000000,0.000000
417.650000,480.441000,306.000000,124.000000,100.000000,350.000000,125.000000,100.000000,15.000000,0.000000,0.000000,44.000000,1.000000,0.000000
417.750000,480.541000,307.000000,123.000000,100.000000,350.000000,125.000000,100.000000,15.000000,0.000000,0.000000,43.000000,2.000000,0.000000
417.850000,480.641000,308.000000,121.000000,100.000000,350.000000,125.000000,100.000000,14.000000,0.000000,0.000000,42.000000,4.000000,0.000000
417.950000,480.741000,309.000000,119.000000,100.000000,350.000000,125.000000,100.000000,14.000000,1.000000,0.000000,41.000000,6.000000,0.000000
418.050000,480.841000,311.000000,117.000000,100.000000,350.000000,125.000000,100.000000,13.000000,1.000000,0.000000,39.000000,8.000000,0.000000
418.150000,480.941000,312.000000,116.000000,100.000000,350.000000,125.000000,100.000000,13.000000,1.000000,0.000000,38.000000,9.000000,0.000000
418.250000,481.041000,314.000000,114.000000,100.000000,350.000000,125.000000,100.000000,12.000000,2.000000,0.000000,36.000000,11.000000,0.000000
418.350000,481.141000,315.000000,113.000000,100.000000,350.000000,125.000000,100.000000,12.000000,2.000000,0.000000,35.000000,12.000000,0.000000
418.450000,481.241000,316.000000,112.000000,100.000000,350.000000,125.000000,100.000000,11.000000,2.000000,0.000000,34.000000,13.000000,0.000000
418.550000,481.341000,316.000000,110.000000,100.000000,350.000000,125.000000,100.000000,11.000000,2.000000,0.000000,34.000000,15.000000,0.000000
418.650000,481.441000,317.000000,108.000000,100.000000,350.000000,125.000000,100.000000,11.000000,3.000000,0.000000,33.000000,17.000000,0.000000
418.750000,481.541000,318.000000,106.000000,100.000000,350.000000,125.000000,100.000000,11.000000,3.000000,0.000000,32.000000,19.000000,0.000000
418.850000,481.641000,319.000000,104.000000,100.000000,350.000000,125.000000,100.000000,10.000000,3.000000,0.000000,31.000000,21.000000,0.000000
418.950000,481.741000,319.000000,103.000000,100.000000,350.000000,125.000000,100.000000,10.000000,4.000000,0.000000,31.000000,22.000000,0.000000
419.050000,481.841000,321.000000,102.000000,100.000000,350.000000,125.000000,100.000000,10.000000,4.000000,0.000000,29.000000,23.000000,0.000000
419.150000,481.941000,322.000000,100.000000,100.000000,350.000000,125.000000,100.000000,9.000000,9.000000,0.000000,28.000000,25.000000,0.000000
419.250000,482.041000,323.000000,99.000000,100.000000,350.000000,125.000000,100.000000,9.000000,9.000000,0.000000,27.000000,26.000000,0.000000
419.350000,482.141000,324.000000,98.000000,100.000000,350.000000,125.000000,100.000000,5.000000,10.000000,0.000000,26.000000,27.000000,0.000000
419.450000,482.241000,326.000000,97.000000,100.000000,350.000000,125.000000,100.000000,5.000000,10.000000,0.000000,24.000000,28.000000,0.000000
419.550000,482.341000,327.000000,95.000000,100.000000,350.000000,125.000000,100.000000,4.000000,11.000000,0.000000,23.000000,30.000000,0.000000
419.650000,482.441000,329.000000,93.000000,100.000000,350.000000,125.000000,100.000000,4.000000,11.000000,0.000000,21.000000,32.000000,0.000000
419.750000,482.541000,330.000000,92.000000,100.000000,350.000000,125.000000,100.000000,4.000000,12.000000,0.000000,20.000000,33.000000,0.000000
419.850000,482.641000,332.000000,91.000000,100.000000,350.000000,125.000000,100.000000,4.000000,12.000000,0.000000,18.000000,34.000000,0.000000
419.950000,482.741000,333.000000,90.000000,100.000000,350.000000,125.000000,100.000000,3.000000,12.000000,0.000000,17.000000,35.000000,0.000000
420.050000,482.841000,335.000000,89.000000,100.000000,350.000000,125.000000,100.000000,3.000000,13.000000,0.000000,15.000000,36.000000,0.000000
420.150000,482.941000,336.000000,88.000000,100.000000,350.000000,125.000000,100.000000,3.000000,13.000000,0.000000,14.000000,37.000000,0.000000
420.250000,483.041000,337.000000,87.000000,100.000000,350.000000,125.000000,100.000000,3.000000,14.000000,0.000000,13.000000,38.000000,0.000000
420.350000,483.141000,338.000000,86.000000,100.000000,350.000000,125.000000,100.000000,2.000000,14.000000,0.000000,12.000000,39.000000,0.000000
420.450000,483.241000,339.000000,85.000000,100.000000,350.000000,125.000000,100.000000,2.000000,14.000000,0.000000,11.000000,40.000000,0.000000
420.550000,483.341000,340.000000,84.000000,100.000000,350.000000,125.000000,100.000000,2.000000,15.000000,0.000000,10.000000,41.000000,0.000000
420.650000,483.441000,341.000000,84.000000,100.000000,350.000000,125.000000,100.000000,2.000000,15.000000,0.000000,9.000000,41.000000,0.000000
420.770000,483.561000,342.000000,84.000000,100.000000,350.000000,125.000000,100.000000,0.000000,0.000000,0.000000,8.000000,41.000000,0.000000
420.870000,483.661000,343.000000,84.000000,100.000000,350.000000,125.000000,100.000000,0.000000,0.000000,0.000000,7.000000,41.000000,0.000000
420.970000,483.761000,344.000000,83.000000,99.000000,350.000000,125.000000,100.000000,0.000000,0.000000,0.000000,6.000000,42.000000,1.000000
421.070000,483.861000,346.000000,83.000000,99.000000,350.000000,125.000000,100.000000,0.000000,0.000000,0.000000,4.000000,42.000000,1.000000
421.170000,483.961000,347.000000,83.000000,99.000000,350.000000,125.000000,100.000000,0.000000,0.000000,0.000000,3.000000,42.000000,1.000000
421.270000,484.061000,348.000000,83.000000,99.000000,350.000000,125.000000,100.000000,0.000000,0.000000,0.000000,2.000000,42.000000,1.000000
421.370000,484.161000,349.000000,83.000000,99.000000,350.000000,125.000000,100.000000,0.000000,0.000000,0.000000,1.000000,42.000000,1.000000
421.470000,484.261000,351.000000,84.000000,99.000000,350.000000,125.000000,100.000000,0.000000,0.000000,0.000000,-1.000000,41.000000,1.000000
421.570000,484.361000,352.000000,84.000000,99.000000,350.000000,125.000000,100.000000,0.000000,0.000000,0.000000,-2.000000,41.000000,1.000000
421.670000,484.461000,353.000000,84.000000,99.000000,350.000000,125.000000,100.000000,0.000000,0.000000,0.000000,-3.000000,41.000000,1.000000
421.770000,484.561000,354.000000,84.000000,99.000000,350.000000,125.000000,100.000000,0.000000,0.000000,0.000000,-4.000000,41.000000,1.000000
421.870000,484.661000,356.000000,85.000000,99.000000,350.000000,125.000000,100.000000,0.000000,0.000000,0.000000,-6.000000,40.000000,1.000000
421.970000,484.761000,357.000000,85.000000,99.000000,350.000000,125.000000,100.000000,0.000000,0.000000,0.000000,-7.000000,40.000000,1.000000
422.070000,484.861000,358.000000,86.000000,99.000000,350.000000,125.000000,100.000000,0.000000,0.000000,0.000000,-8.000000,39.000000,1.000000
422.170000,484.961000,359.000000,87.000000,99.000000,350.000000,125.000000,100.000000,0.000000,0.000000,0.000000,-9.000000,38.000000,1.000000
422.270000,485.061000,360.000000,87.000000,99.000000,350.000000,125.000000,100.000000,0.000000,0.000000,0.000000,-10.000000,38.000000,1.000000
422.370000,485.161000,361.000000,88.000000,98.000000,350.000000,125.000000,100.000000,0.000000,0.000000,0.000000,-11.000000,37.000000,2.000000
422.470000,485.261000,362.000000,89.000000,99.000000,350.000000,125.000000,100.000000,0.000000,0.000000,0.000000,-12.000000,36.000000,1.000000
422.570000,485.361000,363.000000,89.000000,99.000000,350.000000,125.000000,100.000000,0.000000,0.000000,0.000000,-13.000000,36.000000,1.000000
422.670000,485.461000,363.000000,90.000000,99.000000,350.000000,125.000000,100.000000,0.000000,0.000000,0.000000,-13.000000,35.000000,1.000000
422.770000,485.561000,364.000000,90.000000,99.000000,350.000000,125.000000,100.000000,0.000000,0.000000,0.000000,-14.000000,35.000000,1.000000
422.870000,485.661000,365.000000,90.000000,99.000000,350.000000,125.000000,100.000000,0.000000,0.000000,0.000000,-15.000000,35.000000,1.000000
422.970000,485.761000,366.000000,91.000000,99.000000,350.000000,125.000000,100.000000,0.000000,0.000000,0.000000,-16.000000,34.000000,1.000000
423.070000,485.861000,366.000000,92.000000,99.000000,350.000000,125.000000,100.000000,0.000000,0.000000,0.000000,-16.000000,33.000000,1.000000
423.170000,485.961000,367.000000,92.000000,99.000000,350.000000,125.000000,100.000000,0.000000,0.000000,0.000000,-17.000000,33.000000,1.000000
423.270000,486.061000,367.000000,93.000000,99.000000,350.000000,125.000000,100.000000,0.000000,0.000000,0.000000,-17.000000,32.000000,1.000000
423.370000,486.161000,368.000000,93.000000,99.000000,350.000000,125.000000,100.000000,0.000000,0.000000,0.000000,-18.000000,32.000000,1.000000
423.470000,486.261000,368.000000,94.000000,99.000000,350.000000,125.000000,100.000000,0.000000,0.000000,0.000000,-18.000000,31.000000,1.000000
423.570000,486.361000,369.000000,95.000000,99.000000,350.000000,125.000000,100.000000,0.000000,0.000000,0.000000,-19.000000,30.000000,1.000000
423.670000,486.461000,370.000000,95.000000,99.000000,350.000000,125.000000,100.000000,0.000000,0.000000,0.000000,-20.000000,30.000000,1.000000
423.770000,486.561000,370.000000,97.000000,99.000000,350.000000,125.000000,100.000000,0.000000,0.000000,0.000000,-20.000000,28.000000,1.000000
423.870000,486.661000,371.000000,97.000000,99.000000,350.000000,125.000000,100.000000,0.000000,0.000000,0.000000,-21.000000,28.000000,1.000000
423.970000,486.761000,371.000000,98.000000,99.000000,350.000000,125.000000,100.000000,0.000000,0.000000,0.000000,-21.000000,27.000000,1.000000
424.070000,486.861000,372.000000,99.000000,99.000000,350.000000,125.000000,100.000000,0.000000,0.000000,0.000000,-22.000000,26.000000,1.000000
424.170000,486.961000,372.000000,101.000000,99.000000,350.000000,125.000000,100.000000,0.000000,0.000000,0.000000,-22.000000,24.000000,1.000000
424.270000,487.061000,372.000000,103.000000,99.000000,350.000000,125.000000,100.000000,0.000000,0.000000,0.000000,-22.000000,22.000000,1.000000
424.370000,487.161000,373.000000,104.000000,99.000000,350.000000,125.000000,100.000000,0.000000,0.000000,0.000000,-23.000000,21.000000,1.000000
424.470000,487.261000,373.000000,105.000000,99.000000,350.000000,125.000000,100.000000,0.000000,0.000000,0.000000,-23.000000,20.000000,1.000000
424.570000,487.361000,374.000000,106.000000,99.000000,350.000000,125.000000,100.000000,0.000000,0.000000,0.000000,-24.000000,19.000000,1.000000
424.670000,487.461000,374.000000,107.000000,99.000000,350.000000,125.000000,100.000000,0.000000,0.000000,0.000000,-24.000000,18.000000,1.000000
424.770000,487.561000,375.000000,108.000000,99.000000,350.000000,125.000000,100.000000,0.000000,0.000000,0.000000,-25.000000,17.000000,1.000000
424.870000,487.661000,375.000000,109.000000,99.000000,350.000000,125.000000,100.000000,0.000000,0.000000,0.000000,-25.000000,16.000000,1.000000
424.970000,487.761000,375.000000,110.000000,99.000000,350.000000,125.000000,100.000000,0.000000,0.000000,0.000000,-25.000000,15.000000,1.000000
425.070000,487.861000,375.000000,112.000000,99.000000,350.000000,125.000000,100.000000,0.000000,0.000000,0.000000,-25.000000,13.000000,1.000000
425.170000,487.961000,375.000000,113.000000,99.000000,350.000000,125.000000,100.000000,0.000000,0.000000,0.000000,-25.000000,12.000000,1.000000
425.270000,488.061000,375.000000,114.000000,99.000000,350.000000,125.000000,100.000000,-5.000000,3.000000,0.000000,-25.000000,11.000000,1.000000
425.370000,488.161000,375.000000,115.000000,99.000000,350.000000,125.000000,100.000000,-5.000000,2.000000,0.000000,-25.000000,10.000000,1.000000
425.470000,488.261000,375.000000,116.000000,99.000000,350.000000,125.000000,100.000000,-5.000000,2.000000,0.000000,-25.000000,9.000000,1.000000
425.570000,488.361000,375.000000,117.000000,99.000000,350.000000,125.000000,100.000000,-5.000000,2.000000,0.000000,-25.000000,8.000000,1.000000
425.670000,488.461000,375.000000,118.000000,98.000000,350.000000,125.000000,100.000000,-5.000000,2.000000,0.000000,-25.000000,7.000000,2.000000
425.770000,488.561000,375.000000,120.000000,97.000000,350.000000,125.000000,100.000000,-5.000000,2.000000,0.000000,-25.000000,5.000000,3.000000
425.870000,488.661000,375.000000,121.000000,94.000000,350.000000,125.000000,100.000000,-5.000000,1.000000,1.000000,-25.000000,4.000000,6.000000
425.970000,488.761000,375.000000,123.000000,90.000000,350.000000,125.000000,100.000000,-5.000000,1.000000,4.000000,-25.000000,2.000000,10.000000
426.070000,488.861000,375.000000,124.000000,87.000000,350.000000,125.000000,100.000000,-5.000000,1.000000,5.000000,-25.000000,1.000000,13.000000
426.170000,488.961000,375.000000,125.000000,83.000000,350.000000,125.000000,100.000000,-5.000000,1.000000,7.000000,-25.000000,0.000000,17.000000
426.270000,489.061000,375.000000,126.000000,79.000000,350.000000,125.000000,100.000000,-5.000000,1.000000,9.000000,-25.000000,-1.000000,21.000000
426.370000,489.161000,375.000000,128.000000,75.000000,350.000000,125.000000,100.000000,-5.000000,0.000000,11.000000,-25.000000,-3.000000,25.000000
426.470000,489.261000,375.000000,129.000000,71.000000,350.000000,125.000000,100.000000,-5.000000,0.000000,13.000000,-25.000000,-4.000000,29.000000
426.570000,489.361000,375.000000,130.000000,67.000000,350.000000,125.000000,100.000000,-5.000000,0.000000,14.000000,-25.000000,-5.000000,33.000000
426.670000,489.461000,375.000000,131.000000,63.000000,350.000000,125.000000,100.000000,-5.000000,0.000000,16.000000,-25.000000,-6.000000,37.000000
426.770000,489.561000,375.000000,133.000000,59.000000,350.000000,125.000000,100.000000,-5.000000,,18.000000,-25.000000,-8.000000,41.000000
426.870000,489.661000,375.000000,134.000000,55.000000,350.000000,125.000000,100.000000,-5.000000,,20.000000,-25.000000,-9.000000,45.000000
426.970000,489.761000,375.000000,135.000000,52.000000,350.000000,125.000000,100.000000,-5.000000,,20.000000,-25.000000,-10.000000,48.000000
427.070000,489.861000,375.000000,136.000000,48.000000,350.000000,125.000000,100.000000,-5.000000,,20.000000,-25.000000,-11.000000,52.000000
427.170000,489.961000,375.000000,138.000000,44.000000,350.000000,125.000000,100.000000,-5.000000,-2.000000,20.000000,-25.000000,-13.000000,56.000000
427.270000,490.061000,375.000000,139.000000,40.000000,350.000000,125.000000,100.000000,-5.000000,-2.000000,20.000000,-25.000000,-14.000000,60.000000
427.370000,490.161000,375.000000,140.000000,35.000000,350.000000,125.000000,100.000000,-5.000000,-2.000000,20.000000,-25.000000,-15.000000,65.000000
427.470000,490.261000,375.000000,142.000000,32.000000,350.000000,125.000000,100.000000,-5.000000,-3.000000,20.000000,-25.000000,-17.000000,68.000000
427.570000,490.361000,375.000000,143.000000,28.000000,350.000000,125.000000,100.000000,-5.000000,-3.000000,20.000000,-25.000000,-18.000000,72.000000
427.670000,490.461000,374.000000,145.000000,24.000000,350.000000,125.000000,100.000000,-5.000000,-3.000000,20.000000,-24.000000,-20.000000,76.000000
427.770000,490.561000,374.000000,146.000000,20.000000,350.000000,125.000000,100.000000,-5.000000,-3.000000,20.000000,-24.000000,-21.000000,80.000000
427.870000,490.661000,374.000000,148.000000,16.000000,350.000000,125.000000,100.000000,-5.000000,-3.000000,20.000000,-24.000000,-23.000000,84.000000
427.970000,490.761000,374.000000,149.000000,12.000000,350.000000,125.000000,100.000000,-5.000000,-5.000000,20.000000,-24.000000,-24.000000,88.000000
428.070000,490.861000,373.000000,150.000000,11.000000,350.000000,125.000000,100.000000,-4.000000,-5.000000,20.000000,-23.000000,-25.000000,89.000000
428.170000,490.961000,372.000000,151.000000,10.000000,350.000000,125.000000,100.000000,-4.000000,-8.000000,20.000000,-22.000000,-26.000000,90.000000
428.270000,491.061000,372.000000,151.000000,9.000000,350.000000,125.000000,100.000000,-4.000000,-9.000000,20.000000,-22.000000,-26.000000,91.000000
428.370000,491.161000,372.000000,151.000000,10.000000,350.000000,125.000000,100.000000,-4.000000,-9.000000,20.000000,-22.000000,-26.000000,90.000000
428.670000,491.461000,372.000000,151.000000,11.000000,350.000000,125.000000,100.000000,-4.000000,-9.000000,20.000000,-22.000000,-26.000000,89.000000
428.870000,491.661000,373.000000,151.000000,12.000000,350.000000,125.000000,100.000000,-4.000000,-9.000000,20.000000,-23.000000,-26.000000,88.000000
429.870000,492.661000,372.000000,151.000000,12.000000,350.000000,125.000000,100.000000,0.000000,0.000000,20.000000,-22.000000,-26.000000,88.000000
429.970000,492.761000,373.000000,151.000000,12.000000,350.000000,125.000000,100.000000,0.000000,0.000000,20.000000,-23.000000,-26.000000,88.000000
430.070000,492.861000,372.000000,151.000000,12.000000,350.000000,125.000000,100.000000,0.000000,0.000000,20.000000,-22.000000,-26.000000,88.000000
430.690000,493.481000,373.000000,151.000000,12.000000,350.000000,125.000000,100.000000,0.000000,0.000000,20.000000,-23.000000,-26.000000,88.000000
430.890000,493.681000,372.000000,151.000000,12.000000,350.000000,125.000000,100.000000,0.000000,0.000000,20.000000,-22.000000,-26.000000,88.000000
431.190000,493.981000,373.000000,151.000000,12.000000,350.000000,125.000000,100.000000,0.000000,0.000000,20.000000,-23.000000,-26.000000,88.000000
431.390000,494.181000,373.000000,151.000000,13.000000,350.000000,125.000000,100.000000,0.000000,0.000000,20.000000,-23.000000,-26.000000,87.000000
431.490000,494.281000,373.000000,151.000000,12.000000,350.000000,125.000000,100.000000,0.000000,0.000000,20.000000,-23.000000,-26.000000,88.000000
431.790000,494.581000,372.000000,151.000000,12.000000,350.000000,125.000000,100.000000,0.000000,0.000000,20.000000,-22.000000,-26.000000,88.000000
432.190000,494.981000,373.000000,151.000000,12.000000,350.000000,125.000000,100.000000,0.000000,0.000000,20.000000,-23.000000,-26.000000,88.000000
432.690000,495.481000,372.000000,151.000000,12.000000,350.000000,125.000000,100.000000,0.000000,0.000000,20.000000,-22.000000,-26.000000,88.000000
433.190000,495.981000,373.000000,151.000000,12.000000,350.000000,125.000000,100.000000,0.000000,0.000000,20.000000,-23.000000,-26.000000,88.000000
433.390000,496.181000,372.000000,151.000000,12.000000,350.000000,125.000000,100.000000,0.000000,0.000000,20.000000,-22.000000,-26.000000,88.000000
433.590000,496.381000,373.000000,150.000000,12.000000,350.000000,125.000000,100.000000,0.000000,0.000000,20.000000,-23.000000,-25.000000,88.000000
433.690000,496.481000,373.000000,151.000000,12.000000,350.000000,125.000000,100.000000,0.000000,0.000000,20.000000,-23.000000,-26.000000,88.000000
435.190000,497.981000,372.000000,151.000000,12.000000,350.000000,125.000000,100.000000,0.000000,0.000000,20.000000,-22.000000,-26.000000,88.000000
435.390000,498.181000,373.000000,151.000000,12.000000,350.000000,125.000000,100.000000,0.000000,0.000000,20.000000,-23.000000,-26.000000,88.000000
435.590000,498.381000,372.000000,150.000000,12.000000,350.000000,125.000000,100.000000,0.000000,0.000000,20.000000,-22.000000,-25.000000,88.000000
435.690000,498.481000,372.000000,151.000000,12.000000,350.000000,125.000000,100.000000,0.000000,0.000000,20.000000,-22.000000,-26.000000,88.000000
435.790000,498.581000,373.000000,151.000000,12.000000,350.000000,125.000000,100.000000,0.000000,0.000000,20.000000,-23.000000,-26.000000,88.000000
438.090000,500.881000,372.000000,151.000000,12.000000,350.000000,125.000000,100.000000,0.000000,0.000000,20.000000,-22.000000,-26.000000,88.000000
438.190000,500.981000,373.000000,151.000000,12.000000,350.000000,125.000000,100.000000,0.000000,0.000000,20.000000,-23.000000,-26.000000,88.000000
438.790000,501.581000,372.000000,151.000000,12.000000,350.000000,125.000000,100.000000,0.000000,0.000000,20.000000,-22.000000,-26.000000,88.000000
438.990000,501.781000,373.000000,151.000000,12.000000,350.000000,125.000000,100.000000,0.000000,0.000000,20.000000,-23.000000,-26.000000,88.000000
439.190000,501.981000,372.000000,151.000000,12.000000,350.000000,125.000000,100.000000,0.000000,0.000000,20.000000,-22.000000,-26.000000,88.000000
439.290000,502.081000,373.000000,151.000000,12.000000,350.000000,125.000000,100.000000,0.000000,0.000000,20.000000,-23.000000,-26.000000,88.000000
439.690000,502.481000,372.000000,151.000000,12.000000,350.000000,125.000000,100.000000,0.000000,0.000000,20.000000,-22.000000,-26.000000,88.000000
440.010000,502.801000,373.000000,151.000000,12.000000,350.000000,125.000000,100.000000,0.000000,0.000000,20.000000,-23.000000,-26.000000,88.000000
440.210000,503.001000,372.000000,151.000000,12.000000,350.000000,125.000000,100.000000,0.000000,0.000000,20.000000,-22.000000,-26.000000,88.000000
440.910000,503.701000,373.000000,151.000000,12.000000,350.000000,125.000000,100.000000,0.000000,0.000000,20.000000,-23.000000,-26.000000,88.000000
441.710000,504.501000,372.000000,151.000000,12.000000,350.000000,125.000000,100.000000,0.000000,0.000000,20.000000,-22.000000,-26.000000,88.000000
442.210000,505.001000,373.000000,151.000000,12.000000,350.000000,125.000000,100.000000,0.000000,0.000000,20.000000,-23.000000,-26.000000,88.000000
443.210000,506.001000,372.000000,151.000000,12.000000,350.000000,125.000000,100.000000,0.000000,0.000000,20.000000,-22.000000,-26.000000,88.000000
