T_REL,T_ABS,RADAR_POS_X,RADAR_POS_Y,RADAR_POS_Z,TARGET_POS_X,TARGET_POS_Y,TARGET_POS_Z,CMD_SPEED_X,CMD_SPEED_Y,CMD_SPEED_Z,ERROR_X,ERROR_Y,ERROR_Z
0,0,0,0,0,0,0,0,0,0,0,0,0,0
0.1,0.1,0,0,0,0,0,0,0,0,0,0,0,0
0.2,0.2,0,0,0,0,0,0,0,0,0,0,0,0
0.3,0.3,0,0,0,0,0,0,0,0,0,0,0,0
0.4,0.4,0,0,0,0,0,0,0,0,0,0,0,0
0.5,0.5,0,0,0,0,0,0,0,0,0,0,0,0
0.6,0.6,0,0,0,0,0,0,0,0,0,0,0,0
0.7,0.7,0,0,0,0,0,0,0,0,0,0,0,0
0.8,0.8,0,0,0,0,0,0,0,0,0,0,0,0
0.9,0.9,0,0,0,0,0,0,0,0,0,0,0,0
1,1,0,0,0,0,0,0,0,0,0,0,0,0
1.1,1.1,0,0,0,0,0,0,0,0,0,0,0,0
1.2,1.2,0,0,0,0,0,0,0,0,0,0,0,0
1.3,1.3,0,0,0,0,0,0,0,0,0,0,0,0
1.4,1.4,0,0,0,0,0,0,0,0,0,0,0,0
1.5,1.5,0,0,0,0,0,0,0,0,0,0,0,0
1.6,1.6,0,0,0,0,0,0,0,0,0,0,0,0
1.7,1.7,0,0,0,0,0,0,0,0,0,0,0,0
1.8,1.8,0,0,0,0,0,0,0,0,0,0,0,0
1.9,1.9,0,0,0,0,0,0,0,0,0,0,0,0
2,2,0,0,0,0,0,0,0,0,0,0,0,0
2.1,2.1,0,0,0,0,0,0,0,0,0,0,0,0
2.2,2.2,0,0,0,0,0,0,0,0,0,0,0,0
2.3,2.3,0,0,0,0,0,0,0,0,0,0,0,0
2.4,2.4,0,0,0,0,0,0,0,0,0,0,0,0
2.5,2.5,0,0,0,0,0,0,0,0,0,0,0,0
2.6,2.6,0,0,0,0,0,0,0,0,0,0,0,0
2.7,2.7,0,0,0,0,0,0,0,0,0,0,0,0
2.8,2.8,0,0,0,0,0,0,0,0,0,0,0,0
2.9,2.9,0,0,0,0,0,0,0,0,0,0,0,0
3,3,0,0,0,0,0,0,0,0,0,0,0,0
3.1,3.1,0,0,0,0,0,0,0,0,0,0,0,0
3.2,3.2,0,0,0,0,0,0,0,0,0,0,0,0
3.3,3.3,0,0,0,0,0,0,0,0,0,0,0,0
3.4,3.4,0,0,0,0,0,0,0,0,0,0,0,0
3.5,3.5,0,0,0,0,0,0,0,0,0,0,0,0
3.6,3.6,0,0,0,0,0,0,0,0,0,0,0,0
3.7,3.7,0,0,0,0,0,0,0,0,0,0,0,0
3.8,3.8,0,0,0,0,0,0,0,0,0,0,0,0
3.9,3.9,0,0,0,0,0,0,0,0,0,0,0,0
4,4,0,0,0,0,0,0,0,0,0,0,0,0
4.1,4.1,0,0,0,0,0,0,0,0,0,0,0,0
4.2,4.2,0,0,0,0,0,0,0,0,0,0,0,0
4.3,4.3,0,0,0,0,0,0,0,0,0,0,0,0
4.4,4.4,0,0,0,0,0,0,0,0,0,0,0,0
4.5,4.5,0,0,0,0,0,0,0,0,0,0,0,0
4.6,4.6,0,0,0,0,0,0,0,0,0,0,0,0
4.7,4.7,0,0,0,0,0,0,0,0,0,0,0,0
4.8,4.8,0,0,0,0,0,0,0,0,0,0,0,0
4.9,4.9,0,0,0,0,0,0,0,0,0,0,0,0
5,5,0,0,0,0,0,0,0,0,0,0,0,0
5.1,5.1,0,0,0,0,0,0,0,0,0,0,0,0
5.2,5.2,0,0,0,0,0,0,0,0,0,0,0,0
5.3,5.3,0,0,0,0,0,0,0,0,0,0,0,0
5.4,5.4,0,0,0,0,0,0,0,0,0,0,0,0
5.5,5.5,0,0,0,0,0,0,0,0,0,0,0,0
5.6,5.6,0,0,0,0,0,0,0,0,0,0,0,0
5.7,5.7,0,0,0,0,0,0,0,0,0,0,0,0
5.8,5.8,0,0,0,0,0,0,0,0,0,0,0,0
5.9,5.9,0,0,0,0,0,0,0,0,0,0,0,0
6,6,0,0,0,0,0,0,0,0,0,0,0,0
6.1,6.1,0,0,0,0,0,0,0,0,0,0,0,0
6.2,6.2,0,0,0,0,0,0,0,0,0,0,0,0
6.3,6.3,0,0,0,0,0,0,0,0,0,0,0,0
6.4,6.4,0,0,0,0,0,0,0,0,0,0,0,0
6.5,6.5,0,0,0,0,0,0,0,0,0,0,0,0
6.6,6.6,0,0,0,0,0,0,0,0,0,0,0,0
6.7,6.7,0,0,0,0,0,0,0,0,0,0,0,0
6.8,6.8,0,0,0,0,0,0,0,0,0,0,0,0
6.9,6.9,0,0,0,0,0,0,0,0,0,0,0,0
7,7,0,0,0,0,0,0,0,0,0,0,0,0
7.1,7.1,0,0,0,0,0,0,0,0,0,0,0,0
7.2,7.2,0,0,0,0,0,0,0,0,0,0,0,0
7.3,7.3,0,0,0,0,0,0,0,0,0,0,0,0
7.4,7.4,0,0,0,0,0,0,0,0,0,0,0,0
7.5,7.5,0,0,0,0,0,0,0,0,0,0,0,0
7.6,7.6,0,0,0,0,0,0,0,0,0,0,0,0
7.7,7.7,0,0,0,0,0,0,0,0,0,0,0,0
7.8,7.8,0,0,0,0,0,0,0,0,0,0,0,0
7.9,7.9,0,0,0,0,0,0,0,0,0,0,0,0
8,8,0,0,0,0,0,0,0,0,0,0,0,0
8.1,8.1,0,0,0,0,0,0,0,0,0,0,0,0
8.2,8.2,0,0,0,0,0,0,0,0,0,0,0,0
8.3,8.3,0,0,0,0,0,0,0,0,0,0,0,0
8.4,8.4,0,0,0,0,0,0,0,0,0,0,0,0
8.5,8.5,0,0,0,0,0,0,0,0,0,0,0,0
8.6,8.6,0,0,0,0,0,0,0,0,0,0,0,0
8.7,8.7,0,0,0,0,0,0,0,0,0,0,0,0
8.8,8.8,0,0,0,0,0,0,0,0,0,0,0,0
8.9,8.9,0,0,0,0,0,0,0,0,0,0,0,0
9,9,0,0,0,0,0,0,0,0,0,0,0,0
9.1,9.1,0,0,0,0,0,0,0,0,0,0,0,0
9.2,9.2,0,0,0,0,0,0,0,0,0,0,0,0
9.3,9.3,0,0,0,0,0,0,0,0,0,0,0,0
9.4,9.4,0,0,0,0,0,0,0,0,0,0,0,0
9.5,9.5,0,0,0,0,0,0,0,0,0,0,0,0
9.6,9.6,0,0,0,0,0,0,0,0,0,0,0,0
9.7,9.7,0,0,0,0,0,0,0,0,0,0,0,0
9.8,9.8,0,0,0,0,0,0,0,0,0,0,0,0
9.9,9.9,0,0,0,0,0,0,0,0,0,0,0,0
10,10,0,0,0,0,0,0,0,0,0,0,0,0
10.1,10.1,0,0,0,0,0,0,0,0,0,0,0,0
10.2,10.2,0,0,0,0,0,0,0,0,0,0,0,0
10.3,10.3,0,0,0,0,0,0,0,0,0,0,0,0
10.4,10.4,0,0,0,0,0,0,0,0,0,0,0,0
10.5,10.5,0,0,0,0,0,0,0,0,0,0,0,0
10.6,10.6,0,0,0,0,0,0,0,0,0,0,0,0
10.7,10.7,0,0,0,0,0,0,0,0,0,0,0,0
10.8,10.8,0,0,0,0,0,0,0,0,0,0,0,0
10.9,10.9,0,0,0,0,0,0,0,0,0,0,0,0
11,11,0,0,0,0,0,0,0,0,0,0,0,0
11.1,11.1,0,0,0,0,0,0,0,0,0,0,0,0
11.2,11.2,0,0,0,0,0,0,0,0,0,0,0,0
11.3,11.3,0,0,0,0,0,0,0,0,0,0,0,0
11.4,11.4,0,0,0,0,0,0,0,0,0,0,0,0
11.5,11.5,0,0,0,0,0,0,0,0,0,0,0,0
11.6,11.6,0,0,0,0,0,0,0,0,0,0,0,0
11.7,11.7,0,0,0,0,0,0,0,0,0,0,0,0
11.8,11.8,0,0,0,0,0,0,0,0,0,0,0,0
11.9,11.9,0,0,0,0,0,0,0,0,0,0,0,0
12,12,0,0,0,0,0,0,0,0,0,0,0,0
12.1,12.1,0,0,0,0,0,0,0,0,0,0,0,0
12.2,12.2,0,0,0,0,0,0,0,0,0,0,0,0
12.3,12.3,0,0,0,0,0,0,0,0,0,0,0,0
12.4,12.4,0,0,0,0,0,0,0,0,0,0,0,0
12.5,12.5,0,0,0,0,0,0,0,0,0,0,0,0
12.6,12.6,0,0,0,0,0,0,0,0,0,0,0,0
12.7,12.7,0,0,0,0,0,0,0,0,0,0,0,0
12.8,12.8,0,0,0,0,0,0,0,0,0,0,0,0
12.9,12.9,0,0,0,0,0,0,0,0,0,0,0,0
13,13,0,0,0,0,0,0,0,0,0,0,0,0
13.1,13.1,0,0,0,0,0,0,0,0,0,0,0,0
13.2,13.2,0,0,0,0,0,0,0,0,0,0,0,0
13.3,13.3,0,0,0,0,0,0,0,0,0,0,0,0
13.4,13.4,0,0,0,0,0,0,0,0,0,0,0,0
13.5,13.5,0,0,0,0,0,0,0,0,0,0,0,0
13.6,13.6,0,0,0,0,0,0,0,0,0,0,0,0
13.7,13.7,0,0,0,0,0,0,0,0,0,0,0,0
13.8,13.8,0,0,0,0,0,0,0,0,0,0,0,0
13.9,13.9,0,0,0,0,0,0,0,0,0,0,0,0
14,14,0,0,0,0,0,0,0,0,0,0,0,0
14.1,14.1,0,0,0,0,0,0,0,0,0,0,0,0
14.2,14.2,0,0,0,0,0,0,0,0,0,0,0,0
14.3,14.3,0,0,0,0,0,0,0,0,0,0,0,0
14.4,14.4,0,0,0,0,0,0,0,0,0,0,0,0
14.5,14.5,0,0,0,0,0,0,0,0,0,0,0,0
14.6,14.6,0,0,0,0,0,0,0,0,0,0,0,0
14.7,14.7,0,0,0,0,0,0,0,0,0,0,0,0
14.8,14.8,0,0,0,0,0,0,0,0,0,0,0,0
14.9,14.9,0,0,0,0,0,0,0,0,0,0,0,0
15,15,0,0,0,0,0,0,0,0,0,0,0,0
15.1,15.1,0,0,0,0,0,0,0,0,0,0,0,0
15.2,15.2,0,0,0,0,0,0,0,0,0,0,0,0
15.3,15.3,0,0,0,0,0,0,0,0,0,0,0,0
15.4,15.4,0,0,0,0,0,0,0,0,0,0,0,0
15.5,15.5,0,0,0,0,0,0,0,0,0,0,0,0
15.6,15.6,0,0,0,0,0,0,0,0,0,0,0,0
15.7,15.7,0,0,0,0,0,0,0,0,0,0,0,0
15.8,15.8,0,0,0,0,0,0,0,0,0,0,0,0
15.9,15.9,0,0,0,0,0,0,0,0,0,0,0,0
16,16,0,0,0,0,0,0,0,0,0,0,0,0
16.1,16.1,0,0,0,0,0,0,0,0,0,0,0,0
16.2,16.2,0,0,0,0,0,0,0,0,0,0,0,0
16.3,16.3,0,0,0,0,0,0,0,0,0,0,0,0
16.4,16.4,0,0,0,0,0,0,0,0,0,0,0,0
16.5,16.5,0,0,0,0,0,0,0,0,0,0,0,0
16.6,16.6,0,0,0,0,0,0,0,0,0,0,0,0
16.7,16.7,0,0,0,0,0,0,0,0,0,0,0,0
16.8,16.8,0,0,0,0,0,0,0,0,0,0,0,0
16.9,16.9,0,0,0,0,0,0,0,0,0,0,0,0
17,17,0,0,0,0,0,0,0,0,0,0,0,0
17.1,17.1,0,0,0,0,0,0,0,0,0,0,0,0
17.2,17.2,0,0,0,0,0,0,0,0,0,0,0,0
17.3,17.3,0,0,0,0,0,0,0,0,0,0,0,0
17.4,17.4,0,0,0,0,0,0,0,0,0,0,0,0
17.5,17.5,0,0,0,0,0,0,0,0,0,0,0,0
17.6,17.6,0,0,0,0,0,0,0,0,0,0,0,0
17.7,17.7,0,0,0,0,0,0,0,0,0,0,0,0
17.8,17.8,0,0,0,0,0,0,0,0,0,0,0,0
17.9,17.9,0,0,0,0,0,0,0,0,0,0,0,0
18,18,0,0,0,0,0,0,0,0,0,0,0,0
18.1,18.1,0,0,0,0,0,0,0,0,0,0,0,0
18.2,18.2,0,0,0,0,0,0,0,0,0,0,0,0
18.3,18.3,0,0,0,0,0,0,0,0,0,0,0,0
18.4,18.4,0,0,0,0,0,0,0,0,0,0,0,0
18.5,18.5,0,0,0,0,0,0,0,0,0,0,0,0
18.6,18.6,0,0,0,0,0,0,0,0,0,0,0,0
18.7,18.7,0,0,0,0,0,0,0,0,0,0,0,0
18.8,18.8,0,0,0,0,0,0,0,0,0,0,0,0
18.9,18.9,0,0,0,0,0,0,0,0,0,0,0,0
19,19,0,0,0,0,0,0,0,0,0,0,0,0
19.1,19.1,0,0,0,0,0,0,0,0,0,0,0,0
19.2,19.2,0,0,0,0,0,0,0,0,0,0,0,0
19.3,19.3,0,0,0,0,0,0,0,0,0,0,0,0
19.4,19.4,0,0,0,0,0,0,0,0,0,0,0,0
19.5,19.5,0,0,0,0,0,0,0,0,0,0,0,0
19.6,19.6,0,0,0,0,0,0,0,0,0,0,0,0
19.7,19.7,0,0,0,0,0,0,0,0,0,0,0,0
19.8,19.8,0,0,0,0,0,0,0,0,0,0,0,0
19.9,19.9,0,0,0,0,0,0,0,0,0,0,0,0
20,20,0,0,0,0,0,0,0,0,0,0,0,0
20.1,20.1,0,0,0,0,0,0,0,0,0,0,0,0
20.2,20.2,0,0,0,0,0,0,0,0,0,0,0,0
20.3,20.3,0,0,0,0,0,0,0,0,0,0,0,0
20.4,20.4,0,0,0,0,0,0,0,0,0,0,0,0
20.5,20.5,0,0,0,0,0,0,0,0,0,0,0,0
20.6,20.6,0,0,0,0,0,0,0,0,0,0,0,0
20.7,20.7,0,0,0,0,0,0,0,0,0,0,0,0
20.8,20.8,0,0,0,0,0,0,0,0,0,0,0,0
20.9,20.9,0,0,0,0,0,0,0,0,0,0,0,0
21,21,0,0,0,0,0,0,0,0,0,0,0,0
21.1,21.1,0,0,0,0,0,0,0,0,0,0,0,0
21.2,21.2,0,0,0,0,0,0,0,0,0,0,0,0
21.3,21.3,0,0,0,0,0,0,0,0,0,0,0,0
21.4,21.4,0,0,0,0,0,0,0,0,0,0,0,0
21.5,21.5,0,0,0,0,0,0,0,0,0,0,0,0
21.6,21.6,0,0,0,0,0,0,0,0,0,0,0,0
21.7,21.7,0,0,0,0,0,0,0,0,0,0,0,0
21.8,21.8,0,0,0,0,0,0,0,0,0,0,0,0
21.9,21.9,0,0,0,0,0,0,0,0,0,0,0,0
22,22,0,0,0,0,0,0,0,0,0,0,0,0
22.1,22.1,0,0,0,0,0,0,0,0,0,0,0,0
22.2,22.2,0,0,0,0,0,0,0,0,0,0,0,0
22.3,22.3,0,0,0,0,0,0,0,0,0,0,0,0
22.4,22.4,0,0,0,0,0,0,0,0,0,0,0,0
22.5,22.5,0,0,0,0,0,0,0,0,0,0,0,0
22.6,22.6,0,0,0,0,0,0,0,0,0,0,0,0
22.7,22.7,0,0,0,0,0,0,0,0,0,0,0,0
22.8,22.8,0,0,0,0,0,0,0,0,0,0,0,0
22.9,22.9,0,0,0,0,0,0,0,0,0,0,0,0
23,23,0,0,0,0,0,0,0,0,0,0,0,0
23.1,23.1,0,0,0,0,0,0,0,0,0,0,0,0
23.2,23.2,0,0,0,0,0,0,0,0,0,0,0,0
23.3,23.3,0,0,0,0,0,0,0,0,0,0,0,0
23.4,23.4,0,0,0,0,0,0,0,0,0,0,0,0
23.5,23.5,0,0,0,0,0,0,0,0,0,0,0,0
23.6,23.6,0,0,0,0,0,0,0,0,0,0,0,0
23.7,23.7,0,0,0,0,0,0,0,0,0,0,0,0
23.8,23.8,0,0,0,0,0,0,0,0,0,0,0,0
23.9,23.9,0,0,0,0,0,0,0,0,0,0,0,0
24,24,0,0,0,0,0,0,0,0,0,0,0,0
24.1,24.1,0,0,0,0,0,0,0,0,0,0,0,0
24.2,24.2,0,0,0,0,0,0,0,0,0,0,0,0
24.3,24.3,0,0,0,0,0,0,0,0,0,0,0,0
24.4,24.4,0,0,0,0,0,0,0,0,0,0,0,0
24.5,24.5,0,0,0,0,0,0,0,0,0,0,0,0
24.6,24.6,0,0,0,0,0,0,0,0,0,0,0,0
24.7,24.7,0,0,0,0,0,0,0,0,0,0,0,0
24.8,24.8,0,0,0,0,0,0,0,0,0,0,0,0
24.9,24.9,0,0,0,0,0,0,0,0,0,0,0,0
25,25,0,0,0,0,0,0,0,0,0,0,0,0
25.1,25.1,0,0,0,0,0,0,0,0,0,0,0,0
25.2,25.2,0,0,0,0,0,0,0,0,0,0,0,0
25.3,25.3,0,0,0,0,0,0,0,0,0,0,0,0
25.4,25.4,0,0,0,0,0,0,0,0,0,0,0,0
25.5,25.5,0,0,0,0,0,0,0,0,0,0,0,0
25.6,25.6,0,0,0,0,0,0,0,0,0,0,0,0
25.7,25.7,0,0,0,0,0,0,0,0,0,0,0,0
25.8,25.8,0,0,0,0,0,0,0,0,0,0,0,0
25.9,25.9,0,0,0,0,0,0,0,0,0,0,0,0
26,26,0,0,0,0,0,0,0,0,0,0,0,0
26.1,26.1,0,0,0,0,0,0,0,0,0,0,0,0
26.2,26.2,0,0,0,0,0,0,0,0,0,0,0,0
26.3,26.3,0,0,0,0,0,0,0,0,0,0,0,0
26.4,26.4,0,0,0,0,0,0,0,0,0,0,0,0
26.5,26.5,0,0,0,0,0,0,0,0,0,0,0,0
26.6,26.6,0,0,0,0,0,0,0,0,0,0,0,0
26.7,26.7,0,0,0,0,0,0,0,0,0,0,0,0
26.8,26.8,0,0,0,0,0,0,0,0,0,0,0,0
26.9,26.9,0,0,0,0,0,0,0,0,0,0,0,0
27,27,0,0,0,0,0,0,0,0,0,0,0,0
27.1,27.1,0,0,0,0,0,0,0,0,0,0,0,0
27.2,27.2,0,0,0,0,0,0,0,0,0,0,0,0
27.3,27.3,0,0,0,0,0,0,0,0,0,0,0,0
27.4,27.4,0,0,0,0,0,0,0,0,0,0,0,0
27.5,27.5,0,0,0,0,0,0,0,0,0,0,0,0
27.6,27.6,0,0,0,0,0,0,0,0,0,0,0,0
27.7,27.7,0,0,0,0,0,0,0,0,0,0,0,0
27.8,27.8,0,0,0,0,0,0,0,0,0,0,0,0
27.9,27.9,0,0,0,0,0,0,0,0,0,0,0,0
28,28,0,0,0,0,0,0,0,0,0,0,0,0
28.1,28.1,0,0,0,0,0,0,0,0,0,0,0,0
28.2,28.2,0,0,0,0,0,0,0,0,0,0,0,0
28.3,28.3,0,0,0,0,0,0,0,0,0,0,0,0
28.4,28.4,0,0,0,0,0,0,0,0,0,0,0,0
28.5,28.5,0,0,0,0,0,0,0,0,0,0,0,0
28.6,28.6,0,0,0,0,0,0,0,0,0,0,0,0
28.7,28.7,0,0,0,0,0,0,0,0,0,0,0,0
28.8,28.8,0,0,0,0,0,0,0,0,0,0,0,0
28.9,28.9,0,0,0,0,0,0,0,0,0,0,0,0
29,29,0,0,0,0,0,0,0,0,0,0,0,0
29.1,29.1,0,0,0,0,0,0,0,0,0,0,0,0
29.2,29.2,0,0,0,0,0,0,0,0,0,0,0,0
29.3,29.3,0,0,0,0,0,0,0,0,0,0,0,0
29.4,29.4,0,0,0,0,0,0,0,0,0,0,0,0
29.5,29.5,0,0,0,0,0,0,0,0,0,0,0,0
29.6,29.6,0,0,0,0,0,0,0,0,0,0,0,0
29.7,29.7,0,0,0,0,0,0,0,0,0,0,0,0
29.8,29.8,0,0,0,0,0,0,0,0,0,0,0,0
29.9,29.9,0,0,0,0,0,0,0,0,0,0,0,0
30,30,0,0,0,0,0,0,0,0,0,0,0,0
30.1,30.1,0,0,0,0,0,0,0,0,0,0,0,0
30.2,30.2,0,0,0,0,0,0,0,0,0,0,0,0
30.3,30.3,0,0,0,0,0,0,0,0,0,0,0,0
30.4,30.4,0,0,0,0,0,0,0,0,0,0,0,0
30.5,30.5,0,0,0,0,0,0,0,0,0,0,0,0
30.6,30.6,0,0,0,0,0,0,0,0,0,0,0,0
30.7,30.7,0,0,0,0,0,0,0,0,0,0,0,0
30.8,30.8,0,0,0,0,0,0,0,0,0,0,0,0
30.9,30.9,0,0,0,0,0,0,0,0,0,0,0,0
31,31,0,0,0,0,0,0,0,0,0,0,0,0
31.1,31.1,0,0,0,0,0,0,0,0,0,0,0,0
31.2,31.2,0,0,0,0,0,0,0,0,0,0,0,0
31.3,31.3,0,0,0,0,0,0,0,0,0,0,0,0
31.4,31.4,0,0,0,0,0,0,0,0,0,0,0,0
31.5,31.5,0,0,0,0,0,0,0,0,0,0,0,0
31.6,31.6,0,0,0,0,0,0,0,0,0,0,0,0
31.7,31.7,0,0,0,0,0,0,0,0,0,0,0,0
31.8,31.8,0,0,0,0,0,0,0,0,0,0,0,0
31.9,31.9,0,0,0,0,0,0,0,0,0,0,0,0
32,32,0,0,0,0,0,0,0,0,0,0,0,0
32.1,32.1,0,0,0,0,0,0,0,0,0,0,0,0
32.2,32.2,0,0,0,0,0,0,0,0,0,0,0,0
32.3,32.3,0,0,0,0,0,0,0,0,0,0,0,0
32.4,32.4,0,0,0,0,0,0,0,0,0,0,0,0
32.5,32.5,0,0,0,0,0,0,0,0,0,0,0,0
32.6,32.6,0,0,0,0,0,0,0,0,0,0,0,0
32.7,32.7,0,0,0,0,0,0,0,0,0,0,0,0
32.8,32.8,0,0,0,0,0,0,0,0,0,0,0,0
32.9,32.9,0,0,0,0,0,0,0,0,0,0,0,0
33,33,0,0,0,0,0,0,0,0,0,0,0,0
33.1,33.1,0,0,0,0,0,0,0,0,0,0,0,0
33.2,33.2,0,0,0,0,0,0,0,0,0,0,0,0
33.3,33.3,0,0,0,0,0,0,0,0,0,0,0,0
33.4,33.4,0,0,0,0,0,0,0,0,0,0,0,0
33.5,33.5,0,0,0,0,0,0,0,0,0,0,0,0
33.6,33.6,0,0,0,0,0,0,0,0,0,0,0,0
33.7,33.7,0,0,0,0,0,0,0,0,0,0,0,0
33.8,33.8,0,0,0,0,0,0,0,0,0,0,0,0
33.9,33.9,0,0,0,0,0,0,0,0,0,0,0,0
34,34,0,0,0,0,0,0,0,0,0,0,0,0
34.1,34.1,0,0,0,0,0,0,0,0,0,0,0,0
34.2,34.2,0,0,0,0,0,0,0,0,0,0,0,0
34.3,34.3,0,0,0,0,0,0,0,0,0,0,0,0
34.4,34.4,0,0,0,0,0,0,0,0,0,0,0,0
34.5,34.5,0,0,0,0,0,0,0,0,0,0,0,0
34.6,34.6,0,0,0,0,0,0,0,0,0,0,0,0
34.7,34.7,0,0,0,0,0,0,0,0,0,0,0,0
34.8,34.8,0,0,0,0,0,0,0,0,0,0,0,0
34.9,34.9,0,0,0,0,0,0,0,0,0,0,0,0
35,35,0,0,0,0,0,0,0,0,0,0,0,0
35.1,35.1,0,0,0,0,0,0,0,0,0,0,0,0
35.2,35.2,0,0,0,0,0,0,0,0,0,0,0,0
35.3,35.3,0,0,0,0,0,0,0,0,0,0,0,0
35.4,35.4,0,0,0,0,0,0,0,0,0,0,0,0
35.5,35.5,0,0,0,0,0,0,0,0,0,0,0,0
35.6,35.6,0,0,0,0,0,0,0,0,0,0,0,0
35.7,35.7,0,0,0,0,0,0,0,0,0,0,0,0
35.8,35.8,0,0,0,0,0,0,0,0,0,0,0,0
35.9,35.9,0,0,0,0,0,0,0,0,0,0,0,0
36,36,0,0,0,0,0,0,0,0,0,0,0,0
36.1,36.1,0,0,0,0,0,0,0,0,0,0,0,0
36.2,36.2,0,0,0,0,0,0,0,0,0,0,0,0
36.3,36.3,0,0,0,0,0,0,0,0,0,0,0,0
36.4,36.4,0,0,0,0,0,0,0,0,0,0,0,0
36.5,36.5,0,0,0,0,0,0,0,0,0,0,0,0
36.6,36.6,0,0,0,0,0,0,0,0,0,0,0,0
36.7,36.7,0,0,0,0,0,0,0,0,0,0,0,0
36.8,36.8,0,0,0,0,0,0,0,0,0,0,0,0
36.9,36.9,0,0,0,0,0,0,0,0,0,0,0,0
37,37,0,0,0,0,0,0,0,0,0,0,0,0
37.1,37.1,0,0,0,0,0,0,0,0,0,0,0,0
37.2,37.2,0,0,0,0,0,0,0,0,0,0,0,0
37.3,37.3,0,0,0,0,0,0,0,0,0,0,0,0
37.4,37.4,0,0,0,0,0,0,0,0,0,0,0,0
37.5,37.5,0,0,0,0,0,0,0,0,0,0,0,0
37.6,37.6,0,0,0,0,0,0,0,0,0,0,0,0
37.7,37.7,0,0,0,0,0,0,0,0,0,0,0,0
37.8,37.8,0,0,0,0,0,0,0,0,0,0,0,0
37.9,37.9,0,0,0,0,0,0,0,0,0,0,0,0
38,38,0,0,0,0,0,0,0,0,0,0,0,0
38.1,38.1,0,0,0,0,0,0,0,0,0,0,0,0
38.2,38.2,0,0,0,0,0,0,0,0,0,0,0,0
38.3,38.3,0,0,0,0,0,0,0,0,0,0,0,0
38.4,38.4,0,0,0,0,0,0,0,0,0,0,0,0
38.5,38.5,0,0,0,0,0,0,0,0,0,0,0,0
38.6,38.6,0,0,0,0,0,0,0,0,0,0,0,0
38.7,38.7,0,0,0,0,0,0,0,0,0,0,0,0
38.8,38.8,0,0,0,0,0,0,0,0,0,0,0,0
38.9,38.9,0,0,0,0,0,0,0,0,0,0,0,0
39,39,0,0,0,0,0,0,0,0,0,0,0,0
39.1,39.1,0,0,0,0,0,0,0,0,0,0,0,0
39.2,39.2,0,0,0,0,0,0,0,0,0,0,0,0
39.3,39.3,0,0,0,0,0,0,0,0,0,0,0,0
39.4,39.4,0,0,0,0,0,0,0,0,0,0,0,0
39.5,39.5,0,0,0,0,0,0,0,0,0,0,0,0
39.6,39.6,0,0,0,0,0,0,0,0,0,0,0,0
39.7,39.7,0,0,0,0,0,0,0,0,0,0,0,0
39.8,39.8,0,0,0,0,0,0,0,0,0,0,0,0
39.9,39.9,0,0,0,0,0,0,0,0,0,0,0,0
40,40,0,0,0,0,0,0,0,0,0,0,0,0
40.1,40.1,0,0,0,0,0,0,0,0,0,0,0,0
40.2,40.2,0,0,0,0,0,0,0,0,0,0,0,0
40.3,40.3,0,0,0,0,0,0,0,0,0,0,0,0
40.4,40.4,0,0,0,0,0,0,0,0,0,0,0,0
40.5,40.5,0,0,0,0,0,0,0,0,0,0,0,0
40.6,40.6,0,0,0,0,0,0,0,0,0,0,0,0
40.7,40.7,0,0,0,0,0,0,0,0,0,0,0,0
40.8,40.8,0,0,0,0,0,0,0,0,0,0,0,0
40.9,40.9,0,0,0,0,0,0,0,0,0,0,0,0
41,41,0,0,0,0,0,0,0,0,0,0,0,0
41.1,41.1,0,0,0,0,0,0,0,0,0,0,0,0
41.2,41.2,0,0,0,0,0,0,0,0,0,0,0,0
41.3,41.3,0,0,0,0,0,0,0,0,0,0,0,0
41.4,41.4,0,0,0,0,0,0,0,0,0,0,0,0
41.5,41.5,0,0,0,0,0,0,0,0,0,0,0,0
41.6,41.6,0,0,0,0,0,0,0,0,0,0,0,0
41.7,41.7,0,0,0,0,0,0,0,0,0,0,0,0
41.8,41.8,0,0,0,0,0,0,0,0,0,0,0,0
41.9,41.9,0,0,0,0,0,0,0,0,0,0,0,0
42,42,0,0,0,0,0,0,0,0,0,0,0,0
42.1,42.1,0,0,0,0,0,0,0,0,0,0,0,0
42.2,42.2,0,0,0,0,0,0,0,0,0,0,0,0
42.3,42.3,0,0,0,0,0,0,0,0,0,0,0,0
42.4,42.4,0,0,0,0,0,0,0,0,0,0,0,0
42.5,42.5,0,0,0,0,0,0,0,0,0,0,0,0
42.6,42.6,0,0,0,0,0,0,0,0,0,0,0,0
42.7,42.7,0,0,0,0,0,0,0,0,0,0,0,0
42.8,42.8,0,0,0,0,0,0,0,0,0,0,0,0
42.9,42.9,0,0,0,0,0,0,0,0,0,0,0,0
43,43,0,0,0,0,0,0,0,0,0,0,0,0
43.1,43.1,0,0,0,0,0,0,0,0,0,0,0,0
43.2,43.2,0,0,0,0,0,0,0,0,0,0,0,0
43.3,43.3,0,0,0,0,0,0,0,0,0,0,0,0
43.4,43.4,0,0,0,0,0,0,0,0,0,0,0,0
43.5,43.5,0,0,0,0,0,0,0,0,0,0,0,0
43.6,43.6,0,0,0,0,0,0,0,0,0,0,0,0
43.7,43.7,0,0,0,0,0,0,0,0,0,0,0,0
43.8,43.8,0,0,0,0,0,0,0,0,0,0,0,0
43.9,43.9,0,0,0,0,0,0,0,0,0,0,0,0
44,44,0,0,0,0,0,0,0,0,0,0,0,0
44.1,44.1,0,0,0,0,0,0,0,0,0,0,0,0
44.2,44.2,0,0,0,0,0,0,0,0,0,0,0,0
44.3,44.3,0,0,0,0,0,0,0,0,0,0,0,0
44.4,44.4,0,0,0,0,0,0,0,0,0,0,0,0
44.5,44.5,0,0,0,0,0,0,0,0,0,0,0,0
44.6,44.6,0,0,0,0,0,0,0,0,0,0,0,0
44.7,44.7,0,0,0,0,0,0,0,0,0,0,0,0
44.8,44.8,0,0,0,0,0,0,0,0,0,0,0,0
44.9,44.9,0,0,0,0,0,0,0,0,0,0,0,0
45,45,0,0,0,0,0,0,0,0,0,0,0,0
45.1,45.1,0,0,0,0,0,0,0,0,0,0,0,0
45.2,45.2,0,0,0,0,0,0,0,0,0,0,0,0
45.3,45.3,0,0,0,0,0,0,0,0,0,0,0,0
45.4,45.4,0,0,0,0,0,0,0,0,0,0,0,0
45.5,45.5,0,0,0,0,0,0,0,0,0,0,0,0
45.6,45.6,0,0,0,0,0,0,0,0,0,0,0,0
45.7,45.7,0,0,0,0,0,0,0,0,0,0,0,0
45.8,45.8,0,0,0,0,0,0,0,0,0,0,0,0
45.9,45.9,0,0,0,0,0,0,0,0,0,0,0,0
46,46,0,0,0,0,0,0,0,0,0,0,0,0
46.1,46.1,0,0,0,0,0,0,0,0,0,0,0,0
46.2,46.2,0,0,0,0,0,0,0,0,0,0,0,0
46.3,46.3,0,0,0,0,0,0,0,0,0,0,0,0
46.4,46.4,0,0,0,0,0,0,0,0,0,0,0,0
46.5,46.5,0,0,0,0,0,0,0,0,0,0,0,0
46.6,46.6,0,0,0,0,0,0,0,0,0,0,0,0
46.7,46.7,0,0,0,0,0,0,0,0,0,0,0,0
46.8,46.8,0,0,0,0,0,0,0,0,0,0,0,0
46.9,46.9,0,0,0,0,0,0,0,0,0,0,0,0
47,47,0,0,0,0,0,0,0,0,0,0,0,0
47.1,47.1,0,0,0,0,0,0,0,0,0,0,0,0
47.2,47.2,0,0,0,0,0,0,0,0,0,0,0,0
47.3,47.3,0,0,0,0,0,0,0,0,0,0,0,0
47.4,47.4,0,0,0,0,0,0,0,0,0,0,0,0
47.5,47.5,0,0,0,0,0,0,0,0,0,0,0,0
47.6,47.6,0,0,0,0,0,0,0,0,0,0,0,0
47.7,47.7,0,0,0,0,0,0,0,0,0,0,0,0
47.8,47.8,0,0,0,0,0,0,0,0,0,0,0,0
47.9,47.9,0,0,0,0,0,0,0,0,0,0,0,0
48,48,0,0,0,0,0,0,0,0,0,0,0,0
48.1,48.1,0,0,0,0,0,0,0,0,0,0,0,0
48.2,48.2,0,0,0,0,0,0,0,0,0,0,0,0
48.3,48.3,0,0,0,0,0,0,0,0,0,0,0,0
48.4,48.4,0,0,0,0,0,0,0,0,0,0,0,0
48.5,48.5,0,0,0,0,0,0,0,0,0,0,0,0
48.6,48.6,0,0,0,0,0,0,0,0,0,0,0,0
48.7,48.7,0,0,0,0,0,0,0,0,0,0,0,0
48.8,48.8,0,0,0,0,0,0,0,0,0,0,0,0
48.9,48.9,0,0,0,0,0,0,0,0,0,0,0,0
49,49,0,0,0,0,0,0,0,0,0,0,0,0
49.1,49.1,0,0,0,0,0,0,0,0,0,0,0,0
49.2,49.2,0,0,0,0,0,0,0,0,0,0,0,0
49.3,49.3,0,0,0,0,0,0,0,0,0,0,0,0
49.4,49.4,0,0,0,0,0,0,0,0,0,0,0,0
49.5,49.5,0,0,0,0,0,0,0,0,0,0,0,0
49.6,49.6,0,0,0,0,0,0,0,0,0,0,0,0
49.7,49.7,0,0,0,0,0,0,0,0,0,0,0,0
49.8,49.8,0,0,0,0,0,0,0,0,0,0,0,0
49.9,49.9,0,0,0,0,0,0,0,0,0,0,0,0
50,50,0,0,0,0,0,0,0,0,0,0,0,0
50.1,50.1,0,0,0,0,0,0,0,0,0,0,0,0
50.2,50.2,0,0,0,0,0,0,0,0,0,0,0,0
50.3,50.3,0,0,0,0,0,0,0,0,0,0,0,0
50.4,50.4,0,0,0,0,0,0,0,0,0,0,0,0
50.5,50.5,0,0,0,0,0,0,0,0,0,0,0,0
50.6,50.6,0,0,0,0,0,0,0,0,0,0,0,0
50.7,50.7,0,0,0,0,0,0,0,0,0,0,0,0
50.8,50.8,0,0,0,0,0,0,0,0,0,0,0,0
50.9,50.9,0,0,0,0,0,0,0,0,0,0,0,0
51,51,0,0,0,0,0,0,0,0,0,0,0,0
51.1,51.1,0,0,0,0,0,0,0,0,0,0,0,0
51.2,51.2,0,0,0,0,0,0,0,0,0,0,0,0
51.3,51.3,0,0,0,0,0,0,0,0,0,0,0,0
51.4,51.4,0,0,0,0,0,0,0,0,0,0,0,0
51.5,51.5,0,0,0,0,0,0,0,0,0,0,0,0
51.6,51.6,0,0,0,0,0,0,0,0,0,0,0,0
51.7,51.7,0,0,0,0,0,0,0,0,0,0,0,0
51.8,51.8,0,0,0,0,0,0,0,0,0,0,0,0
51.9,51.9,0,0,0,0,0,0,0,0,0,0,0,0
52,52,0,0,0,0,0,0,0,0,0,0,0,0
52.1,52.1,0,0,0,0,0,0,0,0,0,0,0,0
52.2,52.2,0,0,0,0,0,0,0,0,0,0,0,0
52.3,52.3,0,0,0,0,0,0,0,0,0,0,0,0
52.4,52.4,0,0,0,0,0,0,0,0,0,0,0,0
52.5,52.5,0,0,0,0,0,0,0,0,0,0,0,0
52.6,52.6,0,0,0,0,0,0,0,0,0,0,0,0
52.7,52.7,0,0,0,0,0,0,0,0,0,0,0,0
52.8,52.8,0,0,0,0,0,0,0,0,0,0,0,0
52.9,52.9,0,0,0,0,0,0,0,0,0,0,0,0
53,53,0,0,0,0,0,0,0,0,0,0,0,0
53.1,53.1,0,0,0,0,0,0,0,0,0,0,0,0
53.2,53.2,0,0,0,0,0,0,0,0,0,0,0,0
53.3,53.3,0,0,0,0,0,0,0,0,0,0,0,0
53.4,53.4,0,0,0,0,0,0,0,0,0,0,0,0
53.5,53.5,0,0,0,0,0,0,0,0,0,0,0,0
53.6,53.6,0,0,0,0,0,0,0,0,0,0,0,0
53.7,53.7,0,0,0,0,0,0,0,0,0,0,0,0
53.8,53.8,0,0,0,0,0,0,0,0,0,0,0,0
53.9,53.9,0,0,0,0,0,0,0,0,0,0,0,0
54,54,0,0,0,0,0,0,0,0,0,0,0,0
54.1,54.1,0,0,0,0,0,0,0,0,0,0,0,0
54.2,54.2,0,0,0,0,0,0,0,0,0,0,0,0
54.3,54.3,0,0,0,0,0,0,0,0,0,0,0,0
54.4,54.4,0,0,0,0,0,0,0,0,0,0,0,0
54.5,54.5,0,0,0,0,0,0,0,0,0,0,0,0
54.6,54.6,0,0,0,0,0,0,0,0,0,0,0,0
54.7,54.7,0,0,0,0,0,0,0,0,0,0,0,0
54.8,54.8,0,0,0,0,0,0,0,0,0,0,0,0
54.9,54.9,0,0,0,0,0,0,0,0,0,0,0,0
55,55,0,0,0,0,0,0,0,0,0,0,0,0
55.1,55.1,0,0,0,0,0,0,0,0,0,0,0,0
55.2,55.2,0,0,0,0,0,0,0,0,0,0,0,0
55.3,55.3,0,0,0,0,0,0,0,0,0,0,0,0
55.4,55.4,0,0,0,0,0,0,0,0,0,0,0,0
55.5,55.5,0,0,0,0,0,0,0,0,0,0,0,0
55.6,55.6,0,0,0,0,0,0,0,0,0,0,0,0
55.7,55.7,0,0,0,0,0,0,0,0,0,0,0,0
55.8,55.8,0,0,0,0,0,0,0,0,0,0,0,0
55.9,55.9,0,0,0,0,0,0,0,0,0,0,0,0
56,56,0,0,0,0,0,0,0,0,0,0,0,0
56.1,56.1,0,0,0,0,0,0,0,0,0,0,0,0
56.2,56.2,0,0,0,0,0,0,0,0,0,0,0,0
56.3,56.3,0,0,0,0,0,0,0,0,0,0,0,0
56.4,56.4,0,0,0,0,0,0,0,0,0,0,0,0
56.5,56.5,0,0,0,0,0,0,0,0,0,0,0,0
56.6,56.6,0,0,0,0,0,0,0,0,0,0,0,0
56.7,56.7,0,0,0,0,0,0,0,0,0,0,0,0
56.8,56.8,0,0,0,0,0,0,0,0,0,0,0,0
56.9,56.9,0,0,0,0,0,0,0,0,0,0,0,0
57,57,0,0,0,0,0,0,0,0,0,0,0,0
57.1,57.1,0,0,0,0,0,0,0,0,0,0,0,0
57.2,57.2,0,0,0,0,0,0,0,0,0,0,0,0
57.3,57.3,0,0,0,0,0,0,0,0,0,0,0,0
57.4,57.4,0,0,0,0,0,0,0,0,0,0,0,0
57.5,57.5,0,0,0,0,0,0,0,0,0,0,0,0
57.6,57.6,0,0,0,0,0,0,0,0,0,0,0,0
57.7,57.7,0,0,0,0,0,0,0,0,0,0,0,0
57.8,57.8,0,0,0,0,0,0,0,0,0,0,0,0
57.9,57.9,0,0,0,0,0,0,0,0,0,0,0,0
58,58,0,0,0,0,0,0,0,0,0,0,0,0
58.1,58.1,0,0,0,0,0,0,0,0,0,0,0,0
58.2,58.2,0,0,0,0,0,0,0,0,0,0,0,0
58.3,58.3,0,0,0,0,0,0,0,0,0,0,0,0
58.4,58.4,0,0,0,0,0,0,0,0,0,0,0,0
58.5,58.5,0,0,0,0,0,0,0,0,0,0,0,0
58.6,58.6,0,0,0,0,0,0,0,0,0,0,0,0
58.7,58.7,0,0,0,0,0,0,0,0,0,0,0,0
58.8,58.8,0,0,0,0,0,0,0,0,0,0,0,0
58.9,58.9,0,0,0,0,0,0,0,0,0,0,0,0
59,59,0,0,0,0,0,0,0,0,0,0,0,0
59.1,59.1,0,0,0,0,0,0,0,0,0,0,0,0
59.2,59.2,0,0,0,0,0,0,0,0,0,0,0,0
59.3,59.3,0,0,0,0,0,0,0,0,0,0,0,0
59.4,59.4,0,0,0,0,0,0,0,0,0,0,0,0
59.5,59.5,0,0,0,0,0,0,0,0,0,0,0,0
59.6,59.6,0,0,0,0,0,0,0,0,0,0,0,0
59.7,59.7,0,0,0,0,0,0,0,0,0,0,0,0
59.8,59.8,0,0,0,0,0,0,0,0,0,0,0,0
59.9,59.9,0,0,0,0,0,0,0,0,0,0,0,0
60,60,0,0,0,0,0,0,0,0,0,0,0,0
60.1,60.1,0,0,0,0,0,0,0,0,0,0,0,0
60.2,60.2,0,0,0,0,0,0,0,0,0,0,0,0
60.3,60.3,0,0,0,0,0,0,0,0,0,0,0,0
60.4,60.4,0,0,0,0,0,0,0,0,0,0,0,0
60.5,60.5,0,0,0,0,0,0,0,0,0,0,0,0
60.6,60.6,0,0,0,0,0,0,0,0,0,0,0,0
60.7,60.7,0,0,0,0,0,0,0,0,0,0,0,0
60.8,60.8,0,0,0,0,0,0,0,0,0,0,0,0
60.9,60.9,0,0,0,0,0,0,0,0,0,0,0,0
61,61,0,0,0,0,0,0,0,0,0,0,0,0
61.1,61.1,0,0,0,0,0,0,0,0,0,0,0,0
61.2,61.2,0,0,0,0,0,0,0,0,0,0,0,0
61.3,61.3,0,0,0,0,0,0,0,0,0,0,0,0
61.4,61.4,0,0,0,0,0,0,0,0,0,0,0,0
61.5,61.5,0,0,0,0,0,0,0,0,0,0,0,0
61.6,61.6,0,0,0,0,0,0,0,0,0,0,0,0
61.7,61.7,0,0,0,0,0,0,0,0,0,0,0,0
61.8,61.8,0,0,0,0,0,0,0,0,0,0,0,0
61.9,61.9,0,0,0,0,0,0,0,0,0,0,0,0
62,62,0,0,0,0,0,0,0,0,0,0,0,0
62.1,62.1,0,0,0,0,0,0,0,0,0,0,0,0
62.2,62.2,0,0,0,0,0,0,0,0,0,0,0,0
62.3,62.3,0,0,0,0,0,0,0,0,0,0,0,0
62.4,62.4,0,0,0,0,0,0,0,0,0,0,0,0
62.5,62.5,0,0,0,0,0,0,0,0,0,0,0,0
62.6,62.6,0,0,0,0,0,0,0,0,0,0,0,0
62.7,62.7,0,0,0,0,0,0,0,0,0,0,0,0
62.8,62.8,0,0,0,0,0,0,0,0,0,0,0,0
62.9,62.9,1,0,0,0,0,0,0,0,0,-1,0,0
63,63,0,0,0,0,0,0,0,0,0,0,0,0
63.1,63.1,0,0,0,0,0,0,0,0,0,0,0,0
63.2,63.2,0,0,0,0,0,0,0,0,0,0,0,0
63.3,63.3,0,0,0,0,0,0,0,0,0,0,0,0
63.4,63.4,1,0,0,0,0,0,0,0,0,-1,0,0
63.5,63.5,1,0,0,0,0,0,0,0,0,-1,0,0
63.6,63.6,1,0,0,0,0,0,0,0,0,-1,0,0
63.7,63.7,0,0,0,0,0,0,0,0,0,0,0,0
63.8,63.8,1,0,1,0,0,0,0,0,0,-1,0,-1
63.9,63.9,0,0,0,0,0,0,0,0,0,0,0,0
64,64,1,0,0,0,0,0,0,0,0,-1,0,0
64.1,64.1,1,0,0,0,0,0,0,0,0,-1,0,0
64.2,64.2,1,0,0,0,0,0,0,0,0,-1,0,0
64.3,64.3,1,1,0,0,0,0,0,0,0,-1,-1,0
64.4,64.4,1,0,0,0,0,0,0,0,0,-1,0,0
64.5,64.5,1,0,1,0,0,0,0,0,0,-1,0,-1
64.6,64.6,1,1,1,0,0,0,0,0,0,-1,-1,-1
64.7,64.7,1,0,1,0,0,0,0,0,0,-1,0,-1
64.8,64.8,1,1,0,0,0,0,0,0,0,-1,-1,0
64.9,64.9,1,0,0,0,0,0,0,0,0,-1,0,0
65,65,1,0,0,0,0,0,0,0,0,-1,0,0
65.1,65.1,1,0,0,0,0,0,0,0,0,-1,0,0
65.2,65.2,1,0,0,0,0,0,0,0,0,-1,0,0
65.3,65.3,1,0,0,0,0,0,0,0,0,-1,0,0
65.4,65.4,1,0,0,0,0,0,0,0,0,-1,0,0
65.5,65.5,1,0,0,0,0,0,0,0,0,-1,0,0
65.6,65.6,1,0,0,0,0,0,0,0,0,-1,0,0
65.7,65.7,1,0,0,0,0,0,0,0,0,-1,0,0
65.8,65.8,1,0,0,0,0,0,0,0,0,-1,0,0
65.9,65.9,1,1,0,0,0,0,0,0,0,-1,-1,0
66,66,1,1,0,0,0,0,0,0,0,-1,-1,0
66.1,66.1,1,1,0,0,0,0,0,0,0,-1,-1,0
66.2,66.2,0,1,0,0,0,0,0,0,0,0,-1,0
66.3,66.3,0,1,0,0,0,0,0,0,0,0,-1,0
66.4,66.4,1,1,0,0,0,0,0,0,0,-1,-1,0
66.5,66.5,1,1,0,0,0,0,0,0,0,-1,-1,0
66.6,66.6,1,1,0,0,0,0,0,0,0,-1,-1,0
66.7,66.7,0,1,0,0,0,0,0,0,0,0,-1,0
66.8,66.8,0,1,0,0,0,0,0,0,0,0,-1,0
66.9,66.9,0,1,0,0,0,0,0,0,0,0,-1,0
67,67,0,1,0,0,0,0,0,0,0,0,-1,0
67.1,67.1,1,1,0,0,0,0,0,0,0,-1,-1,0
67.2,67.2,0,1,0,0,0,0,0,0,0,0,-1,0
67.3,67.3,1,1,0,0,0,0,0,0,0,-1,-1,0
67.4,67.4,1,1,1,0,0,0,0,0,0,-1,-1,-1
67.5,67.5,1,1,0,0,0,0,0,0,0,-1,-1,0
67.6,67.6,1,1,0,0,0,0,0,0,0,-1,-1,0
67.7,67.7,1,1,0,0,0,0,0,0,0,-1,-1,0
67.8,67.8,1,1,0,0,0,0,0,0,0,-1,-1,0
67.9,67.9,1,1,0,0,0,0,0,0,0,-1,-1,0
68,68,1,1,0,0,0,0,0,0,0,-1,-1,0
68.1,68.1,1,1,0,0,0,0,0,0,0,-1,-1,0
68.2,68.2,1,1,0,0,0,0,0,0,0,-1,-1,0
68.3,68.3,1,1,0,0,0,0,0,0,0,-1,-1,0
68.4,68.4,1,1,0,0,0,0,0,0,0,-1,-1,0
68.5,68.5,1,1,0,0,0,0,0,0,0,-1,-1,0
68.6,68.6,1,1,0,0,0,0,0,0,0,-1,-1,0
68.7,68.7,1,1,0,0,0,0,0,0,0,-1,-1,0
68.8,68.8,1,1,0,0,0,0,0,0,0,-1,-1,0
68.9,68.9,1,1,0,0,0,0,0,0,0,-1,-1,0
69,69,1,1,0,0,0,0,0,0,0,-1,-1,0
69.1,69.1,1,1,0,0,0,0,0,0,0,-1,-1,0
69.2,69.2,1,1,0,0,0,0,0,0,0,-1,-1,0
69.3,69.3,1,1,0,0,0,0,0,0,0,-1,-1,0
69.4,69.4,1,1,0,0,0,0,0,0,0,-1,-1,0
69.5,69.5,1,1,1,0,0,0,0,0,0,-1,-1,-1
69.6,69.6,1,1,0,0,0,0,0,0,0,-1,-1,0
69.7,69.7,1,1,0,0,0,0,0,0,0,-1,-1,0
69.8,69.8,1,1,0,0,0,0,0,0,0,-1,-1,0
69.9,69.9,1,1,1,0,0,0,0,0,0,-1,-1,-1
70,70,1,1,1,0,0,0,0,0,0,-1,-1,-1
70.1,70.1,1,1,1,0,0,0,0,0,0,-1,-1,-1
70.2,70.2,1,1,1,0,0,0,0,0,0,-1,-1,-1
70.3,70.3,1,1,0,0,0,0,0,0,0,-1,-1,0
70.4,70.4,1,1,0,0,0,0,0,0,0,-1,-1,0
70.5,70.5,1,1,0,0,0,0,0,0,0,-1,-1,0
70.6,70.6,1,1,0,0,0,0,0,0,0,-1,-1,0
70.7,70.7,1,1,1,0,0,0,0,0,0,-1,-1,-1
70.8,70.8,1,1,1,0,0,0,0,0,0,-1,-1,-1
70.9,70.9,1,1,1,0,0,0,0,0,0,-1,-1,-1
71,71,1,1,1,0,0,0,0,0,0,-1,-1,-1
71.1,71.1,1,1,0,0,0,0,0,0,0,-1,-1,0
71.2,71.2,1,1,0,0,0,0,0,0,0,-1,-1,0
71.3,71.3,1,1,0,0,0,0,0,0,0,-1,-1,0
71.4,71.4,1,1,0,0,0,0,0,0,0,-1,-1,0
71.5,71.5,1,1,0,0,0,0,0,0,0,-1,-1,0
71.6,71.6,1,1,0,0,0,0,0,0,0,-1,-1,0
71.7,71.7,1,1,0,0,0,0,0,0,0,-1,-1,0
71.8,71.8,1,1,1,0,0,0,0,0,0,-1,-1,-1
71.9,71.9,1,1,1,0,0,0,0,0,0,-1,-1,-1
72,72,1,1,1,0,0,0,0,0,0,-1,-1,-1
72.1,72.1,1,1,1,0,0,0,0,0,0,-1,-1,-1
72.2,72.2,1,1,1,0,0,0,0,0,0,-1,-1,-1
72.3,72.3,1,1,1,0,0,0,0,0,0,-1,-1,-1
72.4,72.4,1,1,0,0,0,0,0,0,0,-1,-1,0
72.5,72.5,1,1,1,0,0,0,0,0,0,-1,-1,-1
72.6,72.6,1,1,0,0,0,0,0,0,0,-1,-1,0
72.7,72.7,1,1,1,0,0,0,0,0,0,-1,-1,-1
72.8,72.8,1,1,1,0,0,0,0,0,0,-1,-1,-1
72.9,72.9,1,1,1,0,0,0,0,0,0,-1,-1,-1
73,73,1,1,0,0,0,0,0,0,0,-1,-1,0
73.1,73.1,1,1,0,0,0,0,0,0,0,-1,-1,0
73.2,73.2,1,1,0,0,0,0,0,0,0,-1,-1,0
73.3,73.3,1,1,0,0,0,0,0,0,0,-1,-1,0
73.4,73.4,1,1,0,0,0,0,0,0,0,-1,-1,0
73.5,73.5,1,1,0,0,0,0,0,0,0,-1,-1,0
73.6,73.6,1,1,0,0,0,0,0,0,0,-1,-1,0
73.7,73.7,1,1,1,0,0,0,0,0,0,-1,-1,-1
73.8,73.8,1,1,1,0,0,0,0,0,0,-1,-1,-1
73.9,73.9,1,1,1,0,0,0,0,0,0,-1,-1,-1
74,74,1,1,1,0,0,0,0,0,0,-1,-1,-1
74.1,74.1,1,1,1,0,0,0,0,0,0,-1,-1,-1
74.2,74.2,1,1,1,0,0,0,0,0,0,-1,-1,-1
74.3,74.3,1,1,0,0,0,0,0,0,0,-1,-1,0
74.4,74.4,1,1,1,0,0,0,0,0,0,-1,-1,-1
74.5,74.5,1,1,1,0,0,0,0,0,0,-1,-1,-1
74.6,74.6,1,1,1,0,0,0,0,0,0,-1,-1,-1
74.7,74.7,1,1,1,0,0,0,0,0,0,-1,-1,-1
74.8,74.8,1,1,1,0,0,0,0,0,0,-1,-1,-1
74.9,74.9,1,1,1,0,0,0,0,0,0,-1,-1,-1
75,75,1,1,1,0,0,0,0,0,0,-1,-1,-1
75.1,75.1,1,1,1,0,0,0,0,0,0,-1,-1,-1
75.2,75.2,1,1,1,0,0,0,0,0,0,-1,-1,-1
75.3,75.3,1,1,1,0,0,0,0,0,0,-1,-1,-1
75.4,75.4,1,1,1,0,0,0,0,0,0,-1,-1,-1
75.5,75.5,1,1,1,0,0,0,0,0,0,-1,-1,-1
75.6,75.6,1,1,1,0,0,0,0,0,0,-1,-1,-1
75.7,75.7,1,1,1,0,0,0,0,0,0,-1,-1,-1
75.8,75.8,1,1,1,0,0,0,0,0,0,-1,-1,-1
75.9,75.9,1,1,1,0,0,0,0,0,0,-1,-1,-1
76,76,1,1,1,0,0,0,0,0,0,-1,-1,-1
76.1,76.1,1,1,1,0,0,0,0,0,0,-1,-1,-1
76.2,76.2,1,1,1,0,0,0,0,0,0,-1,-1,-1
76.3,76.3,1,1,1,0,0,0,0,0,0,-1,-1,-1
76.4,76.4,1,1,1,0,0,0,0,0,0,-1,-1,-1
76.5,76.5,1,1,1,0,0,0,0,0,0,-1,-1,-1
76.6,76.6,1,1,0,0,0,0,0,0,0,-1,-1,0
76.7,76.7,1,1,1,0,0,0,0,0,0,-1,-1,-1
76.8,76.8,1,1,1,0,0,0,0,0,0,-1,-1,-1
76.9,76.9,1,1,1,0,0,0,0,0,0,-1,-1,-1
77,77,1,1,1,0,0,0,0,0,0,-1,-1,-1
77.1,77.1,1,1,1,0,0,0,0,0,0,-1,-1,-1
77.2,77.2,1,1,1,0,0,0,0,0,0,-1,-1,-1
77.3,77.3,1,1,1,0,0,0,0,0,0,-1,-1,-1
77.4,77.4,1,1,1,0,0,0,0,0,0,-1,-1,-1
77.5,77.5,1,1,1,0,0,0,0,0,0,-1,-1,-1
77.6,77.6,1,1,1,0,0,0,0,0,0,-1,-1,-1
77.7,77.7,1,1,1,0,0,0,0,0,0,-1,-1,-1
77.8,77.8,1,1,0,0,0,0,0,0,0,-1,-1,0
77.9,77.9,1,1,1,0,0,0,0,0,0,-1,-1,-1
78,78,1,1,1,0,0,0,0,0,0,-1,-1,-1
78.1,78.1,1,1,1,0,0,0,0,0,0,-1,-1,-1
78.2,78.2,1,1,1,0,0,0,0,0,0,-1,-1,-1
78.3,78.3,1,1,1,0,0,0,0,0,0,-1,-1,-1
78.4,78.4,1,1,1,0,0,0,0,0,0,-1,-1,-1
78.5,78.5,1,1,1,0,0,0,0,0,0,-1,-1,-1
78.6,78.6,0,1,0,0,0,0,0,0,0,0,-1,0
78.7,78.7,1,1,0,0,0,0,0,0,0,-1,-1,0
78.8,78.8,1,1,1,0,0,0,0,0,0,-1,-1,-1
78.9,78.9,1,1,1,0,0,0,0,0,0,-1,-1,-1
79,79,1,1,1,0,0,0,0,0,0,-1,-1,-1
79.1,79.1,1,1,1,0,0,0,0,0,0,-1,-1,-1
79.2,79.2,1,1,1,0,0,0,0,0,0,-1,-1,-1
79.3,79.3,1,1,1,0,0,0,0,0,0,-1,-1,-1
79.4,79.4,1,1,1,0,0,0,0,0,0,-1,-1,-1
79.5,79.5,1,1,1,0,0,0,0,0,0,-1,-1,-1
79.6,79.6,1,1,1,0,0,0,0,0,0,-1,-1,-1
79.7,79.7,1,1,1,0,0,0,0,0,0,-1,-1,-1
79.8,79.8,1,1,1,0,0,0,0,0,0,-1,-1,-1
79.9,79.9,1,1,1,0,0,0,0,0,0,-1,-1,-1
80,80,1,1,1,0,0,0,0,0,0,-1,-1,-1
80.1,80.1,1,1,1,0,0,0,0,0,0,-1,-1,-1
80.2,80.2,1,1,1,0,0,0,0,0,0,-1,-1,-1
80.3,80.3,1,1,1,0,0,0,0,0,0,-1,-1,-1
80.4,80.4,1,1,1,0,0,0,0,0,0,-1,-1,-1
80.5,80.5,1,1,1,0,0,0,0,0,0,-1,-1,-1
80.6,80.6,1,1,1,0,0,0,0,0,0,-1,-1,-1
80.7,80.7,1,1,1,0,0,0,0,0,0,-1,-1,-1
80.8,80.8,1,1,1,0,0,0,0,0,0,-1,-1,-1
80.9,80.9,1,1,1,0,0,0,0,0,0,-1,-1,-1
81,81,1,1,1,0,0,0,0,0,0,-1,-1,-1
81.1,81.1,1,1,1,0,0,0,0,0,0,-1,-1,-1
81.2,81.2,1,1,1,0,0,0,0,0,0,-1,-1,-1
81.3,81.3,1,1,1,0,0,0,0,0,0,-1,-1,-1
81.4,81.4,1,1,1,0,0,0,0,0,0,-1,-1,-1
81.5,81.5,1,1,1,0,0,0,0,0,0,-1,-1,-1
81.6,81.6,1,1,1,0,0,0,0,0,0,-1,-1,-1
81.7,81.7,1,1,1,0,0,0,0,0,0,-1,-1,-1
81.8,81.8,1,1,1,0,0,0,0,0,0,-1,-1,-1
81.9,81.9,1,1,1,0,0,0,0,0,0,-1,-1,-1
82,82,1,1,1,0,0,0,0,0,0,-1,-1,-1
82.1,82.1,1,1,1,0,0,0,0,0,0,-1,-1,-1
82.2,82.2,1,1,1,0,0,0,0,0,0,-1,-1,-1
82.3,82.3,1,1,1,0,0,0,0,0,0,-1,-1,-1
82.4,82.4,1,1,1,0,0,0,0,0,0,-1,-1,-1
82.5,82.5,1,1,1,0,0,0,0,0,0,-1,-1,-1
82.6,82.6,1,1,1,0,0,0,0,0,0,-1,-1,-1
82.7,82.7,1,1,1,0,0,0,0,0,0,-1,-1,-1
82.8,82.8,1,1,1,0,0,0,0,0,0,-1,-1,-1
82.9,82.9,1,1,1,0,0,0,0,0,0,-1,-1,-1
83,83,1,1,1,0,0,0,0,0,0,-1,-1,-1
83.1,83.1,1,1,1,0,0,0,0,0,0,-1,-1,-1
83.2,83.2,1,1,1,0,0,0,0,0,0,-1,-1,-1
83.3,83.3,1,1,1,0,0,0,0,0,0,-1,-1,-1
83.4,83.4,1,1,1,0,0,0,0,0,0,-1,-1,-1
83.5,83.5,1,1,1,0,0,0,0,0,0,-1,-1,-1
83.6,83.6,1,1,1,0,0,0,0,0,0,-1,-1,-1
83.7,83.7,1,1,1,0,0,0,0,0,0,-1,-1,-1
83.8,83.8,1,1,1,0,0,0,0,0,0,-1,-1,-1
83.9,83.9,1,1,1,0,0,0,0,0,0,-1,-1,-1
84,84,1,1,1,0,0,0,0,0,0,-1,-1,-1
84.1,84.1,1,1,1,0,0,0,0,0,0,-1,-1,-1
84.2,84.2,1,1,1,0,0,0,0,0,0,-1,-1,-1
84.3,84.3,1,1,1,0,0,0,0,0,0,-1,-1,-1
84.4,84.4,1,1,1,0,0,0,0,0,0,-1,-1,-1
84.5,84.5,1,1,1,0,0,0,0,0,0,-1,-1,-1
84.6,84.6,1,1,1,0,0,0,0,0,0,-1,-1,-1
84.7,84.7,1,1,1,0,0,0,0,0,0,-1,-1,-1
84.8,84.8,1,1,1,0,0,0,0,0,0,-1,-1,-1
84.9,84.9,1,1,1,0,0,0,0,0,0,-1,-1,-1
85,85,1,1,1,0,0,0,0,0,0,-1,-1,-1
85.1,85.1,1,1,1,0,0,0,0,0,0,-1,-1,-1
85.2,85.2,1,1,1,0,0,0,0,0,0,-1,-1,-1
85.3,85.3,1,1,1,0,0,0,0,0,0,-1,-1,-1
85.4,85.4,1,1,1,0,0,0,0,0,0,-1,-1,-1
85.5,85.5,1,1,1,0,0,0,0,0,0,-1,-1,-1
85.6,85.6,1,1,1,0,0,0,0,0,0,-1,-1,-1
85.7,85.7,1,1,1,0,0,0,0,0,0,-1,-1,-1
85.8,85.8,1,1,1,0,0,0,0,0,0,-1,-1,-1
85.9,85.9,1,1,1,0,0,0,0,0,0,-1,-1,-1
86,86,1,1,1,0,0,0,0,0,0,-1,-1,-1
86.1,86.1,1,1,1,0,0,0,0,0,0,-1,-1,-1
86.2,86.2,1,1,1,0,0,0,0,0,0,-1,-1,-1
86.3,86.3,1,1,0,0,0,0,0,0,0,-1,-1,0
86.4,86.4,1,1,1,0,0,0,0,0,0,-1,-1,-1
86.5,86.5,1,1,1,0,0,0,0,0,0,-1,-1,-1
86.6,86.6,1,1,1,0,0,0,0,0,0,-1,-1,-1
86.7,86.7,1,1,1,0,0,0,0,0,0,-1,-1,-1
86.8,86.8,1,1,1,0,0,0,0,0,0,-1,-1,-1
86.9,86.9,1,1,1,0,0,0,0,0,0,-1,-1,-1
87,87,1,1,1,0,0,0,0,0,0,-1,-1,-1
87.1,87.1,1,1,1,0,0,0,0,0,0,-1,-1,-1
87.2,87.2,1,1,2,0,0,0,0,0,0,-1,-1,-2
87.3,87.3,0,0,-1,0,0,140,0,0,20,0,0,141
87.4,87.4,0,0,-1,0,0,140,0,0,0,0,0,141
87.5,87.5,0,0,-1,0,0,140,0,0,0,0,0,141
87.6,87.6,0,0,-1,0,0,140,0,0,0,0,0,141
87.7,87.7,0,0,-1,0,0,140,0,0,20,0,0,141
87.8,87.8,0,0,-1,0,0,140,0,0,20,0,0,141
87.9,87.9,0,0,-1,0,0,140,0,0,20,0,0,141
88,88,0,0,-1,0,0,140,0,0,20,0,0,141
88.1,88.1,0,0,0,0,0,140,0,0,0,0,0,140
88.2,88.2,0,0,0,0,0,140,0,0,20,0,0,140
88.3,88.3,0,0,1,0,0,140,0,0,20,0,0,139
88.4,88.4,1,-1,3,0,0,140,0,0,20,-1,1,137
88.5,88.5,1,-1,4,0,0,140,0,0,20,-1,1,136
88.6,88.6,1,-1,6,0,0,140,0,0,20,-1,1,134
88.7,88.7,1,-1,8,0,0,140,0,0,20,-1,1,132
88.8,88.8,2,-1,9,0,0,140,0,0,0,-2,1,131
88.9,88.9,2,0,11,0,0,140,0,0,0,-2,0,129
89,89,1,0,13,0,0,140,0,0,20,-1,0,127
89.1,89.1,1,0,14,0,0,140,0,0,20,-1,0,126
89.2,89.2,1,0,16,0,0,140,0,0,20,-1,0,124
89.3,89.3,1,0,17,0,0,140,0,0,20,-1,0,123
89.4,89.4,1,0,19,0,0,140,0,0,0,-1,0,121
89.5,89.5,1,0,20,0,0,140,0,0,0,-1,0,120
89.6,89.6,1,0,22,0,0,140,0,0,0,-1,0,118
89.7,89.7,2,1,24,0,0,140,0,0,0,-2,-1,116
89.8,89.8,1,1,26,0,0,140,0,0,0,-1,-1,114
89.9,89.9,1,1,28,0,0,140,0,0,20,-1,-1,112
90,90,1,1,30,0,0,140,0,0,20,-1,-1,110
90.1,90.1,1,1,33,0,0,140,0,0,20,-1,-1,107
90.2,90.2,1,1,35,0,0,140,0,0,20,-1,-1,105
90.3,90.3,1,1,37,0,0,140,0,0,20,-1,-1,103
90.4,90.4,1,1,39,0,0,140,0,0,0,-1,-1,101
90.5,90.5,1,2,41,0,0,140,0,0,0,-1,-2,99
90.6,90.6,1,2,44,0,0,140,0,0,20,-1,-2,96
90.7,90.7,1,3,47,0,0,140,0,0,20,-1,-3,93
90.8,90.8,1,3,49,0,0,140,0,0,20,-1,-3,91
90.9,90.9,1,4,51,0,0,140,0,0,20,-1,-4,89
91,91,1,4,54,0,0,140,0,0,20,-1,-4,86
91.1,91.1,0,5,56,0,0,140,0,0,20,0,-5,84
91.2,91.2,0,5,59,0,0,140,0,0,0,0,-5,81
91.3,91.3,1,5,61,0,0,140,0,0,20,-1,-5,79
91.4,91.4,1,5,61,0,0,140,-1,-1,20,-1,-5,79
91.5,91.5,1,6,63,0,0,140,-1,-1,20,-1,-6,77
91.6,91.6,1,6,65,0,0,140,-1,-1,20,-1,-6,75
91.7,91.7,1,6,67,0,0,140,-1,-1,20,-1,-6,73
91.8,91.8,1,6,69,0,0,140,-1,-1,20,-1,-6,71
91.9,91.9,1,6,71,0,0,140,-1,-2,20,-1,-6,69
92,92,1,7,73,0,0,140,-1,-2,20,-1,-7,67
92.1,92.1,1,7,75,0,0,140,-1,-2,20,-1,-7,65
92.2,92.2,1,8,77,0,0,140,-1,-2,20,-1,-8,63
92.3,92.3,1,8,79,0,0,140,-1,-2,20,-1,-8,61
92.4,92.4,0,8,81,0,0,140,-1,-2,20,0,-8,59
92.5,92.5,0,9,83,0,0,140,-1,-2,20,0,-9,57
92.6,92.6,0,9,85,0,0,140,-1,-2,20,0,-9,55
92.7,92.7,0,10,87,0,0,140,-1,-2,20,0,-10,53
92.8,92.8,0,11,89,0,0,140,-1,-2,20,0,-11,51
92.9,92.9,0,11,91,0,0,140,-1,-2,20,0,-11,49
93,93,0,11,93,0,0,140,-1,-2,20,0,-11,47
93.1,93.1,0,12,95,0,0,140,-1,-2,19,0,-12,45
93.2,93.2,-1,12,98,0,0,140,-1,-2,18,1,-12,42
93.3,93.3,-1,12,100,0,0,140,-1,-3,17,1,-12,40
93.4,93.4,-1,13,102,0,0,140,-1,-3,16,1,-13,38
93.5,93.5,-1,13,105,0,0,140,-1,-3,15,1,-13,35
93.6,93.6,-1,14,107,0,0,140,-1,-3,14,1,-14,33
93.7,93.7,-1,14,109,0,0,140,-1,-3,13,1,-14,31
93.8,93.8,-1,15,111,0,0,140,-1,-3,12,1,-15,29
93.9,93.9,-1,15,112,0,0,140,1,-3,11,1,-15,28
94,94,-2,15,114,0,0,140,1,-3,11,2,-15,26
94.1,94.1,-2,15,115,0,0,140,1,-3,10,2,-15,25
94.2,94.2,-2,15,117,0,0,140,1,-3,10,2,-15,23
94.3,94.3,-2,16,118,0,0,140,1,-3,9,2,-16,22
94.4,94.4,-2,16,119,0,0,140,1,-3,8,2,-16,21
94.5,94.5,-2,16,121,0,0,140,1,-3,8,2,-16,19
94.6,94.6,-2,16,122,0,0,140,1,-3,7,2,-16,18
94.7,94.7,-2,16,123,0,0,140,1,-3,7,2,-16,17
94.8,94.8,-2,16,124,0,0,140,1,-3,7,2,-16,16
94.9,94.9,-2,15,125,0,0,140,1,-3,6,2,-15,15
95,95,-2,16,126,0,0,140,1,-3,6,2,-16,14
95.1,95.1,-2,15,127,0,0,140,1,-3,5,2,-15,13
95.2,95.2,-2,15,128,0,0,140,1,-3,5,2,-15,12
95.3,95.3,-2,15,129,0,0,140,1,-3,4,2,-15,11
95.4,95.4,-2,15,130,0,0,140,1,-3,4,2,-15,10
95.5,95.5,-2,15,131,0,0,140,0,0,0,2,-15,9
95.6,95.6,-2,15,131,0,0,140,0,0,0,2,-15,9
95.7,95.7,-2,15,132,0,0,140,0,0,0,2,-15,8
95.8,95.8,-3,15,132,0,0,140,0,0,3,3,-15,8
95.9,95.9,-2,14,133,0,0,140,0,0,2,2,-14,7
96,96,-2,14,133,0,0,140,0,0,0,2,-14,7
96.1,96.1,-2,14,134,0,75,140,0,0,0,2,61,6
96.2,96.2,-3,14,134,0,75,140,0,0,0,3,61,6
96.3,96.3,-3,13,135,0,75,140,0,0,1,3,62,5
96.4,96.4,-3,13,135,0,75,140,0,0,0,3,62,5
96.5,96.5,-2,13,136,0,75,140,0,0,0,2,62,4
96.6,96.6,-2,13,136,0,75,140,0,0,0,2,62,4
96.7,96.7,-2,13,136,0,75,140,0,0,0,2,62,4
96.8,96.8,-2,14,136,0,75,140,0,0,1,2,61,4
96.9,96.9,-2,15,137,0,75,140,0,0,0,2,60,3
97,97,-2,16,137,0,75,140,0,0,0,2,59,3
97.1,97.1,-2,17,137,0,75,140,0,0,0,2,58,3
97.2,97.2,-2,18,137,0,75,140,0,0,0,2,57,3
97.3,97.3,-2,19,137,0,75,140,0,0,0,2,56,3
97.4,97.4,-2,20,137,0,75,140,0,0,0,2,55,3
97.5,97.5,-1,21,137,0,75,140,0,0,0,1,54,3
97.6,97.6,-2,22,137,0,75,140,0,0,0,2,53,3
97.7,97.7,-1,23,138,0,75,140,0,0,0,1,52,2
97.8,97.8,-1,23,138,0,75,140,0,0,0,1,52,2
97.9,97.9,-1,24,138,0,75,140,0,0,0,1,51,2
98,98,-1,24,138,0,75,140,0,0,0,1,51,2
98.1,98.1,-1,25,138,0,75,140,0,0,0,1,50,2
98.2,98.2,-1,25,138,0,75,140,0,0,0,1,50,2
98.3,98.3,-1,25,138,0,75,140,0,0,0,1,50,2
98.4,98.4,0,25,138,0,75,140,0,0,0,0,50,2
98.5,98.5,0,25,138,0,75,140,0,0,0,0,50,2
98.6,98.6,0,25,138,0,75,140,0,0,0,0,50,2
98.7,98.7,0,26,138,0,75,140,0,0,0,0,49,2
98.8,98.8,0,26,138,0,75,140,0,0,0,0,49,2
98.9,98.9,1,26,138,0,75,140,0,0,0,-1,49,2
99,99,1,26,138,0,75,140,0,0,0,-1,49,2
99.1,99.1,1,27,138,0,75,140,0,0,0,-1,48,2
99.2,99.2,1,27,138,0,75,140,0,0,0,-1,48,2
99.3,99.3,1,27,139,0,75,140,0,0,0,-1,48,1
99.4,99.4,2,28,139,0,75,140,0,0,0,-2,47,1
99.5,99.5,1,28,139,0,75,140,0,0,0,-1,47,1
99.6,99.6,2,28,139,0,75,140,0,0,0,-2,47,1
99.7,99.7,2,29,139,0,75,140,0,0,0,-2,46,1
99.8,99.8,2,29,139,0,75,140,0,0,0,-2,46,1
99.9,99.9,2,29,139,0,75,140,0,0,0,-2,46,1
100,100,2,30,139,0,75,140,0,0,0,-2,45,1
100.1,100.1,3,30,139,0,75,140,0,0,0,-3,45,1
100.2,100.2,3,30,139,0,75,140,0,0,0,-3,45,1
100.3,100.3,3,31,139,0,75,140,0,0,0,-3,44,1
100.4,100.4,3,31,139,0,75,140,0,0,0,-3,44,1
100.5,100.5,3,32,140,0,75,140,0,0,0,-3,43,0
100.6,100.6,3,32,140,0,75,140,0,0,0,-3,43,0
100.7,100.7,4,33,140,0,75,140,0,0,0,-4,42,0
100.8,100.8,4,34,140,0,75,140,0,0,0,-4,41,0
100.9,100.9,4,34,140,0,75,140,0,0,0,-4,41,0
101,101,4,35,140,0,75,140,0,0,0,-4,40,0
101.1,101.1,4,36,140,0,75,140,0,0,0,-4,39,0
101.2,101.2,4,36,140,0,75,140,0,0,0,-4,39,0
101.3,101.3,4,37,141,0,75,140,0,0,0,-4,38,-1
101.4,101.4,5,37,141,0,75,140,0,0,0,-5,38,-1
101.5,101.5,5,38,141,0,75,140,0,0,0,-5,37,-1
101.6,101.6,5,38,141,0,75,140,0,0,0,-5,37,-1
101.7,101.7,5,39,141,0,75,140,0,0,0,-5,36,-1
101.8,101.8,6,40,141,0,75,140,0,0,0,-6,35,-1
101.9,101.9,6,40,141,0,75,140,0,0,0,-6,35,-1
102,102,6,41,141,0,75,140,0,0,0,-6,34,-1
102.1,102.1,6,42,142,0,75,140,0,0,0,-6,33,-2
102.2,102.2,6,42,142,0,75,140,0,0,0,-6,33,-2
102.3,102.3,6,43,142,0,75,140,0,0,0,-6,32,-2
102.4,102.4,6,44,142,0,75,140,0,0,0,-6,31,-2
102.5,102.5,7,45,142,0,75,140,0,0,0,-7,30,-2
102.6,102.6,7,45,142,0,75,140,0,0,0,-7,30,-2
102.7,102.7,7,46,142,0,75,140,0,0,0,-7,29,-2
102.8,102.8,8,46,142,0,75,140,0,0,0,-8,29,-2
102.9,102.9,8,46,142,0,75,140,0,0,0,-8,29,-2
103,103,8,47,142,0,75,140,0,0,0,-8,28,-2
103.1,103.1,9,48,143,0,75,140,0,0,0,-9,27,-3
103.2,103.2,9,49,143,0,75,140,0,0,0,-9,26,-3
103.3,103.3,9,50,143,0,75,140,0,0,0,-9,25,-3
103.4,103.4,9,50,143,0,75,140,0,0,0,-9,25,-3
103.5,103.5,10,51,144,0,75,140,0,0,-1,-10,24,-4
103.6,103.6,10,52,144,0,75,140,0,0,0,-10,23,-4
103.7,103.7,10,53,144,0,75,140,0,0,0,-10,22,-4
103.8,103.8,10,54,144,0,75,140,0,0,-1,-10,21,-4
103.9,103.9,10,55,144,0,75,140,0,0,0,-10,20,-4
104,104,10,56,144,0,75,140,0,0,0,-10,19,-4
104.1,104.1,11,57,144,0,75,140,0,0,0,-11,18,-4
104.2,104.2,11,58,144,0,75,140,0,0,0,-11,17,-4
104.3,104.3,11,59,144,0,75,140,0,0,0,-11,16,-4
104.4,104.4,11,60,144,0,75,140,0,0,0,-11,15,-4
104.5,104.5,11,60,144,0,75,140,0,0,0,-11,15,-4
104.6,104.6,11,61,144,0,75,140,0,0,0,-11,14,-4
104.7,104.7,11,61,144,0,75,140,0,0,0,-11,14,-4
104.8,104.8,12,62,144,0,75,140,0,0,0,-12,13,-4
104.9,104.9,12,63,144,0,75,140,0,0,-1,-12,12,-4
105,105,12,63,144,0,75,140,0,0,-1,-12,12,-4
105.1,105.1,12,63,144,0,75,140,0,0,-1,-12,12,-4
105.2,105.2,12,64,144,0,75,140,0,0,-1,-12,11,-4
105.3,105.3,12,64,144,0,75,140,0,0,-1,-12,11,-4
105.4,105.4,12,64,144,0,75,140,0,0,-1,-12,11,-4
105.5,105.5,12,65,144,0,75,140,0,0,-1,-12,10,-4
105.6,105.6,13,65,144,0,75,140,0,0,-1,-13,10,-4
105.7,105.7,13,65,144,0,75,140,0,0,-1,-13,10,-4
105.8,105.8,13,66,144,0,75,140,0,0,-1,-13,9,-4
105.9,105.9,13,66,144,0,75,140,0,0,-1,-13,9,-4
106,106,13,66,144,0,75,140,0,0,-1,-13,9,-4
106.1,106.1,13,67,144,0,75,140,0,0,-1,-13,8,-4
106.2,106.2,13,67,144,0,75,140,0,0,-1,-13,8,-4
106.3,106.3,14,67,144,0,75,140,0,0,0,-14,8,-4
106.4,106.4,14,67,144,0,75,140,0,0,-1,-14,8,-4
106.5,106.5,14,67,144,0,75,140,0,0,-1,-14,8,-4
106.6,106.6,14,68,144,0,75,140,0,0,0,-14,7,-4
106.7,106.7,14,68,144,0,75,140,0,0,-1,-14,7,-4
106.8,106.8,14,68,144,0,75,140,0,0,-1,-14,7,-4
106.9,106.9,15,68,144,0,75,140,0,0,0,-15,7,-4
107,107,15,68,144,0,75,140,0,0,-1,-15,7,-4
107.1,107.1,15,68,144,0,75,140,0,0,-1,-15,7,-4
107.2,107.2,15,68,143,0,75,140,0,0,0,-15,7,-3
107.3,107.3,15,68,143,0,75,140,0,0,0,-15,7,-3
107.4,107.4,15,68,143,0,75,140,0,0,0,-15,7,-3
107.5,107.5,15,68,143,0,75,140,0,0,0,-15,7,-3
107.6,107.6,15,68,143,0,75,140,0,0,0,-15,7,-3
107.7,107.7,15,68,143,0,75,140,0,0,0,-15,7,-3
107.8,107.8,15,68,143,0,75,140,0,0,0,-15,7,-3
107.9,107.9,15,68,144,0,75,140,0,0,0,-15,7,-4
108,108,15,68,144,0,75,140,0,0,-1,-15,7,-4
108.1,108.1,15,68,144,0,75,140,0,0,-1,-15,7,-4
108.2,108.2,15,68,144,0,75,140,0,0,-1,-15,7,-4
108.3,108.3,15,67,144,0,75,140,0,0,-1,-15,8,-4
108.4,108.4,15,67,144,0,75,140,0,0,-1,-15,8,-4
108.5,108.5,14,67,144,0,75,140,0,0,-1,-14,8,-4
108.6,108.6,14,68,144,0,75,140,0,0,-1,-14,7,-4
108.7,108.7,14,68,143,0,75,140,0,0,0,-14,7,-3
108.8,108.8,14,68,143,0,75,140,0,0,0,-14,7,-3
108.9,108.9,14,68,143,0,75,140,0,0,0,-14,7,-3
109,109,14,67,143,0,75,140,0,0,0,-14,8,-3
109.1,109.1,13,67,143,0,75,140,0,0,0,-13,8,-3
109.2,109.2,13,67,142,0,75,140,0,0,0,-13,8,-2
109.3,109.3,13,67,142,0,75,140,0,0,0,-13,8,-2
109.4,109.4,12,68,142,0,75,140,0,0,0,-12,7,-2
109.5,109.5,12,68,142,0,75,140,0,0,0,-12,7,-2
109.6,109.6,12,68,142,0,75,140,0,0,0,-12,7,-2
109.7,109.7,12,68,142,0,75,140,0,0,0,-12,7,-2
109.8,109.8,11,68,141,0,75,140,0,0,0,-11,7,-1
109.9,109.9,11,68,141,0,75,140,0,0,0,-11,7,-1
110,110,11,67,141,0,75,140,0,0,0,-11,8,-1
110.1,110.1,11,67,141,0,75,140,0,0,0,-11,8,-1
110.2,110.2,10,67,141,0,75,140,0,0,0,-10,8,-1
110.3,110.3,10,67,141,0,75,140,0,0,0,-10,8,-1
110.4,110.4,9,67,141,0,75,140,0,0,0,-9,8,-1
110.5,110.5,9,66,141,0,75,140,0,0,0,-9,9,-1
110.6,110.6,8,66,141,0,75,140,0,0,0,-8,9,-1
110.7,110.7,8,66,141,0,75,140,0,0,0,-8,9,-1
110.8,110.8,7,66,141,0,75,140,0,0,0,-7,9,-1
110.9,110.9,7,66,141,0,75,140,0,0,0,-7,9,-1
111,111,6,66,140,0,75,140,0,0,0,-6,9,0
111.1,111.1,6,66,140,0,75,140,0,0,0,-6,9,0
111.2,111.2,5,66,140,0,75,140,0,0,0,-5,9,0
111.3,111.3,5,66,140,0,75,140,0,0,0,-5,9,0
111.4,111.4,5,66,140,0,75,140,0,0,0,-5,9,0
111.5,111.5,4,66,140,0,75,140,0,0,0,-4,9,0
111.6,111.6,4,66,140,0,125,140,0,0,0,-4,59,0
111.7,111.7,4,65,140,0,125,140,0,0,0,-4,60,0
111.8,111.8,4,65,140,0,125,140,0,0,0,-4,60,0
111.9,111.9,4,66,140,0,125,140,0,0,0,-4,59,0
112,112,3,66,140,0,125,140,0,0,0,-3,59,0
112.1,112.1,3,66,140,0,125,140,0,0,0,-3,59,0
112.2,112.2,3,67,140,0,125,140,0,0,0,-3,58,0
112.3,112.3,2,67,140,0,125,140,0,0,0,-2,58,0
112.4,112.4,2,67,140,0,125,140,0,0,0,-2,58,0
112.5,112.5,2,68,140,0,125,140,0,0,0,-2,57,0
112.6,112.6,1,68,140,0,125,140,0,0,0,-1,57,0
112.7,112.7,1,68,140,0,125,140,0,0,0,-1,57,0
112.8,112.8,1,68,140,0,125,140,0,0,0,-1,57,0
112.9,112.9,1,68,140,0,125,140,0,0,0,-1,57,0
113,113,1,68,140,0,125,140,0,0,0,-1,57,0
113.1,113.1,1,68,140,0,125,140,0,0,0,-1,57,0
113.2,113.2,1,68,140,0,125,140,0,0,0,-1,57,0
113.3,113.3,1,68,140,0,125,140,0,0,0,-1,57,0
113.4,113.4,1,69,140,0,125,140,0,0,0,-1,56,0
113.5,113.5,1,69,140,0,125,140,0,0,0,-1,56,0
113.6,113.6,1,69,140,0,125,140,0,0,0,-1,56,0
113.7,113.7,1,69,141,0,125,140,0,0,0,-1,56,-1
113.8,113.8,1,70,141,0,125,140,0,0,0,-1,55,-1
113.9,113.9,1,70,141,0,125,140,0,0,0,-1,55,-1
114,114,1,71,141,0,125,140,0,0,0,-1,54,-1
114.1,114.1,2,71,141,0,125,140,0,0,0,-2,54,-1
114.2,114.2,2,72,141,0,125,140,0,0,0,-2,53,-1
114.3,114.3,2,72,141,0,125,140,0,0,0,-2,53,-1
114.4,114.4,3,73,141,0,125,140,0,0,0,-3,52,-1
114.5,114.5,3,73,141,0,125,140,0,0,0,-3,52,-1
114.6,114.6,3,74,141,0,125,140,0,0,0,-3,51,-1
114.7,114.7,3,74,141,0,125,140,0,0,0,-3,51,-1
114.8,114.8,3,75,141,0,125,140,0,0,0,-3,50,-1
114.9,114.9,4,75,141,0,125,140,0,0,0,-4,50,-1
115,115,4,76,141,0,125,140,0,0,0,-4,49,-1
115.1,115.1,5,76,141,0,125,140,0,0,0,-5,49,-1
115.2,115.2,5,77,141,0,125,140,0,0,0,-5,48,-1
115.3,115.3,5,78,141,0,125,140,0,0,0,-5,47,-1
115.4,115.4,5,79,141,0,125,140,0,0,0,-5,46,-1
115.5,115.5,6,79,141,0,125,140,0,0,0,-6,46,-1
115.6,115.6,6,80,141,0,125,140,0,0,0,-6,45,-1
115.7,115.7,6,82,141,0,125,140,0,0,0,-6,43,-1
115.8,115.8,6,82,141,0,125,140,0,0,0,-6,43,-1
115.9,115.9,7,83,141,0,125,140,0,0,0,-7,42,-1
116,116,7,85,141,0,125,140,0,0,0,-7,40,-1
116.1,116.1,7,86,141,0,125,140,0,0,0,-7,39,-1
116.2,116.2,8,87,141,0,125,140,0,0,0,-8,38,-1
116.3,116.3,8,87,141,0,125,140,0,0,0,-8,38,-1
116.4,116.4,8,88,142,0,125,140,0,0,0,-8,37,-2
116.5,116.5,8,89,142,0,125,140,0,0,0,-8,36,-2
116.6,116.6,9,90,142,0,125,140,0,0,0,-9,35,-2
116.7,116.7,9,91,142,0,125,140,0,0,0,-9,34,-2
116.8,116.8,9,92,142,0,125,140,0,0,0,-9,33,-2
116.9,116.9,9,93,142,0,125,140,0,0,0,-9,32,-2
117,117,9,94,142,0,125,140,0,0,0,-9,31,-2
117.1,117.1,9,95,142,0,125,140,0,0,0,-9,30,-2
117.2,117.2,9,96,142,0,125,140,0,0,0,-9,29,-2
117.3,117.3,8,97,142,0,125,140,0,0,0,-8,28,-2
117.4,117.4,8,98,142,0,125,140,0,0,0,-8,27,-2
117.5,117.5,8,98,142,0,125,140,0,0,0,-8,27,-2
117.6,117.6,8,99,142,0,125,140,0,0,0,-8,26,-2
117.7,117.7,8,101,142,0,125,140,0,0,0,-8,24,-2
117.8,117.8,8,102,142,0,125,140,0,0,0,-8,23,-2
117.9,117.9,8,103,142,0,125,140,0,0,0,-8,22,-2
118,118,8,104,142,0,125,140,0,0,0,-8,21,-2
118.1,118.1,8,105,142,0,125,140,0,0,0,-8,20,-2
118.2,118.2,8,107,142,0,125,140,0,0,0,-8,18,-2
118.3,118.3,8,108,142,0,125,140,0,0,0,-8,17,-2
118.4,118.4,8,109,142,0,125,140,0,0,0,-8,16,-2
118.5,118.5,8,110,142,0,125,140,0,0,0,-8,15,-2
118.6,118.6,8,111,142,0,125,140,0,0,0,-8,14,-2
118.7,118.7,8,112,142,0,125,140,0,0,0,-8,13,-2
118.8,118.8,8,113,142,0,125,140,0,0,0,-8,12,-2
118.9,118.9,8,114,142,0,125,140,0,0,0,-8,11,-2
119,119,8,114,142,0,125,140,0,0,0,-8,11,-2
119.1,119.1,8,115,142,0,125,140,0,0,0,-8,10,-2
119.2,119.2,8,116,142,0,125,140,0,0,0,-8,9,-2
119.3,119.3,8,117,142,0,125,140,0,0,0,-8,8,-2
119.4,119.4,8,117,142,0,125,140,0,0,0,-8,8,-2
119.5,119.5,8,118,142,0,125,140,0,0,0,-8,7,-2
119.6,119.6,9,118,142,0,125,140,0,0,0,-9,7,-2
119.7,119.7,8,118,142,0,125,140,0,0,0,-8,7,-2
119.8,119.8,8,119,141,0,125,140,0,0,0,-8,6,-1
119.9,119.9,8,119,141,0,175,140,0,0,0,-8,56,-1
120,120,8,119,141,0,175,140,0,0,0,-8,56,-1
120.1,120.1,8,120,141,0,175,140,0,0,0,-8,55,-1
120.2,120.2,8,120,141,0,175,140,0,0,0,-8,55,-1
120.3,120.3,8,120,141,0,175,140,0,0,0,-8,55,-1
120.4,120.4,8,120,141,0,175,140,0,0,0,-8,55,-1
120.5,120.5,8,120,141,0,175,140,0,0,0,-8,55,-1
120.6,120.6,8,120,141,0,175,140,0,0,0,-8,55,-1
120.7,120.7,8,120,141,0,175,140,0,0,0,-8,55,-1
120.8,120.8,8,121,141,0,175,140,0,0,0,-8,54,-1
120.9,120.9,8,121,141,0,175,140,0,0,0,-8,54,-1
121,121,8,121,141,0,175,140,0,0,0,-8,54,-1
121.1,121.1,8,122,141,0,175,140,0,0,0,-8,53,-1
121.2,121.2,8,122,141,0,175,140,0,0,0,-8,53,-1
121.3,121.3,8,123,141,0,175,140,0,0,0,-8,52,-1
121.4,121.4,8,123,141,0,175,140,0,0,0,-8,52,-1
121.5,121.5,9,123,141,0,175,140,0,0,0,-9,52,-1
121.6,121.6,9,124,141,0,175,140,0,0,0,-9,51,-1
121.7,121.7,9,124,141,0,175,140,0,0,0,-9,51,-1
121.8,121.8,9,125,141,0,175,140,0,0,0,-9,50,-1
121.9,121.9,9,125,140,0,175,140,0,0,0,-9,50,0
122,122,9,126,140,0,175,140,0,0,0,-9,49,0
122.1,122.1,9,126,140,0,175,140,0,0,0,-9,49,0
122.2,122.2,9,126,140,0,175,140,0,0,0,-9,49,0
122.3,122.3,8,126,140,0,175,140,0,0,0,-8,49,0
122.4,122.4,8,126,140,0,175,140,0,0,0,-8,49,0
122.5,122.5,8,126,140,0,175,140,0,0,0,-8,49,0
122.6,122.6,8,126,140,0,175,140,0,0,0,-8,49,0
122.7,122.7,8,127,140,0,175,140,0,0,0,-8,48,0
122.8,122.8,8,127,140,0,175,140,0,0,0,-8,48,0
122.9,122.9,8,127,140,0,175,140,0,0,0,-8,48,0
123,123,8,127,140,0,175,140,0,0,0,-8,48,0
123.1,123.1,8,127,140,0,175,140,0,0,0,-8,48,0
123.2,123.2,8,127,140,0,175,140,0,0,0,-8,48,0
123.3,123.3,8,127,140,0,175,140,0,0,0,-8,48,0
123.4,123.4,8,127,140,0,175,140,0,0,0,-8,48,0
123.5,123.5,8,127,140,0,175,140,0,0,0,-8,48,0
123.6,123.6,8,127,140,0,175,140,0,0,0,-8,48,0
123.7,123.7,8,128,140,0,175,140,0,0,0,-8,47,0
123.8,123.8,9,128,140,0,175,140,0,0,0,-9,47,0
123.9,123.9,9,129,140,0,175,140,0,0,0,-9,46,0
124,124,9,130,140,0,175,140,0,0,0,-9,45,0
124.1,124.1,9,131,139,0,175,140,0,0,0,-9,44,1
124.2,124.2,9,131,139,0,175,140,0,0,0,-9,44,1
124.3,124.3,9,132,139,0,175,140,0,0,0,-9,43,1
124.4,124.4,9,132,139,0,175,140,0,0,0,-9,43,1
124.5,124.5,9,133,139,0,175,140,0,0,0,-9,42,1
124.6,124.6,9,133,139,0,175,140,0,0,0,-9,42,1
124.7,124.7,9,134,139,0,175,140,0,0,0,-9,41,1
124.8,124.8,9,134,139,0,175,140,0,0,0,-9,41,1
124.9,124.9,8,134,139,0,175,140,0,0,0,-8,41,1
125,125,8,135,138,0,175,140,0,0,0,-8,40,2
125.1,125.1,8,136,138,0,175,140,0,0,0,-8,39,2
125.2,125.2,8,137,138,0,175,140,0,0,0,-8,38,2
125.3,125.3,8,138,138,0,175,140,0,0,0,-8,37,2
125.4,125.4,7,139,138,0,175,140,0,0,0,-7,36,2
125.5,125.5,7,140,138,0,175,140,0,0,0,-7,35,2
125.6,125.6,7,140,138,0,175,140,0,0,0,-7,35,2
125.7,125.7,7,140,138,0,175,140,0,0,0,-7,35,2
125.8,125.8,7,140,138,0,175,140,0,0,0,-7,35,2
125.9,125.9,7,140,138,0,175,140,0,0,0,-7,35,2
126,126,7,140,138,0,175,140,0,0,0,-7,35,2
126.1,126.1,7,140,138,0,175,140,0,0,0,-7,35,2
126.2,126.2,7,140,138,0,175,140,0,0,0,-7,35,2
126.3,126.3,7,140,138,0,175,140,0,0,0,-7,35,2
126.4,126.4,7,140,138,0,175,140,0,0,0,-7,35,2
126.5,126.5,7,140,138,0,175,140,0,0,0,-7,35,2
126.6,126.6,7,140,138,0,175,140,0,0,0,-7,35,2
126.7,126.7,7,140,138,0,175,140,0,0,0,-7,35,2
126.8,126.8,7,140,138,0,175,140,0,0,0,-7,35,2
126.9,126.9,7,140,138,0,175,140,0,0,0,-7,35,2
127,127,7,140,138,0,175,140,0,0,0,-7,35,2
127.1,127.1,7,140,138,0,175,140,0,0,0,-7,35,2
127.2,127.2,7,140,138,0,175,140,0,0,0,-7,35,2
127.3,127.3,7,140,138,0,175,140,0,0,0,-7,35,2
127.4,127.4,7,140,138,0,175,140,0,0,0,-7,35,2
127.5,127.5,7,140,138,0,175,140,0,0,0,-7,35,2
127.6,127.6,7,140,138,0,175,140,0,0,0,-7,35,2
127.7,127.7,7,140,138,0,175,140,0,0,0,-7,35,2
127.8,127.8,7,140,138,0,175,140,0,0,0,-7,35,2
127.9,127.9,7,140,138,0,175,140,0,0,0,-7,35,2
128,128,7,140,138,0,175,140,0,0,0,-7,35,2
128.1,128.1,7,140,138,0,175,140,0,0,0,-7,35,2
128.2,128.2,7,140,138,0,175,140,0,0,0,-7,35,2
128.3,128.3,7,140,138,0,175,140,0,0,0,-7,35,2
128.4,128.4,7,140,138,0,175,140,0,0,0,-7,35,2
128.5,128.5,7,140,138,0,175,140,0,0,0,-7,35,2
128.6,128.6,7,140,138,0,175,140,0,0,0,-7,35,2
128.7,128.7,7,140,138,0,175,140,0,0,0,-7,35,2
128.8,128.8,7,140,138,0,175,140,0,0,0,-7,35,2
128.9,128.9,7,140,138,0,175,140,0,0,0,-7,35,2
129,129,7,140,138,0,175,140,0,0,0,-7,35,2
129.1,129.1,7,140,138,0,175,140,0,0,0,-7,35,2
129.2,129.2,7,140,138,0,175,140,0,0,0,-7,35,2
129.3,129.3,7,140,138,0,175,140,0,0,0,-7,35,2
129.4,129.4,7,140,138,0,175,140,0,0,0,-7,35,2
129.5,129.5,7,140,138,0,175,140,0,0,0,-7,35,2
129.6,129.6,7,140,138,0,175,140,0,0,0,-7,35,2
129.7,129.7,7,140,138,0,175,140,0,0,0,-7,35,2
129.8,129.8,7,140,138,0,175,140,0,0,0,-7,35,2
129.9,129.9,7,140,138,0,175,140,0,0,0,-7,35,2
130,130,7,140,138,0,175,140,0,0,0,-7,35,2
130.1,130.1,7,140,138,0,175,140,0,0,0,-7,35,2
130.2,130.2,7,140,138,0,175,140,0,0,0,-7,35,2
130.3,130.3,7,140,138,0,175,140,0,0,0,-7,35,2
130.4,130.4,7,140,138,0,175,140,0,0,0,-7,35,2
130.5,130.5,7,140,138,0,175,140,0,0,0,-7,35,2
130.6,130.6,7,140,138,0,175,140,0,0,0,-7,35,2
130.7,130.7,7,140,138,0,175,140,0,0,0,-7,35,2
130.8,130.8,7,140,138,0,175,140,0,0,0,-7,35,2
130.9,130.9,7,140,138,0,175,140,0,0,0,-7,35,2
131,131,7,140,138,0,175,140,0,0,0,-7,35,2
131.1,131.1,7,140,138,0,175,140,0,0,0,-7,35,2
131.2,131.2,7,140,138,0,175,140,0,0,0,-7,35,2
131.3,131.3,7,140,138,0,175,140,0,0,0,-7,35,2
131.4,131.4,7,140,138,0,175,140,0,0,0,-7,35,2
131.5,131.5,7,140,138,0,175,140,0,0,0,-7,35,2
131.6,131.6,7,140,138,0,175,140,0,0,0,-7,35,2
131.7,131.7,7,140,138,0,175,140,0,0,0,-7,35,2
131.8,131.8,7,140,138,0,175,140,0,0,0,-7,35,2
131.9,131.9,7,140,138,0,175,140,0,0,0,-7,35,2
132,132,7,140,138,0,175,140,0,0,0,-7,35,2
132.1,132.1,7,140,138,0,175,140,0,0,0,-7,35,2
132.2,132.2,7,140,138,0,175,140,0,0,0,-7,35,2
132.3,132.3,7,140,138,0,175,140,0,0,0,-7,35,2
132.4,132.4,7,140,138,0,175,140,0,0,0,-7,35,2
132.5,132.5,7,140,138,0,175,140,0,0,0,-7,35,2
132.6,132.6,7,140,138,0,175,140,0,0,0,-7,35,2
132.7,132.7,7,140,138,0,175,140,0,0,0,-7,35,2
132.8,132.8,7,140,138,0,175,140,0,0,0,-7,35,2
132.9,132.9,7,140,138,0,175,140,0,0,0,-7,35,2
133,133,7,140,138,0,175,140,0,0,0,-7,35,2
133.1,133.1,7,140,138,0,175,140,0,0,0,-7,35,2
133.2,133.2,7,140,138,0,175,140,0,0,0,-7,35,2
133.3,133.3,7,140,138,0,175,140,0,0,0,-7,35,2
133.4,133.4,7,140,138,0,175,140,0,0,0,-7,35,2
133.5,133.5,7,140,138,0,175,140,0,0,0,-7,35,2
133.6,133.6,-6,180,105,0,125,100,1,-19,-1,6,-55,-5
133.7,133.7,-6,179,105,0,125,100,1,-19,-1,6,-54,-5
133.8,133.8,-6,179,105,0,125,100,1,-19,-1,6,-54,-5
133.9,133.9,-5,179,105,0,125,100,1,-18,-1,5,-54,-5
134,134,-5,178,104,0,125,100,1,-18,-1,5,-53,-4
134.1,134.1,-5,177,104,0,125,100,1,-18,-1,5,-52,-4
134.2,134.2,-5,177,104,0,125,100,1,-18,-1,5,-52,-4
134.3,134.3,-5,176,104,0,125,100,1,-17,-1,5,-51,-4
134.4,134.4,-5,176,103,0,125,100,1,-17,0,5,-51,-3
134.5,134.5,-5,175,103,0,125,100,1,-17,0,5,-50,-3
134.6,134.6,-5,175,103,0,125,100,1,-17,0,5,-50,-3
134.7,134.7,-5,174,103,0,125,100,1,-17,0,5,-49,-3
134.8,134.8,-5,173,103,0,125,100,1,-17,0,5,-48,-3
134.9,134.9,-5,172,102,0,125,100,1,-16,0,5,-47,-2
135,135,-5,171,102,0,125,100,1,-16,0,5,-46,-2
135.1,135.1,-5,171,102,0,125,100,1,-16,0,5,-46,-2
135.2,135.2,-5,171,102,0,125,100,1,-16,0,5,-46,-2
135.3,135.3,-5,170,102,0,125,100,1,-16,0,5,-45,-2
135.4,135.4,-5,170,102,0,125,100,1,-16,0,5,-45,-2
135.5,135.5,-5,169,102,0,125,100,1,-15,0,5,-44,-2
135.6,135.6,-4,168,102,0,125,100,1,-15,0,4,-43,-2
135.7,135.7,-4,167,102,0,125,100,1,-15,0,4,-42,-2
135.8,135.8,-4,166,102,0,125,100,1,-14,0,4,-41,-2
135.9,135.9,-4,165,102,0,125,100,1,-14,0,4,-40,-2
136,136,-4,165,102,0,125,100,1,-14,0,4,-40,-2
136.1,136.1,-4,164,102,0,125,100,1,-14,0,4,-39,-2
136.2,136.2,-4,163,102,0,125,100,1,-14,0,4,-38,-2
136.3,136.3,-4,163,102,0,125,100,1,-13,0,4,-38,-2
136.4,136.4,-4,162,102,0,125,100,1,-13,0,4,-37,-2
136.5,136.5,-4,161,102,0,125,100,1,-12,0,4,-36,-2
136.6,136.6,-4,160,102,0,125,100,1,-12,0,4,-35,-2
136.7,136.7,-4,159,102,0,125,100,1,-12,0,4,-34,-2
136.8,136.8,-4,159,101,0,125,100,0,0,0,4,-34,-1
136.9,136.9,-4,159,101,0,125,100,1,-11,0,4,-34,-1
137,137,-5,157,101,0,125,100,1,-11,0,5,-32,-1
137.1,137.1,-4,157,101,0,125,100,1,-11,0,4,-32,-1
137.2,137.2,-5,156,100,0,125,100,0,0,0,5,-31,0
137.3,137.3,-5,156,100,0,125,100,1,-11,0,5,-31,0
137.4,137.4,-5,155,100,0,125,100,1,-11,0,5,-30,0
137.5,137.5,-5,155,100,0,125,100,0,0,0,5,-30,0
137.6,137.6,-5,154,100,0,125,100,0,0,0,5,-29,0
137.7,137.7,-5,153,100,0,125,100,0,0,0,5,-28,0
137.8,137.8,-5,152,100,0,125,100,0,0,0,5,-27,0
137.9,137.9,-5,152,100,0,125,100,0,0,0,5,-27,0
138,138,-5,151,100,0,125,100,0,0,0,5,-26,0
138.1,138.1,-5,150,100,0,125,100,0,0,0,5,-25,0
138.2,138.2,-5,149,100,0,125,100,0,0,0,5,-24,0
138.3,138.3,-5,148,100,0,125,100,0,0,0,5,-23,0
138.4,138.4,-5,147,99,0,125,100,0,0,0,5,-22,1
138.5,138.5,-5,146,99,0,125,100,0,0,0,5,-21,1
138.6,138.6,-5,145,99,0,125,100,0,0,0,5,-20,1
138.7,138.7,-5,144,99,0,125,100,0,0,0,5,-19,1
138.8,138.8,-5,144,99,0,125,100,0,0,0,5,-19,1
138.9,138.9,-5,144,99,0,125,100,0,0,0,5,-19,1
139,139,-5,144,99,0,125,100,0,0,0,5,-19,1
139.1,139.1,-5,141,99,0,125,100,0,0,0,5,-16,1
139.2,139.2,-5,140,99,0,125,100,0,0,0,5,-15,1
139.3,139.3,-5,139,99,0,125,100,0,0,0,5,-14,1
139.4,139.4,-4,138,99,0,125,100,0,0,0,4,-13,1
139.5,139.5,-4,137,99,0,125,100,0,0,0,4,-12,1
139.6,139.6,-4,137,99,0,125,100,0,0,0,4,-12,1
139.7,139.7,-4,136,99,0,125,100,0,0,0,4,-11,1
139.8,139.8,-4,135,99,0,125,100,0,0,0,4,-10,1
139.9,139.9,-4,134,99,0,75,100,0,0,0,4,-59,1
140,140,-4,133,99,0,75,100,0,0,0,4,-58,1
140.1,140.1,-4,132,99,0,75,100,0,0,0,4,-57,1
140.2,140.2,-4,132,99,0,75,100,0,0,0,4,-57,1
140.3,140.3,-4,131,99,0,75,100,0,0,0,4,-56,1
140.4,140.4,-4,130,99,0,75,100,0,0,0,4,-55,1
140.5,140.5,-4,129,99,0,75,100,0,0,0,4,-54,1
140.6,140.6,-4,128,99,0,75,100,0,0,0,4,-53,1
140.7,140.7,-4,126,99,0,75,100,0,0,0,4,-51,1
140.8,140.8,-5,124,99,0,75,100,0,0,0,5,-49,1
140.9,140.9,-5,123,99,0,75,100,0,0,0,5,-48,1
141,141,-4,121,99,0,75,100,0,0,0,4,-46,1
141.1,141.1,-4,120,99,0,75,100,0,0,0,4,-45,1
141.2,141.2,-4,119,99,0,75,100,0,0,0,4,-44,1
141.3,141.3,-4,119,98,0,75,100,0,0,0,4,-44,2
141.4,141.4,-4,118,98,0,75,100,0,0,0,4,-43,2
141.5,141.5,-4,118,98,0,75,100,0,0,0,4,-43,2
141.6,141.6,-4,117,98,0,75,100,0,0,0,4,-42,2
141.7,141.7,-4,116,98,0,75,100,0,0,0,4,-41,2
141.8,141.8,-4,115,98,0,75,100,0,0,0,4,-40,2
141.9,141.9,-3,114,98,0,75,100,0,0,0,3,-39,2
142,142,-3,113,98,0,75,100,0,0,0,3,-38,2
142.1,142.1,-3,112,98,0,75,100,0,0,0,3,-37,2
142.2,142.2,-2,112,99,0,75,100,0,0,0,2,-37,1
142.3,142.3,-2,111,99,0,75,100,0,0,0,2,-36,1
142.4,142.4,-2,110,99,0,75,100,0,0,0,2,-35,1
142.5,142.5,-1,110,99,0,75,100,0,0,0,1,-35,1
142.6,142.6,-1,109,99,0,75,100,0,0,0,1,-34,1
142.7,142.7,-1,108,98,0,75,100,0,0,0,1,-33,2
142.8,142.8,-1,108,98,0,75,100,0,0,0,1,-33,2
142.9,142.9,-1,107,98,0,75,100,0,0,0,1,-32,2
143,143,-1,106,98,0,75,100,0,0,0,1,-31,2
143.1,143.1,-1,106,98,0,75,100,0,0,0,1,-31,2
143.2,143.2,-1,105,98,0,75,100,0,0,0,1,-30,2
143.3,143.3,-1,105,98,0,75,100,0,0,0,1,-30,2
143.4,143.4,-1,105,98,0,75,100,0,0,0,1,-30,2
143.5,143.5,-1,104,98,0,75,100,0,0,0,1,-29,2
143.6,143.6,-1,104,98,0,75,100,0,0,0,1,-29,2
143.7,143.7,0,103,98,0,75,100,0,0,0,0,-28,2
143.8,143.8,0,103,98,0,75,100,0,0,0,0,-28,2
143.9,143.9,0,103,98,0,75,100,0,0,0,0,-28,2
144,144,0,102,98,0,75,100,0,0,0,0,-27,2
144.1,144.1,0,102,98,0,75,100,0,0,0,0,-27,2
144.2,144.2,0,102,98,0,75,100,0,0,0,0,-27,2
144.3,144.3,0,102,98,0,75,100,0,0,0,0,-27,2
144.4,144.4,0,101,98,0,75,100,0,0,0,0,-26,2
144.5,144.5,1,101,98,0,75,100,0,0,0,-1,-26,2
144.6,144.6,1,100,98,0,75,100,0,0,0,-1,-25,2
144.7,144.7,1,99,98,0,75,100,0,0,0,-1,-24,2
144.8,144.8,1,99,99,0,75,100,0,0,0,-1,-24,1
144.9,144.9,1,98,99,0,75,100,0,0,0,-1,-23,1
145,145,1,97,99,0,75,100,0,0,0,-1,-22,1
145.1,145.1,2,97,99,0,75,100,0,0,0,-2,-22,1
145.2,145.2,2,97,99,0,75,100,0,0,0,-2,-22,1
145.3,145.3,2,96,99,0,75,100,0,0,0,-2,-21,1
145.4,145.4,3,96,99,0,75,100,0,0,0,-3,-21,1
145.5,145.5,3,95,99,0,75,100,0,0,0,-3,-20,1
145.6,145.6,3,95,99,0,75,100,0,0,0,-3,-20,1
145.7,145.7,3,95,99,0,75,100,0,0,0,-3,-20,1
145.8,145.8,3,94,99,0,75,100,0,0,0,-3,-19,1
145.9,145.9,4,94,99,0,75,100,0,0,0,-4,-19,1
146,146,4,94,99,0,75,100,0,0,0,-4,-19,1
146.1,146.1,4,94,99,0,75,100,0,0,0,-4,-19,1
146.2,146.2,4,94,99,0,75,100,0,0,0,-4,-19,1
146.3,146.3,4,94,99,0,75,100,0,0,0,-4,-19,1
146.4,146.4,4,94,99,0,75,100,0,0,0,-4,-19,1
146.5,146.5,5,94,99,0,75,100,0,0,0,-5,-19,1
146.6,146.6,5,94,99,0,75,100,0,0,0,-5,-19,1
146.7,146.7,5,94,99,0,75,100,0,0,0,-5,-19,1
146.8,146.8,5,94,99,0,75,100,0,0,0,-5,-19,1
146.9,146.9,5,94,98,0,75,100,0,0,0,-5,-19,2
147,147,5,94,98,0,75,100,0,0,0,-5,-19,2
147.1,147.1,5,94,98,0,75,100,0,0,0,-5,-19,2
147.2,147.2,5,94,98,0,75,100,0,0,0,-5,-19,2
147.3,147.3,5,94,98,0,75,100,0,0,0,-5,-19,2
147.4,147.4,4,94,99,0,75,100,0,0,0,-4,-19,1
147.5,147.5,4,94,99,0,75,100,0,0,0,-4,-19,1
147.6,147.6,4,94,99,0,75,100,0,0,0,-4,-19,1
147.7,147.7,3,94,99,0,75,100,0,0,0,-3,-19,1
147.8,147.8,3,94,99,0,75,100,0,0,0,-3,-19,1
147.9,147.9,3,94,99,0,75,100,0,0,0,-3,-19,1
148,148,2,94,99,0,75,100,0,0,0,-2,-19,1
148.1,148.1,2,94,98,0,75,100,0,0,0,-2,-19,2
148.2,148.2,2,94,98,0,75,100,0,0,0,-2,-19,2
148.3,148.3,2,94,98,0,75,100,0,0,0,-2,-19,2
148.4,148.4,1,95,98,0,75,100,0,0,0,-1,-20,2
148.5,148.5,1,95,98,0,75,100,0,0,0,-1,-20,2
148.6,148.6,1,96,98,0,75,100,0,0,0,-1,-21,2
148.7,148.7,1,96,98,0,75,100,0,0,0,-1,-21,2
148.8,148.8,0,96,98,0,75,100,0,0,0,0,-21,2
148.9,148.9,0,96,98,0,75,100,0,0,0,0,-21,2
149,149,-1,96,98,0,75,100,0,0,0,1,-21,2
149.1,149.1,-1,96,98,0,75,100,0,0,0,1,-21,2
149.2,149.2,-2,96,98,0,75,100,0,0,0,2,-21,2
149.3,149.3,-2,96,98,0,75,100,0,0,0,2,-21,2
149.4,149.4,-2,96,98,0,75,100,0,0,0,2,-21,2
149.5,149.5,-3,96,98,0,75,100,0,0,0,3,-21,2
149.6,149.6,-3,96,98,0,75,100,0,0,0,3,-21,2
149.7,149.7,-4,96,98,0,75,100,0,0,0,4,-21,2
149.8,149.8,-4,96,97,0,75,100,0,0,0,4,-21,3
149.9,149.9,-4,96,97,0,75,100,0,0,0,4,-21,3
150,150,-4,96,97,0,75,100,0,0,0,4,-21,3
150.1,150.1,-5,96,97,0,75,100,0,0,0,5,-21,3
150.2,150.2,-5,96,97,0,75,100,0,0,0,5,-21,3
150.3,150.3,-4,96,97,0,75,100,0,0,0,4,-21,3
150.4,150.4,-4,97,97,0,75,100,0,0,0,4,-22,3
150.5,150.5,-4,97,97,0,75,100,0,0,0,4,-22,3
150.6,150.6,-4,97,97,0,75,100,0,0,0,4,-22,3
150.7,150.7,-4,97,97,0,75,100,0,0,0,4,-22,3
150.8,150.8,-4,97,97,0,75,100,0,0,0,4,-22,3
150.9,150.9,-4,98,97,0,75,100,0,0,0,4,-23,3
151,151,-4,98,97,0,75,100,0,0,0,4,-23,3
151.1,151.1,-3,98,97,0,75,100,0,0,0,3,-23,3
151.2,151.2,-3,98,97,0,75,100,0,0,0,3,-23,3
151.3,151.3,-3,98,97,0,75,100,0,0,0,3,-23,3
151.4,151.4,-3,99,97,0,75,100,0,0,0,3,-24,3
151.5,151.5,-3,98,97,0,75,100,0,0,0,3,-23,3
151.6,151.6,-3,99,97,0,75,100,0,0,0,3,-24,3
151.7,151.7,-3,99,97,0,75,100,0,0,0,3,-24,3
151.8,151.8,-3,99,97,0,75,100,0,0,0,3,-24,3
151.9,151.9,-3,99,97,0,75,100,0,0,0,3,-24,3
152,152,-3,99,97,0,75,100,0,0,0,3,-24,3
152.1,152.1,-3,99,96,0,75,100,0,0,1,3,-24,4
152.2,152.2,-3,99,96,0,75,100,0,0,1,3,-24,4
152.3,152.3,-2,99,96,0,75,100,0,0,1,2,-24,4
152.4,152.4,-2,100,96,0,75,100,0,0,1,2,-25,4
152.5,152.5,-2,99,96,0,75,100,0,0,1,2,-24,4
152.6,152.6,-2,100,97,0,75,100,0,0,0,2,-25,3
152.7,152.7,-2,99,97,0,75,100,0,0,0,2,-24,3
152.8,152.8,-1,99,97,0,75,100,0,0,0,1,-24,3
152.9,152.9,-1,100,97,0,75,100,0,0,0,1,-25,3
153,153,-1,100,97,0,75,100,0,0,0,1,-25,3
153.1,153.1,-1,100,97,0,75,100,0,0,0,1,-25,3
153.2,153.2,0,100,97,0,75,100,0,0,0,0,-25,3
153.3,153.3,0,100,97,0,75,100,0,0,0,0,-25,3
153.4,153.4,0,100,97,0,75,100,0,0,0,0,-25,3
153.5,153.5,0,100,97,0,75,100,0,0,0,0,-25,3
153.6,153.6,0,100,97,0,75,100,0,0,0,0,-25,3
153.7,153.7,0,100,97,0,75,100,0,0,0,0,-25,3
153.8,153.8,2,101,97,0,75,100,0,0,0,-2,-26,3
153.9,153.9,2,101,97,0,75,100,0,0,0,-2,-26,3
154,154,2,101,97,0,75,100,0,0,0,-2,-26,3
154.1,154.1,3,101,97,0,75,100,0,0,0,-3,-26,3
154.2,154.2,3,101,97,0,75,100,0,0,0,-3,-26,3
154.3,154.3,3,101,97,0,75,100,0,0,0,-3,-26,3
154.4,154.4,4,101,97,0,75,100,0,0,0,-4,-26,3
154.5,154.5,4,101,97,0,75,100,0,0,0,-4,-26,3
154.6,154.6,5,101,96,0,75,100,0,0,0,-5,-26,4
154.7,154.7,5,101,96,0,75,100,0,0,0,-5,-26,4
154.8,154.8,5,101,96,0,75,100,0,0,0,-5,-26,4
154.9,154.9,6,101,96,0,75,100,0,0,0,-6,-26,4
155,155,6,101,96,0,75,100,0,0,0,-6,-26,4
155.1,155.1,7,100,96,0,75,100,0,0,0,-7,-25,4
155.2,155.2,7,100,96,0,75,100,0,0,1,-7,-25,4
155.3,155.3,7,99,96,0,75,100,0,0,1,-7,-24,4
155.4,155.4,8,99,96,0,75,100,0,0,1,-8,-24,4
155.5,155.5,8,98,96,0,75,100,0,0,0,-8,-23,4
155.6,155.6,9,97,95,0,75,100,0,0,0,-9,-22,5
155.7,155.7,10,96,95,0,75,100,0,0,0,-10,-21,5
155.8,155.8,10,95,96,0,75,100,0,0,1,-10,-20,4
155.9,155.9,11,95,96,0,75,100,0,0,1,-11,-20,4
156,156,11,95,96,0,75,100,0,0,1,-11,-20,4
156.1,156.1,12,95,96,0,75,100,0,0,1,-12,-20,4
156.2,156.2,12,94,96,0,75,100,0,0,1,-12,-19,4
156.3,156.3,13,93,96,0,75,100,0,0,1,-13,-18,4
156.4,156.4,13,93,96,0,75,100,0,0,1,-13,-18,4
156.5,156.5,14,92,96,0,75,100,0,0,1,-14,-17,4
156.6,156.6,14,91,96,0,75,100,0,0,0,-14,-16,4
156.7,156.7,14,90,96,0,75,100,0,0,0,-14,-15,4
156.8,156.8,15,90,97,0,75,100,0,0,0,-15,-15,3
156.9,156.9,15,89,97,0,75,100,0,0,0,-15,-14,3
157,157,16,88,97,0,75,100,0,0,0,-16,-13,3
157.1,157.1,16,87,98,0,75,100,0,0,0,-16,-12,2
157.2,157.2,17,87,98,0,75,100,0,0,0,-17,-12,2
157.3,157.3,17,86,98,0,75,100,0,0,0,-17,-11,2
157.4,157.4,17,85,98,0,75,100,0,0,0,-17,-10,2
157.5,157.5,18,84,98,0,75,100,0,0,0,-18,-9,2
157.6,157.6,18,83,98,0,75,100,0,0,0,-18,-8,2
157.7,157.7,19,83,98,0,75,100,0,0,0,-19,-8,2
157.8,157.8,19,82,98,0,75,100,0,0,0,-19,-7,2
157.9,157.9,19,81,98,0,75,100,0,0,0,-19,-6,2
158,158,20,81,98,0,75,100,0,0,0,-20,-6,2
158.1,158.1,20,80,97,0,75,100,0,0,0,-20,-5,3
158.2,158.2,21,79,97,0,75,100,0,0,0,-21,-4,3
158.3,158.3,21,78,97,0,75,100,0,0,0,-21,-3,3
158.4,158.4,22,78,98,0,75,100,0,0,0,-22,-3,2
158.5,158.5,22,78,98,0,75,100,0,0,0,-22,-3,2
158.6,158.6,22,77,98,0,75,100,0,0,0,-22,-2,2
158.7,158.7,23,77,98,0,75,100,0,0,0,-23,-2,2
158.8,158.8,23,76,98,0,75,100,0,0,0,-23,-1,2
158.9,158.9,24,75,98,0,75,100,0,0,0,-24,0,2
159,159,24,75,98,0,75,100,0,0,0,-24,0,2
159.1,159.1,24,74,98,0,75,100,0,0,0,-24,1,2
159.2,159.2,24,74,98,0,75,100,0,0,0,-24,1,2
159.3,159.3,25,74,98,0,75,100,0,0,0,-25,1,2
159.4,159.4,24,74,98,0,75,100,0,0,0,-24,1,2
159.5,159.5,24,74,97,0,75,100,0,0,0,-24,1,3
159.6,159.6,24,74,97,0,75,100,0,0,0,-24,1,3
159.7,159.7,25,74,97,0,75,100,0,0,0,-25,1,3
159.8,159.8,25,73,97,0,75,100,0,0,0,-25,2,3
159.9,159.9,25,73,97,0,75,100,0,0,0,-25,2,3
160,160,25,73,97,0,75,100,0,0,0,-25,2,3
160.1,160.1,25,73,97,0,75,100,0,0,0,-25,2,3
160.2,160.2,25,73,97,0,75,100,0,0,0,-25,2,3
160.3,160.3,25,73,97,0,75,100,0,0,0,-25,2,3
160.4,160.4,25,73,97,0,75,100,0,0,0,-25,2,3
160.5,160.5,25,73,97,0,75,100,0,0,0,-25,2,3
160.6,160.6,25,72,97,0,75,100,0,0,0,-25,3,3
160.7,160.7,25,72,97,0,75,100,0,0,0,-25,3,3
160.8,160.8,25,72,96,0,75,100,0,0,1,-25,3,4
160.9,160.9,25,72,96,0,75,100,0,0,1,-25,3,4
161,161,24,72,96,0,75,100,0,0,1,-24,3,4
161.1,161.1,24,72,96,0,75,100,0,0,1,-24,3,4
161.2,161.2,24,71,96,0,75,100,0,0,1,-24,4,4
161.3,161.3,24,71,96,0,75,100,0,0,1,-24,4,4
161.4,161.4,23,70,96,0,75,100,0,0,1,-23,5,4
161.5,161.5,23,70,96,0,75,100,0,0,1,-23,5,4
161.6,161.6,23,70,97,0,75,100,0,0,0,-23,5,3
161.7,161.7,22,70,97,0,75,100,0,0,0,-22,5,3
161.8,161.8,22,71,97,0,75,100,0,0,0,-22,4,3
161.9,161.9,22,71,97,0,75,100,0,0,0,-22,4,3
162,162,22,71,97,0,75,100,0,0,0,-22,4,3
162.1,162.1,21,70,97,0,75,100,0,0,0,-21,5,3
162.2,162.2,21,71,97,0,75,100,0,0,0,-21,4,3
162.3,162.3,21,71,97,0,75,100,0,0,0,-21,4,3
162.4,162.4,20,71,97,0,75,100,0,0,0,-20,4,3
162.5,162.5,20,71,97,0,75,100,0,0,0,-20,4,3
162.6,162.6,19,71,97,0,75,100,0,0,0,-19,4,3
162.7,162.7,19,71,97,0,75,100,0,0,0,-19,4,3
162.8,162.8,18,70,97,0,75,100,0,0,0,-18,5,3
162.9,162.9,18,71,97,0,75,100,0,0,0,-18,4,3
163,163,17,71,97,0,75,100,0,0,0,-17,4,3
163.1,163.1,17,71,97,0,75,100,0,0,0,-17,4,3
163.2,163.2,16,71,97,0,75,100,0,0,0,-16,4,3
163.3,163.3,16,71,97,0,75,100,0,0,0,-16,4,3
163.4,163.4,15,72,97,0,75,100,0,0,0,-15,3,3
163.5,163.5,14,72,97,0,75,100,0,0,0,-14,3,3
163.6,163.6,13,72,97,0,75,100,0,0,0,-13,3,3
163.7,163.7,13,72,97,0,75,100,0,0,0,-13,3,3
163.8,163.8,12,73,96,0,75,100,0,0,0,-12,2,4
163.9,163.9,11,73,96,0,75,100,0,0,0,-11,2,4
164,164,11,73,97,0,75,100,0,0,0,-11,2,3
164.1,164.1,10,73,97,0,75,100,0,0,0,-10,2,3
164.2,164.2,10,73,97,0,75,100,0,0,0,-10,2,3
164.3,164.3,9,73,97,0,75,100,0,0,0,-9,2,3
164.4,164.4,8,74,97,0,-25,100,0,0,0,-8,-99,3
164.5,164.5,8,74,97,0,-25,100,0,0,0,-8,-99,3
164.6,164.6,7,74,97,0,-25,100,0,0,0,-7,-99,3
164.7,164.7,7,74,97,0,-25,100,0,0,0,-7,-99,3
164.8,164.8,6,74,98,0,-25,100,0,0,0,-6,-99,2
164.9,164.9,5,73,97,0,-25,100,0,0,0,-5,-98,3
165,165,5,73,97,0,-25,100,0,0,0,-5,-98,3
165.1,165.1,4,72,97,0,-25,100,0,0,0,-4,-97,3
165.2,165.2,3,71,97,0,-25,100,0,0,0,-3,-96,3
165.3,165.3,3,70,97,0,-25,100,0,0,0,-3,-95,3
165.4,165.4,2,69,97,0,-25,100,0,0,0,-2,-94,3
165.5,165.5,2,68,97,0,-25,100,0,0,0,-2,-93,3
165.6,165.6,1,67,97,0,-25,100,0,0,0,-1,-92,3
165.7,165.7,0,65,97,0,-25,100,0,0,0,0,-90,3
165.8,165.8,0,64,97,0,-25,100,0,0,0,0,-89,3
165.9,165.9,0,62,96,0,-25,100,0,0,0,0,-87,4
166,166,-1,61,96,0,-25,100,0,0,0,1,-86,4
166.1,166.1,-2,59,96,0,-25,100,0,0,0,2,-84,4
166.2,166.2,-2,57,97,0,-25,100,0,0,0,2,-82,3
166.3,166.3,-3,56,96,0,-25,100,0,0,1,3,-81,4
166.4,166.4,-3,54,96,0,-25,100,0,0,0,3,-79,4
166.5,166.5,-4,52,96,0,-25,100,0,0,0,4,-77,4
166.6,166.6,-4,50,96,0,-25,100,0,0,0,4,-75,4
166.7,166.7,-5,48,96,0,-25,100,0,0,1,5,-73,4
166.8,166.8,-5,45,96,0,-25,100,0,0,1,5,-70,4
166.9,166.9,-6,43,96,0,-25,100,0,0,0,6,-68,4
167,167,-6,41,96,0,-25,100,0,0,0,6,-66,4
167.1,167.1,-7,39,96,0,-25,100,0,0,1,7,-64,4
167.2,167.2,-7,37,96,0,-25,100,0,0,1,7,-62,4
167.3,167.3,-8,35,96,0,-25,100,0,0,0,8,-60,4
167.4,167.4,-8,33,96,0,-25,100,0,0,0,8,-58,4
167.5,167.5,-8,30,97,0,-25,100,0,0,0,8,-55,3
167.6,167.6,-8,28,97,0,-25,100,0,0,0,8,-53,3
167.7,167.7,-9,27,96,0,-25,100,0,0,1,9,-52,4
167.8,167.8,-9,25,96,0,-25,100,0,0,1,9,-50,4
167.9,167.9,-9,23,97,0,-25,100,0,0,0,9,-48,3
168,168,-9,20,97,0,-25,100,0,0,0,9,-45,3
168.1,168.1,-9,18,97,0,-25,100,0,0,0,9,-43,3
168.2,168.2,-9,17,97,0,-25,100,0,0,0,9,-42,3
168.3,168.3,-9,15,97,0,-25,100,0,0,0,9,-40,3
168.4,168.4,-9,14,97,0,-25,100,0,0,0,9,-39,3
168.5,168.5,-10,13,97,0,-25,100,0,0,0,10,-38,3
168.6,168.6,-10,12,97,0,-25,100,0,0,0,10,-37,3
168.7,168.7,-10,10,97,0,-25,100,0,0,0,10,-35,3
168.8,168.8,-10,10,97,0,-25,100,0,0,0,10,-35,3
168.9,168.9,-10,8,97,0,-25,100,0,0,0,10,-33,3
169,169,-10,7,97,0,-25,100,0,0,0,10,-32,3
169.1,169.1,-11,6,97,0,-25,100,0,0,0,11,-31,3
169.2,169.2,-11,6,97,0,-25,100,0,0,0,11,-31,3
169.3,169.3,-11,5,97,0,-25,100,0,0,0,11,-30,3
169.4,169.4,-11,4,97,0,-25,100,0,0,0,11,-29,3
169.5,169.5,-11,3,97,0,-25,100,0,0,0,11,-28,3
169.6,169.6,-11,3,97,0,-25,100,0,0,0,11,-28,3
169.7,169.7,-10,2,97,0,-25,100,0,0,0,10,-27,3
169.8,169.8,-10,2,97,0,-25,100,0,0,0,10,-27,3
169.9,169.9,-10,1,97,0,-25,100,0,0,0,10,-26,3
170,170,-10,0,96,0,-25,100,0,0,0,10,-25,4
170.1,170.1,-9,0,97,0,-25,100,0,0,0,9,-25,3
170.2,170.2,-9,-1,97,0,-25,100,0,0,0,9,-24,3
170.3,170.3,-9,-2,97,0,-25,100,0,0,0,9,-23,3
170.4,170.4,-9,-3,97,0,-25,100,0,0,0,9,-22,3
170.5,170.5,-9,-4,97,0,-25,100,0,0,0,9,-21,3
170.6,170.6,-9,-4,97,0,-25,100,0,0,0,9,-21,3
170.7,170.7,-9,-5,97,0,-25,100,0,0,0,9,-20,3
170.8,170.8,-8,-6,97,0,-25,100,0,0,0,8,-19,3
170.9,170.9,-8,-6,97,0,-25,100,0,0,0,8,-19,3
171,171,-9,-6,97,0,-25,100,0,0,0,9,-19,3
171.1,171.1,-8,-6,96,0,-25,100,0,0,1,8,-19,4
171.2,171.2,-8,-6,96,0,-25,100,0,0,1,8,-19,4
171.3,171.3,-8,-7,96,0,-25,100,0,0,0,8,-18,4
171.4,171.4,-8,-7,96,0,-25,100,0,0,1,8,-18,4
171.5,171.5,-8,-8,96,0,-25,100,0,0,1,8,-17,4
171.6,171.6,-8,-8,96,0,-25,100,0,0,1,8,-17,4
171.7,171.7,-7,-9,96,0,-25,100,0,0,0,7,-16,4
171.8,171.8,-7,-9,96,0,-25,100,0,0,0,7,-16,4
171.9,171.9,-7,-9,96,0,-25,100,0,0,1,7,-16,4
172,172,-7,-9,97,0,-25,100,0,0,0,7,-16,3
172.1,172.1,-7,-9,97,0,-25,100,0,0,0,7,-16,3
172.2,172.2,-6,-9,97,0,-25,100,0,0,0,6,-16,3
172.3,172.3,-6,-10,96,0,-25,100,0,0,1,6,-15,4
172.4,172.4,-5,-10,96,0,-25,100,0,0,1,5,-15,4
172.5,172.5,-5,-10,96,0,-25,100,0,0,1,5,-15,4
172.6,172.6,-5,-10,96,0,-25,100,0,0,0,5,-15,4
172.7,172.7,-4,-10,96,0,-25,100,0,0,1,4,-15,4
172.8,172.8,-3,-9,96,0,-25,100,0,0,1,3,-16,4
172.9,172.9,-3,-9,96,0,-25,100,0,0,1,3,-16,4
173,173,-2,-8,96,0,-25,100,0,0,1,2,-17,4
173.1,173.1,-2,-8,96,0,-25,100,0,0,1,2,-17,4
173.2,173.2,-1,-7,96,0,-25,100,0,0,1,1,-18,4
173.3,173.3,-1,-7,96,0,-25,100,0,0,1,1,-18,4
173.4,173.4,-1,-7,97,0,-25,100,0,0,0,1,-18,3
173.5,173.5,0,-6,97,0,-25,100,0,0,0,0,-19,3
173.6,173.6,0,-6,97,0,-25,100,0,0,0,0,-19,3
173.7,173.7,0,-5,97,0,-25,100,0,0,0,0,-20,3
173.8,173.8,1,-5,97,0,-25,100,0,0,0,-1,-20,3
173.9,173.9,1,-4,97,0,-25,100,0,0,0,-1,-21,3
174,174,1,-4,98,0,-25,100,0,0,0,-1,-21,2
174.1,174.1,1,-4,98,0,-25,100,0,0,0,-1,-21,2
174.2,174.2,1,-3,98,0,-25,100,0,0,0,-1,-22,2
174.3,174.3,1,-3,99,0,-25,100,0,0,0,-1,-22,1
174.4,174.4,1,-2,99,0,-25,100,0,0,0,-1,-23,1
174.5,174.5,1,-2,99,0,-25,100,0,0,0,-1,-23,1
174.6,174.6,1,-1,99,0,-25,100,0,0,0,-1,-24,1
174.7,174.7,2,-1,99,0,-25,100,0,0,0,-2,-24,1
174.8,174.8,2,-1,99,0,-25,100,0,0,0,-2,-24,1
174.9,174.9,2,0,99,0,-25,100,0,0,0,-2,-25,1
175,175,2,0,100,0,-25,100,0,0,0,-2,-25,0
175.1,175.1,2,0,99,0,-25,100,0,0,0,-2,-25,1
175.2,175.2,2,1,99,0,-25,100,0,0,0,-2,-26,1
175.3,175.3,2,1,100,0,-25,100,0,0,0,-2,-26,0
175.4,175.4,3,1,100,0,-25,100,0,0,0,-3,-26,0
175.5,175.5,3,1,99,0,-25,100,0,0,0,-3,-26,1
175.6,175.6,3,2,99,0,-25,100,0,0,0,-3,-27,1
175.7,175.7,3,2,99,0,-25,100,0,0,0,-3,-27,1
175.8,175.8,3,2,99,0,-25,100,0,0,0,-3,-27,1
175.9,175.9,3,1,100,0,-25,100,0,0,0,-3,-26,0
176,176,3,1,100,0,-25,100,0,0,0,-3,-26,0
176.1,176.1,3,1,100,0,-25,100,0,0,0,-3,-26,0
176.2,176.2,3,0,100,0,-25,100,0,0,0,-3,-25,0
176.3,176.3,3,-1,101,0,-25,100,0,0,0,-3,-24,-1
176.4,176.4,3,-1,101,0,-25,100,0,0,0,-3,-24,-1
176.5,176.5,4,-1,101,0,-25,100,0,0,0,-4,-24,-1
176.6,176.6,4,-2,101,0,-25,100,0,0,0,-4,-23,-1
176.7,176.7,4,-2,101,0,-25,100,0,0,0,-4,-23,-1
176.8,176.8,4,-3,101,0,-25,100,0,0,0,-4,-22,-1
176.9,176.9,4,-3,101,0,-25,100,0,-4,0,-4,-22,-1
177,177,4,-4,101,0,-25,100,0,-4,0,-4,-21,-1
177.1,177.1,4,-4,100,0,-25,100,0,-4,0,-4,-21,0
177.2,177.2,4,-5,100,0,-25,100,0,-4,0,-4,-20,0
177.3,177.3,4,-5,100,0,-25,100,0,-4,0,-4,-20,0
177.4,177.4,4,-5,100,0,-25,100,0,-4,0,-4,-20,0
177.5,177.5,4,-6,100,0,-25,100,0,-4,0,-4,-19,0
177.6,177.6,4,-6,100,0,-25,100,0,-4,0,-4,-19,0
177.7,177.7,3,-6,100,0,-25,100,0,-4,0,-3,-19,0
177.8,177.8,3,-7,100,0,-25,100,0,-4,0,-3,-18,0
177.9,177.9,3,-7,100,0,-25,100,0,-4,0,-3,-18,0
178,178,3,-8,101,0,-25,100,0,-4,0,-3,-17,-1
178.1,178.1,2,-9,101,0,-25,100,0,-4,0,-2,-16,-1
178.2,178.2,2,-9,101,0,-25,100,0,-3,0,-2,-16,-1
178.3,178.3,1,-10,101,0,-25,100,0,-3,0,-1,-15,-1
178.4,178.4,1,-10,101,0,-25,100,0,-3,0,-1,-15,-1
178.5,178.5,1,-10,102,0,-25,100,0,-3,0,-1,-15,-2
178.6,178.6,1,-10,102,0,-25,100,0,-3,0,-1,-15,-2
178.7,178.7,1,-11,102,0,-25,100,0,-3,0,-1,-14,-2
178.8,178.8,0,-11,102,0,-25,100,0,-3,0,0,-14,-2
178.9,178.9,0,-12,102,0,-25,100,0,-3,0,0,-13,-2
179,179,0,-12,102,0,-25,100,0,-3,0,0,-13,-2
179.1,179.1,0,-12,102,0,-25,100,0,-3,0,0,-13,-2
179.2,179.2,-1,-13,102,0,-25,100,0,-3,0,1,-12,-2
179.3,179.3,-1,-13,102,0,-25,100,0,-3,0,1,-12,-2
179.4,179.4,-1,-13,102,0,-25,100,0,-3,0,1,-12,-2
179.5,179.5,-1,-13,102,0,-25,100,0,-3,0,1,-12,-2
179.6,179.6,-1,-14,102,0,-25,100,1,-3,0,1,-11,-2
179.7,179.7,-2,-14,102,0,-25,100,1,-3,0,2,-11,-2
179.8,179.8,-2,-14,102,0,-25,100,1,-3,0,2,-11,-2
179.9,179.9,-2,-13,102,0,-25,100,1,-3,0,2,-12,-2
180,180,-2,-13,102,0,-25,100,1,-3,0,2,-12,-2
180.1,180.1,-3,-14,102,0,-25,100,1,-3,0,3,-11,-2
180.2,180.2,-3,-14,102,0,-25,100,1,-3,0,3,-11,-2
180.3,180.3,-3,-14,102,0,-25,100,1,-3,0,3,-11,-2
180.4,180.4,-3,-13,102,0,-25,100,1,-3,0,3,-12,-2
180.5,180.5,-4,-14,101,0,-25,100,1,-3,0,4,-11,-1
180.6,180.6,-4,-14,102,0,-25,100,1,-3,0,4,-11,-2
180.7,180.7,-4,-14,102,0,-25,100,1,-3,0,4,-11,-2
180.8,180.8,-5,-14,101,0,-25,100,1,-3,0,5,-11,-1
180.9,180.9,-5,-14,101,0,-25,100,1,-3,0,5,-11,-1
181,181,-5,-14,101,0,-25,100,1,-3,0,5,-11,-1
181.1,181.1,-6,-14,101,0,-25,100,1,-2,0,6,-11,-1
181.2,181.2,-6,-15,101,0,-25,100,0,0,0,6,-10,-1
181.3,181.3,-6,-14,100,0,-25,100,0,0,0,6,-11,0
181.4,181.4,-6,-14,100,0,-25,100,0,0,0,6,-11,0
181.5,181.5,-7,-15,100,0,-25,100,0,0,0,7,-10,0
181.6,181.6,-7,-14,100,0,-25,100,0,0,0,7,-11,0
181.7,181.7,-7,-14,100,0,-25,100,0,0,0,7,-11,0
181.8,181.8,-7,-14,99,0,-25,100,0,0,0,7,-11,1
181.9,181.9,-7,-14,99,0,-25,100,0,0,0,7,-11,1
182,182,-7,-14,100,0,-25,100,0,0,0,7,-11,0
182.1,182.1,-8,-14,100,0,-25,100,0,0,0,8,-11,0
182.2,182.2,-8,-15,100,0,-25,100,0,0,0,8,-10,0
182.3,182.3,-8,-15,100,0,-25,100,0,0,0,8,-10,0
182.4,182.4,-8,-15,99,0,-25,100,0,0,0,8,-10,1
182.5,182.5,-9,-15,99,0,-25,100,0,0,0,9,-10,1
182.6,182.6,-9,-14,100,0,-25,100,0,0,0,9,-11,0
182.7,182.7,-9,-14,100,0,-25,100,0,0,0,9,-11,0
182.8,182.8,-9,-14,99,0,-25,100,0,0,0,9,-11,1
182.9,182.9,-9,-14,99,0,-25,100,0,0,0,9,-11,1
183,183,-9,-13,99,0,-25,100,0,0,0,9,-12,1
183.1,183.1,-9,-14,99,0,-25,100,0,0,0,9,-11,1
183.2,183.2,-9,-14,99,0,-25,100,0,0,0,9,-11,1
183.3,183.3,-9,-14,99,0,-25,100,0,0,0,9,-11,1
183.4,183.4,-9,-14,99,0,-25,100,0,0,0,9,-11,1
183.5,183.5,-9,-14,99,0,-25,100,0,0,0,9,-11,1
183.6,183.6,-9,-14,99,0,-25,100,0,0,0,9,-11,1
183.7,183.7,-9,-14,100,0,-25,100,0,0,0,9,-11,0
183.8,183.8,-9,-14,99,0,-25,100,0,0,0,9,-11,1
183.9,183.9,-8,-14,99,0,-25,100,0,0,0,8,-11,1
184,184,-8,-14,99,0,-25,100,0,0,0,8,-11,1
184.1,184.1,-8,-14,99,0,-25,100,0,0,0,8,-11,1
184.2,184.2,-8,-14,99,0,-25,100,0,0,0,8,-11,1
184.3,184.3,-8,-14,99,0,-25,100,0,0,0,8,-11,1
184.4,184.4,-8,-15,99,0,-25,100,0,0,0,8,-10,1
184.5,184.5,-7,-15,99,0,-25,100,0,0,0,7,-10,1
184.6,184.6,-7,-15,100,0,-25,100,0,0,0,7,-10,0
184.7,184.7,-7,-14,100,0,-25,100,0,0,0,7,-11,0
184.8,184.8,-6,-14,99,0,-25,100,0,0,0,6,-11,1
184.9,184.9,-6,-14,99,0,-25,100,0,0,0,6,-11,1
185,185,-6,-14,99,0,-25,100,0,0,0,6,-11,1
185.1,185.1,-6,-14,99,0,-25,100,0,0,0,6,-11,1
185.2,185.2,-6,-14,100,0,-25,100,0,0,0,6,-11,0
185.3,185.3,-6,-13,100,0,-25,100,0,0,0,6,-12,0
185.4,185.4,-6,-13,100,0,-25,100,0,0,0,6,-12,0
185.5,185.5,-5,-13,99,0,-25,100,0,0,0,5,-12,1
185.6,185.6,-5,-13,99,0,-25,100,0,0,0,5,-12,1
185.7,185.7,-5,-12,99,0,-25,100,0,0,0,5,-13,1
185.8,185.8,-4,-12,99,0,-25,100,0,0,0,4,-13,1
185.9,185.9,-4,-12,99,0,-25,100,0,0,0,4,-13,1
186,186,-4,-12,98,0,-25,100,0,0,0,4,-13,2
186.1,186.1,-4,-11,98,0,-25,100,0,0,0,4,-14,2
186.2,186.2,-4,-11,98,0,-25,100,0,0,0,4,-14,2
186.3,186.3,-4,-11,98,0,-25,100,0,0,0,4,-14,2
186.4,186.4,-4,-11,97,0,-25,100,0,0,0,4,-14,3
186.5,186.5,-4,-11,97,0,-25,100,0,0,0,4,-14,3
186.6,186.6,-4,-11,97,0,-25,100,0,0,0,4,-14,3
186.7,186.7,-4,-11,97,0,-25,100,0,0,0,4,-14,3
186.8,186.8,-4,-12,97,0,-25,100,0,0,0,4,-13,3
186.9,186.9,-4,-12,98,0,-25,100,0,0,0,4,-13,2
187,187,-4,-12,98,0,-25,100,0,0,0,4,-13,2
187.1,187.1,-4,-12,98,0,-25,100,0,0,0,4,-13,2
187.2,187.2,-4,-12,98,0,-25,100,0,0,0,4,-13,2
187.3,187.3,-4,-12,98,0,-25,100,0,0,0,4,-13,2
187.4,187.4,-4,-12,98,0,-25,100,0,0,0,4,-13,2
187.5,187.5,-4,-13,98,0,-25,100,0,0,0,4,-12,2
187.6,187.6,-4,-13,97,0,-25,100,0,0,0,4,-12,3
187.7,187.7,-4,-13,98,0,-25,100,0,0,0,4,-12,2
187.8,187.8,-4,-13,98,0,-25,100,0,0,0,4,-12,2
187.9,187.9,-4,-13,98,0,-25,100,0,0,0,4,-12,2
188,188,-4,-13,98,0,-25,100,0,0,0,4,-12,2
188.1,188.1,-4,-13,98,0,-25,100,0,0,0,4,-12,2
188.2,188.2,-4,-13,98,0,-25,100,0,0,0,4,-12,2
188.3,188.3,-3,-12,98,0,-25,100,0,0,0,3,-13,2
188.4,188.4,-3,-12,98,0,-25,100,0,0,0,3,-13,2
188.5,188.5,-3,-12,99,0,-25,100,0,0,0,3,-13,1
188.6,188.6,-3,-12,99,0,-25,100,0,0,0,3,-13,1
188.7,188.7,-3,-13,99,0,-25,100,0,0,0,3,-12,1
188.8,188.8,-3,-13,99,0,-25,100,0,0,0,3,-12,1
188.9,188.9,-2,-13,99,0,-25,100,0,0,0,2,-12,1
189,189,-2,-14,99,0,-25,100,0,0,0,2,-11,1
189.1,189.1,-2,-14,100,0,-25,100,0,0,0,2,-11,0
189.2,189.2,-3,-15,100,0,-25,100,0,0,0,3,-10,0
189.3,189.3,-3,-15,100,0,-25,100,0,0,0,3,-10,0
189.4,189.4,-3,-16,100,150,-25,100,0,0,0,153,-9,0
189.5,189.5,-2,-16,100,150,-25,100,0,0,0,152,-9,0
189.6,189.6,-2,-17,101,150,-25,100,0,0,0,152,-8,-1
189.7,189.7,-2,-17,101,150,-25,100,0,0,0,152,-8,-1
189.8,189.8,-1,-17,101,150,-25,100,0,0,0,151,-8,-1
189.9,189.9,0,-17,101,150,-25,100,0,0,0,150,-8,-1
190,190,1,-17,101,150,-25,100,0,0,0,149,-8,-1
190.1,190.1,2,-18,101,150,-25,100,0,0,0,148,-7,-1
190.2,190.2,3,-18,100,150,-25,100,0,0,0,147,-7,0
190.3,190.3,4,-19,100,150,-25,100,0,0,0,146,-6,0
190.4,190.4,5,-19,100,150,-25,100,0,0,0,145,-6,0
190.5,190.5,5,-20,101,150,-25,100,0,0,0,145,-5,-1
190.6,190.6,6,-20,101,150,-25,100,0,0,0,144,-5,-1
190.7,190.7,6,-20,102,150,-25,100,0,0,0,144,-5,-2
190.8,190.8,7,-21,102,150,-25,100,0,0,0,143,-4,-2
190.9,190.9,7,-21,102,150,-25,100,0,0,0,143,-4,-2
191,191,9,-21,102,150,-25,100,0,0,0,141,-4,-2
191.1,191.1,10,-21,101,150,-25,100,0,0,0,140,-4,-1
191.2,191.2,11,-21,101,150,-25,100,0,0,0,139,-4,-1
191.3,191.3,12,-22,101,150,-25,100,0,0,0,138,-3,-1
191.4,191.4,13,-22,101,150,-25,100,0,0,0,137,-3,-1
191.5,191.5,14,-24,101,150,-25,100,0,0,0,136,-1,-1
191.6,191.6,16,-24,100,150,-25,100,0,0,0,134,-1,0
191.7,191.7,17,-25,100,150,-25,100,0,0,0,133,0,0
191.8,191.8,19,-26,100,150,-25,100,0,0,0,131,1,0
191.9,191.9,19,-26,100,150,-25,100,0,0,0,131,1,0
192,192,20,-25,100,150,-25,100,0,0,0,130,0,0
192.1,192.1,21,-25,100,150,-25,100,0,0,0,129,0,0
192.2,192.2,21,-25,100,150,-25,100,0,0,0,129,0,0
192.3,192.3,22,-25,100,150,-25,100,0,0,0,128,0,0
192.4,192.4,23,-25,100,150,-25,100,0,0,0,127,0,0
192.5,192.5,24,-25,99,150,-25,100,0,0,0,126,0,1
192.6,192.6,26,-24,99,150,-25,100,0,0,0,124,-1,1
192.7,192.7,27,-24,98,150,-25,100,0,0,0,123,-1,2
192.8,192.8,28,-25,99,150,-25,100,0,0,0,122,0,1
192.9,192.9,28,-25,99,150,-25,100,0,0,0,122,0,1
193,193,29,-25,99,150,-25,100,0,0,0,121,0,1
193.1,193.1,30,-25,100,150,-25,100,0,0,0,120,0,0
193.2,193.2,30,-26,100,150,-25,100,0,0,0,120,1,0
193.3,193.3,31,-26,100,150,-25,100,0,0,0,119,1,0
193.4,193.4,32,-26,100,150,-25,100,0,0,0,118,1,0
193.5,193.5,32,-26,100,150,-25,100,0,0,0,118,1,0
193.6,193.6,33,-27,100,150,-25,100,0,0,0,117,2,0
193.7,193.7,34,-27,100,150,-25,100,0,0,0,116,2,0
193.8,193.8,34,-27,100,150,-25,100,0,0,0,116,2,0
193.9,193.9,36,-28,100,150,-25,100,0,0,0,114,3,0
194,194,37,-28,100,150,-25,100,0,0,0,113,3,0
194.1,194.1,38,-29,101,150,-25,100,0,0,0,112,4,-1
194.2,194.2,40,-30,101,150,-25,100,0,0,0,110,5,-1
194.3,194.3,41,-30,101,150,-25,100,0,0,0,109,5,-1
194.4,194.4,43,-30,101,150,-25,100,0,0,0,107,5,-1
194.5,194.5,44,-31,101,150,-25,100,0,0,0,106,6,-1
194.6,194.6,46,-31,101,150,-25,100,0,0,0,104,6,-1
194.7,194.7,47,-32,102,150,-25,100,0,0,0,103,7,-2
194.8,194.8,49,-32,102,150,-25,100,0,0,0,101,7,-2
194.9,194.9,51,-33,102,150,-25,100,0,0,0,99,8,-2
195,195,53,-33,101,150,-25,100,0,0,0,97,8,-1
195.1,195.1,55,-34,101,150,-25,100,0,0,0,95,9,-1
195.2,195.2,57,-34,101,150,-25,100,0,0,0,93,9,-1
195.3,195.3,59,-35,101,150,-25,100,0,0,0,91,10,-1
195.4,195.4,61,-35,101,150,-25,100,0,0,0,89,10,-1
195.5,195.5,63,-35,100,150,-25,100,0,0,0,87,10,0
195.6,195.6,65,-36,101,150,-25,100,0,0,0,85,11,-1
195.7,195.7,67,-36,101,150,-25,100,0,0,0,83,11,-1
195.8,195.8,68,-37,101,150,-25,100,0,0,0,82,12,-1
195.9,195.9,70,-38,101,150,-25,100,0,0,0,80,13,-1
196,196,71,-39,101,150,-25,100,0,0,0,79,14,-1
196.1,196.1,73,-40,101,150,-25,100,0,0,0,77,15,-1
196.2,196.2,74,-40,101,150,-25,100,0,0,0,76,15,-1
196.3,196.3,76,-41,101,150,-25,100,0,0,0,74,16,-1
196.4,196.4,77,-41,101,150,-25,100,0,0,0,73,16,-1
196.5,196.5,79,-42,101,150,-25,100,0,0,0,71,17,-1
196.6,196.6,80,-42,102,150,-25,100,0,0,0,70,17,-2
196.7,196.7,81,-42,102,150,-25,100,0,0,0,69,17,-2
196.8,196.8,82,-43,102,150,-25,100,0,0,0,68,18,-2
196.9,196.9,83,-43,102,150,-25,100,0,0,0,67,18,-2
197,197,84,-43,102,150,-25,100,0,0,0,66,18,-2
197.1,197.1,85,-44,102,150,-25,100,0,0,0,65,19,-2
197.2,197.2,86,-44,102,150,-25,100,0,0,0,64,19,-2
197.3,197.3,86,-44,102,150,-25,100,0,0,0,64,19,-2
197.4,197.4,87,-45,103,150,-25,100,0,0,0,63,20,-3
197.5,197.5,88,-45,102,150,-25,100,0,0,0,62,20,-2
197.6,197.6,89,-45,103,150,-25,100,0,0,0,61,20,-3
197.7,197.7,89,-46,103,150,-25,100,0,0,0,61,21,-3
197.8,197.8,89,-46,103,150,-25,100,0,0,0,61,21,-3
197.9,197.9,90,-46,103,150,-25,100,0,0,0,60,21,-3
198,198,90,-46,103,150,-25,100,0,0,0,60,21,-3
198.1,198.1,90,-47,103,150,-25,100,0,0,0,60,22,-3
198.2,198.2,91,-47,103,150,-25,100,0,0,0,59,22,-3
198.3,198.3,91,-47,103,150,-25,100,0,0,0,59,22,-3
198.4,198.4,91,-47,103,150,-25,100,0,0,0,59,22,-3
198.5,198.5,92,-47,103,150,-25,100,0,0,0,58,22,-3
198.6,198.6,92,-48,103,150,-25,100,0,0,0,58,23,-3
198.7,198.7,92,-48,103,150,-25,100,0,0,0,58,23,-3
198.8,198.8,93,-48,103,150,-25,100,0,0,0,57,23,-3
198.9,198.9,94,-48,103,150,-25,100,0,0,0,56,23,-3
199,199,95,-48,103,150,-25,100,0,0,0,55,23,-3
199.1,199.1,95,-48,103,150,-25,100,0,0,0,55,23,-3
199.2,199.2,96,-48,103,150,-25,100,0,0,0,54,23,-3
199.3,199.3,97,-48,103,150,-25,100,0,0,0,53,23,-3
199.4,199.4,98,-47,103,150,-25,100,0,0,0,52,22,-3
199.5,199.5,98,-47,103,150,-25,100,0,0,0,52,22,-3
199.6,199.6,99,-47,103,150,-25,100,0,0,0,51,22,-3
199.7,199.7,99,-47,103,150,-25,100,0,0,0,51,22,-3
199.8,199.8,100,-47,103,150,-25,100,0,0,0,50,22,-3
199.9,199.9,101,-47,104,150,-25,100,0,0,-1,49,22,-4
200,200,102,-46,104,150,-25,100,0,0,-1,48,21,-4
200.1,200.1,102,-46,104,150,-25,100,0,0,-1,48,21,-4
200.2,200.2,103,-45,104,150,-25,100,0,0,-1,47,20,-4
200.3,200.3,104,-45,104,150,-25,100,0,0,-1,46,20,-4
200.4,200.4,105,-44,104,150,-25,100,0,0,-1,45,19,-4
200.5,200.5,105,-44,104,150,-25,100,0,0,-1,45,19,-4
200.6,200.6,105,-44,104,150,-25,100,0,0,0,45,19,-4
200.7,200.7,106,-43,103,150,-25,100,0,0,0,44,18,-3
200.8,200.8,106,-43,103,150,-25,100,0,0,0,44,18,-3
200.9,200.9,106,-42,103,150,-25,100,0,0,0,44,17,-3
201,201,107,-42,103,150,-25,100,0,0,0,43,17,-3
201.1,201.1,107,-42,103,150,-25,100,0,0,0,43,17,-3
201.2,201.2,108,-41,103,150,-25,100,0,0,0,42,16,-3
201.3,201.3,108,-40,103,150,-25,100,0,0,0,42,15,-3
201.4,201.4,109,-40,103,150,-25,100,0,0,0,41,15,-3
201.5,201.5,109,-39,103,150,-25,100,0,0,0,41,14,-3
201.6,201.6,109,-39,103,150,-25,100,0,0,0,41,14,-3
201.7,201.7,109,-39,103,150,-25,100,0,0,0,41,14,-3
201.8,201.8,110,-38,103,150,-25,100,0,0,0,40,13,-3
201.9,201.9,110,-38,103,150,-25,100,0,0,0,40,13,-3
202,202,111,-38,103,150,-25,100,0,0,0,39,13,-3
202.1,202.1,111,-37,103,150,-25,100,0,0,0,39,12,-3
202.2,202.2,111,-36,103,150,-25,100,0,0,0,39,11,-3
202.3,202.3,112,-36,103,150,-25,100,0,0,0,38,11,-3
202.4,202.4,113,-36,103,150,-25,100,0,0,0,37,11,-3
202.5,202.5,113,-35,103,150,-25,100,0,0,0,37,10,-3
202.6,202.6,114,-35,103,150,-25,100,0,0,0,36,10,-3
202.7,202.7,114,-34,103,150,-25,100,0,0,0,36,9,-3
202.8,202.8,115,-34,103,150,-25,100,0,0,0,35,9,-3
202.9,202.9,115,-33,103,150,-25,100,0,0,0,35,8,-3
203,203,116,-33,103,150,-25,100,0,0,0,34,8,-3
203.1,203.1,116,-32,103,150,-25,100,0,0,0,34,7,-3
203.2,203.2,116,-31,103,150,-25,100,0,0,0,34,6,-3
203.3,203.3,116,-31,103,150,-25,100,0,0,0,34,6,-3
203.4,203.4,116,-30,103,150,-25,100,0,0,0,34,5,-3
203.5,203.5,117,-30,103,150,-25,100,0,0,0,33,5,-3
203.6,203.6,118,-29,103,150,-25,100,0,0,0,32,4,-3
203.7,203.7,119,-29,103,150,-25,100,0,0,0,31,4,-3
203.8,203.8,119,-28,103,150,-25,100,0,0,0,31,3,-3
203.9,203.9,120,-28,103,150,-25,100,0,0,0,30,3,-3
204,204,121,-27,103,150,-25,100,0,0,0,29,2,-3
204.1,204.1,121,-27,103,150,-25,100,0,0,0,29,2,-3
204.2,204.2,122,-26,103,150,-25,100,0,0,0,28,1,-3
204.3,204.3,123,-26,103,150,-25,100,0,0,0,27,1,-3
204.4,204.4,124,-26,103,150,-25,100,0,0,0,26,1,-3
204.5,204.5,124,-25,103,150,-25,100,0,0,0,26,0,-3
204.6,204.6,125,-25,103,150,-25,100,0,0,0,25,0,-3
204.7,204.7,125,-24,103,150,-25,100,0,0,0,25,-1,-3
204.8,204.8,126,-24,103,150,-25,100,0,0,0,24,-1,-3
204.9,204.9,127,-24,103,150,-25,100,0,0,0,23,-1,-3
205,205,127,-23,103,150,-25,100,0,0,0,23,-2,-3
205.1,205.1,128,-22,103,150,-25,100,0,0,0,22,-3,-3
205.2,205.2,128,-22,103,150,-25,100,0,0,0,22,-3,-3
205.3,205.3,128,-22,102,150,-25,100,0,0,0,22,-3,-2
205.4,205.4,129,-21,102,150,-25,100,0,0,0,21,-4,-2
205.5,205.5,130,-21,102,150,-25,100,0,0,0,20,-4,-2
205.6,205.6,130,-21,102,150,-25,100,0,0,0,20,-4,-2
205.7,205.7,131,-21,102,150,-25,100,0,0,0,19,-4,-2
205.8,205.8,132,-21,102,150,-25,100,0,0,0,18,-4,-2
205.9,205.9,132,-20,102,150,-25,100,0,0,0,18,-5,-2
206,206,132,-20,102,150,-25,100,0,0,0,18,-5,-2
206.1,206.1,132,-20,102,150,-25,100,0,0,0,18,-5,-2
206.2,206.2,133,-19,102,150,-25,100,0,0,0,17,-6,-2
206.3,206.3,133,-19,102,150,-25,100,0,0,0,17,-6,-2
206.4,206.4,134,-19,102,150,-25,100,0,0,0,16,-6,-2
206.5,206.5,134,-19,102,150,-25,100,0,0,0,16,-6,-2
206.6,206.6,135,-19,101,150,-25,100,0,0,0,15,-6,-1
206.7,206.7,136,-18,102,150,-25,100,0,0,0,14,-7,-2
206.8,206.8,136,-18,101,150,-25,100,0,0,0,14,-7,-1
206.9,206.9,136,-18,102,150,-25,100,0,0,0,14,-7,-2
207,207,136,-17,102,150,-25,100,0,0,0,14,-8,-2
207.1,207.1,137,-18,102,150,-25,100,0,0,0,13,-7,-2
207.2,207.2,137,-17,102,150,-25,100,0,0,0,13,-8,-2
207.3,207.3,137,-18,101,150,-25,100,0,0,0,13,-7,-1
207.4,207.4,137,-18,101,150,-25,100,0,0,0,13,-7,-1
207.5,207.5,138,-18,101,150,-25,100,0,0,0,12,-7,-1
207.6,207.6,138,-18,101,150,-25,100,0,0,0,12,-7,-1
207.7,207.7,138,-18,101,150,-25,100,0,0,0,12,-7,-1
207.8,207.8,139,-18,101,150,-25,100,0,0,0,11,-7,-1
207.9,207.9,140,-19,101,150,-25,100,0,0,0,10,-6,-1
208,208,140,-19,101,150,-25,100,0,0,0,10,-6,-1
208.1,208.1,140,-19,101,150,-25,100,0,0,0,10,-6,-1
208.2,208.2,141,-19,101,150,-25,100,0,0,0,9,-6,-1
208.3,208.3,141,-20,101,150,-25,100,0,0,0,9,-5,-1
208.4,208.4,141,-20,101,150,-25,100,0,0,0,9,-5,-1
208.5,208.5,142,-20,101,150,-25,100,0,0,0,8,-5,-1
208.6,208.6,142,-20,101,150,75,100,0,0,0,8,95,-1
208.7,208.7,142,-20,101,150,75,100,0,0,0,8,95,-1
208.8,208.8,143,-20,101,150,75,100,0,0,0,7,95,-1
208.9,208.9,143,-20,101,150,75,100,0,0,0,7,95,-1
209,209,143,-19,101,150,75,100,0,0,0,7,94,-1
209.1,209.1,143,-18,101,150,75,100,0,0,0,7,93,-1
209.2,209.2,143,-18,101,150,75,100,0,0,0,7,93,-1
209.3,209.3,143,-17,101,150,75,100,0,0,0,7,92,-1
209.4,209.4,144,-17,100,150,75,100,0,0,0,6,92,0
209.5,209.5,144,-17,100,150,75,100,0,0,0,6,92,0
209.6,209.6,144,-17,101,150,75,100,0,0,0,6,92,-1
209.7,209.7,144,-17,101,150,75,100,0,0,0,6,92,-1
209.8,209.8,144,-17,101,150,75,100,0,0,0,6,92,-1
209.9,209.9,144,-17,101,150,75,100,0,0,0,6,92,-1
210,210,144,-17,101,150,75,100,0,0,0,6,92,-1
210.1,210.1,144,-16,101,150,75,100,0,0,0,6,91,-1
210.2,210.2,144,-16,102,150,75,100,0,0,0,6,91,-2
210.3,210.3,144,-16,102,150,75,100,0,0,0,6,91,-2
210.4,210.4,144,-15,102,150,75,100,0,0,0,6,90,-2
210.5,210.5,144,-15,102,150,75,100,0,0,0,6,90,-2
210.6,210.6,144,-15,102,150,75,100,0,0,0,6,90,-2
210.7,210.7,143,-15,102,150,75,100,0,0,0,7,90,-2
210.8,210.8,143,-14,102,150,75,100,0,0,0,7,89,-2
210.9,210.9,142,-14,102,150,75,100,0,0,0,8,89,-2
211,211,142,-13,102,150,75,100,0,0,0,8,88,-2
211.1,211.1,142,-13,102,150,75,100,0,0,0,8,88,-2
211.2,211.2,141,-12,102,150,75,100,0,0,0,9,87,-2
211.3,211.3,141,-11,102,150,75,100,0,0,0,9,86,-2
211.4,211.4,140,-11,102,150,75,100,0,0,0,10,86,-2
211.5,211.5,140,-10,102,150,75,100,0,0,0,10,85,-2
211.6,211.6,139,-10,102,150,75,100,0,0,0,11,85,-2
211.7,211.7,138,-9,102,150,75,100,0,0,0,12,84,-2
211.8,211.8,138,-9,101,150,75,100,0,0,0,12,84,-1
211.9,211.9,137,-9,101,150,75,100,0,0,0,13,84,-1
212,212,136,-9,102,150,75,100,0,0,0,14,84,-2
212.1,212.1,136,-8,102,150,75,100,0,0,0,14,83,-2
212.2,212.2,135,-8,102,150,75,100,0,0,0,15,83,-2
212.3,212.3,134,-7,102,150,75,100,0,0,0,16,82,-2
212.4,212.4,133,-6,102,150,75,100,0,0,0,17,81,-2
212.5,212.5,132,-5,102,150,75,100,0,0,0,18,80,-2
212.6,212.6,131,-3,102,150,75,100,0,0,0,19,78,-2
212.7,212.7,131,-2,102,150,75,100,0,0,0,19,77,-2
212.8,212.8,130,0,102,150,75,100,0,0,0,20,75,-2
212.9,212.9,129,2,102,150,75,100,0,0,0,21,73,-2
213,213,129,4,102,150,75,100,0,0,0,21,71,-2
213.1,213.1,128,6,102,150,75,100,0,0,0,22,69,-2
213.2,213.2,127,8,103,150,75,100,0,0,0,23,67,-3
213.3,213.3,127,11,102,150,75,100,0,0,0,23,64,-2
213.4,213.4,126,13,103,150,75,100,0,0,0,24,62,-3
213.5,213.5,125,16,103,150,75,100,0,0,0,25,59,-3
213.6,213.6,125,18,103,150,75,100,0,0,0,25,57,-3
213.7,213.7,124,20,102,150,75,100,0,0,0,26,55,-2
213.8,213.8,123,21,102,150,75,100,0,0,0,27,54,-2
213.9,213.9,123,23,102,150,75,100,0,0,0,27,52,-2
214,214,122,24,103,150,75,100,0,0,0,28,51,-3
214.1,214.1,121,26,103,150,75,100,0,0,0,29,49,-3
214.2,214.2,121,27,103,150,75,100,0,0,0,29,48,-3
214.3,214.3,120,28,104,150,75,100,0,0,-1,30,47,-4
214.4,214.4,120,29,104,150,75,100,0,0,0,30,46,-4
214.5,214.5,119,31,104,150,75,100,0,0,-1,31,44,-4
214.6,214.6,119,32,104,150,75,100,0,0,0,31,43,-4
214.7,214.7,119,34,104,150,75,100,0,0,-1,31,41,-4
214.8,214.8,119,35,103,150,75,100,0,0,0,31,40,-3
214.9,214.9,119,37,103,150,75,100,0,0,0,31,38,-3
215,215,118,38,103,150,75,100,0,0,0,32,37,-3
215.1,215.1,118,40,102,150,75,100,0,0,0,32,35,-2
215.2,215.2,118,41,103,150,75,100,0,0,0,32,34,-3
215.3,215.3,117,42,103,150,75,100,0,0,0,33,33,-3
215.4,215.4,117,43,103,150,75,100,0,0,0,33,32,-3
215.5,215.5,117,43,103,150,75,100,0,0,0,33,32,-3
215.6,215.6,116,44,104,150,75,100,0,0,-1,34,31,-4
215.7,215.7,116,46,104,150,75,100,0,0,-1,34,29,-4
215.8,215.8,116,47,104,150,75,100,0,0,-1,34,28,-4
215.9,215.9,116,48,104,150,75,100,0,0,-1,34,27,-4
216,216,116,49,104,150,75,100,0,0,-1,34,26,-4
216.1,216.1,115,50,104,150,75,100,0,0,0,35,25,-4
216.2,216.2,115,51,104,150,75,100,0,0,0,35,24,-4
216.3,216.3,115,52,104,150,75,100,0,0,0,35,23,-4
216.4,216.4,115,53,104,150,75,100,0,0,0,35,22,-4
216.5,216.5,115,54,104,150,75,100,0,0,0,35,21,-4
216.6,216.6,115,56,104,150,75,100,0,0,-1,35,19,-4
216.7,216.7,116,57,104,150,75,100,0,0,0,34,18,-4
216.8,216.8,116,58,104,150,75,100,0,0,0,34,17,-4
216.9,216.9,117,59,104,150,75,100,0,0,-1,33,16,-4
217,217,118,60,104,150,75,100,0,0,0,32,15,-4
217.1,217.1,118,62,104,150,75,100,0,0,-1,32,13,-4
217.2,217.2,119,63,104,150,75,100,0,0,0,31,12,-4
217.3,217.3,119,64,105,150,75,100,0,0,-1,31,11,-5
217.4,217.4,120,65,105,150,75,100,0,0,0,30,10,-5
217.5,217.5,120,66,105,150,75,100,0,0,-1,30,9,-5
217.6,217.6,121,67,105,150,75,100,0,0,0,29,8,-5
217.7,217.7,122,68,105,150,75,100,0,0,-1,28,7,-5
217.8,217.8,122,70,105,150,75,100,0,0,-1,28,5,-5
217.9,217.9,123,70,105,150,75,100,0,0,-1,27,5,-5
218,218,124,71,105,150,75,100,0,0,-1,26,4,-5
218.1,218.1,124,72,105,150,75,100,0,0,-1,26,3,-5
218.2,218.2,125,73,105,150,75,100,0,0,0,25,2,-5
218.3,218.3,126,74,105,150,75,100,0,0,0,24,1,-5
218.4,218.4,127,75,105,150,75,100,0,0,-1,23,0,-5
218.5,218.5,128,76,105,150,75,100,0,0,0,22,-1,-5
218.6,218.6,129,77,105,150,75,100,0,0,-1,21,-2,-5
218.7,218.7,130,78,105,150,75,100,0,0,0,20,-3,-5
218.8,218.8,130,79,105,150,75,100,0,0,-1,20,-4,-5
218.9,218.9,131,80,105,150,75,100,0,0,-1,19,-5,-5
219,219,133,80,105,150,75,100,0,0,-1,17,-5,-5
219.1,219.1,134,81,104,150,75,100,0,0,-1,16,-6,-4
219.2,219.2,135,81,104,150,75,100,0,0,0,15,-6,-4
219.3,219.3,136,82,104,150,75,100,0,0,-1,14,-7,-4
219.4,219.4,137,83,104,150,75,100,0,0,-1,13,-8,-4
219.5,219.5,138,83,104,150,75,100,0,0,-1,12,-8,-4
219.6,219.6,139,84,104,150,75,100,0,0,-1,11,-9,-4
219.7,219.7,140,84,104,150,75,100,0,0,-1,10,-9,-4
219.8,219.8,141,84,104,150,75,100,0,0,-1,9,-9,-4
219.9,219.9,142,85,104,150,75,100,0,0,-1,8,-10,-4
220,220,143,85,104,150,75,100,0,0,-1,7,-10,-4
220.1,220.1,144,86,103,150,75,100,0,0,0,6,-11,-3
220.2,220.2,145,86,103,150,75,100,0,0,0,5,-11,-3
220.3,220.3,146,87,103,150,75,100,0,0,0,4,-12,-3
220.4,220.4,147,87,103,150,75,100,0,0,0,3,-12,-3
220.5,220.5,148,87,103,150,75,100,0,0,0,2,-12,-3
220.6,220.6,149,88,104,150,75,100,0,0,-1,1,-13,-4
220.7,220.7,150,88,104,150,75,100,0,0,0,0,-13,-4
220.8,220.8,151,88,103,150,75,100,0,0,0,-1,-13,-3
220.9,220.9,151,89,103,150,75,100,0,0,0,-1,-14,-3
221,221,152,89,103,150,75,100,0,0,0,-2,-14,-3
221.1,221.1,153,89,103,150,75,100,0,0,0,-3,-14,-3
221.2,221.2,153,89,102,150,75,100,0,0,0,-3,-14,-2
221.3,221.3,154,89,102,150,75,100,0,0,0,-4,-14,-2
221.4,221.4,154,90,102,150,75,100,0,0,0,-4,-15,-2
221.5,221.5,154,90,103,150,75,100,0,0,0,-4,-15,-3
221.6,221.6,155,90,103,150,75,100,0,0,0,-5,-15,-3
221.7,221.7,155,90,103,150,75,100,0,0,0,-5,-15,-3
221.8,221.8,155,90,103,150,75,100,0,0,0,-5,-15,-3
221.9,221.9,156,91,102,150,75,100,0,0,0,-6,-16,-2
222,222,156,91,102,150,75,100,-1,-3,0,-6,-16,-2
222.1,222.1,156,91,102,150,75,100,-1,-3,0,-6,-16,-2
222.2,222.2,156,91,102,150,75,100,-1,-3,0,-6,-16,-2
222.3,222.3,156,91,102,150,75,100,-1,-3,0,-6,-16,-2
222.4,222.4,156,90,102,150,75,100,-2,-3,0,-6,-15,-2
222.5,222.5,157,90,102,150,75,100,-2,-3,0,-7,-15,-2
222.6,222.6,157,90,102,150,75,100,-2,-3,0,-7,-15,-2
222.7,222.7,157,89,102,150,75,100,-2,-3,0,-7,-14,-2
222.8,222.8,157,89,102,150,75,100,-2,-3,0,-7,-14,-2
222.9,222.9,157,89,102,150,75,100,-2,-3,0,-7,-14,-2
223,223,157,88,102,150,75,100,-2,-3,0,-7,-13,-2
223.1,223.1,157,88,102,150,75,100,-2,-3,0,-7,-13,-2
223.2,223.2,157,88,102,150,75,100,-2,-1,0,-7,-13,-2
223.3,223.3,157,87,102,150,75,100,-2,-3,0,-7,-12,-2
223.4,223.4,157,88,102,150,75,100,-1,-2,0,-7,-13,-2
223.5,223.5,156,87,102,150,75,100,-1,-2,0,-6,-12,-2
223.6,223.6,156,87,102,150,75,100,-1,-2,0,-6,-12,-2
223.7,223.7,156,86,102,150,75,100,-1,-2,0,-6,-11,-2
223.8,223.8,155,86,102,150,75,100,-1,-2,0,-5,-11,-2
223.9,223.9,155,86,102,150,75,100,-1,-2,0,-5,-11,-2
224,224,155,86,102,150,75,100,-1,-2,0,-5,-11,-2
224.1,224.1,155,85,101,150,75,100,-1,-2,0,-5,-10,-1
224.2,224.2,154,84,101,150,125,100,0,14,0,-4,41,-1
224.3,224.3,154,84,102,150,125,100,0,15,0,-4,41,-2
224.4,224.4,153,83,102,150,125,100,0,15,0,-3,42,-2
224.5,224.5,153,82,102,150,125,100,0,16,0,-3,43,-2
224.6,224.6,152,81,102,150,125,100,0,16,0,-2,44,-2
224.7,224.7,152,80,102,150,125,100,0,16,0,-2,45,-2
224.8,224.8,151,80,102,150,125,100,0,16,0,-1,45,-2
224.9,224.9,151,79,102,150,125,100,0,16,0,-1,46,-2
225,225,150,79,102,150,125,100,0,16,0,0,46,-2
225.1,225.1,150,79,102,150,125,100,0,16,0,0,46,-2
225.2,225.2,149,79,102,150,125,100,1,16,0,1,46,-2
225.3,225.3,148,80,102,150,125,100,1,16,0,2,45,-2
225.4,225.4,147,80,102,150,125,100,1,16,0,3,45,-2
225.5,225.5,147,79,102,150,125,100,1,16,0,3,46,-2
225.6,225.6,146,79,102,150,125,100,1,17,0,4,46,-2
225.7,225.7,145,78,102,150,125,100,1,17,0,5,47,-2
225.8,225.8,144,78,102,150,125,100,2,17,0,6,47,-2
225.9,225.9,143,77,102,150,125,100,2,17,0,7,48,-2
226,226,142,77,102,150,125,100,2,17,0,8,48,-2
226.1,226.1,141,76,103,150,125,100,2,18,0,9,49,-3
226.2,226.2,140,76,103,150,125,100,2,18,0,10,49,-3
226.3,226.3,139,76,103,150,125,100,2,17,0,11,49,-3
226.4,226.4,138,75,103,150,125,100,3,17,0,12,50,-3
226.5,226.5,137,75,103,150,125,100,3,17,0,13,50,-3
226.6,226.6,136,75,103,150,125,100,0,0,0,14,50,-3
226.7,226.7,135,75,103,150,125,100,0,0,0,15,50,-3
226.8,226.8,134,75,103,150,125,100,0,0,0,16,50,-3
226.9,226.9,132,75,103,150,125,100,0,0,0,18,50,-3
227,227,131,75,102,150,125,100,0,0,0,19,50,-2
227.1,227.1,130,75,102,150,125,100,0,0,0,20,50,-2
227.2,227.2,128,75,103,150,125,100,0,0,0,22,50,-3
227.3,227.3,127,75,103,150,125,100,0,0,0,23,50,-3
227.4,227.4,126,75,102,150,125,100,0,0,0,24,50,-2
227.5,227.5,126,75,102,150,125,100,0,0,0,24,50,-2
227.6,227.6,126,75,102,150,125,100,0,0,0,24,50,-2
227.7,227.7,126,75,102,150,125,100,0,0,0,24,50,-2
227.8,227.8,126,75,102,150,125,100,0,0,0,24,50,-2
227.9,227.9,120,74,102,150,125,100,0,0,0,30,51,-2
228,228,119,74,102,150,125,100,0,0,0,31,51,-2
228.1,228.1,118,74,102,150,125,100,0,0,0,32,51,-2
228.2,228.2,117,74,102,150,125,100,0,0,0,33,51,-2
228.3,228.3,116,74,102,150,125,100,0,0,0,34,51,-2
228.4,228.4,115,74,102,150,125,100,0,0,0,35,51,-2
228.5,228.5,115,75,102,150,125,100,0,0,0,35,50,-2
228.6,228.6,114,75,101,150,125,100,0,0,0,36,50,-1
228.7,228.7,114,76,101,150,125,100,0,0,0,36,49,-1
228.8,228.8,113,76,102,150,125,100,0,0,0,37,49,-2
228.9,228.9,113,77,101,150,125,100,0,0,0,37,48,-1
229,229,112,78,101,150,125,100,0,0,0,38,47,-1
229.1,229.1,112,79,101,150,125,100,0,0,0,38,46,-1
229.2,229.2,112,80,101,150,125,100,0,0,0,38,45,-1
229.3,229.3,111,81,101,150,125,100,0,0,0,39,44,-1
229.4,229.4,110,81,101,150,125,100,0,0,0,40,44,-1
229.5,229.5,110,82,101,150,125,100,0,0,0,40,43,-1
229.6,229.6,109,83,102,150,125,100,0,0,0,41,42,-2
229.7,229.7,108,83,102,150,125,100,0,0,0,42,42,-2
229.8,229.8,108,84,101,150,125,100,0,0,0,42,41,-1
229.9,229.9,107,85,101,150,125,100,0,0,0,43,40,-1
230,230,107,85,101,150,125,100,0,0,0,43,40,-1
230.1,230.1,106,86,101,150,125,100,0,0,0,44,39,-1
230.2,230.2,106,88,101,150,125,100,0,0,0,44,37,-1
230.3,230.3,105,89,101,150,125,100,0,0,0,45,36,-1
230.4,230.4,105,90,101,150,125,100,0,0,0,45,35,-1
230.5,230.5,105,91,101,150,125,100,0,0,0,45,34,-1
230.6,230.6,105,93,101,150,125,100,0,0,0,45,32,-1
230.7,230.7,104,94,101,150,125,100,0,0,0,46,31,-1
230.8,230.8,104,95,101,150,125,100,0,0,0,46,30,-1
230.9,230.9,103,95,101,150,125,100,0,0,0,47,30,-1
231,231,103,96,101,150,125,100,0,0,0,47,29,-1
231.1,231.1,102,97,101,150,125,100,0,0,0,48,28,-1
231.2,231.2,102,98,101,150,125,100,0,0,0,48,27,-1
231.3,231.3,101,99,101,150,125,100,0,0,0,49,26,-1
231.4,231.4,102,100,101,150,125,100,0,0,0,48,25,-1
231.5,231.5,102,101,101,150,125,100,0,0,0,48,24,-1
231.6,231.6,103,102,101,150,125,100,0,0,0,47,23,-1
231.7,231.7,104,103,101,150,125,100,0,0,0,46,22,-1
231.8,231.8,105,105,101,150,125,100,0,0,0,45,20,-1
231.9,231.9,106,106,101,150,125,100,0,0,0,44,19,-1
232,232,107,108,101,150,125,100,0,0,0,43,17,-1
232.1,232.1,108,110,101,150,125,100,0,0,0,42,15,-1
232.2,232.2,108,111,101,150,125,100,0,0,0,42,14,-1
232.3,232.3,109,113,101,150,125,100,0,0,0,41,12,-1
232.4,232.4,110,114,101,150,125,100,0,0,0,40,11,-1
232.5,232.5,111,116,101,150,125,100,0,0,0,39,9,-1
232.6,232.6,112,117,101,150,125,100,0,0,0,38,8,-1
232.7,232.7,113,118,101,150,125,100,0,0,0,37,7,-1
232.8,232.8,113,119,101,150,125,100,0,0,0,37,6,-1
232.9,232.9,114,121,101,150,125,100,0,0,0,36,4,-1
233,233,114,122,102,150,125,100,0,0,0,36,3,-2
233.1,233.1,115,124,102,150,125,100,0,0,0,35,1,-2
233.2,233.2,115,125,102,150,125,100,0,0,0,35,0,-2
233.3,233.3,116,126,102,150,125,100,0,0,0,34,-1,-2
233.4,233.4,117,128,102,150,125,100,0,0,0,33,-3,-2
233.5,233.5,118,129,102,150,125,100,0,0,0,32,-4,-2
233.6,233.6,118,130,102,150,125,100,0,0,0,32,-5,-2
233.7,233.7,119,131,102,150,125,100,0,0,0,31,-6,-2
233.8,233.8,119,133,102,150,125,100,0,0,0,31,-8,-2
233.9,233.9,120,134,102,150,125,100,0,0,0,30,-9,-2
234,234,121,135,102,150,125,100,0,0,0,29,-10,-2
234.1,234.1,122,137,102,150,125,100,0,0,0,28,-12,-2
234.2,234.2,122,138,102,150,125,100,0,0,0,28,-13,-2
234.3,234.3,123,139,102,150,125,100,0,0,0,27,-14,-2
234.4,234.4,124,140,102,150,125,100,0,0,0,26,-15,-2
234.5,234.5,125,142,102,150,125,100,0,0,0,25,-17,-2
234.6,234.6,126,142,102,150,125,100,0,0,0,24,-17,-2
234.7,234.7,127,143,102,150,125,100,0,0,0,23,-18,-2
234.8,234.8,128,145,101,150,125,100,0,0,0,22,-20,-1
234.9,234.9,129,146,101,150,125,100,0,0,0,21,-21,-1
235,235,131,147,101,150,125,100,0,0,0,19,-22,-1
235.1,235.1,132,148,101,150,125,100,0,0,0,18,-23,-1
235.2,235.2,133,149,101,150,125,100,0,0,0,17,-24,-1
235.3,235.3,134,149,101,150,125,100,0,0,0,16,-24,-1
235.4,235.4,135,150,102,150,125,100,0,0,0,15,-25,-2
235.5,235.5,136,151,102,150,125,100,0,0,0,14,-26,-2
235.6,235.6,137,152,102,150,125,100,0,0,0,13,-27,-2
235.7,235.7,137,152,101,150,125,100,0,0,0,13,-27,-1
235.8,235.8,138,153,101,150,125,100,0,0,0,12,-28,-1
235.9,235.9,139,153,101,150,125,100,0,0,0,11,-28,-1
236,236,140,154,101,150,125,100,0,0,0,10,-29,-1
236.1,236.1,140,154,101,150,125,100,0,0,0,10,-29,-1
236.2,236.2,140,154,101,150,125,100,0,0,0,10,-29,-1
236.3,236.3,140,154,101,150,125,100,0,0,0,10,-29,-1
236.4,236.4,140,154,101,150,125,100,0,0,0,10,-29,-1
236.5,236.5,140,154,101,150,125,100,0,0,0,10,-29,-1
236.6,236.6,147,156,102,150,125,100,0,0,0,3,-31,-2
236.7,236.7,148,157,102,150,125,100,0,0,0,2,-32,-2
236.8,236.8,149,157,102,150,125,100,0,0,0,1,-32,-2
236.9,236.9,150,157,102,150,125,100,0,0,0,0,-32,-2
237,237,150,157,102,150,125,100,0,0,0,0,-32,-2
237.1,237.1,151,158,102,150,125,100,0,0,0,-1,-33,-2
237.2,237.2,152,158,102,150,125,100,0,0,0,-2,-33,-2
237.3,237.3,153,158,102,150,125,100,0,0,0,-3,-33,-2
237.4,237.4,154,158,102,150,125,100,0,0,0,-4,-33,-2
237.5,237.5,155,158,102,150,125,100,0,0,0,-5,-33,-2
237.6,237.6,156,158,102,150,125,100,0,0,0,-6,-33,-2
237.7,237.7,157,158,102,150,125,100,0,0,0,-7,-33,-2
237.8,237.8,158,159,102,150,125,100,0,0,0,-8,-34,-2
237.9,237.9,159,159,102,150,125,100,0,0,0,-9,-34,-2
238,238,159,159,102,150,125,100,0,0,0,-9,-34,-2
238.1,238.1,160,159,101,150,125,100,0,0,0,-10,-34,-1
238.2,238.2,161,158,101,150,125,100,0,0,0,-11,-33,-1
238.3,238.3,161,157,101,150,125,100,0,0,0,-11,-32,-1
238.4,238.4,162,157,101,150,125,100,0,0,0,-12,-32,-1
238.5,238.5,163,156,102,150,125,100,0,0,0,-13,-31,-2
238.6,238.6,163,155,102,150,125,100,0,0,0,-13,-30,-2
238.7,238.7,164,154,102,150,125,100,0,0,0,-14,-29,-2
238.8,238.8,164,154,102,150,125,100,0,0,0,-14,-29,-2
238.9,238.9,165,153,101,150,125,100,0,0,0,-15,-28,-1
239,239,166,153,101,150,125,100,0,0,0,-16,-28,-1
239.1,239.1,166,152,101,150,125,100,0,0,0,-16,-27,-1
239.2,239.2,167,151,101,150,125,100,0,0,0,-17,-26,-1
239.3,239.3,167,150,101,150,125,100,0,0,0,-17,-25,-1
239.4,239.4,168,149,101,150,125,100,0,0,0,-18,-24,-1
239.5,239.5,168,148,101,150,125,100,0,0,0,-18,-23,-1
239.6,239.6,168,148,101,150,125,100,0,0,0,-18,-23,-1
239.7,239.7,169,147,101,150,125,100,0,0,0,-19,-22,-1
239.8,239.8,170,146,101,150,125,100,0,0,0,-20,-21,-1
239.9,239.9,170,145,101,150,125,100,0,0,0,-20,-20,-1
240,240,170,145,101,150,125,100,0,0,0,-20,-20,-1
240.1,240.1,171,144,101,150,125,100,0,0,0,-21,-19,-1
240.2,240.2,171,142,101,150,125,100,0,0,0,-21,-17,-1
240.3,240.3,172,141,101,150,125,100,0,0,0,-22,-16,-1
240.4,240.4,172,140,101,150,125,100,0,0,0,-22,-15,-1
240.5,240.5,173,139,101,150,125,100,0,0,0,-23,-14,-1
240.6,240.6,173,139,101,150,125,100,0,0,0,-23,-14,-1
240.7,240.7,173,138,101,150,125,100,0,0,0,-23,-13,-1
240.8,240.8,173,137,101,150,125,100,0,0,0,-23,-12,-1
240.9,240.9,173,135,101,150,125,100,0,0,0,-23,-10,-1
241,241,173,134,100,150,125,100,0,0,0,-23,-9,0
241.1,241.1,174,133,100,150,125,100,0,0,0,-24,-8,0
241.2,241.2,173,132,100,150,125,100,0,0,0,-23,-7,0
241.3,241.3,173,130,100,150,125,100,0,0,0,-23,-5,0
241.4,241.4,173,129,100,150,125,100,0,0,0,-23,-4,0
241.5,241.5,173,128,100,150,125,100,0,0,0,-23,-3,0
241.6,241.6,173,127,100,150,125,100,0,0,0,-23,-2,0
241.7,241.7,173,126,100,150,125,100,0,0,0,-23,-1,0
241.8,241.8,173,125,100,150,125,100,0,0,0,-23,0,0
241.9,241.9,173,123,100,150,125,100,0,0,0,-23,2,0
242,242,173,122,100,150,125,100,0,0,0,-23,3,0
242.1,242.1,173,121,100,150,125,100,0,0,0,-23,4,0
242.2,242.2,172,120,99,150,125,100,0,0,0,-22,5,1
242.3,242.3,172,119,99,150,125,100,0,0,0,-22,6,1
242.4,242.4,172,118,99,150,125,100,0,0,0,-22,7,1
242.5,242.5,172,117,99,150,125,100,0,0,0,-22,8,1
242.6,242.6,172,116,99,150,125,100,0,0,0,-22,9,1
242.7,242.7,172,115,99,150,125,100,0,0,0,-22,10,1
242.8,242.8,172,114,99,150,125,100,0,0,0,-22,11,1
242.9,242.9,172,114,99,150,125,100,0,0,0,-22,11,1
243,243,172,114,99,150,125,100,0,0,0,-22,11,1
243.1,243.1,172,112,99,150,125,100,0,0,0,-22,13,1
243.2,243.2,172,110,99,150,125,100,0,0,0,-22,15,1
243.3,243.3,172,109,99,150,125,100,0,0,0,-22,16,1
243.4,243.4,172,109,99,150,125,100,0,0,0,-22,16,1
243.5,243.5,171,108,99,150,125,100,0,0,0,-21,17,1
243.6,243.6,171,106,99,150,125,100,0,0,0,-21,19,1
243.7,243.7,171,106,99,150,125,100,0,0,0,-21,19,1
243.8,243.8,171,105,99,150,125,100,0,0,0,-21,20,1
243.9,243.9,170,105,100,150,125,100,0,0,0,-20,20,0
244,244,170,104,100,150,125,100,0,0,0,-20,21,0
244.1,244.1,170,103,100,150,125,100,0,0,0,-20,22,0
244.2,244.2,170,102,100,150,125,100,0,0,0,-20,23,0
244.3,244.3,170,101,100,150,125,100,0,0,0,-20,24,0
244.4,244.4,169,100,100,150,125,100,0,0,0,-19,25,0
244.5,244.5,169,99,100,150,125,100,0,0,0,-19,26,0
244.6,244.6,169,99,100,150,125,100,0,0,0,-19,26,0
244.7,244.7,169,99,100,150,125,100,0,0,0,-19,26,0
244.8,244.8,169,99,100,150,125,100,0,0,0,-19,26,0
244.9,244.9,169,99,100,150,125,100,0,0,0,-19,26,0
245,245,169,99,100,150,125,100,0,0,0,-19,26,0
245.1,245.1,169,94,101,150,125,100,0,0,0,-19,31,-1
245.2,245.2,168,93,101,150,125,100,0,0,0,-18,32,-1
245.3,245.3,168,92,101,150,125,100,0,0,0,-18,33,-1
245.4,245.4,168,91,101,150,125,100,0,0,0,-18,34,-1
245.5,245.5,167,91,101,150,125,100,0,0,0,-17,34,-1
245.6,245.6,167,90,101,150,125,100,0,0,0,-17,35,-1
245.7,245.7,167,90,101,150,125,100,0,0,0,-17,35,-1
245.8,245.8,166,90,101,150,125,100,0,0,0,-16,35,-1
245.9,245.9,166,90,101,150,125,100,0,0,0,-16,35,-1
246,246,165,90,101,150,125,100,0,0,0,-15,35,-1
246.1,246.1,165,90,101,150,125,100,0,0,0,-15,35,-1
246.2,246.2,165,90,101,150,125,100,0,0,0,-15,35,-1
246.3,246.3,165,90,101,150,125,100,0,0,0,-15,35,-1
246.4,246.4,164,90,101,150,125,100,0,0,0,-14,35,-1
246.5,246.5,164,90,101,150,125,100,0,0,0,-14,35,-1
246.6,246.6,163,90,101,150,125,100,0,0,0,-13,35,-1
246.7,246.7,163,90,101,150,125,100,0,0,0,-13,35,-1
246.8,246.8,163,90,101,150,125,100,0,0,0,-13,35,-1
246.9,246.9,162,91,101,150,125,100,0,0,0,-12,34,-1
247,247,161,90,101,150,125,100,0,0,0,-11,35,-1
247.1,247.1,160,90,101,150,125,100,0,0,0,-10,35,-1
247.2,247.2,159,91,101,150,125,100,0,0,0,-9,34,-1
247.3,247.3,158,91,101,150,125,100,0,0,0,-8,34,-1
247.4,247.4,158,92,101,150,125,100,0,0,0,-8,33,-1
247.5,247.5,158,92,101,150,125,100,0,0,0,-8,33,-1
247.6,247.6,158,92,101,150,125,100,0,0,0,-8,33,-1
247.7,247.7,157,92,101,150,125,100,0,0,0,-7,33,-1
247.8,247.8,157,93,101,150,125,100,0,0,0,-7,32,-1
247.9,247.9,157,93,101,150,125,100,0,0,0,-7,32,-1
248,248,156,93,101,150,125,100,0,0,0,-6,32,-1
248.1,248.1,156,94,101,150,125,100,0,0,0,-6,31,-1
248.2,248.2,155,95,101,150,125,100,0,0,0,-5,30,-1
248.3,248.3,155,96,102,150,125,100,0,0,0,-5,29,-2
248.4,248.4,155,98,102,150,125,100,0,0,0,-5,27,-2
248.5,248.5,154,100,102,150,125,100,0,0,0,-4,25,-2
248.6,248.6,154,101,102,150,125,100,0,0,0,-4,24,-2
248.7,248.7,154,104,102,150,125,100,0,0,0,-4,21,-2
248.8,248.8,154,105,101,150,125,100,0,0,0,-4,20,-1
248.9,248.9,154,107,101,150,125,100,0,0,0,-4,18,-1
249,249,153,109,102,150,125,100,0,0,0,-3,16,-2
249.1,249.1,153,110,102,150,125,100,0,0,0,-3,15,-2
249.2,249.2,153,112,102,150,125,100,0,0,0,-3,13,-2
249.3,249.3,152,114,102,150,125,100,0,0,0,-2,11,-2
249.4,249.4,152,115,102,150,125,100,0,0,0,-2,10,-2
249.5,249.5,152,117,102,150,125,100,0,0,0,-2,8,-2
249.6,249.6,152,118,103,150,175,100,0,0,0,-2,57,-3
249.7,249.7,152,120,103,150,175,100,0,0,0,-2,55,-3
249.8,249.8,151,122,103,150,175,100,0,0,0,-1,53,-3
249.9,249.9,151,123,103,150,175,100,0,0,0,-1,52,-3
250,250,151,125,104,150,175,100,0,0,-1,-1,50,-4
250.1,250.1,151,127,104,150,175,100,0,0,-1,-1,48,-4
250.2,250.2,150,129,104,150,175,100,0,0,-1,0,46,-4
250.3,250.3,150,131,104,150,175,100,0,0,0,0,44,-4
250.4,250.4,151,133,104,150,175,100,0,0,-1,-1,42,-4
250.5,250.5,151,135,104,150,175,100,0,0,-1,-1,40,-4
250.6,250.6,151,137,104,150,175,100,0,0,-1,-1,38,-4
250.7,250.7,151,140,104,150,175,100,0,0,-1,-1,35,-4
250.8,250.8,151,141,104,150,175,100,0,0,-1,-1,34,-4
250.9,250.9,151,144,104,150,175,100,0,0,-1,-1,31,-4
251,251,151,146,104,150,175,100,0,0,0,-1,29,-4
251.1,251.1,151,147,104,150,175,100,0,0,0,-1,28,-4
251.2,251.2,151,150,104,150,175,100,0,0,-1,-1,25,-4
251.3,251.3,151,152,104,150,175,100,0,0,-1,-1,23,-4
251.4,251.4,150,154,105,150,175,100,0,0,0,0,21,-5
251.5,251.5,150,156,104,150,175,100,0,0,0,0,19,-4
251.6,251.6,150,159,105,150,175,100,0,0,-1,0,16,-5
251.7,251.7,150,161,105,150,175,100,0,0,0,0,14,-5
251.8,251.8,150,163,104,150,175,100,0,0,0,0,12,-4
251.9,251.9,150,165,104,150,175,100,0,0,-1,0,10,-4
252,252,150,166,104,150,175,140,0,0,16,0,9,36
252.1,252.1,150,168,104,150,175,140,0,0,16,0,7,36
252.2,252.2,149,170,104,150,175,140,0,0,16,1,5,36
252.3,252.3,150,172,105,150,175,140,0,0,16,0,3,35
252.4,252.4,149,174,106,150,175,140,0,0,15,1,1,34
252.5,252.5,149,176,107,150,175,140,0,0,15,1,-1,33
252.6,252.6,149,177,108,150,175,140,0,0,0,1,-2,32
252.7,252.7,149,179,109,150,175,140,0,0,14,1,-4,31
252.8,252.8,149,180,111,150,175,140,0,0,13,1,-5,29
252.9,252.9,149,182,112,150,175,140,0,0,12,1,-7,28
253,253,149,184,113,150,175,140,0,0,0,1,-9,27
253.1,253.1,149,185,114,150,175,140,0,0,11,1,-10,26
253.2,253.2,149,187,115,150,175,140,0,0,11,1,-12,25
253.3,253.3,149,189,116,150,175,140,0,0,0,1,-14,24
253.4,253.4,148,190,117,150,175,140,0,0,10,2,-15,23
253.5,253.5,148,192,118,150,175,140,0,0,10,2,-17,22
253.6,253.6,148,193,119,150,175,140,0,0,9,2,-18,21
253.7,253.7,148,194,119,150,175,140,0,0,9,2,-19,21
253.8,253.8,148,196,120,150,175,140,0,0,9,2,-21,20
253.9,253.9,148,197,121,150,175,140,0,0,8,2,-22,19
254,254,148,198,122,150,175,140,0,0,8,2,-23,18
254.1,254.1,147,199,122,150,175,140,0,0,8,3,-24,18
254.2,254.2,147,200,123,150,175,140,0,0,0,3,-25,17
254.3,254.3,147,201,123,150,175,140,0,0,7,3,-26,17
254.4,254.4,147,202,124,150,175,140,0,0,0,3,-27,16
254.5,254.5,147,203,125,150,175,140,0,0,0,3,-28,15
254.6,254.6,147,205,125,150,175,140,0,0,7,3,-30,15
254.7,254.7,147,206,126,150,175,140,0,0,6,3,-31,14
254.8,254.8,147,207,126,150,175,140,0,0,0,3,-32,14
254.9,254.9,147,208,127,150,175,140,0,0,0,3,-33,13
255,255,147,209,128,150,175,140,0,0,5,3,-34,12
255.1,255.1,147,209,129,150,175,140,0,0,0,3,-34,11
255.2,255.2,147,209,129,150,175,140,0,0,0,3,-34,11
255.3,255.3,147,209,130,150,175,140,0,0,4,3,-34,10
255.4,255.4,147,209,130,150,175,140,0,0,4,3,-34,10
255.5,255.5,148,210,131,150,175,140,0,0,3,2,-35,9
255.6,255.6,148,210,131,150,175,140,0,0,3,2,-35,9
255.7,255.7,148,210,132,150,175,140,0,0,3,2,-35,8
255.8,255.8,148,210,132,150,175,140,0,0,0,2,-35,8
255.9,255.9,148,210,133,150,175,140,0,0,2,2,-35,7
256,256,148,210,133,150,175,140,0,0,2,2,-35,7
256.1,256.1,148,210,134,150,175,140,0,0,0,2,-35,6
256.2,256.2,148,210,135,150,175,140,0,0,1,2,-35,5
256.3,256.3,149,210,135,150,175,140,0,0,1,1,-35,5
256.4,256.4,149,210,136,150,175,140,0,0,1,1,-35,4
256.5,256.5,149,210,136,150,175,140,0,0,0,1,-35,4
256.6,256.6,149,209,136,150,175,140,0,0,1,1,-34,4
256.7,256.7,150,209,137,150,175,140,0,0,0,0,-34,3
256.8,256.8,150,208,137,150,175,140,0,0,0,0,-33,3
256.9,256.9,150,208,137,150,175,140,0,0,0,0,-33,3
257,257,150,207,137,150,175,140,0,0,0,0,-32,3
257.1,257.1,151,206,137,150,175,140,0,0,0,-1,-31,3
257.2,257.2,151,206,137,150,175,140,0,0,0,-1,-31,3
257.3,257.3,151,205,137,150,175,140,0,0,0,-1,-30,3
257.4,257.4,152,205,137,150,175,140,0,0,0,-2,-30,3
257.5,257.5,152,204,137,150,175,140,0,0,0,-2,-29,3
257.6,257.6,152,203,137,150,175,140,0,0,0,-2,-28,3
257.7,257.7,153,202,137,150,175,140,0,0,0,-3,-27,3
257.8,257.8,153,201,137,150,175,140,0,0,0,-3,-26,3
257.9,257.9,154,201,137,150,175,140,0,0,0,-4,-26,3
258,258,154,200,137,150,175,140,0,0,0,-4,-25,3
258.1,258.1,154,199,138,150,175,140,0,0,0,-4,-24,2
258.2,258.2,155,198,138,150,175,140,0,0,0,-5,-23,2
258.3,258.3,155,196,138,150,175,140,0,0,0,-5,-21,2
258.4,258.4,155,195,138,150,175,140,0,0,0,-5,-20,2
258.5,258.5,156,194,139,150,175,140,0,0,0,-6,-19,1
258.6,258.6,157,193,139,150,175,140,0,0,0,-7,-18,1
258.7,258.7,157,191,139,150,175,140,0,0,0,-7,-16,1
258.8,258.8,157,190,139,150,175,140,0,0,0,-7,-15,1
258.9,258.9,158,189,139,150,175,140,0,0,0,-8,-14,1
259,259,159,187,139,150,175,140,0,0,0,-9,-12,1
259.1,259.1,159,186,139,150,175,140,0,0,0,-9,-11,1
259.2,259.2,160,185,139,150,175,140,0,0,0,-10,-10,1
259.3,259.3,161,184,139,150,175,140,0,0,0,-11,-9,1
259.4,259.4,161,182,139,150,175,140,0,0,0,-11,-7,1
259.5,259.5,162,181,139,150,175,140,0,0,0,-12,-6,1
259.6,259.6,163,180,139,150,175,140,0,0,0,-13,-5,1
259.7,259.7,163,179,139,150,175,140,0,0,0,-13,-4,1
259.8,259.8,164,178,139,150,175,140,0,0,0,-14,-3,1
259.9,259.9,165,177,139,150,175,140,0,0,0,-15,-2,1
260,260,166,176,139,150,175,140,0,0,0,-16,-1,1
260.1,260.1,166,175,139,150,175,140,0,0,0,-16,0,1
260.2,260.2,167,174,139,150,175,140,0,0,0,-17,1,1
260.3,260.3,168,174,139,150,175,140,0,0,0,-18,1,1
260.4,260.4,168,173,139,150,175,140,0,0,0,-18,2,1
260.5,260.5,169,172,139,150,175,140,0,0,0,-19,3,1
260.6,260.6,170,170,139,150,175,140,0,0,0,-20,5,1
260.7,260.7,170,169,139,150,175,140,0,0,0,-20,6,1
260.8,260.8,171,168,139,150,175,140,0,0,0,-21,7,1
260.9,260.9,171,166,139,150,175,140,0,0,0,-21,9,1
261,261,172,165,139,150,175,140,0,0,0,-22,10,1
261.1,261.1,172,164,139,150,175,140,0,0,0,-22,11,1
261.2,261.2,173,163,139,150,175,140,0,0,0,-23,12,1
261.3,261.3,174,162,139,150,175,140,0,0,0,-24,13,1
261.4,261.4,175,161,139,150,175,140,0,0,0,-25,14,1
261.5,261.5,176,160,139,150,175,140,0,0,0,-26,15,1
261.6,261.6,176,159,139,150,175,140,0,0,0,-26,16,1
261.7,261.7,177,158,139,150,175,140,0,0,0,-27,17,1
261.8,261.8,178,157,139,150,175,140,0,0,0,-28,18,1
261.9,261.9,178,156,139,150,175,140,0,0,0,-28,19,1
262,262,179,155,139,150,175,140,0,0,0,-29,20,1
262.1,262.1,179,154,139,150,175,140,0,0,0,-29,21,1
262.2,262.2,180,153,139,150,175,140,0,0,0,-30,22,1
262.3,262.3,180,153,140,150,175,140,0,0,0,-30,22,0
262.4,262.4,180,153,140,150,175,140,0,0,0,-30,22,0
262.5,262.5,181,152,140,150,175,140,0,0,0,-31,23,0
262.6,262.6,181,152,140,150,175,140,0,0,0,-31,23,0
262.7,262.7,181,152,141,150,175,140,0,0,0,-31,23,-1
262.8,262.8,182,151,141,150,175,140,0,0,0,-32,24,-1
262.9,262.9,182,150,141,150,175,140,0,0,0,-32,25,-1
263,263,181,150,142,150,175,140,0,0,0,-31,25,-2
263.1,263.1,181,149,142,150,175,140,0,0,0,-31,26,-2
263.2,263.2,181,149,142,150,175,140,0,0,0,-31,26,-2
263.3,263.3,181,149,142,150,175,140,0,0,0,-31,26,-2
263.4,263.4,181,150,142,150,175,140,0,0,0,-31,25,-2
263.5,263.5,181,150,142,150,175,140,0,0,0,-31,25,-2
263.6,263.6,180,150,142,150,175,140,0,0,0,-30,25,-2
263.7,263.7,179,150,142,150,175,140,0,0,0,-29,25,-2
263.8,263.8,179,150,142,150,175,140,0,0,0,-29,25,-2
263.9,263.9,178,150,142,150,175,140,0,0,0,-28,25,-2
264,264,177,150,143,150,175,140,0,0,0,-27,25,-3
264.1,264.1,177,150,143,150,175,140,0,0,0,-27,25,-3
264.2,264.2,176,150,143,150,175,140,0,0,0,-26,25,-3
264.3,264.3,175,151,143,150,175,140,0,0,0,-25,24,-3
264.4,264.4,175,151,143,150,175,140,0,0,0,-25,24,-3
264.5,264.5,174,151,143,150,175,140,0,0,0,-24,24,-3
264.6,264.6,173,151,143,150,175,140,0,0,0,-23,24,-3
264.7,264.7,173,152,143,150,175,140,0,0,0,-23,23,-3
264.8,264.8,172,152,143,150,175,140,0,0,0,-22,23,-3
264.9,264.9,171,152,143,150,175,140,0,0,0,-21,23,-3
265,265,171,153,143,150,175,140,0,0,0,-21,22,-3
265.1,265.1,170,153,143,150,175,140,0,0,0,-20,22,-3
265.2,265.2,169,154,144,150,175,140,0,0,-1,-19,21,-4
265.3,265.3,169,154,144,150,175,140,0,0,-1,-19,21,-4
265.4,265.4,168,154,143,150,175,140,0,0,0,-18,21,-3
265.5,265.5,167,155,144,150,175,140,0,0,-1,-17,20,-4
265.6,265.6,166,155,143,150,175,140,0,0,0,-16,20,-3
265.7,265.7,166,156,143,150,175,140,0,0,0,-16,19,-3
265.8,265.8,165,156,143,150,175,140,0,0,0,-15,19,-3
265.9,265.9,164,157,143,150,175,140,0,0,0,-14,18,-3
266,266,163,157,143,150,175,140,0,0,0,-13,18,-3
266.1,266.1,162,158,143,150,175,140,0,0,0,-12,17,-3
266.2,266.2,161,159,143,150,175,140,0,0,0,-11,16,-3
266.3,266.3,161,159,143,150,175,140,0,0,0,-11,16,-3
266.4,266.4,159,160,144,150,175,140,0,0,0,-9,15,-4
266.5,266.5,158,161,144,150,175,140,0,0,0,-8,14,-4
266.6,266.6,157,162,144,150,175,140,0,0,-1,-7,13,-4
266.7,266.7,157,162,144,150,175,140,0,0,0,-7,13,-4
266.8,266.8,155,163,144,150,175,140,0,0,0,-5,12,-4
266.9,266.9,153,164,144,150,175,140,0,0,-1,-3,11,-4
267,267,152,164,144,150,175,140,0,0,0,-2,11,-4
267.1,267.1,151,165,144,150,175,140,0,0,0,-1,10,-4
267.2,267.2,150,166,143,150,175,140,0,0,0,0,9,-3
267.3,267.3,149,167,143,150,125,140,0,0,0,1,-42,-3
267.4,267.4,148,168,143,150,125,140,0,0,0,2,-43,-3
267.5,267.5,147,168,143,150,125,140,0,0,0,3,-43,-3
267.6,267.6,147,168,143,150,125,140,1,-16,0,3,-43,-3
267.7,267.7,146,169,143,150,125,140,1,-16,0,4,-44,-3
267.8,267.8,144,170,143,150,125,140,0,0,0,6,-45,-3
267.9,267.9,144,170,143,150,125,140,2,-16,0,6,-45,-3
268,268,142,171,143,150,125,140,2,-16,0,8,-46,-3
268.1,268.1,141,171,143,150,125,140,2,-17,0,9,-46,-3
268.2,268.2,140,172,142,150,125,140,2,-17,0,10,-47,-2
268.3,268.3,139,172,142,150,125,140,3,-17,0,11,-47,-2
268.4,268.4,137,173,142,150,125,140,3,-17,0,13,-48,-2
268.5,268.5,136,173,143,150,125,140,3,-17,0,14,-48,-3
268.6,268.6,135,174,143,150,125,140,3,-18,0,15,-49,-3
268.7,268.7,134,174,143,150,125,140,4,-18,0,16,-49,-3
268.8,268.8,133,175,142,150,125,140,4,-17,0,17,-50,-2
268.9,268.9,132,175,142,150,125,140,4,-17,0,18,-50,-2
269,269,131,176,142,150,125,140,4,-18,0,19,-51,-2
269.1,269.1,130,177,142,150,125,140,4,-18,0,20,-52,-2
269.2,269.2,128,177,142,150,125,140,4,-18,0,22,-52,-2
269.3,269.3,127,178,142,150,125,140,5,-18,0,23,-53,-2
269.4,269.4,126,178,142,150,125,140,5,-18,0,24,-53,-2
269.5,269.5,125,178,141,150,125,140,5,-18,0,25,-53,-1
269.6,269.6,124,178,141,150,125,140,9,-18,0,26,-53,-1
269.7,269.7,123,178,141,150,125,140,10,-19,0,27,-53,-1
269.8,269.8,121,179,141,150,125,140,10,-19,0,29,-54,-1
269.9,269.9,121,179,141,150,125,140,10,-19,0,29,-54,-1
270,270,119,179,141,150,125,140,11,-19,0,31,-54,-1
270.1,270.1,118,179,141,150,125,140,11,-19,0,32,-54,-1
270.2,270.2,118,179,141,150,125,140,11,-19,0,32,-54,-1
270.3,270.3,117,179,140,150,125,140,12,-19,0,33,-54,0
270.4,270.4,116,179,140,150,125,140,12,-19,0,34,-54,0
270.5,270.5,115,180,140,150,125,140,12,-19,0,35,-55,0
270.6,270.6,115,180,140,150,125,140,12,-19,0,35,-55,0
270.7,270.7,114,180,141,150,125,140,12,-19,0,36,-55,-1
270.8,270.8,114,180,141,150,125,140,12,-19,0,36,-55,-1
270.9,270.9,113,180,141,150,125,140,13,-19,0,37,-55,-1
271,271,112,180,141,150,125,140,13,-19,0,38,-55,-1
271.1,271.1,112,179,140,150,125,140,13,-19,0,38,-54,0
271.2,271.2,111,179,141,150,125,140,14,-19,0,39,-54,-1
271.3,271.3,110,179,140,150,125,140,14,-18,0,40,-54,0
271.4,271.4,110,178,140,150,125,140,14,-19,0,40,-53,0
271.5,271.5,109,179,140,150,125,140,14,-18,0,41,-54,0
271.6,271.6,109,178,140,150,125,140,14,-18,0,41,-53,0
271.7,271.7,108,178,140,150,125,140,14,-18,0,42,-53,0
271.8,271.8,108,178,140,150,125,140,15,-18,0,42,-53,0
271.9,271.9,107,178,140,150,125,140,15,-18,0,43,-53,0
272,272,107,177,140,150,125,140,15,-18,0,43,-52,0
272.1,272.1,106,177,139,150,125,140,15,-18,0,44,-52,1
272.2,272.2,106,177,139,150,125,140,15,-18,0,44,-52,1
272.3,272.3,106,176,139,150,125,140,15,-17,0,44,-51,1
272.4,272.4,106,176,139,150,125,140,15,-17,0,44,-51,1
272.5,272.5,106,175,139,150,125,140,0,0,0,44,-50,1
272.6,272.6,106,174,139,150,125,140,15,-17,0,44,-49,1
272.7,272.7,106,173,139,150,125,140,0,0,0,44,-48,1
272.8,272.8,107,173,139,150,125,140,0,0,0,43,-48,1
272.9,272.9,108,171,139,150,125,140,0,0,0,42,-46,1
273,273,108,170,138,150,125,140,0,0,0,42,-45,2
273.1,273.1,109,169,138,150,125,140,0,0,0,41,-44,2
273.2,273.2,110,168,138,150,125,140,0,0,0,40,-43,2
273.3,273.3,111,167,138,150,125,140,0,0,0,39,-42,2
273.4,273.4,111,166,138,150,125,140,0,0,0,39,-41,2
273.5,273.5,112,164,138,150,125,140,0,0,0,38,-39,2
273.6,273.6,113,163,138,150,125,140,0,0,0,37,-38,2
273.7,273.7,113,162,138,150,125,140,0,0,0,37,-37,2
273.8,273.8,114,161,138,150,125,140,0,0,0,36,-36,2
273.9,273.9,115,160,138,150,125,140,0,0,0,35,-35,2
274,274,115,159,138,150,125,140,0,0,0,35,-34,2
274.1,274.1,116,158,138,150,125,140,0,0,0,34,-33,2
274.2,274.2,116,157,138,150,125,140,0,0,0,34,-32,2
274.3,274.3,117,156,138,150,125,140,0,0,0,33,-31,2
274.4,274.4,118,155,138,150,125,140,0,0,0,32,-30,2
274.5,274.5,118,153,138,150,125,140,0,0,0,32,-28,2
274.6,274.6,119,152,137,150,125,140,0,0,0,31,-27,3
274.7,274.7,120,151,137,150,125,140,0,0,0,30,-26,3
274.8,274.8,120,150,137,150,125,140,0,0,0,30,-25,3
274.9,274.9,121,148,137,150,125,140,0,0,0,29,-23,3
275,275,122,147,137,150,125,140,0,0,0,28,-22,3
275.1,275.1,123,145,137,150,125,140,0,0,0,27,-20,3
275.2,275.2,124,143,137,150,125,140,0,0,0,26,-18,3
275.3,275.3,125,142,137,150,125,140,0,0,0,25,-17,3
275.4,275.4,127,141,137,150,125,140,0,0,0,23,-16,3
275.5,275.5,128,140,137,150,125,140,0,0,0,22,-15,3
275.6,275.6,130,138,137,150,125,140,0,0,0,20,-13,3
275.7,275.7,131,138,137,150,125,140,0,0,0,19,-13,3
275.8,275.8,132,136,137,150,125,140,0,0,0,18,-11,3
275.9,275.9,134,135,137,150,125,140,0,0,0,16,-10,3
276,276,135,134,137,150,125,140,0,0,0,15,-9,3
276.1,276.1,137,133,137,150,125,140,0,0,0,13,-8,3
276.2,276.2,138,131,138,150,125,140,0,0,0,12,-6,2
276.3,276.3,139,130,138,150,125,140,0,0,0,11,-5,2
276.4,276.4,140,129,138,150,125,140,0,0,0,10,-4,2
276.5,276.5,141,128,138,150,75,140,0,0,0,9,-53,2
276.6,276.6,143,127,138,150,75,140,0,0,0,7,-52,2
276.7,276.7,144,126,138,150,75,140,0,0,0,6,-51,2
276.8,276.8,145,125,138,150,75,140,0,0,0,5,-50,2
276.9,276.9,146,124,138,150,75,140,0,0,0,4,-49,2
277,277,148,122,138,150,75,140,0,0,0,2,-47,2
277.1,277.1,149,120,137,150,75,140,0,0,0,1,-45,3
277.2,277.2,150,118,137,150,75,140,0,0,0,0,-43,3
277.3,277.3,151,116,137,150,75,140,0,0,0,-1,-41,3
277.4,277.4,152,114,137,150,75,140,0,0,0,-2,-39,3
277.5,277.5,154,113,137,150,75,140,0,0,0,-4,-38,3
277.6,277.6,155,112,137,150,75,140,0,0,0,-5,-37,3
277.7,277.7,156,111,137,150,75,140,0,0,0,-6,-36,3
277.8,277.8,158,110,137,150,75,140,0,0,0,-8,-35,3
277.9,277.9,159,109,137,150,75,140,0,0,0,-9,-34,3
278,278,160,108,137,150,75,140,0,0,0,-10,-33,3
278.1,278.1,160,106,136,150,75,140,0,0,1,-10,-31,4
278.2,278.2,161,105,136,150,75,140,0,0,1,-11,-30,4
278.3,278.3,162,104,136,150,75,140,0,0,0,-12,-29,4
278.4,278.4,163,103,136,150,75,140,0,0,1,-13,-28,4
278.5,278.5,163,101,136,150,75,140,0,0,1,-13,-26,4
278.6,278.6,164,100,136,150,75,140,0,0,1,-14,-25,4
278.7,278.7,165,99,136,150,75,140,0,0,1,-15,-24,4
278.8,278.8,166,98,135,150,75,140,0,0,1,-16,-23,5
278.9,278.9,166,97,135,150,75,140,0,0,1,-16,-22,5
279,279,167,96,135,150,75,140,0,0,1,-17,-21,5
279.1,279.1,168,94,135,150,75,140,0,0,1,-18,-19,5
279.2,279.2,168,93,135,150,75,140,0,0,1,-18,-18,5
279.3,279.3,169,93,135,150,75,140,0,0,1,-19,-18,5
279.4,279.4,169,92,135,150,75,140,0,0,0,-19,-17,5
279.5,279.5,170,91,135,150,75,140,0,0,1,-20,-16,5
279.6,279.6,171,91,135,150,75,140,0,0,0,-21,-16,5
279.7,279.7,171,90,135,150,75,140,0,0,0,-21,-15,5
279.8,279.8,171,89,134,150,75,140,0,0,2,-21,-14,6
279.9,279.9,172,88,134,150,75,140,0,0,0,-22,-13,6
280,280,173,87,134,150,75,140,0,0,2,-23,-12,6
280.1,280.1,173,87,134,150,75,140,0,0,0,-23,-12,6
280.2,280.2,174,85,135,150,75,140,0,0,0,-24,-10,5
280.3,280.3,174,84,135,150,75,140,0,0,1,-24,-9,5
280.4,280.4,175,83,135,150,75,140,0,0,0,-25,-8,5
280.5,280.5,175,82,135,150,75,140,0,0,1,-25,-7,5
280.6,280.6,175,82,135,150,75,140,0,0,0,-25,-7,5
280.7,280.7,175,81,135,150,75,140,0,0,1,-25,-6,5
280.8,280.8,175,81,135,150,75,140,0,0,1,-25,-6,5
280.9,280.9,176,80,134,150,75,140,0,0,2,-26,-5,6
281,281,176,79,134,150,75,140,0,0,2,-26,-4,6
281.1,281.1,176,79,134,150,75,140,0,0,2,-26,-4,6
281.2,281.2,176,78,134,150,75,140,0,0,2,-26,-3,6
281.3,281.3,177,78,135,150,75,140,0,0,1,-27,-3,5
281.4,281.4,177,78,135,150,75,140,0,0,1,-27,-3,5
281.5,281.5,177,77,135,150,75,140,0,0,0,-27,-2,5
281.6,281.6,176,77,135,150,75,140,0,0,1,-26,-2,5
281.7,281.7,176,77,135,150,75,140,0,0,0,-26,-2,5
281.8,281.8,176,76,135,150,75,140,0,0,1,-26,-1,5
281.9,281.9,176,76,136,150,75,140,0,0,1,-26,-1,4
282,282,175,76,136,150,75,140,0,0,0,-25,-1,4
282.1,282.1,174,75,136,150,75,140,0,0,1,-24,0,4
282.2,282.2,174,74,136,150,75,140,0,0,0,-24,1,4
282.3,282.3,174,74,136,150,75,140,0,0,1,-24,1,4
282.4,282.4,174,74,136,150,75,140,0,0,1,-24,1,4
282.5,282.5,173,74,136,150,75,140,0,0,0,-23,1,4
282.6,282.6,172,73,136,150,75,140,0,0,1,-22,2,4
282.7,282.7,172,73,136,150,75,140,0,0,1,-22,2,4
282.8,282.8,172,72,137,150,75,140,0,0,0,-22,3,3
282.9,282.9,171,72,137,150,75,140,0,0,0,-21,3,3
283,283,170,72,137,150,75,140,0,0,0,-20,3,3
283.1,283.1,170,71,137,150,75,140,0,0,0,-20,4,3
283.2,283.2,169,71,137,150,75,140,0,0,0,-19,4,3
283.3,283.3,169,70,138,150,75,140,0,0,0,-19,5,2
283.4,283.4,168,70,138,150,75,140,0,0,0,-18,5,2
283.5,283.5,168,70,138,150,75,140,0,0,0,-18,5,2
283.6,283.6,167,70,138,150,75,140,0,0,0,-17,5,2
283.7,283.7,167,70,138,150,75,140,0,0,0,-17,5,2
283.8,283.8,166,70,138,150,75,140,0,0,0,-16,5,2
283.9,283.9,165,70,138,150,75,140,0,0,0,-15,5,2
284,284,165,70,138,150,75,140,0,0,0,-15,5,2
284.1,284.1,164,70,138,150,75,140,0,0,0,-14,5,2
284.2,284.2,163,70,138,150,75,140,0,0,0,-13,5,2
284.3,284.3,163,71,138,150,75,140,0,0,0,-13,4,2
284.4,284.4,162,71,138,150,75,140,0,0,0,-12,4,2
284.5,284.5,161,71,138,150,75,140,0,0,0,-11,4,2
284.6,284.6,160,71,137,150,75,140,0,0,0,-10,4,3
284.7,284.7,160,71,137,150,75,140,0,0,0,-10,4,3
284.8,284.8,159,71,137,150,75,140,0,0,0,-9,4,3
284.9,284.9,157,71,137,200,75,140,0,0,0,43,4,3
285,285,157,71,137,200,75,140,0,0,0,43,4,3
285.1,285.1,156,71,137,200,75,140,0,0,0,44,4,3
285.2,285.2,155,72,137,200,75,140,0,0,0,45,3,3
285.3,285.3,154,72,137,200,75,140,0,0,0,46,3,3
285.4,285.4,154,72,137,200,75,140,0,0,0,46,3,3
285.5,285.5,153,72,138,200,75,140,0,0,0,47,3,2
285.6,285.6,152,72,138,200,75,140,0,0,0,48,3,2
285.7,285.7,152,72,137,200,75,140,0,0,0,48,3,3
285.8,285.8,151,73,137,200,75,140,0,0,0,49,2,3
285.9,285.9,151,73,137,200,75,140,0,0,0,49,2,3
286,286,151,73,137,200,75,140,0,0,0,49,2,3
286.1,286.1,150,73,137,200,75,140,0,0,0,50,2,3
286.2,286.2,150,74,137,200,75,140,0,0,0,50,1,3
286.3,286.3,150,74,137,200,75,140,0,0,0,50,1,3
286.4,286.4,150,74,137,200,75,140,0,0,0,50,1,3
286.5,286.5,149,74,137,200,75,140,0,0,0,51,1,3
286.6,286.6,149,75,137,200,75,140,0,0,0,51,0,3
286.7,286.7,149,75,137,200,75,140,0,0,0,51,0,3
286.8,286.8,149,76,137,200,75,140,0,0,0,51,-1,3
286.9,286.9,149,76,137,200,75,140,0,0,0,51,-1,3
287,287,148,76,137,200,75,140,0,0,0,52,-1,3
287.1,287.1,148,76,137,200,75,140,0,0,0,52,-1,3
287.2,287.2,148,77,137,200,75,140,0,0,0,52,-2,3
287.3,287.3,148,77,137,200,75,140,0,0,0,52,-2,3
287.4,287.4,148,77,137,200,75,140,0,0,0,52,-2,3
287.5,287.5,148,78,137,200,75,140,0,0,0,52,-3,3
287.6,287.6,149,79,137,200,75,140,0,0,0,51,-4,3
287.7,287.7,149,79,137,200,75,140,0,0,0,51,-4,3
287.8,287.8,150,80,137,200,75,140,0,0,0,50,-5,3
287.9,287.9,150,81,138,200,75,140,0,0,0,50,-6,2
288,288,151,81,138,200,75,140,0,0,0,49,-6,2
288.1,288.1,152,81,138,200,75,140,0,0,0,48,-6,2
288.2,288.2,152,82,138,200,75,140,0,0,0,48,-7,2
288.3,288.3,153,83,138,200,75,140,0,0,0,47,-8,2
288.4,288.4,154,83,138,200,75,140,0,0,0,46,-8,2
288.5,288.5,155,83,138,200,75,140,0,0,0,45,-8,2
288.6,288.6,156,84,138,200,75,140,0,0,0,44,-9,2
288.7,288.7,157,84,138,200,75,140,0,0,0,43,-9,2
288.8,288.8,158,85,138,200,75,140,0,0,0,42,-10,2
288.9,288.9,159,86,138,200,75,140,0,0,0,41,-11,2
289,289,159,87,138,200,75,140,0,0,0,41,-12,2
289.1,289.1,161,88,139,200,75,140,0,0,0,39,-13,1
289.2,289.2,162,88,139,200,75,140,0,0,0,38,-13,1
289.3,289.3,163,89,139,200,75,140,0,0,0,37,-14,1
289.4,289.4,164,90,139,200,75,140,0,0,0,36,-15,1
289.5,289.5,165,91,140,200,75,140,0,0,0,35,-16,0
289.6,289.6,166,92,140,200,75,140,0,0,0,34,-17,0
289.7,289.7,168,94,140,200,75,140,0,0,0,32,-19,0
289.8,289.8,169,95,140,200,75,140,0,0,0,31,-20,0
289.9,289.9,170,96,140,200,75,140,0,0,0,30,-21,0
290,290,171,97,140,200,75,140,0,0,0,29,-22,0
290.1,290.1,173,98,140,200,75,140,0,0,0,27,-23,0
290.2,290.2,174,99,141,200,75,140,0,0,0,26,-24,-1
290.3,290.3,175,101,141,200,75,140,0,0,0,25,-26,-1
290.4,290.4,176,102,141,200,75,140,0,0,0,24,-27,-1
290.5,290.5,178,103,141,200,75,140,0,0,0,22,-28,-1
290.6,290.6,179,104,141,200,75,140,0,0,0,21,-29,-1
290.7,290.7,180,106,141,200,75,140,0,0,0,20,-31,-1
290.8,290.8,181,106,141,200,75,140,0,0,0,19,-31,-1
290.9,290.9,183,107,141,200,75,140,0,0,0,17,-32,-1
291,291,184,107,141,200,75,140,0,0,0,16,-32,-1
291.1,291.1,185,108,141,200,75,140,0,0,0,15,-33,-1
291.2,291.2,187,108,141,200,75,140,0,0,0,13,-33,-1
291.3,291.3,188,109,141,200,75,140,0,0,0,12,-34,-1
291.4,291.4,189,109,141,200,75,140,0,0,0,11,-34,-1
291.5,291.5,189,109,141,200,75,140,0,0,0,11,-34,-1
291.6,291.6,190,109,141,200,75,140,0,0,0,10,-34,-1
291.7,291.7,191,109,141,200,75,140,0,0,0,9,-34,-1
291.8,291.8,191,109,141,200,75,140,0,0,0,9,-34,-1
291.9,291.9,192,109,141,200,75,140,0,0,0,8,-34,-1
292,292,192,109,141,200,75,140,0,0,0,8,-34,-1
292.1,292.1,192,110,141,200,75,140,0,0,0,8,-35,-1
292.2,292.2,193,110,141,200,75,140,0,0,0,7,-35,-1
292.3,292.3,193,110,141,200,75,140,0,0,0,7,-35,-1
292.4,292.4,193,110,141,200,75,140,0,0,0,7,-35,-1
292.5,292.5,193,110,141,200,75,140,0,0,0,7,-35,-1
292.6,292.6,193,110,142,200,75,140,0,0,0,7,-35,-2
292.7,292.7,192,111,141,200,75,140,0,0,0,8,-36,-1
292.8,292.8,192,111,142,200,75,140,0,0,0,8,-36,-2
292.9,292.9,192,111,142,200,75,140,0,0,0,8,-36,-2
293,293,192,111,142,200,75,140,0,0,0,8,-36,-2
293.1,293.1,192,111,142,200,75,140,0,0,0,8,-36,-2
293.2,293.2,192,111,142,200,75,140,0,0,0,8,-36,-2
293.3,293.3,192,111,142,200,75,140,0,0,0,8,-36,-2
293.4,293.4,192,111,142,200,75,140,0,0,0,8,-36,-2
293.5,293.5,191,111,142,200,75,140,0,0,0,9,-36,-2
293.6,293.6,191,111,142,200,75,140,0,0,0,9,-36,-2
293.7,293.7,191,111,142,200,75,140,0,0,0,9,-36,-2
293.8,293.8,190,110,142,200,75,140,0,0,0,10,-35,-2
293.9,293.9,190,110,142,200,75,140,0,0,0,10,-35,-2
294,294,190,110,142,200,75,140,0,0,0,10,-35,-2
294.1,294.1,189,109,142,200,75,140,0,0,0,11,-34,-2
294.2,294.2,189,109,142,200,75,140,0,0,0,11,-34,-2
294.3,294.3,188,108,142,200,75,140,0,0,0,12,-33,-2
294.4,294.4,187,108,143,200,75,140,0,0,0,13,-33,-3
294.5,294.5,187,107,142,200,75,140,0,0,0,13,-32,-2
294.6,294.6,186,107,143,200,75,140,0,0,0,14,-32,-3
294.7,294.7,185,106,143,200,75,140,0,0,0,15,-31,-3
294.8,294.8,185,106,143,200,75,140,0,0,0,15,-31,-3
294.9,294.9,184,105,143,200,75,140,0,0,0,16,-30,-3
295,295,184,104,143,200,75,140,0,0,0,16,-29,-3
295.1,295.1,183,103,142,200,75,140,0,0,0,17,-28,-2
295.2,295.2,183,102,142,200,75,140,0,0,0,17,-27,-2
295.3,295.3,182,101,142,200,75,140,0,0,0,18,-26,-2
295.4,295.4,182,100,142,200,75,140,0,0,0,18,-25,-2
295.5,295.5,181,99,142,200,75,140,0,0,0,19,-24,-2
295.6,295.6,181,98,142,200,75,140,0,0,0,19,-23,-2
295.7,295.7,180,97,142,200,75,140,0,0,0,20,-22,-2
295.8,295.8,180,96,142,200,75,140,0,0,0,20,-21,-2
295.9,295.9,179,95,142,200,75,140,0,0,0,21,-20,-2
296,296,179,94,142,200,75,140,0,0,0,21,-19,-2
296.1,296.1,179,94,142,200,75,140,0,0,0,21,-19,-2
296.2,296.2,178,93,142,200,75,140,0,0,0,22,-18,-2
296.3,296.3,177,93,142,200,75,140,0,0,0,23,-18,-2
296.4,296.4,177,92,142,200,75,140,0,0,0,23,-17,-2
296.5,296.5,177,91,141,200,75,140,0,0,0,23,-16,-1
296.6,296.6,176,90,141,200,75,140,0,0,0,24,-15,-1
296.7,296.7,176,89,141,200,75,140,0,0,0,24,-14,-1
296.8,296.8,175,88,141,200,75,140,0,0,0,25,-13,-1
296.9,296.9,175,88,141,200,75,140,0,0,0,25,-13,-1
297,297,174,87,141,200,75,140,0,0,0,26,-12,-1
297.1,297.1,174,86,141,200,75,140,0,0,0,26,-11,-1
297.2,297.2,174,86,141,200,75,140,0,0,0,26,-11,-1
297.3,297.3,173,85,141,200,75,140,0,0,0,27,-10,-1
297.4,297.4,173,84,140,200,75,140,0,0,0,27,-9,0
297.5,297.5,173,84,140,200,75,140,0,0,0,27,-9,0
297.6,297.6,173,83,140,200,75,140,0,0,0,27,-8,0
297.7,297.7,173,83,140,200,75,140,0,0,0,27,-8,0
297.8,297.8,173,83,140,200,75,140,0,0,0,27,-8,0
297.9,297.9,173,82,140,200,75,140,0,0,0,27,-7,0
298,298,173,82,140,200,75,140,0,0,0,27,-7,0
298.1,298.1,174,81,139,200,75,140,0,0,0,26,-6,1
298.2,298.2,174,81,139,200,75,140,0,0,0,26,-6,1
298.3,298.3,174,80,140,200,75,140,0,0,0,26,-5,0
298.4,298.4,174,80,140,200,75,140,0,0,0,26,-5,0
298.5,298.5,174,79,140,200,75,140,0,0,0,26,-4,0
298.6,298.6,174,79,140,200,75,140,0,0,0,26,-4,0
298.7,298.7,174,78,140,200,75,140,0,0,0,26,-3,0
298.8,298.8,174,78,140,200,75,140,0,0,0,26,-3,0
298.9,298.9,174,77,140,200,75,140,0,0,0,26,-2,0
299,299,174,77,140,200,75,140,0,0,0,26,-2,0
299.1,299.1,174,76,140,200,75,140,0,0,0,26,-1,0
299.2,299.2,174,75,140,200,75,140,0,0,0,26,0,0
299.3,299.3,174,74,140,200,75,140,0,0,0,26,1,0
299.4,299.4,175,73,140,200,75,140,0,0,0,25,2,0
299.5,299.5,175,73,140,200,75,140,0,0,0,25,2,0
299.6,299.6,175,72,140,200,75,140,0,0,0,25,3,0
299.7,299.7,176,71,140,200,75,140,0,0,0,24,4,0
299.8,299.8,176,71,140,200,75,140,0,0,0,24,4,0
299.9,299.9,176,70,140,200,75,140,0,0,0,24,5,0
300,300,177,70,140,200,75,140,0,0,0,23,5,0
300.1,300.1,177,70,140,200,75,140,0,0,0,23,5,0
300.2,300.2,177,70,140,200,75,140,0,0,0,23,5,0
300.3,300.3,177,70,140,200,75,140,0,0,0,23,5,0
300.4,300.4,178,69,140,200,75,140,0,0,0,22,6,0
300.5,300.5,178,69,140,200,75,140,0,0,0,22,6,0
300.6,300.6,179,69,140,200,75,140,0,0,0,21,6,0
300.7,300.7,179,68,140,200,75,140,0,0,0,21,7,0
300.8,300.8,180,68,140,200,75,140,0,0,0,20,7,0
300.9,300.9,180,68,140,200,75,140,0,0,0,20,7,0
301,301,181,68,140,200,75,140,0,0,0,19,7,0
301.1,301.1,181,68,141,200,75,140,0,0,0,19,7,-1
301.2,301.2,182,67,141,200,75,140,0,0,0,18,8,-1
301.3,301.3,183,67,141,200,75,140,0,0,0,17,8,-1
301.4,301.4,183,66,141,200,75,140,0,0,0,17,9,-1
301.5,301.5,184,66,141,200,75,140,0,0,0,16,9,-1
301.6,301.6,185,65,141,200,75,140,0,0,0,15,10,-1
301.7,301.7,186,65,141,200,75,140,0,0,0,14,10,-1
301.8,301.8,187,64,141,200,75,140,0,0,0,13,11,-1
301.9,301.9,188,64,141,200,75,140,0,0,0,12,11,-1
302,302,189,64,141,200,75,140,0,0,0,11,11,-1
302.1,302.1,190,64,141,200,75,140,0,0,0,10,11,-1
302.2,302.2,190,63,141,200,75,140,0,0,0,10,12,-1
302.3,302.3,191,63,141,200,75,140,0,0,0,9,12,-1
302.4,302.4,192,63,141,200,75,140,0,0,0,8,12,-1
302.5,302.5,193,63,141,200,75,140,0,0,0,7,12,-1
302.6,302.6,194,63,141,200,75,140,0,0,0,6,12,-1
302.7,302.7,195,63,141,200,75,140,0,0,0,5,12,-1
302.8,302.8,196,63,141,200,75,140,0,0,0,4,12,-1
302.9,302.9,196,63,141,200,75,140,0,0,0,4,12,-1
303,303,197,63,141,200,75,140,0,0,0,3,12,-1
303.1,303.1,198,63,141,200,75,140,0,0,0,2,12,-1
303.2,303.2,199,63,141,200,75,140,0,0,0,1,12,-1
303.3,303.3,200,63,141,200,75,140,0,0,0,0,12,-1
303.4,303.4,201,63,141,200,75,140,0,0,0,-1,12,-1
303.5,303.5,202,63,141,200,75,140,0,0,0,-2,12,-1
303.6,303.6,202,63,141,200,75,140,0,0,0,-2,12,-1
303.7,303.7,203,63,141,200,75,140,0,0,0,-3,12,-1
303.8,303.8,204,63,141,200,75,140,0,0,0,-4,12,-1
303.9,303.9,205,63,141,200,75,140,0,0,0,-5,12,-1
304,304,205,63,141,200,75,140,0,0,0,-5,12,-1
304.1,304.1,206,64,141,200,75,140,0,0,0,-6,11,-1
304.2,304.2,206,63,141,200,75,140,0,0,0,-6,12,-1
304.3,304.3,207,64,141,200,75,140,0,0,0,-7,11,-1
304.4,304.4,207,64,141,200,75,140,0,0,0,-7,11,-1
304.5,304.5,208,64,141,200,75,140,0,0,0,-8,11,-1
304.6,304.6,208,65,141,200,75,140,0,0,0,-8,10,-1
304.7,304.7,208,65,141,200,75,140,0,0,0,-8,10,-1
304.8,304.8,208,65,141,200,75,140,0,0,0,-8,10,-1
304.9,304.9,209,65,141,200,75,140,0,0,0,-9,10,-1
305,305,209,66,141,200,75,140,0,0,0,-9,9,-1
305.1,305.1,209,66,141,200,75,140,0,0,0,-9,9,-1
305.2,305.2,209,66,141,200,75,140,0,0,0,-9,9,-1
305.3,305.3,209,67,141,200,75,140,0,0,0,-9,8,-1
305.4,305.4,209,67,141,200,75,140,0,0,0,-9,8,-1
305.5,305.5,210,68,141,200,75,140,0,0,0,-10,7,-1
305.6,305.6,209,68,141,200,75,140,0,0,0,-9,7,-1
305.7,305.7,209,69,141,200,75,140,0,0,0,-9,6,-1
305.8,305.8,209,70,141,200,75,140,0,0,0,-9,5,-1
305.9,305.9,209,71,141,200,75,140,0,0,0,-9,4,-1
306,306,209,71,141,200,125,140,0,0,0,-9,54,-1
306.1,306.1,209,72,141,200,125,140,0,0,0,-9,53,-1
306.2,306.2,209,72,141,200,125,140,0,0,0,-9,53,-1
306.3,306.3,209,72,141,200,125,140,0,0,0,-9,53,-1
306.4,306.4,209,73,141,200,125,140,0,0,0,-9,52,-1
306.5,306.5,209,73,141,200,125,140,0,0,0,-9,52,-1
306.6,306.6,209,74,141,200,125,140,0,0,0,-9,51,-1
306.7,306.7,209,75,141,200,125,140,0,0,0,-9,50,-1
306.8,306.8,209,76,141,200,125,140,0,0,0,-9,49,-1
306.9,306.9,209,76,141,200,125,140,0,0,0,-9,49,-1
307,307,209,77,141,200,125,140,0,0,0,-9,48,-1
307.1,307.1,209,77,141,200,125,140,0,0,0,-9,48,-1
307.2,307.2,209,78,141,200,125,140,0,0,0,-9,47,-1
307.3,307.3,209,78,141,200,125,140,0,0,0,-9,47,-1
307.4,307.4,208,79,141,200,125,140,0,0,0,-8,46,-1
307.5,307.5,208,80,141,200,125,140,0,0,0,-8,45,-1
307.6,307.6,208,81,141,200,125,140,0,0,0,-8,44,-1
307.7,307.7,208,82,141,200,125,140,0,0,0,-8,43,-1
307.8,307.8,208,83,141,200,125,140,0,0,0,-8,42,-1
307.9,307.9,207,83,141,200,125,140,0,0,0,-7,42,-1
308,308,207,84,141,200,125,140,0,0,0,-7,41,-1
308.1,308.1,207,85,141,200,125,140,0,0,0,-7,40,-1
308.2,308.2,207,86,142,200,125,140,0,0,0,-7,39,-2
308.3,308.3,207,87,142,200,125,140,0,0,0,-7,38,-2
308.4,308.4,207,88,142,200,125,140,0,0,0,-7,37,-2
308.5,308.5,207,89,142,200,125,140,0,0,0,-7,36,-2
308.6,308.6,207,90,142,200,125,140,0,0,0,-7,35,-2
308.7,308.7,207,91,142,200,125,140,0,0,0,-7,34,-2
308.8,308.8,207,91,142,200,125,140,0,0,0,-7,34,-2
308.9,308.9,207,92,142,200,125,140,0,0,0,-7,33,-2
309,309,207,93,142,200,125,140,0,0,0,-7,32,-2
309.1,309.1,207,94,142,200,125,140,0,0,0,-7,31,-2
309.2,309.2,206,95,142,200,125,140,0,0,0,-6,30,-2
309.3,309.3,206,96,142,200,125,140,0,0,0,-6,29,-2
309.4,309.4,206,96,142,200,125,140,0,0,0,-6,29,-2
309.5,309.5,206,97,142,200,125,140,0,0,0,-6,28,-2
309.6,309.6,206,97,142,200,125,140,0,0,0,-6,28,-2
309.7,309.7,205,98,142,200,125,140,0,0,0,-5,27,-2
309.8,309.8,205,98,142,200,125,140,0,0,0,-5,27,-2
309.9,309.9,205,99,142,200,125,140,0,0,0,-5,26,-2
310,310,205,99,142,200,125,140,0,0,0,-5,26,-2
310.1,310.1,205,100,142,200,125,140,0,0,0,-5,25,-2
310.2,310.2,205,100,142,200,125,140,0,0,0,-5,25,-2
310.3,310.3,205,100,142,200,125,140,0,0,0,-5,25,-2
310.4,310.4,204,101,142,200,125,140,0,0,0,-4,24,-2
310.5,310.5,204,101,142,200,125,140,0,0,0,-4,24,-2
310.6,310.6,204,101,142,200,125,140,0,0,0,-4,24,-2
310.7,310.7,204,102,142,200,125,140,0,0,0,-4,23,-2
310.8,310.8,204,102,142,200,125,140,0,0,0,-4,23,-2
310.9,310.9,204,102,142,200,125,140,0,0,0,-4,23,-2
311,311,203,102,142,200,125,140,0,0,0,-3,23,-2
311.1,311.1,203,102,142,200,125,140,0,0,0,-3,23,-2
311.2,311.2,203,103,142,200,125,140,0,0,0,-3,22,-2
311.3,311.3,203,103,141,200,125,140,0,0,0,-3,22,-1
311.4,311.4,203,103,141,200,125,140,0,0,0,-3,22,-1
311.5,311.5,203,103,141,200,125,140,0,0,0,-3,22,-1
311.6,311.6,202,104,141,200,125,140,0,0,0,-2,21,-1
311.7,311.7,202,104,141,200,125,140,0,0,0,-2,21,-1
311.8,311.8,202,104,141,200,125,140,0,0,0,-2,21,-1
311.9,311.9,202,104,141,200,125,140,0,0,0,-2,21,-1
312,312,202,104,141,200,125,140,0,0,0,-2,21,-1
312.1,312.1,202,104,141,200,125,140,0,0,0,-2,21,-1
312.2,312.2,202,105,141,200,125,140,0,0,0,-2,20,-1
312.3,312.3,202,105,141,200,125,140,0,0,0,-2,20,-1
312.4,312.4,202,106,141,200,125,140,0,0,0,-2,19,-1
312.5,312.5,202,106,141,200,125,140,0,0,0,-2,19,-1
312.6,312.6,202,106,140,200,125,140,0,0,0,-2,19,0
312.7,312.7,201,106,140,200,125,140,0,0,0,-1,19,0
312.8,312.8,201,107,140,200,125,140,0,0,0,-1,18,0
312.9,312.9,201,107,140,200,125,140,0,0,0,-1,18,0
313,313,201,107,140,200,125,140,0,0,0,-1,18,0
313.1,313.1,201,108,140,200,125,140,0,0,0,-1,17,0
313.2,313.2,201,108,140,200,125,140,0,0,0,-1,17,0
313.3,313.3,201,108,140,200,125,140,0,0,0,-1,17,0
313.4,313.4,201,108,140,200,125,140,0,0,0,-1,17,0
313.5,313.5,201,108,140,200,125,140,0,0,0,-1,17,0
313.6,313.6,201,108,140,200,125,140,0,0,0,-1,17,0
313.7,313.7,201,108,140,200,125,140,0,4,0,-1,17,0
313.8,313.8,201,108,140,200,125,140,0,4,0,-1,17,0
313.9,313.9,201,108,140,200,125,140,0,4,0,-1,17,0
314,314,201,108,139,200,125,140,0,4,0,-1,17,1
314.1,314.1,200,108,139,200,125,140,0,4,0,0,17,1
314.2,314.2,200,108,139,200,125,140,0,4,0,0,17,1
314.3,314.3,200,108,139,200,125,140,0,4,0,0,17,1
314.4,314.4,200,108,139,200,125,140,0,4,0,0,17,1
314.5,314.5,200,108,139,200,125,140,0,4,0,0,17,1
314.6,314.6,200,108,139,200,125,140,0,4,0,0,17,1
314.7,314.7,200,108,139,200,125,140,0,4,0,0,17,1
314.8,314.8,200,108,139,200,125,140,0,4,0,0,17,1
314.9,314.9,200,108,139,200,125,140,0,4,0,0,17,1
315,315,200,108,139,200,125,140,0,4,0,0,17,1
315.1,315.1,200,108,139,200,125,140,0,3,0,0,17,1
315.2,315.2,200,109,139,200,125,140,0,3,0,0,16,1
315.3,315.3,200,109,139,200,125,140,0,3,0,0,16,1
315.4,315.4,200,109,139,200,125,140,0,3,0,0,16,1
315.5,315.5,200,109,139,200,125,140,0,3,0,0,16,1
315.6,315.6,200,109,139,200,125,140,0,3,0,0,16,1
315.7,315.7,200,109,139,200,125,140,0,3,0,0,16,1
315.8,315.8,200,109,139,200,125,140,0,3,0,0,16,1
315.9,315.9,200,109,139,200,125,140,0,3,0,0,16,1
316,316,200,109,139,200,125,140,0,3,0,0,16,1
316.1,316.1,200,110,139,200,125,140,0,3,0,0,15,1
316.2,316.2,200,110,139,200,125,140,0,3,0,0,15,1
316.3,316.3,199,110,139,200,125,140,0,4,0,1,15,1
316.4,316.4,199,109,139,200,125,140,0,4,0,1,16,1
316.5,316.5,199,109,139,200,125,140,0,4,0,1,16,1
316.6,316.6,199,109,139,200,125,140,0,4,0,1,16,1
316.7,316.7,199,109,139,200,125,140,0,4,0,1,16,1
316.8,316.8,199,109,139,200,125,140,0,4,0,1,16,1
316.9,316.9,199,109,139,200,125,140,0,4,0,1,16,1
317,317,199,108,139,200,125,140,0,4,0,1,17,1
317.1,317.1,199,108,138,200,125,140,0,4,0,1,17,2
317.2,317.2,199,108,139,200,125,140,0,4,0,1,17,1
317.3,317.3,199,108,139,200,125,140,0,4,0,1,17,1
317.4,317.4,199,108,138,200,125,140,0,4,0,1,17,2
317.5,317.5,199,108,139,200,125,140,0,4,0,1,17,1
317.6,317.6,199,108,139,200,125,140,0,4,0,1,17,1
317.7,317.7,199,108,139,200,125,140,0,4,0,1,17,1
317.8,317.8,199,108,139,200,125,140,0,4,0,1,17,1
317.9,317.9,199,108,139,200,125,140,0,4,0,1,17,1
318,318,199,108,139,200,125,140,0,4,0,1,17,1
318.1,318.1,199,108,139,200,125,140,0,4,0,1,17,1
318.2,318.2,199,108,139,200,125,140,0,0,0,1,17,1
318.3,318.3,199,108,139,200,125,140,0,0,0,1,17,1
318.4,318.4,200,108,139,200,125,140,0,0,0,0,17,1
318.5,318.5,200,108,139,200,125,140,0,0,0,0,17,1
318.6,318.6,200,107,139,200,125,140,0,0,0,0,18,1
318.7,318.7,200,107,139,200,125,140,0,0,0,0,18,1
318.8,318.8,200,107,139,200,125,140,0,0,0,0,18,1
318.9,318.9,200,107,139,200,125,140,0,0,0,0,18,1
319,319,200,107,139,200,125,140,0,0,0,0,18,1
319.1,319.1,200,107,139,200,125,140,0,0,0,0,18,1
319.2,319.2,200,107,139,200,125,140,0,0,0,0,18,1
319.3,319.3,201,107,139,200,125,140,0,0,0,-1,18,1
319.4,319.4,201,107,139,200,125,140,0,0,0,-1,18,1
319.5,319.5,201,107,139,200,125,140,0,0,0,-1,18,1
319.6,319.6,201,107,139,200,125,140,0,0,0,-1,18,1
319.7,319.7,201,107,139,200,125,140,0,0,0,-1,18,1
319.8,319.8,202,107,139,200,125,140,0,0,0,-2,18,1
319.9,319.9,202,107,140,200,125,140,0,0,0,-2,18,0
320,320,202,107,140,200,125,140,0,0,0,-2,18,0
320.1,320.1,202,107,140,200,125,140,0,0,0,-2,18,0
320.2,320.2,203,107,140,200,125,140,0,0,0,-3,18,0
320.3,320.3,203,107,140,200,125,140,0,0,0,-3,18,0
320.4,320.4,203,107,140,200,125,140,0,0,0,-3,18,0
320.5,320.5,203,107,139,200,125,140,0,0,0,-3,18,1
320.6,320.6,203,107,139,200,125,140,0,0,0,-3,18,1
320.7,320.7,203,107,139,200,125,140,0,0,0,-3,18,1
320.8,320.8,204,107,139,200,125,140,0,0,0,-4,18,1
320.9,320.9,204,107,139,200,125,140,0,0,0,-4,18,1
321,321,204,107,139,200,125,140,0,0,0,-4,18,1
321.1,321.1,204,107,139,200,125,140,0,0,0,-4,18,1
321.2,321.2,204,106,139,200,125,140,0,0,0,-4,19,1
321.3,321.3,205,107,139,200,125,140,0,0,0,-5,18,1
321.4,321.4,205,107,139,200,125,140,0,0,0,-5,18,1
321.5,321.5,205,107,139,200,125,140,0,0,0,-5,18,1
321.6,321.6,205,107,139,200,125,140,0,0,0,-5,18,1
321.7,321.7,206,107,139,200,125,140,0,0,0,-6,18,1
321.8,321.8,206,106,139,200,125,140,0,0,0,-6,19,1
321.9,321.9,206,106,140,200,125,140,0,0,0,-6,19,0
322,322,206,106,140,200,125,140,0,0,0,-6,19,0
322.1,322.1,206,107,140,200,125,140,0,0,0,-6,18,0
322.2,322.2,206,107,140,200,125,140,0,0,0,-6,18,0
322.3,322.3,206,107,140,200,125,140,0,0,0,-6,18,0
322.4,322.4,206,107,140,200,125,140,0,0,0,-6,18,0
322.5,322.5,206,107,140,200,125,140,0,0,0,-6,18,0
322.6,322.6,207,108,140,200,125,140,0,0,0,-7,17,0
322.7,322.7,207,108,140,200,125,140,0,0,0,-7,17,0
322.8,322.8,207,108,141,200,125,140,0,0,0,-7,17,-1
322.9,322.9,207,109,141,200,125,140,0,0,0,-7,16,-1
323,323,207,109,141,200,125,140,0,0,0,-7,16,-1
323.1,323.1,207,109,141,200,125,140,0,0,0,-7,16,-1
323.2,323.2,207,110,141,200,125,140,0,0,0,-7,15,-1
323.3,323.3,208,110,141,200,125,140,0,0,0,-8,15,-1
323.4,323.4,208,110,141,200,125,140,0,0,0,-8,15,-1
323.5,323.5,208,110,142,200,125,140,0,0,0,-8,15,-2
323.6,323.6,208,111,142,200,125,140,0,0,0,-8,14,-2
323.7,323.7,209,111,142,200,125,140,0,0,0,-9,14,-2
323.8,323.8,209,111,142,200,125,140,0,0,0,-9,14,-2
323.9,323.9,209,112,142,200,125,140,0,0,0,-9,13,-2
324,324,209,113,142,200,125,140,0,0,0,-9,12,-2
324.1,324.1,209,113,142,200,125,140,0,0,0,-9,12,-2
324.2,324.2,209,113,142,200,125,140,0,0,0,-9,12,-2
324.3,324.3,209,114,142,200,125,140,0,0,0,-9,11,-2
324.4,324.4,208,114,143,200,125,140,0,0,0,-8,11,-3
324.5,324.5,208,113,143,200,125,140,0,0,0,-8,12,-3
324.6,324.6,208,114,143,200,125,140,0,0,0,-8,11,-3
324.7,324.7,208,114,143,200,125,140,0,0,0,-8,11,-3
324.8,324.8,207,114,143,200,125,140,0,0,0,-7,11,-3
324.9,324.9,207,114,143,200,125,140,0,0,0,-7,11,-3
325,325,207,114,143,200,125,140,0,0,0,-7,11,-3
325.1,325.1,206,115,143,200,125,140,0,0,0,-6,10,-3
325.2,325.2,206,115,143,200,125,140,0,0,0,-6,10,-3
325.3,325.3,206,115,143,200,125,140,0,0,0,-6,10,-3
325.4,325.4,206,115,143,200,125,140,0,0,0,-6,10,-3
325.5,325.5,206,115,143,200,125,140,0,0,0,-6,10,-3
325.6,325.6,206,115,143,200,125,140,0,0,0,-6,10,-3
325.7,325.7,206,115,143,200,125,140,0,0,0,-6,10,-3
325.8,325.8,206,116,143,200,125,140,0,0,0,-6,9,-3
325.9,325.9,206,116,143,200,125,140,0,0,0,-6,9,-3
326,326,205,116,143,200,125,140,0,0,0,-5,9,-3
326.1,326.1,205,115,143,200,125,140,0,0,0,-5,10,-3
326.2,326.2,205,116,143,200,125,140,0,0,0,-5,9,-3
326.3,326.3,205,116,143,200,125,140,0,0,0,-5,9,-3
326.4,326.4,205,115,143,200,125,140,0,0,0,-5,10,-3
326.5,326.5,204,116,143,200,175,140,0,0,0,-4,59,-3
326.6,326.6,204,116,143,200,175,140,0,0,0,-4,59,-3
326.7,326.7,204,115,143,200,175,140,0,0,0,-4,60,-3
326.8,326.8,204,116,143,200,175,140,0,0,0,-4,59,-3
326.9,326.9,204,115,143,200,175,140,0,0,0,-4,60,-3
327,327,204,115,143,200,175,140,0,0,0,-4,60,-3
327.1,327.1,204,115,143,200,175,140,0,0,0,-4,60,-3
327.2,327.2,203,115,143,200,175,140,0,0,0,-3,60,-3
327.3,327.3,203,115,143,200,175,140,0,0,0,-3,60,-3
327.4,327.4,203,115,143,200,175,140,0,0,0,-3,60,-3
327.5,327.5,203,114,143,200,175,140,0,0,0,-3,61,-3
327.6,327.6,202,114,143,200,175,140,0,0,0,-2,61,-3
327.7,327.7,202,115,142,200,175,140,0,0,0,-2,60,-2
327.8,327.8,202,115,142,200,175,140,0,0,0,-2,60,-2
327.9,327.9,202,115,142,200,175,140,0,0,0,-2,60,-2
328,328,202,115,142,200,175,140,0,0,0,-2,60,-2
328.1,328.1,202,115,142,200,175,140,0,0,0,-2,60,-2
328.2,328.2,202,115,142,200,175,140,0,0,0,-2,60,-2
328.3,328.3,202,115,142,200,175,140,0,0,0,-2,60,-2
328.4,328.4,203,116,142,200,175,140,0,0,0,-3,59,-2
328.5,328.5,203,116,142,200,175,140,0,0,0,-3,59,-2
328.6,328.6,203,117,142,200,175,140,0,0,0,-3,58,-2
328.7,328.7,203,118,142,200,175,140,0,0,0,-3,57,-2
328.8,328.8,203,119,142,200,175,140,0,0,0,-3,56,-2
328.9,328.9,203,120,142,200,175,140,0,0,0,-3,55,-2
329,329,203,121,142,200,175,140,0,0,0,-3,54,-2
329.1,329.1,203,122,142,200,175,140,0,0,0,-3,53,-2
329.2,329.2,203,123,142,200,175,140,0,0,0,-3,52,-2
329.3,329.3,203,125,142,200,175,140,0,0,0,-3,50,-2
329.4,329.4,203,126,142,200,175,140,0,0,0,-3,49,-2
329.5,329.5,203,127,142,200,175,140,0,0,0,-3,48,-2
329.6,329.6,203,129,142,200,175,140,0,0,0,-3,46,-2
329.7,329.7,203,130,142,200,175,140,0,0,0,-3,45,-2
329.8,329.8,203,132,142,200,175,140,0,0,0,-3,43,-2
329.9,329.9,203,133,142,200,175,140,0,0,0,-3,42,-2
330,330,203,135,142,200,175,140,0,0,0,-3,40,-2
330.1,330.1,203,136,142,200,175,140,0,0,0,-3,39,-2
330.2,330.2,203,138,143,200,175,140,0,0,0,-3,37,-3
330.3,330.3,203,140,143,200,175,140,0,0,0,-3,35,-3
330.4,330.4,204,141,143,200,175,140,0,0,0,-4,34,-3
330.5,330.5,204,143,143,200,175,140,0,0,0,-4,32,-3
330.6,330.6,204,145,143,200,175,140,0,0,0,-4,30,-3
330.7,330.7,204,146,143,200,175,140,0,0,0,-4,29,-3
330.8,330.8,204,148,143,200,175,140,0,0,0,-4,27,-3
330.9,330.9,204,150,143,200,175,140,0,0,0,-4,25,-3
331,331,205,152,143,200,175,140,0,0,0,-5,23,-3
331.1,331.1,205,153,143,200,175,140,0,0,0,-5,22,-3
331.2,331.2,205,155,143,200,175,140,0,0,0,-5,20,-3
331.3,331.3,205,156,143,200,175,140,0,0,0,-5,19,-3
331.4,331.4,205,157,143,200,175,140,0,0,0,-5,18,-3
331.5,331.5,206,158,143,200,175,140,0,0,0,-6,17,-3
331.6,331.6,206,159,143,200,175,140,0,0,0,-6,16,-3
331.7,331.7,206,160,143,200,175,140,0,0,0,-6,15,-3
331.8,331.8,206,162,143,200,175,140,0,0,0,-6,13,-3
331.9,331.9,206,162,143,200,175,140,0,0,0,-6,13,-3
332,332,207,163,143,200,175,140,0,0,0,-7,12,-3
332.1,332.1,207,164,143,200,175,140,0,0,0,-7,11,-3
332.2,332.2,207,165,143,200,175,140,0,0,0,-7,10,-3
332.3,332.3,206,166,143,200,175,140,0,0,0,-6,9,-3
332.4,332.4,206,166,143,200,175,140,0,0,0,-6,9,-3
332.5,332.5,206,167,143,200,175,140,0,0,-19,-6,8,-3
332.6,332.6,206,167,143,200,175,100,0,0,-19,-6,8,-43
332.7,332.7,206,168,142,200,175,100,0,0,-19,-6,7,-42
332.8,332.8,206,169,142,200,175,100,0,0,0,-6,6,-42
332.9,332.9,206,169,141,200,175,100,0,0,0,-6,6,-41
333,333,206,169,140,200,175,100,0,0,-18,-6,6,-40
333.1,333.1,206,169,138,200,175,100,0,0,-17,-6,6,-38
333.2,333.2,206,170,137,200,175,100,0,0,-17,-6,5,-37
333.3,333.3,205,170,135,200,175,100,0,0,-16,-5,5,-35
333.4,333.4,205,171,134,200,175,100,0,0,0,-5,4,-34
333.5,333.5,205,171,133,200,175,100,0,0,0,-5,4,-33
333.6,333.6,205,171,132,200,175,100,0,0,-14,-5,4,-32
333.7,333.7,205,171,131,200,175,100,0,0,-14,-5,4,-31
333.8,333.8,205,171,129,200,175,100,0,0,-13,-5,4,-29
333.9,333.9,205,171,128,200,175,100,0,0,-12,-5,4,-28
334,334,205,170,127,200,175,100,0,0,0,-5,5,-27
334.1,334.1,205,170,126,200,175,100,0,0,0,-5,5,-26
334.2,334.2,204,170,125,200,175,100,0,0,-11,-4,5,-25
334.3,334.3,204,170,124,200,175,100,0,0,-11,-4,5,-24
334.4,334.4,204,170,123,200,175,100,0,0,-10,-4,5,-23
334.5,334.5,204,169,122,200,175,100,0,0,0,-4,6,-22
334.6,334.6,204,169,121,200,175,100,0,0,0,-4,6,-21
334.7,334.7,204,169,120,200,175,100,0,0,0,-4,6,-20
334.8,334.8,204,168,119,200,175,100,0,0,-8,-4,7,-19
334.9,334.9,204,168,118,200,175,100,0,0,-8,-4,7,-18
335,335,204,168,118,200,175,100,0,0,-8,-4,7,-18
335.1,335.1,203,168,116,200,175,100,0,0,0,-3,7,-16
335.2,335.2,203,167,115,200,175,100,0,0,0,-3,8,-15
335.3,335.3,202,167,114,200,175,100,0,0,-6,-2,8,-14
335.4,335.4,202,167,114,200,175,100,0,0,-6,-2,8,-14
335.5,335.5,202,167,113,200,175,100,0,0,-6,-2,8,-13
335.6,335.6,201,166,112,200,175,100,0,0,0,-1,9,-12
335.7,335.7,201,165,112,200,175,100,0,0,0,-1,10,-12
335.8,335.8,200,165,111,200,175,100,0,0,-5,0,10,-11
335.9,335.9,200,165,111,200,175,100,0,0,-5,0,10,-11
336,336,199,164,110,200,175,100,0,0,-4,1,11,-10
336.1,336.1,199,164,110,200,175,100,0,0,-4,1,11,-10
336.2,336.2,199,164,109,200,175,100,0,0,0,1,11,-9
336.3,336.3,198,164,109,200,175,100,0,0,-3,2,11,-9
336.4,336.4,198,164,109,200,175,100,0,0,-3,2,11,-9
336.5,336.5,198,164,108,200,175,100,0,0,-3,2,11,-8
336.6,336.6,198,164,108,200,175,100,0,0,0,2,11,-8
336.7,336.7,197,164,108,200,175,100,0,0,0,3,11,-8
336.8,336.8,197,163,107,200,175,100,0,0,-2,3,12,-7
336.9,336.9,197,163,107,200,175,100,0,0,-2,3,12,-7
337,337,196,163,107,200,175,100,0,0,-2,4,12,-7
337.1,337.1,196,163,107,200,175,100,0,0,-2,4,12,-7
337.2,337.2,196,163,106,200,175,100,0,0,-2,4,12,-6
337.3,337.3,196,162,106,200,175,100,0,0,-2,4,13,-6
337.4,337.4,195,162,106,200,175,100,0,0,-2,5,13,-6
337.5,337.5,195,161,106,200,175,100,0,0,-2,5,14,-6
337.6,337.6,195,161,106,200,175,100,0,0,-2,5,14,-6
337.7,337.7,195,161,106,200,175,100,0,0,-2,5,14,-6
337.8,337.8,194,160,105,200,175,100,0,0,-1,6,15,-5
337.9,337.9,194,160,105,200,175,100,0,0,-1,6,15,-5
338,338,194,159,105,200,175,100,0,0,-1,6,16,-5
338.1,338.1,194,159,105,200,175,100,0,0,-1,6,16,-5
338.2,338.2,194,158,105,200,175,100,0,0,-1,6,17,-5
338.3,338.3,194,158,105,200,175,100,0,0,-1,6,17,-5
338.4,338.4,194,157,104,200,175,100,0,0,-1,6,18,-4
338.5,338.5,194,157,104,200,175,100,0,0,-1,6,18,-4
338.6,338.6,194,157,104,200,175,100,0,0,-1,6,18,-4
338.7,338.7,194,156,104,200,175,100,0,0,-1,6,19,-4
338.8,338.8,194,156,104,200,175,100,0,0,-1,6,19,-4
338.9,338.9,194,155,104,200,175,100,0,0,-1,6,20,-4
339,339,194,155,105,200,175,100,0,0,0,6,20,-5
339.1,339.1,194,154,104,200,175,100,0,0,0,6,21,-4
339.2,339.2,194,154,104,200,175,100,0,0,0,6,21,-4
339.3,339.3,194,154,104,200,175,100,0,0,-1,6,21,-4
339.4,339.4,194,154,104,200,175,100,0,0,0,6,21,-4
339.5,339.5,194,153,104,200,175,100,0,0,0,6,22,-4
339.6,339.6,194,153,104,200,175,100,0,0,0,6,22,-4
339.7,339.7,194,153,103,200,175,100,0,0,0,6,22,-3
339.8,339.8,195,153,103,200,175,100,0,0,0,5,22,-3
339.9,339.9,195,153,103,200,175,100,0,0,0,5,22,-3
340,340,195,153,103,200,175,100,0,0,0,5,22,-3
340.1,340.1,195,153,103,200,175,100,0,0,0,5,22,-3
340.2,340.2,195,153,103,200,175,100,0,0,0,5,22,-3
340.3,340.3,195,153,104,200,175,100,0,0,0,5,22,-4
340.4,340.4,195,153,103,200,175,100,0,0,0,5,22,-3
340.5,340.5,195,153,104,200,175,100,0,0,0,5,22,-4
340.6,340.6,195,153,104,200,175,100,0,0,-1,5,22,-4
340.7,340.7,196,154,103,200,175,100,0,0,0,4,21,-3
340.8,340.8,196,154,103,200,175,100,0,0,0,4,21,-3
340.9,340.9,196,154,103,200,175,100,0,0,0,4,21,-3
341,341,196,154,103,200,175,100,0,0,0,4,21,-3
341.1,341.1,196,154,103,200,175,100,0,0,0,4,21,-3
341.2,341.2,196,154,103,200,175,100,0,0,0,4,21,-3
341.3,341.3,196,155,103,200,175,100,0,0,0,4,20,-3
341.4,341.4,197,155,103,200,175,100,0,0,0,3,20,-3
341.5,341.5,197,155,103,200,175,100,0,0,0,3,20,-3
341.6,341.6,197,156,103,200,175,100,0,0,0,3,19,-3
341.7,341.7,197,156,103,200,175,100,0,0,0,3,19,-3
341.8,341.8,197,156,103,200,175,100,0,0,0,3,19,-3
341.9,341.9,197,156,103,200,175,100,0,0,0,3,19,-3
342,342,197,157,103,200,175,100,0,0,0,3,18,-3
342.1,342.1,197,158,103,200,175,100,0,0,0,3,17,-3
342.2,342.2,198,158,103,200,175,100,0,0,0,2,17,-3
342.3,342.3,198,158,103,200,175,100,0,0,0,2,17,-3
342.4,342.4,198,159,103,200,175,100,0,0,0,2,16,-3
342.5,342.5,199,159,103,200,175,100,0,0,0,1,16,-3
342.6,342.6,199,159,103,200,175,100,0,0,0,1,16,-3
342.7,342.7,199,160,103,200,175,100,0,0,0,1,15,-3
342.8,342.8,199,161,103,200,175,100,0,0,0,1,14,-3
342.9,342.9,199,161,103,200,175,100,0,0,0,1,14,-3
343,343,199,162,103,200,175,100,0,0,0,1,13,-3
343.1,343.1,199,162,103,200,175,100,0,0,0,1,13,-3
343.2,343.2,199,163,103,200,175,100,0,0,0,1,12,-3
343.3,343.3,199,164,103,200,175,100,0,0,0,1,11,-3
343.4,343.4,199,164,103,200,175,100,0,0,0,1,11,-3
343.5,343.5,200,165,103,200,175,100,0,0,0,0,10,-3
343.6,343.6,200,166,103,200,125,100,0,0,0,0,-41,-3
343.7,343.7,200,166,103,200,125,100,0,0,0,0,-41,-3
343.8,343.8,201,167,103,200,125,100,0,0,0,-1,-42,-3
343.9,343.9,201,167,103,200,125,100,0,0,0,-1,-42,-3
344,344,201,168,103,200,125,100,0,0,0,-1,-43,-3
344.1,344.1,202,168,103,200,125,100,0,0,0,-2,-43,-3
344.2,344.2,202,169,103,200,125,100,0,0,0,-2,-44,-3
344.3,344.3,202,169,103,200,125,100,0,0,0,-2,-44,-3
344.4,344.4,202,169,104,200,125,100,0,0,-1,-2,-44,-4
344.5,344.5,202,169,104,200,125,100,0,0,-1,-2,-44,-4
344.6,344.6,203,169,103,200,125,100,0,0,0,-3,-44,-3
344.7,344.7,203,169,104,200,125,100,0,0,0,-3,-44,-4
344.8,344.8,203,169,103,200,125,100,0,0,0,-3,-44,-3
344.9,344.9,203,170,103,200,125,100,0,0,0,-3,-45,-3
345,345,204,170,103,200,125,100,0,0,0,-4,-45,-3
345.1,345.1,204,170,103,200,125,100,0,0,0,-4,-45,-3
345.2,345.2,204,170,103,200,125,100,0,0,0,-4,-45,-3
345.3,345.3,204,170,104,200,125,100,0,0,-1,-4,-45,-4
345.4,345.4,204,170,104,200,125,100,0,0,-1,-4,-45,-4
345.5,345.5,204,171,104,200,125,100,0,0,-1,-4,-46,-4
345.6,345.6,204,171,103,200,125,100,0,0,0,-4,-46,-3
345.7,345.7,205,171,103,200,125,100,0,0,0,-5,-46,-3
345.8,345.8,205,171,103,200,125,100,0,0,0,-5,-46,-3
345.9,345.9,205,171,103,200,125,100,0,0,0,-5,-46,-3
346,346,205,171,103,200,125,100,0,0,0,-5,-46,-3
346.1,346.1,205,171,103,200,125,100,0,0,0,-5,-46,-3
346.2,346.2,205,171,103,200,125,100,0,0,0,-5,-46,-3
346.3,346.3,206,172,103,200,125,100,0,0,0,-6,-47,-3
346.4,346.4,206,172,103,200,125,100,0,0,0,-6,-47,-3
346.5,346.5,206,172,103,200,125,100,0,0,0,-6,-47,-3
346.6,346.6,206,172,104,200,125,100,0,0,0,-6,-47,-4
346.7,346.7,207,172,103,200,125,100,0,0,0,-7,-47,-3
346.8,346.8,207,172,103,200,125,100,0,0,0,-7,-47,-3
346.9,346.9,207,172,104,200,125,100,0,0,-1,-7,-47,-4
347,347,208,172,103,200,125,100,0,0,0,-8,-47,-3
347.1,347.1,208,172,103,200,125,100,0,0,0,-8,-47,-3
347.2,347.2,209,172,103,200,125,100,0,0,0,-9,-47,-3
347.3,347.3,209,171,103,200,125,100,0,0,0,-9,-46,-3
347.4,347.4,209,171,103,200,125,100,0,0,0,-9,-46,-3
347.5,347.5,210,170,103,200,125,100,0,0,0,-10,-45,-3
347.6,347.6,210,170,102,200,125,100,0,0,0,-10,-45,-2
347.7,347.7,211,169,102,200,125,100,0,0,0,-11,-44,-2
347.8,347.8,211,169,102,200,125,100,0,0,0,-11,-44,-2
347.9,347.9,211,169,102,200,125,100,0,0,0,-11,-44,-2
348,348,211,168,102,200,125,100,0,0,0,-11,-43,-2
348.1,348.1,211,167,102,200,125,100,0,0,0,-11,-42,-2
348.2,348.2,211,167,102,200,125,100,0,0,0,-11,-42,-2
348.3,348.3,212,167,102,200,125,100,0,0,0,-12,-42,-2
348.4,348.4,212,167,102,200,125,100,0,0,0,-12,-42,-2
348.5,348.5,212,166,102,200,125,100,0,0,0,-12,-41,-2
348.6,348.6,213,166,102,200,125,100,0,0,0,-13,-41,-2
348.7,348.7,213,165,102,200,125,100,0,0,0,-13,-40,-2
348.8,348.8,214,164,102,200,125,100,0,0,0,-14,-39,-2
348.9,348.9,214,163,102,200,125,100,0,0,0,-14,-38,-2
349,349,215,162,101,200,125,100,0,0,0,-15,-37,-1
349.1,349.1,215,161,101,200,125,100,0,0,0,-15,-36,-1
349.2,349.2,216,160,101,200,125,100,0,0,0,-16,-35,-1
349.3,349.3,216,158,101,200,125,100,0,0,0,-16,-33,-1
349.4,349.4,216,157,101,200,125,100,0,0,0,-16,-32,-1
349.5,349.5,216,156,101,200,125,100,0,0,0,-16,-31,-1
349.6,349.6,216,155,101,200,125,100,0,0,0,-16,-30,-1
349.7,349.7,216,154,101,200,125,100,0,0,0,-16,-29,-1
349.8,349.8,217,153,101,200,125,100,0,0,0,-17,-28,-1
349.9,349.9,217,152,101,200,125,100,0,0,0,-17,-27,-1
350,350,217,151,101,200,125,100,0,0,0,-17,-26,-1
350.1,350.1,218,150,101,200,125,100,0,0,0,-18,-25,-1
350.2,350.2,218,148,101,200,125,100,0,0,0,-18,-23,-1
350.3,350.3,218,148,101,200,125,100,0,0,0,-18,-23,-1
350.4,350.4,218,146,101,200,125,100,0,0,0,-18,-21,-1
350.5,350.5,218,145,101,200,125,100,0,0,0,-18,-20,-1
350.6,350.6,218,144,101,200,125,100,0,0,0,-18,-19,-1
350.7,350.7,218,144,101,200,125,100,0,0,0,-18,-19,-1
350.8,350.8,218,144,101,200,125,100,0,0,0,-18,-19,-1
350.9,350.9,218,142,100,200,125,100,0,0,0,-18,-17,0
351,351,219,141,100,200,125,100,0,0,0,-19,-16,0
351.1,351.1,219,140,100,200,125,100,0,0,0,-19,-15,0
351.2,351.2,219,140,100,200,125,100,0,0,0,-19,-15,0
351.3,351.3,219,139,100,200,125,100,0,0,0,-19,-14,0
351.4,351.4,219,138,100,200,125,100,0,0,0,-19,-13,0
351.5,351.5,219,138,100,200,125,100,0,0,0,-19,-13,0
351.6,351.6,219,137,100,200,125,100,0,0,0,-19,-12,0
351.7,351.7,219,137,100,200,125,100,0,0,0,-19,-12,0
351.8,351.8,219,137,100,200,125,100,0,0,0,-19,-12,0
351.9,351.9,219,136,100,200,125,100,0,0,0,-19,-11,0
352,352,219,136,100,200,125,100,0,0,0,-19,-11,0
352.1,352.1,219,135,100,200,125,100,0,0,0,-19,-10,0
352.2,352.2,220,135,100,200,125,100,0,0,0,-20,-10,0
352.3,352.3,220,134,100,200,125,100,0,0,0,-20,-9,0
352.4,352.4,221,133,100,200,125,100,0,0,0,-21,-8,0
352.5,352.5,221,133,100,200,125,100,0,0,0,-21,-8,0
352.6,352.6,222,133,99,200,125,100,0,0,0,-22,-8,1
352.7,352.7,222,132,100,200,125,100,0,0,0,-22,-7,0
352.8,352.8,222,132,100,200,125,100,0,0,0,-22,-7,0
352.9,352.9,222,131,100,200,125,100,0,0,0,-22,-6,0
353,353,223,131,100,200,125,100,0,0,0,-23,-6,0
353.1,353.1,223,130,99,200,125,100,0,0,0,-23,-5,1
353.2,353.2,223,130,99,200,125,100,0,0,0,-23,-5,1
353.3,353.3,223,129,99,200,125,100,0,0,0,-23,-4,1
353.4,353.4,223,129,99,200,125,100,0,0,0,-23,-4,1
353.5,353.5,223,128,99,200,125,100,0,0,0,-23,-3,1
353.6,353.6,224,128,99,200,125,100,0,0,0,-24,-3,1
353.7,353.7,224,127,99,200,125,100,0,0,0,-24,-2,1
353.8,353.8,224,127,99,200,125,100,0,0,0,-24,-2,1
353.9,353.9,224,127,99,200,125,100,0,0,0,-24,-2,1
354,354,224,126,99,200,125,100,0,0,0,-24,-1,1
354.1,354.1,224,126,98,200,125,100,0,0,0,-24,-1,2
354.2,354.2,224,126,98,200,125,100,0,0,0,-24,-1,2
354.3,354.3,224,126,98,200,125,100,0,0,0,-24,-1,2
354.4,354.4,224,126,98,200,125,100,0,0,0,-24,-1,2
354.5,354.5,224,126,98,200,125,100,0,0,0,-24,-1,2
354.6,354.6,224,125,98,200,125,100,0,0,0,-24,0,2
354.7,354.7,224,125,98,200,125,100,0,0,0,-24,0,2
354.8,354.8,224,125,98,200,125,100,0,0,0,-24,0,2
354.9,354.9,224,125,98,200,125,100,0,0,0,-24,0,2
355,355,224,124,98,200,125,100,0,0,0,-24,1,2
355.1,355.1,224,124,98,200,125,100,0,0,0,-24,1,2
355.2,355.2,224,124,98,200,125,100,0,0,0,-24,1,2
355.3,355.3,224,124,98,200,125,100,0,0,0,-24,1,2
355.4,355.4,223,124,97,200,125,100,0,0,0,-23,1,3
355.5,355.5,222,124,97,200,125,100,0,0,0,-22,1,3
355.6,355.6,222,124,97,200,125,100,0,0,0,-22,1,3
355.7,355.7,221,124,98,200,125,100,0,0,0,-21,1,2
355.8,355.8,221,124,98,200,125,100,0,0,0,-21,1,2
355.9,355.9,220,124,98,200,125,100,0,0,0,-20,1,2
356,356,220,124,98,200,125,100,0,0,0,-20,1,2
356.1,356.1,219,123,98,200,125,100,0,0,0,-19,2,2
356.2,356.2,219,123,98,200,125,100,0,0,0,-19,2,2
356.3,356.3,219,123,98,200,125,100,0,0,0,-19,2,2
356.4,356.4,218,123,97,200,125,100,0,0,0,-18,2,3
356.5,356.5,218,123,97,200,125,100,0,0,0,-18,2,3
356.6,356.6,217,123,98,200,125,100,0,0,0,-17,2,2
356.7,356.7,217,123,98,200,125,100,0,0,0,-17,2,2
356.8,356.8,217,123,98,200,125,100,0,0,0,-17,2,2
356.9,356.9,217,123,98,200,125,100,0,0,0,-17,2,2
357,357,217,123,98,200,125,100,0,0,0,-17,2,2
357.1,357.1,216,123,98,200,125,100,0,0,0,-16,2,2
357.2,357.2,216,123,98,200,125,100,0,0,0,-16,2,2
357.3,357.3,216,123,98,200,125,100,0,0,0,-16,2,2
357.4,357.4,216,123,98,200,125,100,0,0,0,-16,2,2
357.5,357.5,216,123,98,200,125,100,0,0,0,-16,2,2
357.6,357.6,215,123,98,200,125,100,0,0,0,-15,2,2
357.7,357.7,215,123,98,200,125,100,0,0,0,-15,2,2
357.8,357.8,215,122,98,200,125,100,0,0,0,-15,3,2
357.9,357.9,214,122,98,200,125,100,0,0,0,-14,3,2
358,358,214,122,98,200,125,100,0,0,0,-14,3,2
358.1,358.1,214,122,98,200,125,100,0,0,0,-14,3,2
358.2,358.2,214,122,98,200,125,100,0,0,0,-14,3,2
358.3,358.3,214,122,98,200,125,100,0,0,0,-14,3,2
358.4,358.4,214,122,98,200,125,100,0,0,0,-14,3,2
358.5,358.5,213,121,98,200,125,100,0,0,0,-13,4,2
358.6,358.6,213,121,98,200,125,100,0,0,0,-13,4,2
358.7,358.7,213,121,98,200,125,100,0,0,0,-13,4,2
358.8,358.8,213,121,98,200,125,100,0,0,0,-13,4,2
358.9,358.9,212,121,98,200,125,100,0,0,0,-12,4,2
359,359,212,121,97,200,125,100,0,0,0,-12,4,3
359.1,359.1,212,122,97,200,125,100,0,0,0,-12,3,3
359.2,359.2,211,121,98,200,125,100,0,0,0,-11,4,2
359.3,359.3,211,121,98,200,125,100,0,0,0,-11,4,2
359.4,359.4,211,121,98,200,125,100,0,0,0,-11,4,2
359.5,359.5,211,122,98,200,125,100,0,0,0,-11,3,2
359.6,359.6,210,122,98,200,125,100,0,0,0,-10,3,2
359.7,359.7,210,121,98,200,125,100,0,0,0,-10,4,2
359.8,359.8,209,122,98,200,125,100,0,0,0,-9,3,2
359.9,359.9,209,122,98,200,75,100,0,0,0,-9,-47,2
360,360,209,122,98,200,75,100,0,0,0,-9,-47,2
360.1,360.1,209,122,98,200,75,100,0,0,0,-9,-47,2
360.2,360.2,209,122,98,200,75,100,0,0,0,-9,-47,2
360.3,360.3,209,122,98,200,75,100,0,0,0,-9,-47,2
360.4,360.4,209,122,98,200,75,100,0,0,0,-9,-47,2
360.5,360.5,209,122,98,200,75,100,0,0,0,-9,-47,2
360.6,360.6,209,122,98,200,75,100,0,0,0,-9,-47,2
360.7,360.7,209,122,98,200,75,100,0,0,0,-9,-47,2
360.8,360.8,209,122,98,200,75,100,0,0,0,-9,-47,2
360.9,360.9,209,122,98,200,75,100,0,0,0,-9,-47,2
361,361,209,122,98,200,75,100,0,0,0,-9,-47,2
361.1,361.1,209,122,98,200,75,100,0,0,0,-9,-47,2
361.2,361.2,209,122,98,200,75,100,0,0,0,-9,-47,2
361.3,361.3,209,122,98,200,75,100,0,0,0,-9,-47,2
361.4,361.4,209,122,98,200,75,100,0,0,0,-9,-47,2
361.5,361.5,209,122,98,200,75,100,0,0,0,-9,-47,2
361.6,361.6,209,122,98,200,75,100,0,0,0,-9,-47,2
361.7,361.7,209,122,98,200,75,100,0,0,0,-9,-47,2
361.8,361.8,209,122,98,200,75,100,0,0,0,-9,-47,2
361.9,361.9,209,122,98,200,75,100,0,0,0,-9,-47,2
362,362,209,122,98,200,75,100,0,0,0,-9,-47,2
362.1,362.1,209,122,98,200,75,100,0,0,0,-9,-47,2
362.2,362.2,209,122,98,200,75,100,0,0,0,-9,-47,2
362.3,362.3,209,122,98,200,75,100,0,0,0,-9,-47,2
362.4,362.4,209,122,98,200,75,100,0,0,0,-9,-47,2
362.5,362.5,209,122,98,200,75,100,0,0,0,-9,-47,2
362.6,362.6,209,122,98,200,75,100,0,0,0,-9,-47,2
362.7,362.7,209,122,98,200,75,100,0,0,0,-9,-47,2
362.8,362.8,209,122,98,200,75,100,0,0,0,-9,-47,2
362.9,362.9,209,122,98,200,75,100,0,0,0,-9,-47,2
363,363,209,122,98,200,75,100,0,0,0,-9,-47,2
363.1,363.1,209,122,98,200,75,100,0,0,0,-9,-47,2
363.2,363.2,209,122,98,200,75,100,0,0,0,-9,-47,2
363.3,363.3,209,122,98,200,75,100,0,0,0,-9,-47,2
363.4,363.4,209,122,98,200,75,100,0,0,0,-9,-47,2
363.5,363.5,209,122,98,200,75,100,0,0,0,-9,-47,2
363.6,363.6,209,122,98,200,75,100,0,0,0,-9,-47,2
363.7,363.7,209,122,98,200,75,100,0,0,0,-9,-47,2
363.8,363.8,209,122,98,200,75,100,0,0,0,-9,-47,2
363.9,363.9,209,122,98,200,75,100,0,0,0,-9,-47,2
364,364,209,122,98,200,75,100,0,0,0,-9,-47,2
364.1,364.1,209,122,98,200,75,100,0,0,0,-9,-47,2
364.2,364.2,209,122,98,200,75,100,0,0,0,-9,-47,2
364.3,364.3,209,122,98,200,75,100,0,0,0,-9,-47,2
364.4,364.4,209,122,98,200,75,100,0,0,0,-9,-47,2
364.5,364.5,209,122,98,200,75,100,0,0,0,-9,-47,2
364.6,364.6,209,122,98,200,75,100,0,0,0,-9,-47,2
364.7,364.7,209,122,98,200,75,100,0,0,0,-9,-47,2
364.8,364.8,209,122,98,200,75,100,0,0,0,-9,-47,2
364.9,364.9,209,122,98,200,75,100,0,0,0,-9,-47,2
365,365,209,122,98,200,75,100,0,0,0,-9,-47,2
365.1,365.1,209,122,98,200,75,100,0,0,0,-9,-47,2
365.2,365.2,209,122,98,200,75,100,0,0,0,-9,-47,2
365.3,365.3,209,122,98,200,75,100,0,0,0,-9,-47,2
365.4,365.4,209,122,98,200,75,100,0,0,0,-9,-47,2
365.5,365.5,209,122,98,200,75,100,0,0,0,-9,-47,2
365.6,365.6,209,122,98,200,75,100,0,0,0,-9,-47,2
365.7,365.7,209,122,98,200,75,100,0,0,0,-9,-47,2
365.8,365.8,209,122,98,200,75,100,0,0,0,-9,-47,2
365.9,365.9,209,122,98,200,75,100,0,0,0,-9,-47,2
366,366,209,122,98,200,75,100,0,0,0,-9,-47,2
366.1,366.1,209,122,98,200,75,100,0,0,0,-9,-47,2
366.2,366.2,209,122,98,200,75,100,0,0,0,-9,-47,2
366.3,366.3,209,122,98,200,75,100,0,0,0,-9,-47,2
366.4,366.4,209,122,98,200,75,100,0,0,0,-9,-47,2
366.5,366.5,209,122,98,200,75,100,0,0,0,-9,-47,2
366.6,366.6,209,122,98,200,75,100,0,0,0,-9,-47,2
366.7,366.7,209,122,98,200,75,100,0,0,0,-9,-47,2
366.8,366.8,209,122,98,200,75,100,0,0,0,-9,-47,2
366.9,366.9,209,122,98,200,75,100,0,0,0,-9,-47,2
367,367,209,122,98,200,75,100,0,0,0,-9,-47,2
367.1,367.1,209,122,98,200,75,100,0,0,0,-9,-47,2
367.2,367.2,209,122,98,200,75,100,0,0,0,-9,-47,2
367.3,367.3,209,122,98,200,75,100,0,0,0,-9,-47,2
367.4,367.4,209,122,98,200,75,100,0,0,0,-9,-47,2
367.5,367.5,209,122,98,200,75,100,0,0,0,-9,-47,2
367.6,367.6,209,122,98,200,75,100,0,0,0,-9,-47,2
367.7,367.7,209,122,98,200,75,100,0,0,0,-9,-47,2
367.8,367.8,209,122,98,200,75,100,0,0,0,-9,-47,2
367.9,367.9,209,122,98,200,75,100,0,0,0,-9,-47,2
368,368,209,122,98,200,75,100,0,0,0,-9,-47,2
368.1,368.1,201,86,97,200,75,100,0,0,0,-1,-11,3
368.2,368.2,201,86,97,200,75,100,0,0,0,-1,-11,3
368.3,368.3,201,86,97,200,75,100,0,0,0,-1,-11,3
368.4,368.4,201,86,97,200,75,100,0,0,0,-1,-11,3
368.5,368.5,201,86,97,200,75,100,0,0,0,-1,-11,3
368.6,368.6,201,86,97,200,75,100,0,0,0,-1,-11,3
368.7,368.7,201,86,97,200,75,100,0,0,0,-1,-11,3
368.8,368.8,201,86,97,200,75,100,0,0,0,-1,-11,3
368.9,368.9,201,86,97,200,75,100,0,0,0,-1,-11,3
369,369,201,86,97,200,75,100,0,0,0,-1,-11,3
369.1,369.1,201,86,97,200,75,100,0,0,0,-1,-11,3
369.2,369.2,201,86,97,200,75,100,0,0,0,-1,-11,3
369.3,369.3,201,86,97,200,75,100,0,0,0,-1,-11,3
369.4,369.4,201,86,97,200,75,100,0,0,0,-1,-11,3
369.5,369.5,201,86,97,200,75,100,0,0,0,-1,-11,3
369.6,369.6,201,86,97,200,75,100,0,0,0,-1,-11,3
369.7,369.7,201,86,97,200,75,100,0,0,0,-1,-11,3
369.8,369.8,201,86,97,200,75,100,0,0,0,-1,-11,3
369.9,369.9,201,86,97,200,75,100,0,0,0,-1,-11,3
370,370,201,86,97,200,75,100,0,0,0,-1,-11,3
370.1,370.1,201,86,97,200,75,100,0,0,0,-1,-11,3
370.2,370.2,201,86,97,200,75,100,0,0,0,-1,-11,3
370.3,370.3,201,86,97,200,75,100,0,0,0,-1,-11,3
370.4,370.4,201,86,97,200,75,100,0,0,0,-1,-11,3
370.5,370.5,201,86,97,200,75,100,0,0,0,-1,-11,3
370.6,370.6,201,86,97,200,75,100,0,0,0,-1,-11,3
370.7,370.7,201,86,97,200,75,100,0,0,0,-1,-11,3
370.8,370.8,201,86,97,200,75,100,0,0,0,-1,-11,3
370.9,370.9,201,86,97,200,75,100,0,0,0,-1,-11,3
371,371,201,86,97,200,75,100,0,0,0,-1,-11,3
371.1,371.1,201,86,97,200,75,100,0,0,0,-1,-11,3
371.2,371.2,201,86,97,200,75,100,0,0,0,-1,-11,3
371.3,371.3,201,86,97,200,75,100,0,0,0,-1,-11,3
371.4,371.4,201,86,97,200,75,100,0,0,0,-1,-11,3
371.5,371.5,201,86,97,200,75,100,0,0,0,-1,-11,3
371.6,371.6,201,86,97,200,75,100,0,0,0,-1,-11,3
371.7,371.7,201,86,97,200,75,100,0,0,0,-1,-11,3
371.8,371.8,201,86,97,200,75,100,0,0,0,-1,-11,3
371.9,371.9,201,86,97,200,75,100,0,0,0,-1,-11,3
372,372,201,86,97,200,75,100,0,0,0,-1,-11,3
372.1,372.1,201,86,97,200,75,100,0,0,0,-1,-11,3
372.2,372.2,201,86,97,200,75,100,0,0,0,-1,-11,3
372.3,372.3,201,86,97,200,75,100,0,0,0,-1,-11,3
372.4,372.4,201,86,97,200,75,100,0,0,0,-1,-11,3
372.5,372.5,201,86,97,200,75,100,0,0,0,-1,-11,3
372.6,372.6,201,86,97,200,75,100,0,0,0,-1,-11,3
372.7,372.7,201,86,97,200,75,100,0,0,0,-1,-11,3
372.8,372.8,201,86,97,200,75,100,0,0,0,-1,-11,3
372.9,372.9,201,86,97,200,75,100,0,0,0,-1,-11,3
373,373,201,86,97,200,75,100,0,0,0,-1,-11,3
373.1,373.1,201,86,97,200,75,100,0,0,0,-1,-11,3
373.2,373.2,201,86,97,200,75,100,0,0,0,-1,-11,3
373.3,373.3,201,86,97,200,75,100,0,0,0,-1,-11,3
373.4,373.4,201,86,97,200,75,100,0,0,0,-1,-11,3
373.5,373.5,201,86,97,200,75,100,0,0,0,-1,-11,3
373.6,373.6,201,86,97,200,75,100,0,0,0,-1,-11,3
373.7,373.7,201,86,97,200,75,100,0,0,0,-1,-11,3
373.8,373.8,201,86,97,200,75,100,0,0,0,-1,-11,3
373.9,373.9,201,86,97,200,75,100,0,0,0,-1,-11,3
374,374,201,86,97,200,75,100,0,0,0,-1,-11,3
374.1,374.1,201,86,97,200,75,100,0,0,0,-1,-11,3
374.2,374.2,201,86,97,200,75,100,0,0,0,-1,-11,3
374.3,374.3,201,86,97,200,75,100,0,0,0,-1,-11,3
374.4,374.4,201,86,97,200,75,100,0,0,0,-1,-11,3
374.5,374.5,201,86,97,200,75,100,0,0,0,-1,-11,3
374.6,374.6,201,86,97,200,75,100,0,0,0,-1,-11,3
374.7,374.7,201,86,97,200,75,100,0,0,0,-1,-11,3
374.8,374.8,201,86,97,200,75,100,0,0,0,-1,-11,3
374.9,374.9,201,86,97,200,75,100,0,0,0,-1,-11,3
375,375,201,86,97,200,75,100,0,0,0,-1,-11,3
375.1,375.1,201,86,97,200,75,100,0,0,0,-1,-11,3
375.2,375.2,201,86,97,200,75,100,0,0,0,-1,-11,3
375.3,375.3,201,86,97,200,75,100,0,0,0,-1,-11,3
375.4,375.4,201,86,97,200,75,100,0,0,0,-1,-11,3
375.5,375.5,201,86,97,200,75,100,0,0,0,-1,-11,3
375.6,375.6,201,86,97,200,75,100,0,0,0,-1,-11,3
375.7,375.7,201,86,97,200,75,100,0,0,0,-1,-11,3
375.8,375.8,201,86,97,200,75,100,0,0,0,-1,-11,3
375.9,375.9,201,86,97,200,75,100,0,0,0,-1,-11,3
376,376,201,86,97,200,75,100,0,0,0,-1,-11,3
376.1,376.1,201,86,97,200,75,100,0,0,0,-1,-11,3
376.2,376.2,201,86,97,200,75,100,0,0,0,-1,-11,3
376.3,376.3,201,86,97,200,75,100,0,0,0,-1,-11,3
376.4,376.4,201,86,97,200,75,100,0,0,0,-1,-11,3
376.5,376.5,201,86,97,200,75,100,0,0,0,-1,-11,3
376.6,376.6,201,86,97,200,75,100,0,0,0,-1,-11,3
376.7,376.7,201,86,97,200,75,100,0,0,0,-1,-11,3
376.8,376.8,201,86,97,200,75,100,0,0,0,-1,-11,3
376.9,376.9,201,86,97,200,75,100,0,0,0,-1,-11,3
377,377,201,86,97,200,75,100,0,0,0,-1,-11,3
377.1,377.1,201,86,97,200,75,100,0,0,0,-1,-11,3
377.2,377.2,201,86,97,200,75,100,0,0,0,-1,-11,3
377.3,377.3,201,86,97,200,75,100,0,0,0,-1,-11,3
377.4,377.4,201,86,97,200,75,100,0,0,0,-1,-11,3
377.5,377.5,201,86,97,200,75,100,0,0,0,-1,-11,3
377.6,377.6,201,86,97,200,75,100,0,0,0,-1,-11,3
377.7,377.7,201,86,97,200,75,100,0,0,0,-1,-11,3
377.8,377.8,201,86,97,200,75,100,0,0,0,-1,-11,3
377.9,377.9,201,86,97,200,75,100,0,0,0,-1,-11,3
378,378,201,86,97,200,75,100,0,0,0,-1,-11,3
378.1,378.1,201,86,97,200,75,100,0,0,0,-1,-11,3
378.2,378.2,201,86,97,200,75,100,0,0,0,-1,-11,3
378.3,378.3,201,86,97,200,75,100,0,0,0,-1,-11,3
378.4,378.4,201,86,97,200,75,100,0,0,0,-1,-11,3
378.5,378.5,201,86,97,200,75,100,0,0,0,-1,-11,3
378.6,378.6,201,86,97,200,75,100,0,0,0,-1,-11,3
378.7,378.7,201,86,97,200,75,100,0,0,0,-1,-11,3
378.8,378.8,201,86,97,200,75,100,0,0,0,-1,-11,3
378.9,378.9,201,86,97,200,75,100,0,0,0,-1,-11,3
379,379,201,86,97,200,75,100,0,0,0,-1,-11,3
379.1,379.1,201,86,97,200,75,100,0,0,0,-1,-11,3
379.2,379.2,201,86,97,200,75,100,0,0,0,-1,-11,3
379.3,379.3,201,86,97,200,75,100,0,0,0,-1,-11,3
379.4,379.4,201,86,97,200,75,100,0,0,0,-1,-11,3
379.5,379.5,201,86,97,200,75,100,0,0,0,-1,-11,3
379.6,379.6,201,86,97,200,75,100,0,0,0,-1,-11,3
379.7,379.7,201,86,97,200,75,100,0,0,0,-1,-11,3
379.8,379.8,201,86,97,200,75,100,0,0,0,-1,-11,3
379.9,379.9,201,86,97,200,75,100,0,0,0,-1,-11,3
380,380,201,86,97,200,75,100,0,0,0,-1,-11,3
380.1,380.1,201,86,97,200,75,100,0,0,0,-1,-11,3
380.2,380.2,201,86,97,200,75,100,0,0,0,-1,-11,3
380.3,380.3,201,86,97,200,75,100,0,0,0,-1,-11,3
380.4,380.4,201,86,97,200,75,100,0,0,0,-1,-11,3
380.5,380.5,201,86,97,200,75,100,0,0,0,-1,-11,3
380.6,380.6,201,86,97,200,75,100,0,0,0,-1,-11,3
380.7,380.7,201,86,97,200,75,100,0,0,0,-1,-11,3
380.8,380.8,201,86,97,200,75,100,0,0,0,-1,-11,3
380.9,380.9,201,86,97,200,75,100,0,0,0,-1,-11,3
381,381,201,86,97,200,75,100,0,0,0,-1,-11,3
381.1,381.1,201,86,97,200,75,100,0,0,0,-1,-11,3
381.2,381.2,201,86,97,200,75,100,0,0,0,-1,-11,3
381.3,381.3,201,86,97,200,75,100,0,0,0,-1,-11,3
381.4,381.4,201,86,97,200,75,100,0,0,0,-1,-11,3
381.5,381.5,201,86,97,200,75,100,0,0,0,-1,-11,3
381.6,381.6,201,86,97,200,75,100,0,0,0,-1,-11,3
381.7,381.7,201,86,97,200,75,100,0,0,0,-1,-11,3
381.8,381.8,201,86,97,200,75,100,0,0,0,-1,-11,3
381.9,381.9,201,86,97,200,75,100,0,0,0,-1,-11,3
382,382,201,86,97,200,75,100,0,0,0,-1,-11,3
382.1,382.1,201,86,97,200,75,100,0,0,0,-1,-11,3
382.2,382.2,201,86,97,200,75,100,0,0,0,-1,-11,3
382.3,382.3,201,86,97,200,75,100,0,0,0,-1,-11,3
382.4,382.4,201,86,97,200,75,100,0,0,0,-1,-11,3
382.5,382.5,201,86,97,200,75,100,0,0,0,-1,-11,3
382.6,382.6,201,86,97,200,75,100,0,0,0,-1,-11,3
382.7,382.7,201,86,97,200,75,100,0,0,0,-1,-11,3
382.8,382.8,201,86,97,200,75,100,0,0,0,-1,-11,3
382.9,382.9,201,86,97,200,75,100,0,0,0,-1,-11,3
383,383,201,86,97,200,75,100,0,0,0,-1,-11,3
383.1,383.1,201,86,97,200,75,100,0,0,0,-1,-11,3
383.2,383.2,201,86,97,200,75,100,0,0,0,-1,-11,3
383.3,383.3,201,86,97,200,75,100,0,0,0,-1,-11,3
383.4,383.4,201,86,97,200,75,100,0,0,0,-1,-11,3
383.5,383.5,201,86,97,200,75,100,0,0,0,-1,-11,3
383.6,383.6,201,86,97,200,75,100,0,0,0,-1,-11,3
383.7,383.7,201,86,97,200,75,100,0,0,0,-1,-11,3
383.8,383.8,201,86,97,200,75,100,0,0,0,-1,-11,3
383.9,383.9,201,86,97,200,75,100,0,0,0,-1,-11,3
384,384,201,86,97,200,75,100,0,0,0,-1,-11,3
384.1,384.1,201,86,97,200,75,100,0,0,0,-1,-11,3
384.2,384.2,201,86,97,200,75,100,0,0,0,-1,-11,3
384.3,384.3,201,86,97,200,75,100,0,0,0,-1,-11,3
384.4,384.4,201,86,97,200,75,100,0,0,0,-1,-11,3
384.5,384.5,201,86,97,200,75,100,0,0,0,-1,-11,3
384.6,384.6,201,86,97,200,75,100,0,0,0,-1,-11,3
384.7,384.7,201,86,97,200,75,100,0,0,0,-1,-11,3
384.8,384.8,201,86,97,200,75,100,0,0,0,-1,-11,3
384.9,384.9,201,86,97,200,75,100,0,0,0,-1,-11,3
385,385,201,86,97,200,75,100,0,0,0,-1,-11,3
385.1,385.1,201,86,97,200,75,100,0,0,0,-1,-11,3
385.2,385.2,201,86,97,200,75,100,0,0,0,-1,-11,3
385.3,385.3,201,86,97,200,75,100,0,0,0,-1,-11,3
385.4,385.4,201,86,97,200,75,100,0,0,0,-1,-11,3
385.5,385.5,201,86,97,200,75,100,0,0,0,-1,-11,3
385.6,385.6,201,86,97,200,75,100,0,0,0,-1,-11,3
385.7,385.7,201,86,97,200,75,100,0,0,0,-1,-11,3
385.8,385.8,201,86,97,200,75,100,0,0,0,-1,-11,3
385.9,385.9,201,86,97,200,75,100,0,0,0,-1,-11,3
386,386,201,86,97,200,75,100,0,0,0,-1,-11,3
386.1,386.1,201,86,97,200,75,100,0,0,0,-1,-11,3
386.2,386.2,201,86,97,200,75,100,0,0,0,-1,-11,3
386.3,386.3,201,86,97,200,75,100,0,0,0,-1,-11,3
386.4,386.4,201,86,97,200,75,100,0,0,0,-1,-11,3
386.5,386.5,201,86,97,200,75,100,0,0,0,-1,-11,3
386.6,386.6,201,86,97,200,75,100,0,0,0,-1,-11,3
386.7,386.7,201,86,97,200,75,100,0,0,0,-1,-11,3
386.8,386.8,201,86,97,200,75,100,0,0,0,-1,-11,3
386.9,386.9,201,86,97,200,75,100,0,0,0,-1,-11,3
387,387,201,86,97,200,75,100,0,0,0,-1,-11,3
387.1,387.1,201,86,97,200,75,100,0,0,0,-1,-11,3
387.2,387.2,201,86,97,200,75,100,0,0,0,-1,-11,3
387.3,387.3,201,86,97,200,75,100,0,0,0,-1,-11,3
387.4,387.4,201,86,97,200,75,100,0,0,0,-1,-11,3
387.5,387.5,201,86,97,200,75,100,0,0,0,-1,-11,3
387.6,387.6,201,86,97,200,75,100,0,0,0,-1,-11,3
387.7,387.7,201,86,97,200,75,100,0,0,0,-1,-11,3
387.8,387.8,201,86,97,200,75,100,0,0,0,-1,-11,3
387.9,387.9,201,86,97,200,75,100,0,0,0,-1,-11,3
388,388,201,86,97,200,75,100,0,0,0,-1,-11,3
388.1,388.1,201,86,97,200,75,100,0,0,0,-1,-11,3
388.2,388.2,201,86,97,200,75,100,0,0,0,-1,-11,3
388.3,388.3,201,86,97,200,75,100,0,0,0,-1,-11,3
388.4,388.4,201,86,97,200,75,100,0,0,0,-1,-11,3
388.5,388.5,201,86,97,200,75,100,0,0,0,-1,-11,3
388.6,388.6,201,86,97,200,75,100,0,0,0,-1,-11,3
388.7,388.7,201,86,97,200,75,100,0,0,0,-1,-11,3
388.8,388.8,201,86,97,200,75,100,0,0,0,-1,-11,3
388.9,388.9,201,86,97,200,75,100,0,0,0,-1,-11,3
389,389,201,86,97,200,75,100,0,0,0,-1,-11,3
389.1,389.1,201,86,97,200,75,100,0,0,0,-1,-11,3
389.2,389.2,201,86,97,200,75,100,0,0,0,-1,-11,3
389.3,389.3,201,86,97,200,75,100,0,0,0,-1,-11,3
389.4,389.4,201,86,97,200,75,100,0,0,0,-1,-11,3
389.5,389.5,201,86,97,200,75,100,0,0,0,-1,-11,3
389.6,389.6,201,86,97,200,75,100,0,0,0,-1,-11,3
389.7,389.7,201,86,97,200,75,100,0,0,0,-1,-11,3
389.8,389.8,201,86,97,200,75,100,0,0,0,-1,-11,3
389.9,389.9,201,86,97,200,75,100,0,0,0,-1,-11,3
390,390,201,86,97,200,75,100,0,0,0,-1,-11,3
390.1,390.1,201,86,97,200,75,100,0,0,0,-1,-11,3
390.2,390.2,201,86,97,200,75,100,0,0,0,-1,-11,3
390.3,390.3,201,86,97,200,75,100,0,0,0,-1,-11,3
390.4,390.4,201,86,97,200,75,100,0,0,0,-1,-11,3
390.5,390.5,201,86,97,200,75,100,0,0,0,-1,-11,3
390.6,390.6,201,86,97,200,75,100,0,0,0,-1,-11,3
390.7,390.7,201,86,97,200,75,100,0,0,0,-1,-11,3
390.8,390.8,201,86,97,200,75,100,0,0,0,-1,-11,3
390.9,390.9,201,86,97,200,75,100,0,0,0,-1,-11,3
391,391,201,86,97,200,75,100,0,0,0,-1,-11,3
391.1,391.1,201,86,97,200,75,100,0,0,0,-1,-11,3
391.2,391.2,201,86,97,200,75,100,0,0,0,-1,-11,3
391.3,391.3,201,86,97,200,75,100,0,0,0,-1,-11,3
391.4,391.4,201,86,97,200,75,100,0,0,0,-1,-11,3
391.5,391.5,201,86,97,200,75,100,0,0,0,-1,-11,3
391.6,391.6,201,86,97,200,75,100,0,0,0,-1,-11,3
391.7,391.7,201,86,97,200,75,100,0,0,0,-1,-11,3
391.8,391.8,201,86,97,200,75,100,0,0,0,-1,-11,3
391.9,391.9,201,86,97,200,75,100,0,0,0,-1,-11,3
392,392,201,86,97,200,75,100,0,0,0,-1,-11,3
392.1,392.1,201,86,97,200,75,100,0,0,0,-1,-11,3
392.2,392.2,201,86,97,200,75,100,0,0,0,-1,-11,3
392.3,392.3,201,86,97,200,75,100,0,0,0,-1,-11,3
392.4,392.4,201,86,97,200,75,100,0,0,0,-1,-11,3
392.5,392.5,201,86,97,200,75,100,0,0,0,-1,-11,3
392.6,392.6,201,86,97,200,75,100,0,0,0,-1,-11,3
392.7,392.7,201,86,97,200,75,100,0,0,0,-1,-11,3
392.8,392.8,201,86,97,200,75,100,0,0,0,-1,-11,3
392.9,392.9,201,86,97,200,75,100,0,0,0,-1,-11,3
393,393,201,86,97,200,75,100,0,0,0,-1,-11,3
393.1,393.1,201,86,97,200,75,100,0,0,0,-1,-11,3
393.2,393.2,201,86,97,200,75,100,0,0,0,-1,-11,3
393.3,393.3,201,86,97,200,75,100,0,0,0,-1,-11,3
393.4,393.4,201,86,97,200,75,100,0,0,0,-1,-11,3
393.5,393.5,201,86,97,200,75,100,0,0,0,-1,-11,3
393.6,393.6,201,86,97,200,75,100,0,0,0,-1,-11,3
393.7,393.7,201,86,97,200,75,100,0,0,0,-1,-11,3
393.8,393.8,201,86,97,200,75,100,0,0,0,-1,-11,3
393.9,393.9,201,86,97,200,75,100,0,0,0,-1,-11,3
394,394,201,86,97,200,75,100,0,0,0,-1,-11,3
394.1,394.1,201,86,97,200,75,100,0,0,0,-1,-11,3
394.2,394.2,201,86,97,200,75,100,0,0,0,-1,-11,3
394.3,394.3,201,86,97,200,75,100,0,0,0,-1,-11,3
394.4,394.4,201,86,97,200,75,100,0,0,0,-1,-11,3
394.5,394.5,201,86,97,200,75,100,0,0,0,-1,-11,3
394.6,394.6,201,86,97,200,75,100,0,0,0,-1,-11,3
394.7,394.7,201,86,97,200,75,100,0,0,0,-1,-11,3
394.8,394.8,201,86,97,200,75,100,0,0,0,-1,-11,3
394.9,394.9,201,86,97,200,75,100,0,0,0,-1,-11,3
395,395,201,86,97,200,75,100,0,0,0,-1,-11,3
395.1,395.1,201,86,97,200,75,100,0,0,0,-1,-11,3
395.2,395.2,201,86,97,200,75,100,0,0,0,-1,-11,3
395.3,395.3,201,86,97,200,75,100,0,0,0,-1,-11,3
395.4,395.4,201,86,97,200,75,100,0,0,0,-1,-11,3
395.5,395.5,201,86,97,200,75,100,0,0,0,-1,-11,3
395.6,395.6,201,86,97,200,75,100,0,0,0,-1,-11,3
395.7,395.7,201,86,97,200,75,100,0,0,0,-1,-11,3
395.8,395.8,201,86,97,200,75,100,0,0,0,-1,-11,3
395.9,395.9,201,86,97,200,75,100,0,0,0,-1,-11,3
396,396,201,86,97,200,75,100,0,0,0,-1,-11,3
396.1,396.1,201,86,97,200,75,100,0,0,0,-1,-11,3
396.2,396.2,201,86,97,200,75,100,0,0,0,-1,-11,3
396.3,396.3,201,86,97,200,75,100,0,0,0,-1,-11,3
396.4,396.4,201,86,97,200,75,100,0,0,0,-1,-11,3
396.5,396.5,201,86,97,200,75,100,0,0,0,-1,-11,3
396.6,396.6,201,86,97,200,75,100,0,0,0,-1,-11,3
396.7,396.7,201,86,97,200,75,100,0,0,0,-1,-11,3
396.8,396.8,201,86,97,200,75,100,0,0,0,-1,-11,3
396.9,396.9,201,86,97,200,75,100,0,0,0,-1,-11,3
397,397,201,86,97,200,75,100,0,0,0,-1,-11,3
397.1,397.1,201,86,97,200,75,100,0,0,0,-1,-11,3
397.2,397.2,201,86,97,200,75,100,0,0,0,-1,-11,3
397.3,397.3,201,86,97,200,75,100,0,0,0,-1,-11,3
397.4,397.4,201,86,97,200,75,100,0,0,0,-1,-11,3
397.5,397.5,201,86,97,200,75,100,0,0,0,-1,-11,3
397.6,397.6,201,86,97,200,75,100,0,0,0,-1,-11,3
397.7,397.7,201,86,97,200,75,100,0,0,0,-1,-11,3
397.8,397.8,201,86,97,200,75,100,0,0,0,-1,-11,3
397.9,397.9,201,86,97,200,75,100,0,0,0,-1,-11,3
398,398,201,86,97,200,75,100,0,0,0,-1,-11,3
398.1,398.1,201,86,97,200,75,100,0,0,0,-1,-11,3
398.2,398.2,201,86,97,200,75,100,0,0,0,-1,-11,3
398.3,398.3,201,86,97,200,75,100,0,0,0,-1,-11,3
398.4,398.4,201,86,97,200,75,100,0,0,0,-1,-11,3
398.5,398.5,201,86,97,200,75,100,0,0,0,-1,-11,3
398.6,398.6,201,86,97,200,75,100,0,0,0,-1,-11,3
398.7,398.7,201,86,97,200,75,100,0,0,0,-1,-11,3
398.8,398.8,201,86,97,200,75,100,0,0,0,-1,-11,3
398.9,398.9,201,86,97,200,75,100,0,0,0,-1,-11,3
399,399,201,86,97,200,75,100,0,0,0,-1,-11,3
399.1,399.1,201,86,97,200,75,100,0,0,0,-1,-11,3
399.2,399.2,201,86,97,200,75,100,0,0,0,-1,-11,3
399.3,399.3,201,86,97,200,75,100,0,0,0,-1,-11,3
399.4,399.4,201,86,97,200,75,100,0,0,0,-1,-11,3
399.5,399.5,201,86,97,200,75,100,0,0,0,-1,-11,3
399.6,399.6,201,86,97,200,75,100,0,0,0,-1,-11,3
399.7,399.7,201,86,97,200,75,100,0,0,0,-1,-11,3
399.8,399.8,201,86,97,200,75,100,0,0,0,-1,-11,3
399.9,399.9,201,86,97,200,75,100,0,0,0,-1,-11,3
400,400,201,86,97,200,75,100,0,0,0,-1,-11,3
400.1,400.1,201,86,97,200,75,100,0,0,0,-1,-11,3
400.2,400.2,201,86,97,200,75,100,0,0,0,-1,-11,3
400.3,400.3,201,86,97,200,75,100,0,0,0,-1,-11,3
400.4,400.4,201,86,97,200,75,100,0,0,0,-1,-11,3
400.5,400.5,201,86,97,200,75,100,0,0,0,-1,-11,3
400.6,400.6,201,86,97,200,75,100,0,0,0,-1,-11,3
400.7,400.7,201,86,97,200,75,100,0,0,0,-1,-11,3
400.8,400.8,201,86,97,200,75,100,0,0,0,-1,-11,3
400.9,400.9,201,86,97,200,75,100,0,0,0,-1,-11,3
401,401,201,86,97,200,75,100,0,0,0,-1,-11,3
401.1,401.1,201,86,97,200,75,100,0,0,0,-1,-11,3
401.2,401.2,201,86,97,200,75,100,0,0,0,-1,-11,3
401.3,401.3,201,86,97,200,75,100,0,0,0,-1,-11,3
401.4,401.4,201,86,97,200,75,100,0,0,0,-1,-11,3
401.5,401.5,201,86,97,200,75,100,0,0,0,-1,-11,3
401.6,401.6,201,86,97,200,75,100,0,0,0,-1,-11,3
401.7,401.7,201,86,97,200,75,100,0,0,0,-1,-11,3
401.8,401.8,201,86,97,200,75,100,0,0,0,-1,-11,3
401.9,401.9,201,86,97,200,75,100,0,0,0,-1,-11,3
402,402,201,86,97,200,75,100,0,0,0,-1,-11,3
402.1,402.1,201,86,97,200,75,100,0,0,0,-1,-11,3
402.2,402.2,201,86,97,200,75,100,0,0,0,-1,-11,3
402.3,402.3,201,86,97,200,75,100,0,0,0,-1,-11,3
402.4,402.4,201,86,97,200,75,100,0,0,0,-1,-11,3
402.5,402.5,201,86,97,200,75,100,0,0,0,-1,-11,3
402.6,402.6,201,86,97,200,75,100,0,0,0,-1,-11,3
402.7,402.7,201,86,97,200,75,100,0,0,0,-1,-11,3
402.8,402.8,201,86,97,200,75,100,0,0,0,-1,-11,3
402.9,402.9,201,86,97,200,75,100,0,0,0,-1,-11,3
403,403,201,86,97,200,75,100,0,0,0,-1,-11,3
403.1,403.1,201,86,97,200,75,100,0,0,0,-1,-11,3
403.2,403.2,201,86,97,200,75,100,0,0,0,-1,-11,3
403.3,403.3,201,86,97,200,75,100,0,0,0,-1,-11,3
403.4,403.4,201,86,97,200,75,100,0,0,0,-1,-11,3
403.5,403.5,201,86,97,200,75,100,0,0,0,-1,-11,3
403.6,403.6,201,86,97,200,75,100,0,0,0,-1,-11,3
403.7,403.7,201,86,97,200,75,100,0,0,0,-1,-11,3
403.8,403.8,201,86,97,200,75,100,0,0,0,-1,-11,3
403.9,403.9,201,86,97,200,75,100,0,0,0,-1,-11,3
404,404,201,86,97,200,75,100,0,0,0,-1,-11,3
404.1,404.1,201,86,97,200,75,100,0,0,0,-1,-11,3
404.2,404.2,201,86,97,200,75,100,0,0,0,-1,-11,3
404.3,404.3,201,86,97,200,75,100,0,0,0,-1,-11,3
404.4,404.4,201,86,97,200,75,100,0,0,0,-1,-11,3
404.5,404.5,201,86,97,200,75,100,0,0,0,-1,-11,3
404.6,404.6,201,86,97,200,75,100,0,0,0,-1,-11,3
404.7,404.7,201,86,97,200,75,100,0,0,0,-1,-11,3
404.8,404.8,201,86,97,200,75,100,0,0,0,-1,-11,3
404.9,404.9,201,86,97,200,75,100,0,0,0,-1,-11,3
405,405,201,86,97,200,75,100,0,0,0,-1,-11,3
405.1,405.1,201,86,97,200,75,100,0,0,0,-1,-11,3
405.2,405.2,201,86,97,200,75,100,0,0,0,-1,-11,3
405.3,405.3,201,86,97,200,75,100,0,0,0,-1,-11,3
405.4,405.4,201,86,97,200,75,100,0,0,0,-1,-11,3
405.5,405.5,201,86,97,200,75,100,0,0,0,-1,-11,3
405.6,405.6,201,86,97,200,75,100,0,0,0,-1,-11,3
405.7,405.7,201,86,97,200,75,100,0,0,0,-1,-11,3
405.8,405.8,201,86,97,200,75,100,0,0,0,-1,-11,3
405.9,405.9,201,86,97,200,75,100,0,0,0,-1,-11,3
406,406,201,86,97,200,75,100,0,0,0,-1,-11,3
406.1,406.1,201,86,97,200,75,100,0,0,0,-1,-11,3
406.2,406.2,201,86,97,200,75,100,0,0,0,-1,-11,3
406.3,406.3,201,86,97,200,75,100,0,0,0,-1,-11,3
406.4,406.4,201,86,97,200,75,100,0,0,0,-1,-11,3
406.5,406.5,201,86,97,200,75,100,0,0,0,-1,-11,3
406.6,406.6,201,86,97,200,75,100,0,0,0,-1,-11,3
406.7,406.7,201,86,97,200,75,100,0,0,0,-1,-11,3
406.8,406.8,352,-16,103,350,75,100,0,0,0,-2,91,-3
406.9,406.9,352,-16,103,350,75,100,0,0,0,-2,91,-3
407,407,352,-16,104,350,75,100,0,0,-1,-2,91,-4
407.1,407.1,353,-15,104,350,75,100,0,0,-1,-3,90,-4
407.2,407.2,353,-15,104,350,75,100,0,0,0,-3,90,-4
407.3,407.3,353,-15,104,350,75,100,0,23,-1,-3,90,-4
407.4,407.4,353,-15,104,350,75,100,0,23,-1,-3,90,-4
407.5,407.5,353,-15,105,350,75,100,0,23,-1,-3,90,-5
407.6,407.6,354,-15,105,350,75,100,0,23,-1,-4,90,-5
407.7,407.7,354,-15,105,350,75,100,0,23,-1,-4,90,-5
407.8,407.8,354,-15,105,350,75,100,0,23,-1,-4,90,-5
407.9,407.9,354,-15,105,350,75,100,0,23,-1,-4,90,-5
408,408,354,-15,105,350,75,100,0,23,-1,-4,90,-5
408.1,408.1,354,-15,105,350,75,100,0,23,-1,-4,90,-5
408.2,408.2,354,-14,105,350,75,100,0,23,-1,-4,89,-5
408.3,408.3,353,-14,105,350,75,100,0,23,-1,-3,89,-5
408.4,408.4,353,-15,105,350,75,100,0,23,-1,-3,90,-5
408.5,408.5,352,-14,104,350,75,100,0,23,-1,-2,89,-4
408.6,408.6,352,-14,104,350,75,100,0,23,-1,-2,89,-4
408.7,408.7,352,-13,104,350,75,100,0,23,-1,-2,88,-4
408.8,408.8,351,-13,104,350,75,100,0,23,-1,-1,88,-4
408.9,408.9,351,-13,105,350,75,100,0,23,-1,-1,88,-5
409,409,351,-13,104,350,75,100,0,23,-1,-1,88,-4
409.1,409.1,350,-13,104,350,75,100,0,23,-1,0,88,-4
409.2,409.2,350,-13,104,350,75,100,0,23,-1,0,88,-4
409.3,409.3,349,-13,105,350,75,100,1,23,-1,1,88,-5
409.4,409.4,348,-13,105,350,75,100,1,23,-1,2,88,-5
409.5,409.5,347,-13,105,350,75,100,1,23,-1,3,88,-5
409.6,409.6,347,-13,105,350,75,100,1,23,-1,3,88,-5
409.7,409.7,346,-13,104,350,75,100,1,23,-1,4,88,-4
409.8,409.8,346,-13,104,350,75,100,1,23,-1,4,88,-4
409.9,409.9,346,-14,104,350,75,100,1,23,-1,4,89,-4
410,410,346,-13,104,350,75,100,1,23,-1,4,88,-4
410.1,410.1,345,-13,104,350,75,100,1,23,-1,5,88,-4
410.2,410.2,345,-13,104,350,75,100,1,23,-1,5,88,-4
410.3,410.3,344,-12,103,350,75,100,2,23,0,6,87,-3
410.4,410.4,343,-11,103,350,75,100,2,23,0,7,86,-3
410.5,410.5,343,-10,103,350,75,100,2,23,0,7,85,-3
410.6,410.6,342,-9,102,350,75,100,2,23,0,8,84,-2
410.7,410.7,341,-9,103,350,75,100,2,23,0,9,84,-3
410.8,410.8,340,-9,103,350,75,100,2,23,0,10,84,-3
410.9,410.9,339,-9,103,350,75,100,2,23,0,11,84,-3
411,411,339,-9,103,350,75,100,2,23,0,11,84,-3
411.1,411.1,338,-8,103,350,75,100,3,23,0,12,83,-3
411.2,411.2,337,-8,103,350,75,100,3,23,0,13,83,-3
411.3,411.3,336,-8,103,350,75,100,3,23,0,14,83,-3
411.4,411.4,335,-8,103,350,75,100,3,23,0,15,83,-3
411.5,411.5,334,-7,102,350,75,100,3,23,0,16,82,-2
411.6,411.6,333,-7,102,350,75,100,4,23,0,17,82,-2
411.7,411.7,332,-7,102,350,75,100,0,0,0,18,82,-2
411.8,411.8,332,-7,102,350,75,100,0,0,0,18,82,-2
411.9,411.9,331,-7,102,350,75,100,0,0,0,19,82,-2
412,412,330,-6,101,350,75,100,0,0,0,20,81,-1
412.1,412.1,330,-6,101,350,75,100,0,0,0,20,81,-1
412.2,412.2,329,-6,101,350,75,100,0,0,0,21,81,-1
412.3,412.3,327,-5,101,350,75,100,0,0,0,23,80,-1
412.4,412.4,326,-4,101,350,75,100,0,0,0,24,79,-1
412.5,412.5,325,-4,101,350,75,100,0,0,0,25,79,-1
412.6,412.6,324,-4,101,350,75,100,0,0,0,26,79,-1
412.7,412.7,323,-4,101,350,75,100,0,0,0,27,79,-1
412.8,412.8,323,-3,101,350,75,100,0,0,0,27,78,-1
412.9,412.9,322,-3,101,350,75,100,0,0,0,28,78,-1
413,413,321,-2,101,350,75,100,0,0,0,29,77,-1
413.1,413.1,320,-2,101,350,75,100,0,0,0,30,77,-1
413.2,413.2,319,-2,101,350,75,100,0,0,0,31,77,-1
413.3,413.3,319,-2,101,350,75,100,0,0,0,31,77,-1
413.4,413.4,318,-1,102,350,75,100,0,0,0,32,76,-2
413.5,413.5,317,0,102,350,75,100,0,0,0,33,75,-2
413.6,413.6,316,1,101,350,75,100,0,0,0,34,74,-1
413.7,413.7,315,1,101,350,75,100,0,0,0,35,74,-1
413.8,413.8,315,2,101,350,75,100,0,0,0,35,73,-1
413.9,413.9,314,4,101,350,75,100,0,0,0,36,71,-1
414,414,313,5,101,350,75,100,0,0,0,37,70,-1
414.1,414.1,312,6,101,350,75,100,0,0,0,38,69,-1
414.2,414.2,312,7,101,350,75,100,0,0,0,38,68,-1
414.3,414.3,312,9,101,350,75,100,0,0,0,38,66,-1
414.4,414.4,310,9,101,350,75,100,0,0,0,40,66,-1
414.5,414.5,309,11,101,350,75,100,0,0,0,41,64,-1
414.6,414.6,309,12,101,350,75,100,0,0,0,41,63,-1
414.7,414.7,308,13,102,350,75,100,0,0,0,42,62,-2
414.8,414.8,307,14,102,350,75,100,0,0,0,43,61,-2
414.9,414.9,306,15,102,350,75,100,0,0,0,44,60,-2
415,415,305,15,103,350,75,100,0,0,0,45,60,-3
415.1,415.1,304,16,103,350,75,100,0,0,0,46,59,-3
415.2,415.2,304,17,103,350,75,100,0,0,0,46,58,-3
415.3,415.3,303,18,103,350,75,100,0,0,0,47,57,-3
415.4,415.4,303,20,103,350,75,100,0,0,0,47,55,-3
415.5,415.5,302,21,103,350,75,100,0,0,0,48,54,-3
415.6,415.6,302,23,103,350,75,100,0,0,0,48,52,-3
415.7,415.7,301,24,102,350,75,100,0,0,0,49,51,-2
415.8,415.8,301,25,102,350,75,100,0,0,0,49,50,-2
415.9,415.9,300,26,102,350,75,100,0,0,0,50,49,-2
416,416,299,26,103,350,75,100,0,0,0,51,49,-3
416.1,416.1,299,27,103,350,75,100,0,0,0,51,48,-3
416.2,416.2,299,29,103,350,75,100,0,0,0,51,46,-3
416.3,416.3,298,30,103,350,75,100,0,0,0,52,45,-3
416.4,416.4,298,32,103,350,75,100,0,0,0,52,43,-3
416.5,416.5,298,34,102,350,75,100,0,0,0,52,41,-2
416.6,416.6,297,36,102,350,75,100,0,0,0,53,39,-2
416.7,416.7,297,38,102,350,75,100,0,0,0,53,37,-2
416.8,416.8,296,40,102,350,75,100,0,0,0,54,35,-2
416.9,416.9,296,41,102,350,75,100,0,0,0,54,34,-2
417,417,295,43,102,350,75,100,0,0,0,55,32,-2
417.1,417.1,295,45,102,350,75,100,0,0,0,55,30,-2
417.2,417.2,295,46,102,350,75,100,0,0,0,55,29,-2
417.3,417.3,295,48,103,350,75,100,0,0,0,55,27,-3
417.4,417.4,295,50,103,350,75,100,0,0,0,55,25,-3
417.5,417.5,295,51,103,350,75,100,0,0,0,55,24,-3
417.6,417.6,295,53,103,350,75,100,0,0,0,55,22,-3
417.7,417.7,295,55,103,350,75,100,0,0,0,55,20,-3
417.8,417.8,296,57,103,350,75,100,0,0,0,54,18,-3
417.9,417.9,296,59,103,350,75,100,0,0,0,54,16,-3
418,418,296,61,103,350,75,100,0,0,0,54,14,-3
418.1,418.1,297,62,103,350,75,100,0,0,0,53,13,-3
418.2,418.2,297,63,104,350,75,100,0,0,-1,53,12,-4
418.3,418.3,296,64,104,350,75,100,0,0,-1,54,11,-4
418.4,418.4,296,65,104,350,75,100,0,0,-1,54,10,-4
418.5,418.5,296,66,104,350,75,100,0,0,0,54,9,-4
418.6,418.6,296,68,104,350,75,100,0,0,-1,54,7,-4
418.7,418.7,296,69,104,350,75,100,0,0,-1,54,6,-4
418.8,418.8,297,71,104,350,75,100,0,0,-1,53,4,-4
418.9,418.9,297,72,104,350,75,100,0,0,-1,53,3,-4
419,419,298,73,104,350,75,100,0,0,0,52,2,-4
419.1,419.1,298,75,103,350,75,100,0,0,0,52,0,-3
419.2,419.2,298,76,104,350,75,100,0,0,-1,52,-1,-4
419.3,419.3,299,77,103,350,75,100,0,0,0,51,-2,-3
419.4,419.4,299,78,104,350,75,100,0,0,-1,51,-3,-4
419.5,419.5,299,79,104,350,75,100,0,0,-1,51,-4,-4
419.6,419.6,300,80,104,350,75,100,0,0,-1,50,-5,-4
419.7,419.7,300,82,104,350,75,100,0,0,-1,50,-7,-4
419.8,419.8,300,83,104,350,75,100,0,0,-1,50,-8,-4
419.9,419.9,301,85,104,350,75,100,0,0,-1,49,-10,-4
420,420,301,86,104,350,75,100,0,0,-1,49,-11,-4
420.1,420.1,301,88,103,350,75,100,0,0,0,49,-13,-3
420.2,420.2,301,89,104,350,75,100,0,0,0,49,-14,-4
420.3,420.3,302,91,104,350,75,100,0,0,0,48,-16,-4
420.4,420.4,302,92,104,350,75,100,0,0,-1,48,-17,-4
420.5,420.5,303,92,104,350,75,100,0,0,0,47,-17,-4
420.6,420.6,305,93,104,350,75,100,0,0,0,45,-18,-4
420.7,420.7,306,94,103,350,75,100,0,0,0,44,-19,-3
420.8,420.8,307,96,103,350,75,100,0,0,0,43,-21,-3
420.9,420.9,308,97,103,350,75,100,0,0,0,42,-22,-3
421,421,310,98,103,350,75,100,0,0,0,40,-23,-3
421.1,421.1,311,99,103,350,75,100,0,0,0,39,-24,-3
421.2,421.2,313,100,103,350,75,100,0,0,0,37,-25,-3
421.3,421.3,314,101,103,350,75,100,0,0,0,36,-26,-3
421.4,421.4,315,102,103,350,75,100,0,0,0,35,-27,-3
421.5,421.5,317,102,103,350,75,100,0,0,0,33,-27,-3
421.6,421.6,318,103,103,350,75,100,0,0,0,32,-28,-3
421.7,421.7,320,103,103,350,75,100,0,0,0,30,-28,-3
421.8,421.8,322,104,103,350,75,100,0,0,0,28,-29,-3
421.9,421.9,324,105,103,350,75,100,0,0,0,26,-30,-3
422,422,325,105,103,350,75,100,0,0,0,25,-30,-3
422.1,422.1,325,105,103,350,75,100,0,0,0,25,-30,-3
422.2,422.2,325,105,103,350,75,100,0,0,0,25,-30,-3
422.3,422.3,325,105,103,350,75,100,0,0,0,25,-30,-3
422.4,422.4,325,105,103,350,75,100,0,0,0,25,-30,-3
422.5,422.5,325,105,103,350,75,100,0,0,0,25,-30,-3
422.6,422.6,333,109,103,350,75,100,0,0,0,17,-34,-3
422.7,422.7,334,109,103,350,75,100,0,0,0,16,-34,-3
422.8,422.8,335,109,103,350,75,100,0,0,0,15,-34,-3
422.9,422.9,337,109,103,350,75,100,0,0,0,13,-34,-3
423,423,338,110,103,350,75,100,0,0,0,12,-35,-3
423.1,423.1,339,111,103,350,75,100,0,0,0,11,-36,-3
423.2,423.2,340,111,103,350,75,100,0,0,0,10,-36,-3
423.3,423.3,342,111,104,350,75,100,0,0,-1,8,-36,-4
423.4,423.4,343,111,103,350,75,100,0,0,0,7,-36,-3
423.5,423.5,344,111,103,350,75,100,0,0,0,6,-36,-3
423.6,423.6,345,112,103,350,75,100,0,0,0,5,-37,-3
423.7,423.7,346,112,103,350,75,100,0,0,0,4,-37,-3
423.8,423.8,347,112,103,350,75,100,0,0,0,3,-37,-3
423.9,423.9,348,112,103,350,75,100,0,0,0,2,-37,-3
424,424,349,113,103,350,75,100,0,0,0,1,-38,-3
424.1,424.1,350,112,103,350,75,100,0,0,0,0,-37,-3
424.2,424.2,351,112,102,350,75,100,0,0,0,-1,-37,-2
424.3,424.3,353,112,102,350,75,100,0,0,0,-3,-37,-2
424.4,424.4,353,112,102,350,75,100,0,0,0,-3,-37,-2
424.5,424.5,354,112,102,350,75,100,0,0,0,-4,-37,-2
424.6,424.6,355,112,102,350,75,100,0,0,0,-5,-37,-2
424.7,424.7,356,112,102,350,75,100,0,0,0,-6,-37,-2
424.8,424.8,356,112,102,350,75,100,0,0,0,-6,-37,-2
424.9,424.9,357,111,102,350,75,100,0,0,0,-7,-36,-2
425,425,358,111,102,350,75,100,0,0,0,-8,-36,-2
425.1,425.1,359,110,102,350,75,100,0,0,0,-9,-35,-2
425.2,425.2,360,109,102,350,75,100,0,0,0,-10,-34,-2
425.3,425.3,361,109,102,350,75,100,0,0,0,-11,-34,-2
425.4,425.4,362,108,102,350,75,100,0,0,0,-12,-33,-2
425.5,425.5,363,108,102,350,75,100,0,0,0,-13,-33,-2
425.6,425.6,363,107,102,350,75,100,0,0,0,-13,-32,-2
425.7,425.7,364,107,103,350,75,100,0,0,0,-14,-32,-3
425.8,425.8,365,106,103,350,75,100,0,0,0,-15,-31,-3
425.9,425.9,366,105,102,350,75,100,0,0,0,-16,-30,-2
426,426,366,105,102,350,75,100,0,0,0,-16,-30,-2
426.1,426.1,367,104,102,350,75,100,0,0,0,-17,-29,-2
426.2,426.2,367,103,102,350,75,100,0,0,0,-17,-28,-2
426.3,426.3,368,102,102,350,75,100,0,0,0,-18,-27,-2
426.4,426.4,368,101,101,350,75,100,0,0,0,-18,-26,-1
426.5,426.5,368,101,102,350,75,100,0,0,0,-18,-26,-2
426.6,426.6,369,99,102,350,75,100,0,0,0,-19,-24,-2
426.7,426.7,369,99,102,350,75,100,0,0,0,-19,-24,-2
426.8,426.8,370,98,102,350,75,100,0,0,0,-20,-23,-2
426.9,426.9,370,97,102,350,75,100,0,0,0,-20,-22,-2
427,427,371,96,101,350,75,100,0,0,0,-21,-21,-1
427.1,427.1,371,95,102,350,75,100,0,0,0,-21,-20,-2
427.2,427.2,372,94,102,350,75,100,0,0,0,-22,-19,-2
427.3,427.3,372,93,102,350,75,100,0,0,0,-22,-18,-2
427.4,427.4,373,92,101,350,75,100,0,0,0,-23,-17,-1
427.5,427.5,373,91,102,350,75,100,0,0,0,-23,-16,-2
427.6,427.6,373,90,102,350,75,100,0,0,0,-23,-15,-2
427.7,427.7,373,89,102,350,75,100,0,0,0,-23,-14,-2
427.8,427.8,373,88,102,350,75,100,0,0,0,-23,-13,-2
427.9,427.9,373,87,102,350,75,100,0,0,0,-23,-12,-2
428,428,373,86,102,350,75,100,0,0,0,-23,-11,-2
428.1,428.1,374,85,102,350,75,100,0,0,0,-24,-10,-2
428.2,428.2,373,83,102,350,75,100,0,0,0,-23,-8,-2
428.3,428.3,373,82,102,350,75,100,0,0,0,-23,-7,-2
428.4,428.4,374,81,102,350,75,100,0,0,0,-24,-6,-2
428.5,428.5,373,79,101,350,75,100,0,0,0,-23,-4,-1
428.6,428.6,373,78,101,350,75,100,0,0,0,-23,-3,-1
428.7,428.7,373,77,101,350,75,100,0,0,0,-23,-2,-1
428.8,428.8,373,76,101,350,75,100,0,0,0,-23,-1,-1
428.9,428.9,373,75,101,350,75,100,0,0,0,-23,0,-1
429,429,373,74,101,350,75,100,0,0,0,-23,1,-1
429.1,429.1,372,74,101,350,75,100,0,0,0,-22,1,-1
429.2,429.2,372,73,101,350,75,100,0,0,0,-22,2,-1
429.3,429.3,372,72,101,350,75,100,0,0,0,-22,3,-1
429.4,429.4,372,72,101,350,75,100,0,0,0,-22,3,-1
429.5,429.5,371,71,101,350,75,100,0,0,0,-21,4,-1
429.6,429.6,371,71,100,350,75,100,0,0,0,-21,4,0
429.7,429.7,371,70,100,350,75,100,0,0,0,-21,5,0
429.8,429.8,371,70,100,350,75,100,0,0,0,-21,5,0
429.9,429.9,371,69,100,350,75,100,0,0,0,-21,6,0
430,430,371,69,100,350,75,100,0,0,0,-21,6,0
430.1,430.1,370,69,101,350,75,100,0,0,0,-20,6,-1
430.2,430.2,370,68,101,350,75,100,0,0,0,-20,7,-1
430.3,430.3,369,67,101,350,75,100,0,0,0,-19,8,-1
430.4,430.4,369,67,101,350,75,100,0,0,0,-19,8,-1
430.5,430.5,368,66,101,350,75,100,0,0,0,-18,9,-1
430.6,430.6,368,65,101,350,75,100,0,0,0,-18,10,-1
430.7,430.7,367,64,101,350,75,100,0,0,0,-17,11,-1
430.8,430.8,367,63,101,350,75,100,0,0,0,-17,12,-1
430.9,430.9,366,62,101,350,75,100,0,0,0,-16,13,-1
431,431,366,62,101,350,75,100,0,0,0,-16,13,-1
431.1,431.1,365,61,101,350,75,100,0,0,0,-15,14,-1
431.2,431.2,365,61,101,350,75,100,0,0,0,-15,14,-1
431.3,431.3,364,60,101,350,75,100,0,0,0,-14,15,-1
431.4,431.4,363,59,101,350,75,100,0,0,0,-13,16,-1
431.5,431.5,363,59,101,350,75,100,0,0,0,-13,16,-1
431.6,431.6,362,59,101,350,75,100,0,0,0,-12,16,-1
431.7,431.7,362,58,101,350,75,100,0,0,0,-12,17,-1
431.8,431.8,361,58,101,350,75,100,0,0,0,-11,17,-1
431.9,431.9,360,57,100,350,75,100,0,0,0,-10,18,0
432,432,359,56,100,350,75,100,0,0,0,-9,19,0
432.1,432.1,359,56,100,350,75,100,0,0,0,-9,19,0
432.2,432.2,358,56,100,350,75,100,0,0,0,-8,19,0
432.3,432.3,357,55,100,350,75,100,0,0,0,-7,20,0
432.4,432.4,357,55,100,350,75,100,0,0,0,-7,20,0
432.5,432.5,357,55,100,350,75,100,0,0,0,-7,20,0
432.6,432.6,356,55,100,350,75,100,0,0,0,-6,20,0
432.7,432.7,356,54,100,350,75,100,0,0,0,-6,21,0
432.8,432.8,355,54,100,350,75,100,0,0,0,-5,21,0
432.9,432.9,354,54,100,350,75,100,0,0,0,-4,21,0
433,433,354,54,100,350,75,100,0,0,0,-4,21,0
433.1,433.1,353,53,100,350,75,100,0,0,0,-3,22,0
433.2,433.2,353,53,100,350,75,100,0,0,0,-3,22,0
433.3,433.3,352,53,100,350,75,100,0,0,0,-2,22,0
433.4,433.4,352,54,100,350,75,100,0,0,0,-2,21,0
433.5,433.5,351,53,99,350,75,100,0,0,0,-1,22,1
433.6,433.6,351,53,99,350,75,100,0,0,0,-1,22,1
433.7,433.7,351,54,99,350,75,100,0,0,0,-1,21,1
433.8,433.8,350,54,99,350,75,100,0,0,0,0,21,1
433.9,433.9,350,55,99,350,75,100,0,0,0,0,20,1
434,434,350,56,99,350,75,100,0,0,0,0,19,1
434.1,434.1,349,56,99,350,75,100,0,0,0,1,19,1
434.2,434.2,349,56,99,350,75,100,0,0,0,1,19,1
434.3,434.3,348,56,99,350,75,100,0,0,0,2,19,1
434.4,434.4,348,56,99,350,75,100,0,0,0,2,19,1
434.5,434.5,348,56,99,350,75,100,0,0,0,2,19,1
434.6,434.6,347,56,99,350,75,100,0,0,0,3,19,1
434.7,434.7,347,56,99,350,75,100,0,0,0,3,19,1
434.8,434.8,346,57,100,350,75,100,0,0,0,4,18,0
434.9,434.9,346,57,100,350,75,100,0,0,0,4,18,0
435,435,346,57,100,350,75,100,0,0,0,4,18,0
435.1,435.1,345,58,100,350,75,100,0,0,0,5,17,0
435.2,435.2,345,58,100,350,75,100,0,0,0,5,17,0
435.3,435.3,344,58,100,350,75,100,0,0,0,6,17,0
435.4,435.4,344,59,100,350,75,100,0,0,0,6,16,0
435.5,435.5,343,60,100,350,75,100,0,0,0,7,15,0
435.6,435.6,342,60,100,350,75,100,0,0,0,8,15,0
435.7,435.7,341,61,100,350,75,100,0,0,0,9,14,0
435.8,435.8,341,61,100,350,75,100,0,0,0,9,14,0
435.9,435.9,340,62,100,350,75,100,0,0,0,10,13,0
436,436,339,62,100,350,75,100,0,0,0,11,13,0
436.1,436.1,339,63,100,350,75,100,0,0,0,11,12,0
436.2,436.2,338,63,100,350,75,100,0,0,0,12,12,0
436.3,436.3,337,64,100,350,75,100,0,0,0,13,11,0
436.4,436.4,337,65,101,350,75,100,0,0,0,13,10,-1
436.5,436.5,337,65,101,350,75,100,0,0,0,13,10,-1
436.6,436.6,336,65,101,350,75,100,0,0,0,14,10,-1
436.7,436.7,336,66,101,350,75,100,0,0,0,14,9,-1
436.8,436.8,335,66,101,350,75,100,0,0,0,15,9,-1
436.9,436.9,334,67,101,350,75,100,0,0,0,16,8,-1
437,437,334,68,101,350,75,100,0,0,0,16,7,-1
437.1,437.1,333,68,101,350,75,100,0,0,0,17,7,-1
437.2,437.2,332,69,101,350,75,100,0,0,0,18,6,-1
437.3,437.3,331,70,101,350,75,100,0,0,0,19,5,-1
437.4,437.4,330,71,101,350,75,100,0,0,0,20,4,-1
437.5,437.5,329,72,101,350,75,100,0,0,0,21,3,-1
437.6,437.6,329,73,101,350,75,100,0,0,0,21,2,-1
437.7,437.7,329,74,101,350,75,100,0,0,0,21,1,-1
437.8,437.8,328,75,101,350,75,100,0,0,0,22,0,-1
437.9,437.9,328,76,101,350,75,100,0,0,0,22,-1,-1
438,438,327,77,101,350,75,100,0,0,0,23,-2,-1
438.1,438.1,327,78,101,350,75,100,0,0,0,23,-3,-1
438.2,438.2,327,79,101,350,75,100,0,0,0,23,-4,-1
438.3,438.3,327,80,101,350,75,100,0,0,0,23,-5,-1
438.4,438.4,326,81,101,350,75,100,0,0,0,24,-6,-1
438.5,438.5,326,82,102,350,75,100,0,0,0,24,-7,-2
438.6,438.6,325,83,102,350,75,100,0,0,0,25,-8,-2
438.7,438.7,325,84,102,350,75,100,0,0,0,25,-9,-2
438.8,438.8,324,85,102,350,75,100,0,0,0,26,-10,-2
438.9,438.9,324,86,102,350,75,100,0,0,0,26,-11,-2
439,439,323,87,102,350,75,100,0,0,0,27,-12,-2
439.1,439.1,323,87,102,350,75,100,0,0,0,27,-12,-2
439.2,439.2,322,88,102,350,75,100,0,0,0,28,-13,-2
439.3,439.3,322,89,102,350,75,100,0,0,0,28,-14,-2
439.4,439.4,322,90,102,350,75,100,0,0,0,28,-15,-2
439.5,439.5,322,91,102,350,75,100,0,0,0,28,-16,-2
439.6,439.6,321,91,102,350,75,100,0,0,0,29,-16,-2
439.7,439.7,321,92,102,350,75,100,0,0,0,29,-17,-2
439.8,439.8,320,93,102,350,75,100,0,0,0,30,-18,-2
439.9,439.9,320,93,102,350,75,100,0,0,0,30,-18,-2
440,440,320,94,102,350,75,100,0,0,0,30,-19,-2
440.1,440.1,319,95,102,350,75,100,0,0,0,31,-20,-2
440.2,440.2,319,96,102,350,75,100,0,0,0,31,-21,-2
440.3,440.3,319,96,102,350,75,100,0,0,0,31,-21,-2
440.4,440.4,318,97,102,350,75,100,0,0,0,32,-22,-2
440.5,440.5,319,97,102,350,75,100,0,0,0,31,-22,-2
440.6,440.6,319,97,102,350,75,100,0,0,0,31,-22,-2
440.7,440.7,319,98,102,350,75,100,0,0,0,31,-23,-2
440.8,440.8,319,99,102,350,75,100,0,0,0,31,-24,-2
440.9,440.9,318,99,102,350,75,100,0,0,0,32,-24,-2
441,441,318,100,102,350,75,100,0,0,0,32,-25,-2
441.1,441.1,318,101,102,350,75,100,0,0,0,32,-26,-2
441.2,441.2,318,101,102,350,75,100,0,0,0,32,-26,-2
441.3,441.3,318,102,102,350,75,100,0,0,0,32,-27,-2
441.4,441.4,318,102,102,350,75,100,0,0,0,32,-27,-2
441.5,441.5,319,102,102,350,75,100,0,0,0,31,-27,-2
441.6,441.6,319,102,102,350,75,100,0,0,0,31,-27,-2
441.7,441.7,320,102,102,350,75,100,0,0,0,30,-27,-2
441.8,441.8,321,102,102,350,75,100,0,0,0,29,-27,-2
441.9,441.9,321,102,102,350,75,100,0,0,0,29,-27,-2
442,442,322,103,102,350,75,100,0,0,0,28,-28,-2
442.1,442.1,322,103,102,350,75,100,0,0,0,28,-28,-2
442.2,442.2,323,103,102,350,75,100,0,0,0,27,-28,-2
442.3,442.3,323,103,102,350,75,100,0,0,0,27,-28,-2
442.4,442.4,324,103,102,350,75,100,0,0,0,26,-28,-2
442.5,442.5,325,102,102,350,75,100,0,0,0,25,-27,-2
442.6,442.6,326,102,102,350,75,100,0,0,0,24,-27,-2
442.7,442.7,326,102,102,350,75,100,0,0,0,24,-27,-2
442.8,442.8,327,102,102,350,75,100,0,0,0,23,-27,-2
442.9,442.9,328,101,102,350,75,100,0,0,0,22,-26,-2
443,443,328,101,102,350,75,100,0,0,0,22,-26,-2
443.1,443.1,329,101,102,350,75,100,0,0,0,21,-26,-2
443.2,443.2,329,100,102,350,75,100,0,0,0,21,-25,-2
443.3,443.3,330,99,102,350,75,100,0,0,0,20,-24,-2
443.4,443.4,331,99,102,350,75,100,0,0,0,19,-24,-2
443.5,443.5,332,98,102,350,75,100,0,0,0,18,-23,-2
443.6,443.6,333,98,102,350,75,100,0,0,0,17,-23,-2
443.7,443.7,334,97,102,350,75,100,0,0,0,16,-22,-2
443.8,443.8,335,97,102,350,75,100,0,0,0,15,-22,-2
443.9,443.9,336,96,102,350,75,100,0,0,0,14,-21,-2
444,444,337,96,102,350,75,100,0,0,0,13,-21,-2
444.1,444.1,338,95,101,350,75,100,0,0,0,12,-20,-1
444.2,444.2,339,94,101,350,75,100,0,0,0,11,-19,-1
444.3,444.3,340,94,101,350,75,100,0,0,0,10,-19,-1
444.4,444.4,341,93,101,350,75,100,0,0,0,9,-18,-1
444.5,444.5,342,92,101,350,75,100,0,0,0,8,-17,-1
444.6,444.6,343,92,101,350,75,100,0,0,0,7,-17,-1
444.7,444.7,344,91,101,350,75,100,0,0,0,6,-16,-1
444.8,444.8,345,90,101,350,75,100,0,0,0,5,-15,-1
444.9,444.9,346,90,101,350,75,100,0,0,0,4,-15,-1
445,445,347,89,101,350,75,100,0,0,0,3,-14,-1
445.1,445.1,349,88,101,350,75,100,0,0,0,1,-13,-1
445.2,445.2,350,87,101,350,75,100,0,0,0,0,-12,-1
445.3,445.3,352,87,101,350,75,100,0,0,0,-2,-12,-1
445.4,445.4,354,86,101,350,75,100,0,0,0,-4,-11,-1
445.5,445.5,355,85,101,350,75,100,0,0,0,-5,-10,-1
445.6,445.6,356,84,101,350,75,100,0,0,0,-6,-9,-1
445.7,445.7,357,83,101,350,75,100,0,0,0,-7,-8,-1
445.8,445.8,359,82,101,350,75,100,0,0,0,-9,-7,-1
445.9,445.9,360,81,101,350,75,100,0,0,0,-10,-6,-1
446,446,361,80,101,350,75,100,0,0,0,-11,-5,-1
446.1,446.1,362,79,101,350,75,100,0,0,0,-12,-4,-1
446.2,446.2,363,78,101,350,75,100,0,0,0,-13,-3,-1
446.3,446.3,364,77,101,350,75,100,0,0,0,-14,-2,-1
446.4,446.4,365,76,101,350,75,100,0,0,0,-15,-1,-1
446.5,446.5,365,75,101,350,75,100,0,0,0,-15,0,-1
446.6,446.6,366,74,101,350,75,100,0,0,0,-16,1,-1
446.7,446.7,367,73,101,350,75,100,0,0,0,-17,2,-1
446.8,446.8,368,72,101,350,75,100,0,0,0,-18,3,-1
446.9,446.9,369,70,101,350,75,100,0,0,0,-19,5,-1
447,447,370,69,101,350,75,100,0,0,0,-20,6,-1
447.1,447.1,371,68,101,350,75,100,0,0,0,-21,7,-1
447.2,447.2,373,67,101,350,75,100,0,0,0,-23,8,-1
447.3,447.3,374,66,101,350,75,100,0,0,0,-24,9,-1
447.4,447.4,375,64,101,350,75,100,0,0,0,-25,11,-1
447.5,447.5,376,63,101,350,75,100,0,0,0,-26,12,-1
447.6,447.6,377,61,101,350,75,100,0,0,0,-27,14,-1
447.7,447.7,379,60,100,350,75,100,0,0,0,-29,15,0
447.8,447.8,380,60,100,350,75,100,0,0,0,-30,15,0
447.9,447.9,382,59,100,350,75,100,0,0,0,-32,16,0
448,448,383,58,100,350,75,100,0,0,0,-33,17,0
448.1,448.1,384,57,100,350,75,100,0,0,0,-34,18,0
448.2,448.2,385,55,100,350,75,100,0,0,0,-35,20,0
448.3,448.3,386,54,100,350,75,100,0,0,0,-36,21,0
448.4,448.4,387,53,100,350,75,100,0,0,0,-37,22,0
448.5,448.5,387,52,100,350,75,100,0,0,0,-37,23,0
448.6,448.6,388,51,100,350,75,100,0,0,0,-38,24,0
448.7,448.7,389,50,100,350,75,100,0,0,0,-39,25,0
448.8,448.8,389,49,99,350,75,100,0,0,0,-39,26,1
448.9,448.9,390,48,100,350,75,100,0,0,0,-40,27,0
449,449,390,47,99,350,75,100,0,0,0,-40,28,1
449.1,449.1,390,46,99,350,75,100,0,0,0,-40,29,1
449.2,449.2,391,46,99,350,75,100,0,0,0,-41,29,1
449.3,449.3,391,45,99,350,75,100,0,0,0,-41,30,1
449.4,449.4,391,45,99,350,75,100,0,0,0,-41,30,1
449.5,449.5,391,45,99,350,75,100,0,0,0,-41,30,1
449.6,449.6,392,45,99,350,75,100,0,0,0,-42,30,1
449.7,449.7,392,44,99,350,75,100,0,0,0,-42,31,1
449.8,449.8,393,44,100,350,75,100,0,0,0,-43,31,0
449.9,449.9,393,43,100,350,75,100,0,0,0,-43,32,0
450,450,393,42,100,350,75,100,0,0,0,-43,33,0
450.1,450.1,393,42,100,350,75,100,0,0,0,-43,33,0
450.2,450.2,393,41,100,350,75,100,0,0,0,-43,34,0
450.3,450.3,393,41,100,350,75,100,0,0,0,-43,34,0
450.4,450.4,393,41,100,350,75,100,0,0,0,-43,34,0
450.5,450.5,392,40,100,350,75,100,0,0,0,-42,35,0
450.6,450.6,392,40,100,350,75,100,0,0,0,-42,35,0
450.7,450.7,392,40,99,350,75,100,0,0,0,-42,35,1
450.8,450.8,391,40,99,350,75,100,0,0,0,-41,35,1
450.9,450.9,391,40,99,350,75,100,0,0,0,-41,35,1
451,451,391,40,99,350,75,100,0,0,0,-41,35,1
451.1,451.1,390,40,100,350,75,100,0,0,0,-40,35,0
451.2,451.2,390,40,100,350,75,100,0,0,0,-40,35,0
451.3,451.3,389,40,100,350,75,100,0,0,0,-39,35,0
451.4,451.4,388,40,100,350,75,100,0,0,0,-38,35,0
451.5,451.5,388,39,100,350,75,100,0,0,0,-38,36,0
451.6,451.6,387,39,100,350,75,100,0,0,0,-37,36,0
451.7,451.7,386,39,100,350,75,100,0,0,0,-36,36,0
451.8,451.8,385,39,100,350,75,100,0,0,0,-35,36,0
451.9,451.9,384,39,100,350,75,100,0,0,0,-34,36,0
452,452,382,39,100,350,75,100,0,0,0,-32,36,0
452.1,452.1,381,39,100,350,75,100,0,0,0,-31,36,0
452.2,452.2,380,40,100,350,75,100,0,0,0,-30,35,0
452.3,452.3,378,41,100,350,75,100,0,0,0,-28,34,0
452.4,452.4,377,42,99,350,75,100,0,0,0,-27,33,1
452.5,452.5,375,43,99,350,75,100,0,0,0,-25,32,1
452.6,452.6,374,44,99,350,75,100,0,0,0,-24,31,1
452.7,452.7,373,45,99,350,75,100,0,0,0,-23,30,1
452.8,452.8,372,45,99,350,75,100,0,0,0,-22,30,1
452.9,452.9,371,46,99,350,75,100,0,0,0,-21,29,1
453,453,370,46,99,350,75,100,0,0,0,-20,29,1
453.1,453.1,369,47,99,350,75,100,0,0,0,-19,28,1
453.2,453.2,368,47,99,350,75,100,0,0,0,-18,28,1
453.3,453.3,367,48,99,350,75,100,0,0,0,-17,27,1
453.4,453.4,366,49,99,350,75,100,0,0,0,-16,26,1
453.5,453.5,366,49,99,350,75,100,-2,9,0,-16,26,1
453.6,453.6,364,50,99,350,75,100,0,0,0,-14,25,1
453.7,453.7,364,50,99,350,75,100,-1,5,0,-14,25,1
453.8,453.8,362,52,99,350,75,100,-1,4,0,-12,23,1
453.9,453.9,361,54,99,350,75,100,-1,4,0,-11,21,1
454,454,360,55,99,350,75,100,-1,4,0,-10,20,1
454.1,454.1,358,57,99,350,75,100,-1,4,0,-8,18,1
454.2,454.2,357,57,99,350,75,100,0,4,0,-7,18,1
454.3,454.3,355,58,99,350,75,100,0,4,0,-5,17,1
454.4,454.4,354,58,99,350,75,100,0,4,0,-4,17,1
454.5,454.5,353,59,99,350,75,100,0,3,0,-3,16,1
454.6,454.6,351,61,99,350,75,100,0,3,0,-1,14,1
454.7,454.7,350,62,99,350,75,100,1,3,0,0,13,1
454.8,454.8,348,62,99,350,75,100,1,3,0,2,13,1
454.9,454.9,347,63,99,350,75,100,1,3,0,3,12,1
455,455,346,64,99,350,75,100,1,2,0,4,11,1
455.1,455.1,344,65,99,350,75,100,2,1,0,6,10,1
455.2,455.2,343,66,99,350,75,100,2,1,0,7,9,1
455.3,455.3,342,66,99,350,75,100,2,1,0,8,9,1
455.4,455.4,341,67,99,350,75,100,2,1,0,9,8,1
455.5,455.5,340,68,99,350,75,100,2,1,0,10,7,1
455.6,455.6,338,68,99,350,75,100,3,1,0,12,7,1
455.7,455.7,337,69,99,350,75,100,3,1,0,13,6,1
455.8,455.8,336,70,98,350,75,100,3,0,0,14,5,2
455.9,455.9,335,71,98,350,75,100,3,0,0,15,4,2
456,456,334,72,98,350,75,100,3,0,0,16,3,2
456.1,456.1,333,73,98,350,75,100,3,0,0,17,2,2
456.2,456.2,333,74,98,350,75,100,4,0,0,17,1,2
456.3,456.3,332,76,98,350,75,100,4,0,0,18,-1,2
456.4,456.4,330,76,98,350,75,100,4,-1,0,20,-1,2
456.5,456.5,330,77,98,350,75,100,4,-1,0,20,-2,2
456.6,456.6,329,77,99,350,75,100,4,-1,0,21,-2,1
456.7,456.7,328,78,99,350,75,100,4,-1,0,22,-3,1
456.8,456.8,327,79,99,350,75,100,5,-1,0,23,-4,1
456.9,456.9,326,80,99,350,75,100,5,-1,0,24,-5,1
457,457,325,81,99,350,75,100,5,-2,0,25,-6,1
457.1,457.1,324,82,99,350,75,100,9,-2,0,26,-7,1
457.2,457.2,323,83,99,350,75,100,9,-2,0,27,-8,1
457.3,457.3,323,83,100,350,75,100,9,-2,0,27,-8,0
457.4,457.4,322,84,100,350,75,100,9,-2,0,28,-9,0
457.5,457.5,322,85,100,350,75,100,9,-2,0,28,-10,0
457.6,457.6,322,86,100,350,75,100,10,-3,0,28,-11,0
457.7,457.7,321,87,100,350,75,100,10,-3,0,29,-12,0
457.8,457.8,321,87,100,350,75,100,10,-3,0,29,-12,0
457.9,457.9,321,87,100,350,75,100,10,-3,0,29,-12,0
458,458,320,88,100,350,75,100,10,-3,0,30,-13,0
458.1,458.1,320,88,100,350,75,100,10,-3,0,30,-13,0
458.2,458.2,320,88,100,350,75,100,10,-3,0,30,-13,0
458.3,458.3,320,89,100,350,75,100,10,-3,0,30,-14,0
458.4,458.4,320,89,100,350,75,100,10,-3,0,30,-14,0
458.5,458.5,320,89,100,350,75,100,0,0,0,30,-14,0
458.6,458.6,320,89,100,350,75,100,0,0,0,30,-14,0
458.7,458.7,320,89,100,350,75,100,0,0,0,30,-14,0
458.8,458.8,320,90,100,350,75,100,0,0,0,30,-15,0
458.9,458.9,320,90,100,350,75,100,0,0,0,30,-15,0
459,459,320,90,100,350,75,100,0,0,0,30,-15,0
459.1,459.1,320,91,100,350,75,100,0,0,0,30,-16,0
459.2,459.2,321,92,100,350,75,100,0,0,0,29,-17,0
459.3,459.3,321,92,100,350,75,100,0,0,0,29,-17,0
459.4,459.4,322,92,100,350,75,100,0,0,0,28,-17,0
459.5,459.5,322,92,100,350,75,100,0,0,0,28,-17,0
459.6,459.6,323,93,100,350,75,100,0,0,0,27,-18,0
459.7,459.7,323,93,100,350,75,100,0,0,0,27,-18,0
459.8,459.8,324,94,100,350,75,100,0,0,0,26,-19,0
459.9,459.9,325,94,100,350,75,100,0,0,0,25,-19,0
460,460,326,94,101,350,75,100,0,0,0,24,-19,-1
460.1,460.1,326,94,101,350,75,100,0,0,0,24,-19,-1
460.2,460.2,327,94,101,350,75,100,0,0,0,23,-19,-1
460.3,460.3,327,94,101,350,75,100,0,0,0,23,-19,-1
460.4,460.4,328,94,101,350,75,100,0,0,0,22,-19,-1
460.5,460.5,328,94,101,350,75,100,0,0,0,22,-19,-1
460.6,460.6,329,94,102,350,75,100,0,0,0,21,-19,-2
460.7,460.7,330,94,102,350,75,100,0,0,0,20,-19,-2
460.8,460.8,330,93,102,350,75,100,0,0,0,20,-18,-2
460.9,460.9,331,93,102,350,75,100,0,0,0,19,-18,-2
461,461,332,93,102,350,75,100,0,0,0,18,-18,-2
461.1,461.1,333,92,102,350,75,100,0,0,0,17,-17,-2
461.2,461.2,333,92,102,350,75,100,0,0,0,17,-17,-2
461.3,461.3,334,91,102,350,75,100,0,0,0,16,-16,-2
461.4,461.4,335,91,102,350,75,100,0,0,0,15,-16,-2
461.5,461.5,336,91,102,350,75,100,0,0,0,14,-16,-2
461.6,461.6,337,90,102,350,75,100,0,0,0,13,-15,-2
461.7,461.7,338,90,102,350,75,100,0,0,0,12,-15,-2
461.8,461.8,339,89,102,350,75,100,0,0,0,11,-14,-2
461.9,461.9,339,88,101,350,75,100,0,0,0,11,-13,-1
462,462,340,88,101,350,75,100,0,0,0,10,-13,-1
462.1,462.1,340,88,101,350,75,100,0,0,0,10,-13,-1
462.2,462.2,340,88,101,350,75,100,0,0,0,10,-13,-1
462.3,462.3,341,87,101,350,75,100,0,0,0,9,-12,-1
462.4,462.4,341,87,101,350,75,100,0,0,0,9,-12,-1
462.5,462.5,342,86,101,350,75,100,0,0,0,8,-11,-1
462.6,462.6,342,86,101,350,75,100,0,0,0,8,-11,-1
462.7,462.7,343,85,101,350,75,100,0,0,0,7,-10,-1
462.8,462.8,343,85,101,350,75,100,0,0,0,7,-10,-1
462.9,462.9,344,84,101,350,75,100,0,0,0,6,-9,-1
463,463,344,84,101,350,75,100,0,0,0,6,-9,-1
463.1,463.1,344,83,101,350,125,100,0,0,0,6,42,-1
463.2,463.2,345,82,100,350,125,100,0,0,0,5,43,0
463.3,463.3,346,81,100,350,125,100,0,0,0,4,44,0
463.4,463.4,346,81,100,350,125,100,0,0,0,4,44,0
463.5,463.5,347,80,100,350,125,100,0,0,0,3,45,0
463.6,463.6,348,79,100,350,125,100,0,0,0,2,46,0
463.7,463.7,348,79,99,350,125,100,0,0,0,2,46,1
463.8,463.8,349,79,99,350,125,100,0,0,0,1,46,1
463.9,463.9,350,78,100,350,125,100,0,0,0,0,47,0
464,464,351,77,99,350,125,100,0,0,0,-1,48,1
464.1,464.1,351,77,99,350,125,100,0,0,0,-1,48,1
464.2,464.2,352,76,99,350,125,100,0,0,0,-2,49,1
464.3,464.3,353,75,99,350,125,100,0,0,0,-3,50,1
464.4,464.4,353,74,99,350,125,100,0,0,0,-3,51,1
464.5,464.5,354,73,99,350,125,100,0,0,0,-4,52,1
464.6,464.6,355,72,100,350,125,100,0,0,0,-5,53,0
464.7,464.7,355,72,100,350,125,100,0,0,0,-5,53,0
464.8,464.8,356,71,100,350,125,100,0,0,0,-6,54,0
464.9,464.9,357,71,100,350,125,100,0,0,0,-7,54,0
465,465,357,71,100,350,125,100,0,0,0,-7,54,0
465.1,465.1,358,71,100,350,125,100,0,0,0,-8,54,0
465.2,465.2,359,70,100,350,125,100,0,0,0,-9,55,0
465.3,465.3,360,70,100,350,125,100,0,0,0,-10,55,0
465.4,465.4,360,69,100,350,125,100,0,0,0,-10,56,0
465.5,465.5,361,69,100,350,125,100,0,0,0,-11,56,0
465.6,465.6,362,68,100,350,125,100,0,0,0,-12,57,0
465.7,465.7,362,68,100,350,125,100,0,0,0,-12,57,0
465.8,465.8,363,68,100,350,125,100,0,0,0,-13,57,0
465.9,465.9,363,68,100,350,125,100,0,0,0,-13,57,0
466,466,364,67,101,350,125,100,0,0,0,-14,58,-1
466.1,466.1,365,67,101,350,125,100,0,0,0,-15,58,-1
466.2,466.2,365,67,101,350,125,100,0,0,0,-15,58,-1
466.3,466.3,366,67,101,350,125,100,0,0,0,-16,58,-1
466.4,466.4,366,68,101,350,125,100,0,0,0,-16,57,-1
466.5,466.5,366,68,101,350,125,100,0,0,0,-16,57,-1
466.6,466.6,366,69,101,350,125,100,0,0,0,-16,56,-1
466.7,466.7,367,70,100,350,125,100,0,0,0,-17,55,0
466.8,466.8,368,71,100,350,125,100,0,0,0,-18,54,0
466.9,466.9,368,72,100,350,125,100,0,0,0,-18,53,0
467,467,369,73,100,350,125,100,0,0,0,-19,52,0
467.1,467.1,369,74,100,350,125,100,0,0,0,-19,51,0
467.2,467.2,370,75,100,350,125,100,0,0,0,-20,50,0
467.3,467.3,370,75,100,350,125,100,0,0,0,-20,50,0
467.4,467.4,370,76,100,350,125,100,0,0,0,-20,49,0
467.5,467.5,371,76,101,350,125,100,0,0,0,-21,49,-1
467.6,467.6,371,76,101,350,125,100,0,0,0,-21,49,-1
467.7,467.7,372,76,101,350,125,100,0,0,0,-22,49,-1
467.8,467.8,372,77,101,350,125,100,0,0,0,-22,48,-1
467.9,467.9,373,78,101,350,125,100,0,0,0,-23,47,-1
468,468,374,79,101,350,125,100,0,0,0,-24,46,-1
468.1,468.1,374,80,101,350,125,100,0,0,0,-24,45,-1
468.2,468.2,374,82,102,350,125,100,0,0,0,-24,43,-2
468.3,468.3,375,83,101,350,125,100,0,0,0,-25,42,-1
468.4,468.4,375,84,101,350,125,100,0,0,0,-25,41,-1
468.5,468.5,375,85,101,350,125,100,0,0,0,-25,40,-1
468.6,468.6,376,87,101,350,125,100,0,0,0,-26,38,-1
468.7,468.7,377,88,101,350,125,100,0,0,0,-27,37,-1
468.8,468.8,377,89,102,350,125,100,0,0,0,-27,36,-2
468.9,468.9,378,89,102,350,125,100,0,0,0,-28,36,-2
469,469,378,90,102,350,125,100,0,0,0,-28,35,-2
469.1,469.1,378,91,102,350,125,100,0,0,0,-28,34,-2
469.2,469.2,378,92,102,350,125,100,0,0,0,-28,33,-2
469.3,469.3,379,93,102,350,125,100,0,0,0,-29,32,-2
469.4,469.4,379,95,101,350,125,100,0,0,0,-29,30,-1
469.5,469.5,379,96,101,350,125,100,0,0,0,-29,29,-1
469.6,469.6,379,98,101,350,125,100,0,0,0,-29,27,-1
469.7,469.7,379,99,101,350,125,100,0,0,0,-29,26,-1
469.8,469.8,379,100,101,350,125,100,0,0,0,-29,25,-1
469.9,469.9,379,101,102,350,125,100,0,0,0,-29,24,-2
470,470,379,103,102,350,125,100,0,0,0,-29,22,-2
470.1,470.1,379,104,102,350,125,100,0,0,0,-29,21,-2
470.2,470.2,378,106,102,350,125,100,0,0,0,-28,19,-2
470.3,470.3,378,108,102,350,125,100,0,0,0,-28,17,-2
470.4,470.4,377,109,102,350,125,100,0,0,0,-27,16,-2
470.5,470.5,377,111,102,350,125,100,0,0,0,-27,14,-2
470.6,470.6,377,112,102,350,125,100,0,0,0,-27,13,-2
470.7,470.7,376,114,102,350,125,100,0,0,0,-26,11,-2
470.8,470.8,376,115,101,350,125,100,0,0,0,-26,10,-1
470.9,470.9,376,118,101,350,125,100,0,0,0,-26,7,-1
471,471,375,120,102,350,125,100,0,0,0,-25,5,-2
471.1,471.1,374,121,101,350,125,100,0,0,0,-24,4,-1
471.2,471.2,374,123,102,350,125,100,0,0,0,-24,2,-2
471.3,471.3,373,124,102,350,125,100,0,0,0,-23,1,-2
471.4,471.4,373,125,102,350,125,100,0,0,0,-23,0,-2
471.5,471.5,372,127,102,350,125,100,0,0,0,-22,-2,-2
471.6,471.6,372,128,102,350,125,100,0,0,0,-22,-3,-2
471.7,471.7,371,130,102,350,125,100,0,0,0,-21,-5,-2
471.8,471.8,371,132,102,350,125,100,0,0,0,-21,-7,-2
471.9,471.9,370,134,103,350,125,100,0,0,0,-20,-9,-3
472,472,369,135,103,350,125,100,0,0,0,-19,-10,-3
472.1,472.1,369,137,103,350,125,100,0,0,0,-19,-12,-3
472.2,472.2,368,139,103,350,125,100,0,0,0,-18,-14,-3
472.3,472.3,368,140,103,350,125,100,0,0,0,-18,-15,-3
472.4,472.4,367,142,102,350,125,100,0,0,0,-17,-17,-2
472.5,472.5,366,143,102,350,125,100,0,0,0,-16,-18,-2
472.6,472.6,365,144,102,350,125,100,0,0,0,-15,-19,-2
472.7,472.7,364,146,102,350,125,100,0,0,0,-14,-21,-2
472.8,472.8,363,147,102,350,125,100,0,0,0,-13,-22,-2
472.9,472.9,362,148,102,350,125,100,0,0,0,-12,-23,-2
473,473,361,149,102,350,125,100,0,0,0,-11,-24,-2
473.1,473.1,360,151,102,350,125,100,0,0,0,-10,-26,-2
473.2,473.2,359,153,102,350,125,100,0,0,0,-9,-28,-2
473.3,473.3,358,154,102,350,125,100,0,0,0,-8,-29,-2
473.4,473.4,357,156,102,350,125,100,0,0,0,-7,-31,-2
473.5,473.5,355,158,102,350,125,100,0,0,0,-5,-33,-2
473.6,473.6,354,159,102,350,125,100,0,0,0,-4,-34,-2
473.7,473.7,352,161,102,350,125,100,0,0,0,-2,-36,-2
473.8,473.8,351,162,103,350,125,100,0,0,0,-1,-37,-3
473.9,473.9,350,163,103,350,125,100,0,0,0,0,-38,-3
474,474,349,164,103,350,125,100,0,0,0,1,-39,-3
474.1,474.1,347,165,103,350,125,100,0,0,0,3,-40,-3
474.2,474.2,346,166,103,350,125,100,0,0,0,4,-41,-3
474.3,474.3,346,166,103,350,125,100,0,0,0,4,-41,-3
474.4,474.4,344,167,103,350,125,100,0,0,0,6,-42,-3
474.5,474.5,343,168,103,350,125,100,0,0,0,7,-43,-3
474.6,474.6,342,169,103,350,125,100,0,0,0,8,-44,-3
474.7,474.7,341,169,104,350,125,100,0,0,-1,9,-44,-4
474.8,474.8,340,170,104,350,125,100,0,0,0,10,-45,-4
474.9,474.9,338,171,104,350,125,100,0,0,-1,12,-46,-4
475,475,336,171,104,350,125,100,0,0,-1,14,-46,-4
475.1,475.1,335,171,104,350,125,100,0,0,0,15,-46,-4
475.2,475.2,333,172,104,350,125,100,0,0,-1,17,-47,-4
475.3,475.3,332,172,104,350,125,100,0,0,-1,18,-47,-4
475.4,475.4,331,173,104,350,125,100,0,0,-1,19,-48,-4
475.5,475.5,329,173,104,350,125,100,0,0,-1,21,-48,-4
475.6,475.6,328,173,104,350,125,100,0,0,-1,22,-48,-4
475.7,475.7,327,173,104,350,125,100,0,0,-1,23,-48,-4
475.8,475.8,325,173,104,350,125,100,0,0,-1,25,-48,-4
475.9,475.9,324,174,104,350,125,100,0,0,-1,26,-49,-4
476,476,322,174,104,350,125,100,0,0,-1,28,-49,-4
476.1,476.1,321,174,104,350,125,100,0,0,-1,29,-49,-4
476.2,476.2,320,174,104,350,125,100,0,0,-1,30,-49,-4
476.3,476.3,318,174,104,350,125,100,0,0,-1,32,-49,-4
476.4,476.4,317,174,104,350,125,100,0,0,0,33,-49,-4
476.5,476.5,316,174,104,350,125,100,0,0,0,34,-49,-4
476.6,476.6,315,174,104,350,125,100,0,0,-1,35,-49,-4
476.7,476.7,314,173,104,350,125,100,0,0,0,36,-48,-4
476.8,476.8,313,173,104,350,125,100,0,0,0,37,-48,-4
476.9,476.9,311,172,103,350,125,100,0,0,0,39,-47,-3
477,477,310,171,103,350,125,100,0,0,0,40,-46,-3
477.1,477.1,310,170,103,350,125,100,0,0,0,40,-45,-3
477.2,477.2,309,169,102,350,125,100,0,0,0,41,-44,-2
477.3,477.3,308,169,102,350,125,100,0,0,0,42,-44,-2
477.4,477.4,306,168,102,350,125,100,0,0,0,44,-43,-2
477.5,477.5,306,167,102,350,125,100,0,0,0,44,-42,-2
477.6,477.6,305,167,102,350,125,100,0,0,0,45,-42,-2
477.7,477.7,305,166,102,350,125,100,0,0,0,45,-41,-2
477.8,477.8,304,165,102,350,125,100,0,0,0,46,-40,-2
477.9,477.9,304,164,102,350,125,100,0,0,0,46,-39,-2
478,478,303,163,102,350,125,100,0,0,0,47,-38,-2
478.1,478.1,303,162,102,350,125,100,0,0,0,47,-37,-2
478.2,478.2,302,161,102,350,125,100,0,0,0,48,-36,-2
478.3,478.3,302,160,102,350,125,100,0,0,0,48,-35,-2
478.4,478.4,301,159,102,350,125,100,0,0,0,49,-34,-2
478.5,478.5,301,158,102,350,125,100,0,0,0,49,-33,-2
478.6,478.6,301,156,102,350,125,100,0,0,0,49,-31,-2
478.7,478.7,301,155,102,350,125,100,0,0,0,49,-30,-2
478.8,478.8,300,153,102,350,125,100,0,0,0,50,-28,-2
478.9,478.9,300,151,102,350,125,100,0,0,0,50,-26,-2
479,479,301,149,102,350,125,100,0,0,0,49,-24,-2
479.1,479.1,301,147,102,350,125,100,0,0,0,49,-22,-2
479.2,479.2,301,145,102,350,125,100,0,0,0,49,-20,-2
479.3,479.3,301,143,102,350,125,100,0,0,0,49,-18,-2
479.4,479.4,301,142,101,350,125,100,0,0,0,49,-17,-1
479.5,479.5,302,140,101,350,125,100,0,0,0,48,-15,-1
479.6,479.6,301,138,101,350,125,100,0,0,0,49,-13,-1
479.7,479.7,302,137,101,350,125,100,0,0,0,48,-12,-1
479.8,479.8,301,135,101,350,125,100,0,0,0,49,-10,-1
479.9,479.9,301,134,101,350,125,100,0,0,0,49,-9,-1
480,480,302,132,101,350,125,100,0,0,0,48,-7,-1
480.1,480.1,302,131,101,350,125,100,0,0,0,48,-6,-1
480.2,480.2,302,129,100,350,125,100,0,0,0,48,-4,0
480.3,480.3,304,127,100,350,125,100,0,0,0,46,-2,0
480.4,480.4,305,126,100,350,125,100,0,0,0,45,-1,0
480.5,480.5,306,124,100,350,125,100,0,0,0,44,1,0
480.6,480.6,307,123,100,350,125,100,0,0,0,43,2,0
480.7,480.7,308,121,100,350,125,100,0,0,0,42,4,0
480.8,480.8,309,119,100,350,125,100,0,0,0,41,6,0
480.9,480.9,311,117,100,350,125,100,0,0,0,39,8,0
481,481,312,116,100,350,125,100,0,0,0,38,9,0
481.1,481.1,314,114,100,350,125,100,0,0,0,36,11,0
481.2,481.2,315,113,100,350,125,100,0,0,0,35,12,0
481.3,481.3,316,112,100,350,125,100,0,0,0,34,13,0
481.4,481.4,316,110,100,350,125,100,0,0,0,34,15,0
481.5,481.5,317,108,100,350,125,100,0,0,0,33,17,0
481.6,481.6,318,106,100,350,125,100,0,0,0,32,19,0
481.7,481.7,319,104,100,350,125,100,0,0,0,31,21,0
481.8,481.8,319,103,100,350,125,100,0,0,0,31,22,0
481.9,481.9,321,102,100,350,125,100,0,0,0,29,23,0
482,482,322,100,100,350,125,100,0,0,0,28,25,0
482.1,482.1,323,99,100,350,125,100,0,0,0,27,26,0
482.2,482.2,324,98,100,350,125,100,0,0,0,26,27,0
482.3,482.3,326,97,100,350,125,100,0,0,0,24,28,0
482.4,482.4,327,95,100,350,125,100,0,0,0,23,30,0
482.5,482.5,329,93,100,350,125,100,0,0,0,21,32,0
482.6,482.6,330,92,100,350,125,100,0,0,0,20,33,0
482.7,482.7,332,91,100,350,125,100,0,0,0,18,34,0
482.8,482.8,333,90,100,350,125,100,0,0,0,17,35,0
482.9,482.9,335,89,100,350,125,100,0,0,0,15,36,0
483,483,336,88,100,350,125,100,0,0,0,14,37,0
483.1,483.1,337,87,100,350,125,100,0,0,0,13,38,0
483.2,483.2,338,86,100,350,125,100,0,0,0,12,39,0
483.3,483.3,339,85,100,350,125,100,0,0,0,11,40,0
483.4,483.4,340,84,100,350,125,100,0,0,0,10,41,0
483.5,483.5,341,84,100,350,125,100,0,0,0,9,41,0
483.6,483.6,342,84,100,350,125,100,0,0,0,8,41,0
483.7,483.7,343,84,100,350,125,100,0,0,0,7,41,0
483.8,483.8,344,83,99,350,125,100,0,0,0,6,42,1
483.9,483.9,346,83,99,350,125,100,0,0,0,4,42,1
484,484,347,83,99,350,125,100,0,0,0,3,42,1
484.1,484.1,348,83,99,350,125,100,0,0,0,2,42,1
484.2,484.2,349,83,99,350,125,100,0,0,0,1,42,1
484.3,484.3,351,84,99,350,125,100,0,0,0,-1,41,1
484.4,484.4,352,84,99,350,125,100,0,0,0,-2,41,1
484.5,484.5,353,84,99,350,125,100,0,0,0,-3,41,1
484.6,484.6,354,84,99,350,125,100,0,0,0,-4,41,1
484.7,484.7,356,85,99,350,125,100,0,0,0,-6,40,1
484.8,484.8,357,85,99,350,125,100,0,0,0,-7,40,1
484.9,484.9,358,86,99,350,125,100,0,0,0,-8,39,1
485,485,359,87,99,350,125,100,0,0,0,-9,38,1
485.1,485.1,360,87,99,350,125,100,0,0,0,-10,38,1
485.2,485.2,361,88,98,350,125,100,0,0,0,-11,37,2
485.3,485.3,362,89,99,350,125,100,0,0,0,-12,36,1
485.4,485.4,363,89,99,350,125,100,0,0,0,-13,36,1
485.5,485.5,363,90,99,350,125,100,0,0,0,-13,35,1
485.6,485.6,364,90,99,350,125,100,0,0,0,-14,35,1
485.7,485.7,365,90,99,350,125,100,0,0,0,-15,35,1
485.8,485.8,366,91,99,350,125,100,0,0,0,-16,34,1
485.9,485.9,366,92,99,350,125,100,0,0,0,-16,33,1
486,486,367,92,99,350,125,100,0,0,0,-17,33,1
486.1,486.1,367,93,99,350,125,100,0,0,0,-17,32,1
486.2,486.2,368,93,99,350,125,100,0,0,0,-18,32,1
486.3,486.3,368,94,99,350,125,100,0,0,0,-18,31,1
486.4,486.4,369,95,99,350,125,100,0,0,0,-19,30,1
486.5,486.5,370,95,99,350,125,100,0,0,0,-20,30,1
486.6,486.6,370,97,99,350,125,100,0,0,0,-20,28,1
486.7,486.7,371,97,99,350,125,100,0,0,0,-21,28,1
486.8,486.8,371,98,99,350,125,100,0,0,0,-21,27,1
486.9,486.9,372,99,99,350,125,100,0,0,0,-22,26,1
487,487,372,101,99,350,125,100,0,0,0,-22,24,1
487.1,487.1,372,103,99,350,125,100,0,0,0,-22,22,1
487.2,487.2,373,104,99,350,125,100,0,0,0,-23,21,1
487.3,487.3,373,105,99,350,125,100,0,0,0,-23,20,1
487.4,487.4,374,106,99,350,125,100,0,0,0,-24,19,1
487.5,487.5,374,107,99,350,125,100,0,0,0,-24,18,1
487.6,487.6,375,108,99,350,125,100,0,0,0,-25,17,1
487.7,487.7,375,109,99,350,125,100,0,0,0,-25,16,1
487.8,487.8,375,110,99,350,125,100,0,0,0,-25,15,1
487.9,487.9,375,112,99,350,125,100,0,0,0,-25,13,1
488,488,375,113,99,350,125,100,0,0,0,-25,12,1
488.1,488.1,375,114,99,350,125,100,0,0,0,-25,11,1
488.2,488.2,375,115,99,350,125,100,0,0,0,-25,10,1
488.3,488.3,375,116,99,350,125,100,0,0,0,-25,9,1
488.4,488.4,375,117,99,350,125,100,0,0,0,-25,8,1
488.5,488.5,375,118,98,350,125,100,0,0,0,-25,7,2
488.6,488.6,375,120,97,350,125,100,0,0,0,-25,5,3
488.7,488.7,375,121,94,350,125,100,0,0,2,-25,4,6
488.8,488.8,375,123,90,350,125,100,0,0,4,-25,2,10
488.9,488.9,375,124,87,350,125,100,0,0,6,-25,1,13
489,489,375,125,83,350,125,100,0,0,7,-25,0,17
489.1,489.1,375,126,79,350,125,100,0,0,0,-25,-1,21
489.2,489.2,375,128,75,350,125,100,0,0,11,-25,-3,25
489.3,489.3,375,129,71,350,125,100,0,0,0,-25,-4,29
489.4,489.4,375,130,67,350,125,100,0,0,15,-25,-5,33
489.5,489.5,375,131,63,350,125,100,0,0,17,-25,-6,37
489.6,489.6,375,133,59,350,125,100,0,0,0,-25,-8,41
489.7,489.7,375,134,55,350,125,100,0,0,20,-25,-9,45
489.8,489.8,375,135,52,350,125,100,0,0,20,-25,-10,48
489.9,489.9,375,136,48,350,125,100,0,0,0,-25,-11,52
490,490,375,138,44,350,125,100,0,0,20,-25,-13,56
490.1,490.1,375,139,40,350,125,100,0,0,20,-25,-14,60
490.2,490.2,375,140,35,350,125,100,0,0,20,-25,-15,65
490.3,490.3,375,142,32,350,125,100,0,0,20,-25,-17,68
490.4,490.4,375,143,28,350,125,100,0,0,20,-25,-18,72
490.5,490.5,374,145,24,350,125,100,0,0,20,-24,-20,76
490.6,490.6,374,146,20,350,125,100,0,0,20,-24,-21,80
490.7,490.7,374,148,16,350,125,100,0,0,20,-24,-23,84
490.8,490.8,374,149,12,350,125,100,0,0,0,-24,-24,88
490.9,490.9,373,150,11,350,125,100,0,0,0,-23,-25,89
491,491,372,151,10,350,125,100,0,0,0,-22,-26,90
491.1,491.1,372,151,9,350,125,100,0,0,0,-22,-26,91
491.2,491.2,372,151,10,350,125,100,0,0,0,-22,-26,90
491.3,491.3,372,151,10,350,125,100,0,0,0,-22,-26,90
491.4,491.4,372,151,10,350,125,100,0,0,0,-22,-26,90
491.5,491.5,372,151,11,350,125,100,0,0,0,-22,-26,89
491.6,491.6,372,151,11,350,125,100,0,0,0,-22,-26,89
491.7,491.7,373,151,12,350,125,100,0,0,0,-23,-26,88
491.8,491.8,373,151,12,350,125,100,0,0,0,-23,-26,88
491.9,491.9,373,151,12,350,125,100,0,0,0,-23,-26,88
492,492,373,151,12,350,125,100,0,0,20,-23,-26,88
492.1,492.1,373,151,12,350,125,100,0,0,20,-23,-26,88
492.2,492.2,373,151,12,350,125,100,0,0,20,-23,-26,88
492.3,492.3,373,151,12,350,125,100,0,0,20,-23,-26,88
492.4,492.4,373,151,12,350,125,100,0,0,20,-23,-26,88
492.5,492.5,373,151,12,350,125,100,0,0,20,-23,-26,88
492.6,492.6,373,151,12,350,125,100,0,0,20,-23,-26,88
492.7,492.7,372,151,12,350,125,100,0,0,20,-22,-26,88
492.8,492.8,373,151,12,350,125,100,0,0,20,-23,-26,88
492.9,492.9,372,151,12,350,125,100,0,0,20,-22,-26,88
493,493,372,151,12,350,125,100,0,0,20,-22,-26,88
493.1,493.1,372,151,12,350,125,100,0,0,20,-22,-26,88
493.2,493.2,372,151,12,350,125,100,0,0,20,-22,-26,88
493.3,493.3,372,151,12,350,125,100,0,0,20,-22,-26,88
493.4,493.4,372,151,12,350,125,100,0,0,20,-22,-26,88
493.5,493.5,373,151,12,350,125,100,0,0,20,-23,-26,88
493.6,493.6,373,151,12,350,125,100,0,0,20,-23,-26,88
493.7,493.7,372,151,12,350,125,100,0,0,20,-22,-26,88
493.8,493.8,372,151,12,350,125,100,0,0,20,-22,-26,88
493.9,493.9,372,151,12,350,125,100,0,0,20,-22,-26,88
494,494,373,151,12,350,125,100,0,0,20,-23,-26,88
494.1,494.1,373,151,12,350,125,100,0,0,20,-23,-26,88
494.2,494.2,373,151,13,350,125,100,0,0,20,-23,-26,87
494.3,494.3,373,151,12,350,125,100,0,0,20,-23,-26,88
494.4,494.4,373,151,12,350,125,100,0,0,20,-23,-26,88
494.5,494.5,373,151,12,350,125,100,0,0,20,-23,-26,88
494.6,494.6,372,151,12,350,125,100,0,0,20,-22,-26,88
494.7,494.7,372,151,12,350,125,100,0,0,20,-22,-26,88
494.8,494.8,372,151,12,350,125,100,0,0,20,-22,-26,88
494.9,494.9,372,151,12,350,125,100,0,0,20,-22,-26,88
495,495,373,151,12,350,125,100,0,0,20,-23,-26,88
495.1,495.1,373,151,12,350,125,100,0,0,20,-23,-26,88
495.2,495.2,373,151,12,350,125,100,0,0,20,-23,-26,88
495.3,495.3,373,151,12,350,125,100,0,0,20,-23,-26,88
495.4,495.4,373,151,12,350,125,100,0,0,20,-23,-26,88
495.5,495.5,372,151,12,350,125,100,0,0,20,-22,-26,88
495.6,495.6,372,151,12,350,125,100,0,0,20,-22,-26,88
495.7,495.7,372,151,12,350,125,100,0,0,20,-22,-26,88
495.8,495.8,372,151,12,350,125,100,0,0,20,-22,-26,88
495.9,495.9,372,151,12,350,125,100,0,0,20,-22,-26,88
496,496,373,151,12,350,125,100,0,0,20,-23,-26,88
496.1,496.1,373,151,12,350,125,100,0,0,20,-23,-26,88
496.2,496.2,372,151,12,350,125,100,0,0,20,-22,-26,88
496.3,496.3,372,151,12,350,125,100,0,0,20,-22,-26,88
496.4,496.4,373,150,12,350,125,100,0,0,20,-23,-25,88
496.5,496.5,373,151,12,350,125,100,0,0,20,-23,-26,88
496.6,496.6,373,151,12,350,125,100,0,0,20,-23,-26,88
496.7,496.7,373,151,12,350,125,100,0,0,20,-23,-26,88
496.8,496.8,373,151,12,350,125,100,0,0,20,-23,-26,88
496.9,496.9,373,151,12,350,125,100,0,0,20,-23,-26,88
497,497,373,151,12,350,125,100,0,0,20,-23,-26,88
497.1,497.1,373,151,12,350,125,100,0,0,20,-23,-26,88
497.2,497.2,373,151,12,350,125,100,0,0,20,-23,-26,88
497.3,497.3,373,151,12,350,125,100,0,0,20,-23,-26,88
497.4,497.4,373,151,12,350,125,100,0,0,20,-23,-26,88
497.5,497.5,373,151,12,350,125,100,0,0,20,-23,-26,88
497.6,497.6,373,151,12,350,125,100,0,0,20,-23,-26,88
497.7,497.7,373,151,12,350,125,100,0,0,20,-23,-26,88
497.8,497.8,373,151,12,350,125,100,0,0,20,-23,-26,88
497.9,497.9,373,151,12,350,125,100,0,0,20,-23,-26,88
498,498,372,151,12,350,125,100,0,0,20,-22,-26,88
498.1,498.1,372,151,12,350,125,100,0,0,20,-22,-26,88
498.2,498.2,373,151,12,350,125,100,0,0,20,-23,-26,88
498.3,498.3,373,151,12,350,125,100,0,0,20,-23,-26,88
498.4,498.4,372,150,12,350,125,100,0,0,20,-22,-25,88
498.5,498.5,372,151,12,350,125,100,0,0,20,-22,-26,88
498.6,498.6,373,151,12,350,125,100,0,0,20,-23,-26,88
498.7,498.7,373,151,12,350,125,100,0,0,20,-23,-26,88
498.8,498.8,373,151,12,350,125,100,0,0,20,-23,-26,88
498.9,498.9,373,151,12,350,125,100,0,0,20,-23,-26,88
499,499,373,151,12,350,125,100,0,0,20,-23,-26,88
499.1,499.1,373,151,12,350,125,100,0,0,20,-23,-26,88
499.2,499.2,373,151,12,350,125,100,0,0,20,-23,-26,88
499.3,499.3,373,151,12,350,125,100,0,0,20,-23,-26,88
499.4,499.4,373,151,12,350,125,100,0,0,20,-23,-26,88
499.5,499.5,373,151,12,350,125,100,0,0,20,-23,-26,88
499.6,499.6,373,151,12,350,125,100,0,0,20,-23,-26,88
499.7,499.7,373,151,12,350,125,100,0,0,20,-23,-26,88
499.8,499.8,373,151,12,350,125,100,0,0,20,-23,-26,88
499.9,499.9,373,151,12,350,125,100,0,0,20,-23,-26,88
500,500,373,151,12,350,125,100,0,0,20,-23,-26,88
500.1,500.1,373,151,12,350,125,100,0,0,20,-23,-26,88
500.2,500.2,373,151,12,350,125,100,0,0,20,-23,-26,88
500.3,500.3,373,151,12,350,125,100,0,0,20,-23,-26,88
500.4,500.4,373,151,12,350,125,100,0,0,20,-23,-26,88
500.5,500.5,373,151,12,350,125,100,0,0,20,-23,-26,88
500.6,500.6,373,151,12,350,125,100,0,0,20,-23,-26,88
500.7,500.7,373,151,12,350,125,100,0,0,20,-23,-26,88
500.8,500.8,373,151,12,350,125,100,0,0,20,-23,-26,88
500.9,500.9,372,151,12,350,125,100,0,0,20,-22,-26,88
501,501,373,151,12,350,125,100,0,0,20,-23,-26,88
501.1,501.1,373,151,12,350,125,100,0,0,20,-23,-26,88
501.2,501.2,373,151,12,350,125,100,0,0,20,-23,-26,88
501.3,501.3,373,151,12,350,125,100,0,0,20,-23,-26,88
501.4,501.4,373,151,12,350,125,100,0,0,20,-23,-26,88
501.5,501.5,373,151,12,350,125,100,0,0,20,-23,-26,88
501.6,501.6,372,151,12,350,125,100,0,0,20,-22,-26,88
501.7,501.7,372,151,12,350,125,100,0,0,20,-22,-26,88
501.8,501.8,373,151,12,350,125,100,0,0,20,-23,-26,88
501.9,501.9,373,151,12,350,125,100,0,0,20,-23,-26,88
502,502,372,151,12,350,125,100,0,0,20,-22,-26,88
502.1,502.1,373,151,12,350,125,100,0,0,20,-23,-26,88
502.2,502.2,373,151,12,350,125,100,0,0,20,-23,-26,88
502.3,502.3,373,151,12,350,125,100,0,0,20,-23,-26,88
502.4,502.4,373,151,12,350,125,100,0,0,20,-23,-26,88
502.5,502.5,372,151,12,350,125,100,0,0,20,-22,-26,88
502.6,502.6,372,151,12,350,125,100,0,0,20,-22,-26,88
502.7,502.7,372,151,12,350,125,100,0,0,20,-22,-26,88
502.8,502.8,372,151,12,350,125,100,0,0,20,-22,-26,88
502.9,502.9,373,151,12,350,125,100,0,0,20,-23,-26,88
503,503,373,151,12,350,125,100,0,0,20,-23,-26,88
503.1,503.1,372,151,12,350,125,100,0,0,20,-22,-26,88
503.2,503.2,372,151,12,350,125,100,0,0,20,-22,-26,88
503.3,503.3,372,151,12,350,125,100,0,0,20,-22,-26,88
503.4,503.4,372,151,12,350,125,100,0,0,20,-22,-26,88
503.5,503.5,372,151,12,350,125,100,0,0,20,-22,-26,88
503.6,503.6,372,151,12,350,125,100,0,0,20,-22,-26,88
503.7,503.7,372,151,12,350,125,100,0,0,20,-22,-26,88
503.8,503.8,373,151,12,350,125,100,0,0,20,-23,-26,88
503.9,503.9,373,151,12,350,125,100,0,0,20,-23,-26,88
504,504,373,151,12,350,125,100,0,0,20,-23,-26,88
504.1,504.1,373,151,12,350,125,100,0,0,20,-23,-26,88
504.2,504.2,373,151,12,350,125,100,0,0,20,-23,-26,88
504.3,504.3,373,151,12,350,125,100,0,0,20,-23,-26,88
504.4,504.4,373,151,12,350,125,100,0,0,20,-23,-26,88
504.5,504.5,373,151,12,350,125,100,0,0,20,-23,-26,88
504.6,504.6,372,151,12,350,125,100,0,0,20,-22,-26,88
504.7,504.7,372,151,12,350,125,100,0,0,20,-22,-26,88
504.8,504.8,372,151,12,350,125,100,0,0,20,-22,-26,88
504.9,504.9,372,151,12,350,125,100,0,0,20,-22,-26,88
505,505,372,151,12,350,125,100,0,0,20,-22,-26,88
505.1,505.1,373,151,12,350,125,100,0,0,20,-23,-26,88
505.2,505.2,373,151,12,350,125,100,0,0,20,-23,-26,88
505.3,505.3,373,151,12,350,125,100,0,0,20,-23,-26,88
505.4,505.4,373,151,12,350,125,100,0,0,20,-23,-26,88
505.5,505.5,373,151,12,350,125,100,0,0,20,-23,-26,88
505.6,505.6,373,151,12,350,125,100,0,0,20,-23,-26,88
505.7,505.7,373,151,12,350,125,100,0,0,20,-23,-26,88
505.8,505.8,373,151,12,350,125,100,0,0,20,-23,-26,88
505.9,505.9,373,151,12,350,125,100,0,0,20,-23,-26,88
506,506,373,151,12,350,125,100,0,0,20,-23,-26,88
506.1,506.1,372,151,12,350,125,100,0,0,20,-22,-26,88
506.2,506.2,372,151,12,350,125,100,0,0,20,-22,-26,88
506.3,506.3,372,151,12,350,125,100,0,0,20,-22,-26,88
506.4,506.4,372,151,12,350,125,100,0,0,20,-22,-26,88
