T_REL,T_ABS,RADAR_POS_X,RADAR_POS_Y,RADAR_POS_Z,TARGET_POS_X,TARGET_POS_Y,TARGET_POS_Z,CMD_SPEED_X,CMD_SPEED_Y,CMD_SPEED_Z,ERROR_X,ERROR_Y,ERROR_Z,qx,qy,qz,qw,fc_sen_vel_x,fc_sen_vel_y,rt_tar_vel_x,rt_tar_vel_y
0,0,0,0,0,0,0,0,0,0,0,0,0,0,-0.0001,0.0004,0.0012,1,0,0,0,0
181.311,181.311,0,0,2,0,0,140,0,0,20,0,0,138,-0.0001,0.0004,0.0012,1,0,0,0,0
181.351,181.351,0,0,0,0,0,140,0,0,20,0,0,140,-0.0005,0.0005,0.0012,1,0,0,0,0
181.451,181.451,0,0,0,0,0,140,0,0,20,0,0,140,-0.0006,0.0006,0.0013,1,0,0,0,0
181.551,181.551,0,0,0,0,0,140,0,0,20,0,0,140,-0.0001,0.0003,0.0012,1,0,0,0,0
181.651,181.651,0,0,0,0,0,140,0,0,20,0,0,140,-0.0003,0.0002,0.0011,1,0,0,0,0
181.751,181.751,0,0,0,0,0,140,0,0,20,0,0,140,-0.0005,0.0006,0.0012,1,0,0,0,0
181.851,181.851,0,0,0,0,0,140,0,0,20,0,0,140,0,0.0001,0.0012,1,0,0,0,0
181.951,181.951,0,0,0,0,0,140,0,0,20,0,0,140,-0.0006,0.0001,0.0011,1,0,0,0,0
182.051,182.051,0,0,1,0,0,140,0,0,20,0,0,139,-0.0001,0.0005,0.0013,1,0,0,0,0
182.151,182.151,0,0,0,0,0,140,0,0,20,0,0,140,0.0002,0.0002,0.0004,1,0,0,0,0
182.251,182.251,0,0,0,0,0,140,0,0,20,0,0,140,0.003,0.0005,-0.0013,1,1,0,0,0
182.361,182.361,0,0,1,0,0,140,0,0,20,0,0,139,0.0041,-0.0002,-0.0039,1,1,0,0,0
182.461,182.461,1,0,2,0,0,140,0,0,20,-1,0,138,0.0029,-0.0025,-0.0054,1,2,0,0,0
182.561,182.561,1,0,3,0,0,140,0,0,20,-1,0,137,0.0023,-0.0047,-0.007,1,2,0,0,0
182.661,182.661,1,0,4,0,0,140,0,0,20,-1,0,136,0.0014,-0.0072,-0.0075,0.9999,1,0,0,0
182.761,182.761,1,0,6,0,0,140,0,0,20,-1,0,134,0.0015,-0.0073,-0.0073,0.9999,0,0,0,0
182.861,182.861,1,0,8,0,0,140,0,0,20,-1,0,132,0.0018,-0.0055,-0.0067,1,0,0,0,0
182.961,182.961,1,0,10,0,0,140,0,0,20,-1,0,130,0.0032,-0.0017,-0.0064,1,0,1,0,0
183.061,183.061,1,1,11,0,0,140,0,0,20,-1,-1,129,0.0051,-0.0007,-0.0058,1,0,1,0,0
183.161,183.161,1,1,13,0,0,140,0,0,20,-1,-1,127,0.0074,-0.001,-0.0052,1,0,1,0,0
183.261,183.261,1,1,15,0,0,140,0,0,20,-1,-1,125,0.0085,-0.0011,-0.0044,1,0,1,0,0
183.361,183.361,1,2,17,0,0,140,0,0,20,-1,-2,123,0.0083,-0.0013,-0.0029,1,0,0,0,0
183.461,183.461,1,2,18,0,0,140,0,0,20,-1,-2,122,0.0078,-0.0018,-0.0012,1,0,1,0,0
183.561,183.561,1,2,20,0,0,140,0,0,20,-1,-2,120,0.0073,-0.0019,0,1,0,0,0,0
183.661,183.661,0,2,22,0,0,140,0,0,20,0,-2,118,0.0062,-0.0022,0.0012,1,0,0,0,0
183.761,183.761,0,2,24,0,0,140,0,0,20,0,-2,116,0.0057,-0.0025,0.0023,1,0,0,0,0
183.861,183.861,0,3,26,0,0,140,0,0,20,0,-3,114,0.0059,-0.0032,0.0028,1,0,0,0,0
183.961,183.961,0,3,28,0,0,140,0,0,20,0,-3,112,0.006,-0.003,0.0032,1,0,1,0,0
184.061,184.061,0,3,30,0,0,140,0,0,20,0,-3,110,0.0057,-0.0024,0.0039,1,0,1,0,0
184.161,184.161,0,3,32,0,0,140,0,0,20,0,-3,108,0.0044,-0.0013,0.0048,1,0,0,0,0
184.261,184.261,0,3,34,0,0,140,0,0,20,0,-3,106,0.0043,-0.0011,0.0065,1,0,0,0,0
184.361,184.361,0,4,36,0,0,140,0,-1,20,0,-4,104,0.0062,-0.0017,0.0091,0.9999,0,1,0,0
184.461,184.461,0,4,38,0,0,140,0,-1,20,0,-4,102,0.0071,-0.0024,0.0117,0.9999,0,0,0,0
184.561,184.561,0,4,41,0,0,140,0,-1,20,0,-4,99,0.0049,-0.0036,0.013,0.9999,0,-1,0,0
184.661,184.661,0,4,43,0,0,140,0,-1,20,0,-4,97,0.0024,-0.0053,0.0125,0.9999,0,0,0,0
184.761,184.761,0,4,45,0,0,140,0,-1,20,0,-4,95,0.0003,-0.0049,0.0106,0.9999,0,0,0,0
184.861,184.861,0,4,47,0,0,140,0,-1,20,0,-4,93,-0.0001,-0.0031,0.0074,1,0,1,0,0
184.961,184.961,0,4,49,0,0,140,0,-1,20,0,-4,91,-0.0006,-0.0016,0.0047,1,0,3,0,0
185.061,185.061,0,5,52,0,0,140,0,-1,20,0,-5,88,0.0017,-0.0017,0.0028,1,0,5,0,0
185.161,185.161,0,5,54,0,0,140,0,-1,20,0,-5,86,0.0059,-0.0039,0.0012,1,0,4,0,0
185.261,185.261,1,6,57,0,0,140,0,-1,20,-1,-6,83,0.0084,-0.0059,-0.0002,0.9999,0,4,0,0
185.361,185.361,1,6,59,0,0,140,0,-1,20,-1,-6,81,0.0089,-0.0064,-0.0016,0.9999,0,3,0,0
185.461,185.461,1,7,62,0,0,140,0,-1,20,-1,-7,78,0.0091,-0.0065,-0.003,0.9999,0,2,0,0
185.561,185.561,1,7,64,0,0,140,0,-1,20,-1,-7,76,0.008,-0.005,-0.0041,0.9999,0,1,0,0
185.661,185.661,1,7,67,0,0,140,0,-1,20,-1,-7,73,0.007,-0.0024,-0.0044,1,0,1,0,0
185.761,185.761,1,8,69,0,0,140,0,-1,20,-1,-8,71,0.0055,-0.001,-0.0054,1,0,0,0,0
185.861,185.861,1,8,72,0,0,140,0,-1,20,-1,-8,68,0.0041,-0.0008,-0.0055,1,0,1,0,0
185.961,185.961,1,8,74,0,0,140,0,-1,20,-1,-8,66,0.0047,-0.0017,-0.0055,1,1,2,0,0
186.061,186.061,1,8,76,0,0,140,0,-1,20,-1,-8,64,0.0056,-0.0029,-0.0055,1,0,2,0,0
186.161,186.161,1,8,78,0,0,140,0,-1,20,-1,-8,62,0.0065,-0.0038,-0.0053,1,1,1,0,0
186.261,186.261,2,9,81,0,0,140,0,-1,20,-2,-9,59,0.007,-0.0037,-0.0054,1,2,3,0,0
186.361,186.361,2,9,83,0,0,140,0,-1,20,-2,-9,57,0.0068,-0.0037,-0.0048,1,1,1,0,0
186.461,186.461,2,9,85,0,0,140,0,-1,20,-2,-9,55,0.006,-0.0036,-0.0043,1,1,1,0,0
186.561,186.561,2,9,87,0,0,140,0,-1,20,-2,-9,53,0.0054,-0.0035,-0.0041,1,2,0,0,0
186.661,186.661,2,9,89,0,0,140,0,-1,20,-2,-9,51,0.006,-0.0033,-0.0039,1,0,0,0,0
186.761,186.761,3,9,91,0,0,140,0,-1,20,-3,-9,49,0.006,-0.004,-0.003,1,0,0,0,0
186.861,186.861,3,9,93,0,0,140,0,-1,20,-3,-9,47,0.0064,-0.0046,-0.0025,1,2,1,0,0
186.961,186.961,3,9,96,0,0,140,0,-1,20,-3,-9,44,0.0065,-0.0042,-0.0019,1,1,0,0,0
187.061,187.061,3,10,98,0,0,140,0,-1,19,-3,-10,42,0.0058,-0.0036,-0.0016,1,1,0,0,0
187.161,187.161,4,10,100,0,0,140,-1,-2,18,-4,-10,40,0.0052,-0.0037,-0.001,1,1,0,0,-2
187.261,187.261,4,10,102,0,0,140,-1,-2,17,-4,-10,38,0.0048,-0.0029,-0.0004,1,0,1,0,-2
187.361,187.361,4,10,105,0,0,140,-1,-2,16,-4,-10,35,0.006,-0.0034,-0.0003,1,1,0,0,-2
187.461,187.461,5,10,107,0,0,140,-1,-2,15,-5,-10,33,0.008,-0.0047,-0.0002,1,2,0,0,-2
187.561,187.561,5,10,109,0,0,140,-1,-2,14,-5,-10,31,0.0079,-0.0046,-0.0009,1,2,0,0,-2
187.661,187.661,5,10,111,0,0,140,-1,-2,13,-5,-10,29,0.0072,-0.0049,-0.0012,1,2,0,0,-2
187.761,187.761,6,10,112,0,0,140,-1,-2,12,-6,-10,28,0.0058,-0.0045,-0.002,1,1,0,0,-2
187.861,187.861,6,10,114,0,0,140,-1,-2,11,-6,-10,26,0.0057,-0.0039,-0.003,1,1,-1,0,-2
187.971,187.971,6,9,115,0,0,140,-1,-1,11,-6,-9,25,0.006,-0.0044,-0.0033,1,3,0,0,-1
188.071,188.071,7,9,117,0,0,140,-1,-1,10,-7,-9,23,0.0056,-0.0045,-0.0038,1,3,0,0,-1
188.161,188.161,7,10,118,0,0,140,-1,-1,10,-7,-10,22,0.0058,-0.0042,-0.0042,1,1,0,0,-1
188.271,188.271,7,10,120,0,0,140,-1,-1,9,-7,-10,20,0.0056,-0.0044,-0.0049,1,1,0,0,-1
188.371,188.371,7,10,121,0,0,140,-1,-2,8,-7,-10,19,0.0058,-0.0052,-0.0058,1,2,0,0,-2
188.471,188.471,8,10,122,0,0,140,-1,-2,8,-8,-10,18,0.0058,-0.0047,-0.0074,0.9999,1,0,0,-2
188.571,188.571,8,9,123,0,0,140,-1,-1,7,-8,-9,17,0.0054,-0.004,-0.0095,0.9999,0,-3,0,-1
188.671,188.671,8,9,124,0,0,140,-1,-1,7,-8,-9,16,0.0059,-0.0029,-0.012,0.9999,1,0,0,-1
188.771,188.771,9,9,125,0,0,140,-1,-1,7,-9,-9,15,0.0068,-0.0019,-0.0141,0.9999,2,0,0,-1
188.871,188.871,9,9,126,0,0,140,-1,-1,6,-9,-9,14,0.0068,-0.0022,-0.0157,0.9999,2,0,0,-1
188.971,188.971,9,9,127,0,0,140,-1,-1,6,-9,-9,13,0.0067,-0.0019,-0.0166,0.9998,2,-1,0,-1
189.071,189.071,10,9,128,0,0,140,-1,-1,5,-10,-9,12,0.0053,-0.0005,-0.0172,0.9998,0,-1,0,-1
189.171,189.171,10,9,129,0,0,140,-2,-1,5,-10,-9,11,0.0046,-0.0008,-0.0176,0.9998,2,0,-1,-1
189.271,189.271,10,9,130,0,0,140,-2,-1,4,-10,-9,10,0.0053,-0.0024,-0.0177,0.9998,0,2,-1,-1
189.371,189.371,11,9,131,0,0,140,-2,-1,4,-11,-9,9,0.0066,-0.0033,-0.0173,0.9998,0,0,-1,-1
189.471,189.471,11,10,132,0,0,140,-2,-1,3,-11,-10,8,0.0084,-0.0048,-0.0168,0.9998,0,4,-1,-1
189.571,189.571,12,10,133,0,0,140,-2,-2,2,-12,-10,7,0.0107,-0.0066,-0.0159,0.9998,3,1,-1,-2
189.671,189.671,12,10,134,0,0,140,-2,-2,2,-12,-10,6,0.0126,-0.0062,-0.0159,0.9998,1,3,-1,-2
189.771,189.771,12,10,135,0,75,140,-1,19,1,-12,65,5,0.0121,-0.0051,-0.0164,0.9998,0,0,-1,18
189.871,189.871,13,10,135,0,75,140,-1,19,1,-13,65,5,0.0127,-0.0046,-0.017,0.9998,0,7,-1,18
189.971,189.971,13,10,135,0,75,140,-1,19,1,-13,65,5,0.012,-0.0044,-0.0176,0.9998,0,2,-1,18
190.071,190.071,13,10,136,0,75,140,-1,19,1,-13,65,4,-0.0069,-0.0042,-0.0189,0.9998,0,-10,-1,18
190.171,190.171,13,10,136,0,75,140,-1,19,1,-13,65,4,-0.0165,-0.0053,-0.0199,0.9997,0,2,-1,18
190.271,190.271,13,10,136,0,75,140,-1,19,1,-13,65,4,-0.0124,-0.0058,-0.0204,0.9997,1,7,-1,18
190.371,190.371,13,11,137,0,75,140,-1,19,0,-13,64,3,-0.0045,-0.005,-0.0211,0.9998,1,11,-1,18
190.471,190.471,13,13,137,0,75,140,-1,18,0,-13,62,3,0.0015,-0.0035,-0.0207,0.9998,0,5,-1,17
190.571,190.571,14,14,137,0,75,140,-1,18,0,-14,61,3,0.0036,-0.0026,-0.0198,0.9998,0,10,-1,17
190.671,190.671,14,15,137,0,75,140,-1,18,0,-14,60,3,0.0021,-0.0028,-0.0189,0.9998,0,7,-1,17
190.771,190.771,14,16,137,0,75,140,-1,18,0,-14,59,3,0.0001,-0.0038,-0.018,0.9998,1,3,-1,17
190.871,190.871,14,17,137,0,75,140,-1,17,0,-14,58,3,0,-0.0048,-0.0171,0.9998,0,9,-1,16
190.971,190.971,14,19,138,0,75,140,-1,17,0,-14,56,2,0.0005,-0.0053,-0.0163,0.9999,2,8,-1,16
191.071,191.071,15,20,139,0,75,140,-1,16,0,-15,55,1,0.0009,-0.0058,-0.0155,0.9999,2,5,-1,15
191.171,191.171,15,21,139,0,75,140,-1,16,0,-15,54,1,0.0019,-0.0064,-0.015,0.9999,0,7,-1,15
191.271,191.271,15,23,139,0,75,140,-1,15,0,-15,52,1,0.0017,-0.0059,-0.0147,0.9999,1,11,-1,14
191.371,191.371,15,24,139,0,75,140,-1,15,0,-15,51,1,-0.0001,-0.005,-0.0144,0.9999,-1,7,-1,14
191.471,191.471,15,26,139,0,75,140,-1,15,0,-15,49,1,-0.0026,-0.0048,-0.0142,0.9999,1,11,-1,14
191.571,191.571,15,27,139,0,75,140,-1,14,0,-15,48,1,-0.0033,-0.0053,-0.0135,0.9999,1,7,-1,13
191.671,191.671,15,29,139,0,75,140,-1,14,0,-15,46,1,-0.0035,-0.005,-0.013,0.9999,0,7,-1,13
191.771,191.771,15,31,139,0,75,140,-1,13,0,-15,44,1,-0.0032,-0.0041,-0.0124,0.9999,0,8,-1,12
191.871,191.871,15,33,139,0,75,140,-1,12,0,-15,42,1,-0.0015,-0.0039,-0.0122,0.9999,1,12,-1,11
191.971,191.971,15,35,140,0,75,140,-1,12,0,-15,40,0,-0.0008,-0.0042,-0.0119,0.9999,0,11,-1,11
192.071,192.071,15,37,140,0,75,140,-1,11,0,-15,38,0,0,-0.0048,-0.0118,0.9999,0,14,-1,10
192.171,192.171,16,39,140,0,75,140,-1,11,0,-16,36,0,0.0011,-0.0059,-0.0116,0.9999,0,22,-1,10
192.271,192.271,16,41,141,0,75,140,-1,10,0,-16,34,-1,0.0011,-0.0066,-0.011,0.9999,0,16,-1,9
192.371,192.371,16,43,141,0,75,140,-1,9,0,-16,32,-1,0.0007,-0.0058,-0.0108,0.9999,-32768,-32768,-1,8
192.471,192.471,16,45,141,0,75,140,-1,9,0,-16,30,-1,0.0009,-0.0059,-0.0104,0.9999,0,16,-1,8
192.571,192.571,16,47,141,0,75,140,-1,8,0,-16,28,-1,0.0026,-0.0061,-0.0103,0.9999,1,19,-1,7
192.671,192.671,16,49,140,0,75,140,-1,8,0,-16,26,0,0.0052,-0.0048,-0.0105,0.9999,1,13,-1,7
192.771,192.771,16,51,141,0,75,140,-1,4,0,-16,24,-1,0.0074,-0.0039,-0.0109,0.9999,0,16,-1,3
192.871,192.871,15,53,141,0,75,140,-1,4,0,-15,22,-1,0.0076,-0.0034,-0.0111,0.9999,0,16,-1,3
192.971,192.971,15,55,141,0,75,140,-1,3,0,-15,20,-1,0.0065,-0.0029,-0.0113,0.9999,0,11,-1,2
193.071,193.071,15,57,142,0,75,140,-1,3,0,-15,18,-2,0.0092,-0.0034,-0.0113,0.9999,-1,11,-1,2
193.171,193.171,15,58,142,0,75,140,-1,3,0,-15,17,-2,0.0092,-0.0034,-0.0113,0.9999,-1,13,-1,2
193.281,193.281,14,59,141,0,75,140,-1,3,0,-14,16,-1,0.0096,-0.0048,-0.0104,0.9999,0,9,-1,2
193.381,193.381,14,60,141,0,75,140,-1,3,0,-14,15,-1,0.008,-0.0053,-0.0101,0.9999,-1,10,-1,2
193.481,193.481,14,61,141,0,75,140,-1,2,0,-14,14,-1,0.0065,-0.0061,-0.01,0.9999,0,6,-1,1
193.581,193.581,14,62,141,0,75,140,-1,2,0,-14,13,-1,0.0051,-0.0045,-0.0103,0.9999,-7,7,-1,1
193.681,193.681,13,63,141,0,75,140,-1,2,0,-13,12,-1,0.0039,-0.0035,-0.0102,0.9999,0,4,-1,1
193.781,193.781,13,64,141,0,75,140,-1,2,0,-13,11,-1,0.0047,-0.0024,-0.0105,0.9999,-1,5,-1,1
193.881,193.881,13,65,141,0,75,140,-1,2,0,-13,10,-1,0.0058,-0.0027,-0.0109,0.9999,-1,6,-1,1
193.981,193.981,12,66,141,0,75,140,-1,2,0,-12,9,-1,0.0062,-0.0036,-0.0114,0.9999,0,5,-1,1
194.081,194.081,12,66,141,0,75,140,-1,2,0,-12,9,-1,0.0054,-0.0048,-0.0118,0.9999,-2,3,-1,1
194.181,194.181,12,67,141,0,75,140,-2,1,0,-12,8,-1,0.0043,-0.005,-0.0119,0.9999,-2,5,-2,0
194.281,194.281,11,68,141,0,75,140,-2,1,0,-11,7,-1,0.0044,-0.005,-0.0114,0.9999,-2,2,-2,0
194.381,194.381,11,68,141,0,75,140,-2,1,0,-11,7,-1,0.0045,-0.0048,-0.0113,0.9999,-32768,-32768,-2,0
194.481,194.481,11,69,141,0,75,140,-2,1,0,-11,6,-1,0.0051,-0.005,-0.011,0.9999,-2,1,-2,0
194.581,194.581,10,69,141,0,75,140,-2,1,0,-10,6,-1,0.0053,-0.0048,-0.0108,0.9999,-4,1,-2,0
194.681,194.681,10,69,141,0,75,140,0,1,0,-10,6,-1,0.0049,-0.0046,-0.0104,0.9999,-9,1,0,0
194.781,194.781,9,70,141,0,75,140,0,1,0,-9,5,-1,0.0046,-0.0041,-0.0103,0.9999,-8,0,0,0
194.881,194.881,9,70,141,0,75,140,0,1,0,-9,5,-1,0.0039,-0.0028,-0.0106,0.9999,-7,2,0,0
194.981,194.981,8,70,141,0,75,140,0,1,0,-8,5,-1,0.0032,-0.001,-0.0102,0.9999,-5,0,0,0
195.081,195.081,8,70,141,0,75,140,0,1,0,-8,5,-1,0.0026,-0.0006,-0.0099,0.9999,-1,-1,0,0
195.181,195.181,7,70,141,0,125,140,0,16,0,-7,55,-1,0.002,-0.001,-0.0095,1,-3,-1,0,15
195.281,195.281,7,70,141,0,125,140,0,16,0,-7,55,-1,0.0016,-0.0014,-0.0091,1,0,13,0,15
195.381,195.381,7,70,141,0,125,140,0,16,0,-7,55,-1,0.0006,-0.0017,-0.008,1,0,-4,0,15
195.481,195.481,7,70,141,0,125,140,0,16,0,-7,55,-1,-0.0146,-0.0021,-0.0066,0.9999,0,-4,0,15
195.581,195.581,6,70,141,0,125,140,0,16,0,-6,55,-1,-0.021,-0.0013,-0.0055,0.9998,0,3,0,15
195.681,195.681,6,71,141,0,125,140,0,15,0,-6,54,-1,-0.0165,-0.001,-0.0035,0.9999,-1,7,0,14
195.781,195.781,5,72,141,0,125,140,0,15,0,-5,53,-1,-0.0078,-0.0007,-0.0013,1,-2,12,0,14
195.881,195.881,5,73,141,0,125,140,0,15,0,-5,52,-1,-0.0012,-0.0012,0.0013,1,-1,8,0,14
195.981,195.981,5,75,141,0,125,140,0,15,0,-5,50,-1,0.003,-0.0011,0.0029,1,-1,8,0,14
196.081,196.081,5,76,141,0,125,140,0,14,0,-5,49,-1,0.0032,-0.0018,0.0044,1,0,11,0,13
196.181,196.181,5,78,141,0,125,140,0,14,0,-5,47,-1,0.0023,-0.0015,0.0049,1,0,11,0,13
196.281,196.281,4,79,141,0,125,140,0,14,0,-4,46,-1,0.0004,-0.0008,0.0053,1,-1,9,0,13
196.381,196.381,4,80,141,0,125,140,0,13,0,-4,45,-1,0.0004,-0.0009,0.0048,1,-1,7,0,12
196.481,196.481,3,81,141,0,125,140,0,13,0,-3,44,-1,0.0008,-0.0004,0.0039,1,-2,9,0,12
196.581,196.581,3,82,141,0,125,140,0,13,0,-3,43,-1,0.0011,-0.0001,0.0027,1,-2,10,0,12
196.681,196.681,3,84,141,0,125,140,0,12,0,-3,41,-1,0.001,-0.0001,0.0012,1,0,7,0,11
196.781,196.781,3,85,141,0,125,140,0,12,0,-3,40,-1,0.0014,0.0002,0,1,0,6,0,11
196.881,196.881,2,86,141,0,125,140,0,12,0,-2,39,-1,0.0012,0.0007,-0.0014,1,-1,7,0,11
196.981,196.981,2,88,141,0,125,140,0,11,0,-2,37,-1,0.0011,0.0002,-0.0023,1,-1,7,0,10
197.081,197.081,2,89,141,0,125,140,0,11,0,-2,36,-1,0.0006,-0.0004,-0.0033,1,-1,8,0,10
197.181,197.181,1,90,141,0,125,140,0,10,0,-1,35,-1,-0.0006,-0.001,-0.0036,1,0,7,0,9
197.281,197.281,1,91,141,0,125,140,0,10,0,-1,34,-1,-0.0017,-0.0005,-0.0041,1,-1,8,0,9
197.381,197.381,1,92,141,0,125,140,0,9,0,-1,33,-1,-0.0027,0.0002,-0.0038,1,-1,10,0,8
197.481,197.481,1,94,141,0,125,140,0,9,0,-1,31,-1,-0.0011,0.0008,-0.0038,1,-1,9,0,8
197.581,197.581,0,95,141,0,125,140,0,9,0,0,30,-1,0,0.0015,-0.0031,1,-1,6,0,8
197.681,197.681,0,96,141,0,125,140,0,9,0,0,29,-1,0.0017,0.0018,-0.0028,1,-2,10,0,8
197.781,197.781,0,97,141,0,125,140,0,8,0,0,28,-1,0.0012,0.0007,-0.0018,1,-1,6,0,7
197.881,197.881,-1,98,140,0,125,140,0,8,0,1,27,0,0.0003,0.0006,-0.0013,1,-3,9,0,7
197.981,197.981,-1,100,140,0,125,140,0,7,0,1,25,0,-0.0009,0.0006,-0.0001,1,0,9,0,6
198.081,198.081,-1,101,141,0,125,140,0,4,0,1,24,-1,-0.0009,0.0012,0.0005,1,-1,8,0,3
198.181,198.181,-2,102,140,0,125,140,0,4,0,2,23,0,-0.0006,0.0014,0.0011,1,-1,9,0,3
198.291,198.291,-2,104,140,0,125,140,0,3,0,2,21,0,0.0015,0.0017,0.0016,1,-1,8,0,2
198.391,198.391,-2,105,140,0,125,140,0,3,0,2,20,0,0.005,0.0012,0.0013,1,-2,9,0,2
198.491,198.491,-3,106,140,0,125,140,0,3,0,3,19,0,0.0067,0.0003,0.0011,1,-2,12,0,2
198.581,198.581,-3,107,140,0,125,140,0,3,0,3,18,0,0.0067,0.0003,0.0011,1,0,9,0,2
198.691,198.691,-3,108,140,0,125,140,0,3,0,3,17,0,0.0049,-0.0008,-0.0012,1,-3,5,0,2
198.791,198.791,-4,109,140,0,125,140,1,3,0,4,16,0,0.0036,-0.0001,-0.0033,1,-1,6,0,3
198.891,198.891,-4,110,140,0,125,140,1,2,0,4,15,0,0.0026,-0.0001,-0.0055,1,-1,5,0,2
198.991,198.991,-4,111,140,0,125,140,1,2,0,4,14,0,0.002,0.0003,-0.0075,1,-2,4,0,2
199.091,199.091,-5,111,140,0,125,140,1,2,0,5,14,0,0.001,0,-0.0095,1,0,0,0,2
199.191,199.191,-5,112,140,0,125,140,1,2,0,5,13,0,0.0016,-0.0001,-0.0112,0.9999,-1,4,0,2
199.291,199.291,-5,113,140,0,125,140,1,2,0,5,12,0,0.0031,-0.0004,-0.0121,0.9999,-1,3,0,2
199.391,199.391,-6,113,140,0,125,140,1,2,0,6,12,0,0.0041,0.0002,-0.0133,0.9999,-2,5,0,2
199.491,199.491,-6,114,141,0,125,140,1,2,0,6,11,-1,0.0037,0.0009,-0.014,0.9999,-5,2,0,2
199.591,199.591,-6,115,141,0,125,140,1,2,0,6,10,-1,0.003,0.0006,-0.0146,0.9999,-1,0,0,2
199.691,199.691,-7,115,141,0,125,140,1,2,0,7,10,-1,0.002,-0.0001,-0.0145,0.9999,-2,7,0,2
199.791,199.791,-7,115,140,0,125,140,1,2,0,7,10,0,0.0023,-0.0005,-0.0148,0.9999,-1,0,0,2
199.891,199.891,-7,116,140,0,125,140,1,2,0,7,9,0,0.0027,-0.0007,-0.0149,0.9999,-1,0,0,2
199.991,199.991,-8,117,141,0,125,140,1,2,0,8,8,-1,0.0022,-0.0003,-0.0145,0.9999,-3,5,0,2
200.091,200.091,-8,117,141,0,125,140,1,0,0,8,8,-1,0.0027,-0.0003,-0.0139,0.9999,-3,1,0,0
200.191,200.191,-8,118,141,0,125,140,1,0,0,8,7,-1,0.0029,-0.0003,-0.0138,0.9999,-4,3,0,0
200.291,200.291,-9,118,141,0,125,140,1,0,0,9,7,-1,0.0027,-0.0001,-0.0129,0.9999,-1,7,0,0
200.391,200.391,-9,118,141,0,125,140,1,0,0,9,7,-1,0.0041,-0.0004,-0.0118,0.9999,0,-1,0,0
200.491,200.491,-9,118,141,0,125,140,1,0,0,9,7,-1,0.0041,-0.0008,-0.0113,0.9999,-3,3,0,0
200.591,200.591,-9,119,141,0,125,140,1,0,0,9,6,-1,0.0032,-0.001,-0.0106,0.9999,-1,-1,0,0
200.691,200.691,-10,119,142,0,125,140,1,0,0,10,6,-2,0.0024,-0.0003,-0.0102,0.9999,-2,0,0,0
200.791,200.791,-10,120,142,0,125,140,2,0,0,10,5,-2,0.0035,0.0005,-0.0099,0.9999,0,3,1,0
200.891,200.891,-10,120,142,0,125,140,2,0,0,10,5,-2,0.0043,0.0006,-0.0095,0.9999,0,2,1,0
200.991,200.991,-10,120,142,0,125,140,2,0,0,10,5,-2,0.005,0.0011,-0.0091,0.9999,-2,1,1,0
201.091,201.091,-10,120,142,0,125,140,2,0,0,10,5,-2,0.0054,0.0013,-0.0082,1,0,2,1,0
201.191,201.191,-10,121,142,0,125,140,2,0,0,10,4,-2,0.0052,-0.0002,-0.0073,1,0,1,1,0
201.291,201.291,-11,121,142,0,125,140,2,0,0,11,4,-2,0.0046,-0.0007,-0.0063,1,0,3,1,0
201.391,201.391,-11,121,142,0,125,140,2,0,0,11,4,-2,0.0047,-0.0014,-0.0057,1,0,2,1,0
201.491,201.491,-11,122,142,0,125,140,2,0,0,11,3,-2,0.0052,-0.002,-0.0055,1,0,5,1,0
201.591,201.591,-11,122,143,0,125,140,2,0,0,11,3,-3,0.0056,-0.0014,-0.0051,1,0,-1,1,0
201.691,201.691,-11,122,143,0,125,140,2,0,0,11,3,-3,0.0054,-0.0005,-0.0049,1,-1,-1,1,0
201.791,201.791,-11,122,143,0,125,140,2,0,0,11,3,-3,0.0049,0,-0.0048,1,0,0,1,0
201.891,201.891,-11,122,143,0,125,140,2,0,0,11,3,-3,0.0041,0.0005,-0.0049,1,0,-6,1,0
201.991,201.991,-11,121,143,0,125,140,2,0,0,11,4,-3,0.0037,0.0003,-0.0047,1,0,2,1,0
202.091,202.091,-11,122,143,0,125,140,2,0,0,11,3,-3,0.0037,-0.0005,-0.0049,1,0,0,1,0
202.191,202.191,-11,122,143,0,125,140,2,0,0,11,3,-3,0.0033,-0.0007,-0.0049,1,0,-2,1,0
202.291,202.291,-11,121,143,0,125,140,2,0,0,11,4,-3,0.0022,-0.0006,-0.0046,1,0,-1,1,0
202.391,202.391,-11,121,143,0,125,140,2,0,0,11,4,-3,0.0022,-0.0005,-0.0042,1,-1,-1,1,0
202.491,202.491,-11,121,144,0,125,140,2,0,-1,11,4,-4,0.0026,0,-0.0031,1,-1,-1,1,0
202.591,202.591,-12,121,144,0,125,140,2,0,-1,12,4,-4,0.0027,0.0003,-0.0025,1,-2,0,1,0
202.691,202.691,-12,121,144,0,125,140,2,0,-1,12,4,-4,0.0029,0,-0.0015,1,0,0,1,0
202.791,202.791,-12,121,144,0,125,140,2,0,-1,12,4,-4,0.0029,0,-0.0015,1,0,-1,1,0
202.891,202.891,-12,121,144,0,125,140,2,0,-1,12,4,-4,0.0026,0.0008,0.0012,1,-1,-2,1,0
202.991,202.991,-12,121,144,0,125,140,2,0,-1,12,4,-4,0.002,0.0013,0.0017,1,0,-2,1,0
203.091,203.091,-11,121,144,0,125,140,2,0,-1,11,4,-4,0.0022,0.0013,0.0027,1,0,-5,1,0
203.201,203.201,-12,120,144,0,125,140,2,0,-1,12,5,-4,0.0021,0.0019,0.0037,1,-1,0,1,0
203.301,203.301,-12,120,144,0,125,140,2,0,-1,12,5,-4,0.0027,0.0022,0.0039,1,-1,-1,1,0
203.401,203.401,-12,120,144,0,125,140,2,0,-1,12,5,-4,0.003,0.0025,0.0038,1,0,-2,1,0
203.501,203.501,-12,120,144,0,125,140,2,0,-1,12,5,-4,0.0031,0.0025,0.0035,1,0,0,1,0
203.601,203.601,-12,120,144,0,125,140,2,0,-1,12,5,-4,0.0028,0.0023,0.0028,1,2,0,1,0
203.701,203.701,-12,120,144,0,125,140,2,0,-1,12,5,-4,0.0029,0.0019,0.0016,1,1,0,1,0
203.801,203.801,-11,119,144,0,125,140,2,0,-1,11,6,-4,0.0033,0.0017,0.0001,1,0,-3,1,0
203.901,203.901,-11,119,144,0,125,140,2,0,-1,11,6,-4,0.0028,0.0018,-0.0017,1,0,-1,1,0
204.001,204.001,-11,119,144,0,125,140,2,0,-1,11,6,-4,0.0029,0.0016,-0.0036,1,0,0,1,0
204.101,204.101,-11,119,144,0,125,140,2,0,-1,11,6,-4,0.0035,0.001,-0.0051,1,1,-2,1,0
204.201,204.201,-11,118,144,0,125,140,2,0,-1,11,7,-4,0.0036,0.0009,-0.0075,1,1,0,1,0
204.301,204.301,-11,118,144,0,125,140,2,0,-1,11,7,-4,0.0033,0.0004,-0.0086,1,1,-1,1,0
204.401,204.401,-11,118,144,0,125,140,2,0,-1,11,7,-4,0.0025,0.0005,-0.0088,1,0,0,1,0
204.501,204.501,-10,118,144,0,125,140,2,0,-1,10,7,-4,0.0015,0.0002,-0.0084,1,0,-2,1,0
204.601,204.601,-10,117,143,0,125,140,1,0,0,10,8,-3,0.001,0.0009,-0.0079,1,0,-3,0,0
204.701,204.701,-10,117,143,0,125,140,1,2,0,10,8,-3,0.0003,0.0009,-0.007,1,0,-4,0,2
204.801,204.801,-10,117,143,0,125,140,1,2,0,10,8,-3,0.0003,0.0018,-0.0057,1,0,-1,0,2
204.901,204.901,-10,116,143,0,125,140,1,2,0,10,9,-3,0.0008,0.0016,-0.0042,1,1,-1,0,2
205.001,205.001,-9,116,143,0,125,140,1,2,0,9,9,-3,0.0007,0.0019,-0.0027,1,2,-3,0,2
205.101,205.101,-9,116,144,0,125,140,1,2,-1,9,9,-4,0.0012,0.0021,-0.0006,1,1,0,0,2
205.201,205.201,-9,116,144,0,125,140,1,2,-1,9,9,-4,0.0016,0.0024,0.0017,1,1,0,1,1
205.301,205.301,-9,116,144,0,125,140,1,2,-1,9,9,-4,0.0018,0.0029,0.0041,1,0,0,1,1
205.401,205.401,-9,116,144,0,125,140,1,2,-1,9,9,-4,0.0018,0.0025,0.007,1,2,0,1,1
205.501,205.501,-9,116,144,0,125,140,1,2,-1,9,9,-4,0.002,0.0019,0.0092,1,2,-1,1,1
205.601,205.601,-9,116,144,0,125,140,1,2,-1,9,9,-4,0.0024,0.001,0.0107,0.9999,1,0,1,1
205.701,205.701,-8,116,144,0,125,140,1,2,-1,8,9,-4,0.0025,0.0001,0.0123,0.9999,4,2,1,1
205.801,205.801,-8,116,144,0,125,140,1,2,-1,8,9,-4,0.0025,-0.0005,0.014,0.9999,3,0,1,1
205.901,205.901,-8,116,143,0,125,140,1,2,0,8,9,-3,0.0028,-0.0001,0.0153,0.9999,1,1,1,1
206.001,206.001,-7,117,144,0,125,140,1,2,-1,7,8,-4,0.0033,-0.0002,0.0166,0.9999,1,1,1,1
206.101,206.101,-7,117,143,0,125,140,1,0,0,7,8,-3,0.0038,-0.0002,0.018,0.9998,2,5,0,0
206.201,206.201,-7,117,143,0,125,140,1,0,0,7,8,-3,0.0049,-0.0005,0.0187,0.9998,1,0,0,0
206.301,206.301,-7,117,143,0,125,140,1,0,0,7,8,-3,0.0059,-0.0007,0.0194,0.9998,1,2,0,0
206.401,206.401,-6,118,143,0,125,140,1,0,0,6,7,-3,0.0062,-0.0021,0.0195,0.9998,1,1,0,0
206.501,206.501,-6,118,143,0,125,140,1,0,0,6,7,-3,0.0053,-0.0026,0.0204,0.9998,2,1,0,0
206.601,206.601,-6,118,143,0,175,140,1,16,0,6,57,-3,0.0047,-0.0021,0.0204,0.9998,1,0,1,15
206.701,206.701,-5,118,143,0,175,140,1,17,0,5,57,-3,0.004,-0.0022,0.0201,0.9998,2,4,1,16
206.801,206.801,-5,118,142,0,175,140,1,17,0,5,57,-2,0.0038,-0.0025,0.0197,0.9998,3,0,1,16
206.901,206.901,-5,118,142,0,175,140,1,17,0,5,57,-2,-0.0091,-0.0027,0.0184,0.9998,2,0,1,16
207.001,207.001,-5,119,142,0,175,140,1,16,0,5,56,-2,-0.0173,-0.0017,0.0167,0.9997,1,2,1,15
207.101,207.101,-4,119,142,0,175,140,1,16,0,4,56,-2,-0.0144,0,0.015,0.9998,1,8,1,15
207.201,207.201,-4,121,142,0,175,140,1,15,0,4,54,-2,-0.0069,-0.0001,0.0131,0.9999,1,14,1,14
207.301,207.301,-3,122,142,0,175,140,0,15,0,3,53,-2,0.0002,-0.0011,0.0113,0.9999,2,14,0,14
207.401,207.401,-3,124,142,0,175,140,0,15,0,3,51,-2,0.004,-0.001,0.0095,0.9999,1,13,0,14
207.501,207.501,-3,125,142,0,175,140,0,14,0,3,50,-2,0.0044,-0.0013,0.007,1,0,11,0,13
207.601,207.601,-3,126,141,0,175,140,0,14,0,3,49,-1,0.0038,-0.0017,0.0041,1,1,11,0,13
207.701,207.701,-2,128,141,0,175,140,0,14,0,2,47,-1,0.0032,-0.0015,0.0013,1,1,10,0,13
207.801,207.801,-2,129,141,0,175,140,0,14,0,2,46,-1,0.0021,-0.0013,-0.0013,1,2,11,0,13
207.901,207.901,-2,130,140,0,175,140,0,13,0,2,45,0,0.0006,-0.0005,-0.0035,1,1,10,0,12
208.001,208.001,-1,132,141,0,175,140,0,13,0,1,43,-1,-0.0001,0,-0.0056,1,1,11,0,12
208.101,208.101,-1,133,141,0,175,140,0,12,0,1,42,-1,-0.0001,0,-0.0056,1,1,14,0,11
208.201,208.201,-1,135,141,0,175,140,0,12,0,1,40,-1,0.0004,-0.001,-0.0094,1,1,11,0,11
208.301,208.301,-1,136,140,0,175,140,0,12,0,1,39,0,0.0008,-0.0017,-0.0102,0.9999,0,10,0,11
208.411,208.411,-1,137,140,0,175,140,0,11,0,1,38,0,0.0005,-0.0021,-0.0104,0.9999,0,16,0,10
208.511,208.511,0,139,140,0,175,140,0,11,0,0,36,0,0.0007,-0.0017,-0.0102,0.9999,0,13,0,10
208.611,208.611,0,140,139,0,175,140,0,10,0,0,35,1,0.0009,-0.0005,-0.0105,0.9999,0,12,0,9
208.711,208.711,0,142,140,0,175,140,0,9,0,0,33,0,0.0024,0,-0.0108,0.9999,0,7,0,8
208.811,208.811,0,143,139,0,175,140,0,9,0,0,32,1,0.0043,0.0008,-0.0112,0.9999,0,12,0,8
208.911,208.911,0,145,139,0,175,140,0,9,0,0,30,1,0.0058,0.0007,-0.0113,0.9999,0,17,0,8
209.011,209.011,0,147,139,0,175,140,0,8,0,0,28,1,0.0074,0.0004,-0.0107,0.9999,0,9,0,7
209.111,209.111,0,148,139,0,175,140,0,8,0,0,27,1,0.0077,0.0003,-0.0105,0.9999,0,10,0,7
209.211,209.211,0,149,139,0,175,140,0,8,0,0,26,1,0.0065,0.0005,-0.0105,0.9999,0,8,0,7
209.311,209.311,1,151,139,0,175,140,0,4,0,-1,24,1,0.0066,0.0012,-0.0105,0.9999,1,9,0,3
209.411,209.411,1,152,139,0,175,140,0,4,0,-1,23,1,0.0073,0.0015,-0.0108,0.9999,0,9,0,3
209.511,209.511,1,153,139,0,175,140,0,4,0,-1,22,1,0.0069,0.002,-0.0109,0.9999,0,8,0,3
209.611,209.611,1,154,139,0,175,140,0,3,0,-1,21,1,0.0102,0.0025,-0.0114,0.9999,0,3,0,2
209.711,209.711,0,155,139,0,175,140,0,3,0,0,20,1,0.0113,0.0031,-0.0116,0.9999,0,6,0,2
209.811,209.811,0,156,139,0,175,140,0,3,0,0,19,1,0.0096,0.0031,-0.0112,0.9999,0,6,0,2
209.911,209.911,0,157,139,0,175,140,0,3,0,0,18,1,0.0083,0.0027,-0.0112,0.9999,-1,4,0,2
210.011,210.011,0,157,139,0,175,140,0,3,0,0,18,1,0.0063,0.0034,-0.0107,0.9999,1,1,0,2
210.111,210.111,0,158,139,0,175,140,0,3,0,0,17,1,0.0046,0.0038,-0.0098,0.9999,0,2,0,2
210.211,210.211,0,158,139,0,175,140,0,3,0,0,17,1,0.0026,0.0035,-0.01,0.9999,0,3,0,2
210.311,210.311,0,159,139,0,175,140,0,3,0,0,16,1,0.0009,0.0025,-0.0099,0.9999,0,2,0,2
210.411,210.411,0,159,140,0,175,140,0,3,0,0,16,0,0.0003,0.0018,-0.0102,0.9999,0,1,0,2
210.511,210.511,0,159,140,0,175,140,0,3,0,0,16,0,0.0007,0.0011,-0.0106,0.9999,0,1,0,2
210.611,210.611,0,160,140,0,175,140,0,2,0,0,15,0,0.0018,0.0019,-0.0111,0.9999,0,-1,0,1
210.711,210.711,0,160,140,0,175,140,0,2,0,0,15,0,0.003,0.0032,-0.0108,0.9999,-1,4,0,1
210.811,210.811,0,161,140,0,175,140,0,2,0,0,14,0,0.004,0.0039,-0.0107,0.9999,-2,1,0,1
210.911,210.911,0,161,140,0,175,140,0,2,0,0,14,0,0.004,0.0031,-0.0107,0.9999,-2,3,0,1
211.011,211.011,-1,161,140,0,175,140,0,2,0,1,14,0,0.0032,0.0028,-0.0107,0.9999,0,3,0,1
211.111,211.111,-1,161,140,0,175,140,0,2,0,1,14,0,0.0019,0.0016,-0.0112,0.9999,0,0,0,1
211.211,211.211,-1,161,140,0,175,140,0,2,0,1,14,0,0.0007,0.0006,-0.0116,0.9999,1,-1,0,1
211.311,211.311,-1,162,140,0,175,140,0,2,0,1,13,0,-0.0005,0.0006,-0.0121,0.9999,1,0,0,1
211.411,211.411,-1,162,140,0,175,140,0,2,0,1,13,0,-0.0011,0.0011,-0.013,0.9999,0,-1,0,1
211.511,211.511,-1,161,140,0,175,140,0,2,0,1,14,0,-0.001,0.0009,-0.0143,0.9999,-2,-1,0,1
211.611,211.611,-1,161,140,0,175,140,0,2,0,1,14,0,-0.0007,0.0002,-0.0153,0.9999,1,0,0,1
211.711,211.711,-1,161,140,0,175,140,0,2,0,1,14,0,-0.0008,-0.0005,-0.0167,0.9999,0,2,0,1
211.811,211.811,-1,161,140,0,175,140,0,2,0,1,14,0,-0.0012,-0.0015,-0.0181,0.9998,-1,-1,0,1
211.911,211.911,-1,160,140,0,175,140,0,3,0,1,15,0,-0.0029,-0.0018,-0.0188,0.9998,2,-1,0,2
212.011,212.011,-1,160,140,0,175,140,0,3,0,1,15,0,-0.0037,-0.0007,-0.0192,0.9998,2,0,0,2
212.111,212.111,-2,160,140,0,175,140,0,3,0,2,15,0,-0.0034,0.0004,-0.0192,0.9998,-4,-1,0,2
212.211,212.211,-2,160,140,0,175,140,0,3,0,2,15,0,-0.0029,0.0019,-0.0185,0.9998,-1,-4,0,2
212.311,212.311,-2,161,140,0,175,140,0,2,0,2,14,0,-0.0012,0.003,-0.017,0.9998,0,-1,0,1
212.411,212.411,-2,161,141,0,175,140,0,2,0,2,14,-1,0.0017,0.0032,-0.0153,0.9999,-1,-2,0,1
212.511,212.511,-2,161,141,0,175,140,0,2,0,2,14,-1,0.0041,0.0033,-0.0133,0.9999,-1,-1,0,1
212.611,212.611,-3,161,141,0,175,140,0,2,0,3,14,-1,0.0063,0.0032,-0.0111,0.9999,-1,0,0,1
212.711,212.711,-3,161,141,0,175,140,0,2,0,3,14,-1,0.006,0.0032,-0.009,0.9999,-3,2,0,1
212.811,212.811,-3,161,141,0,175,140,0,2,0,3,14,-1,0.0043,0.0029,-0.0069,1,0,0,0,1
212.911,212.911,-3,161,141,0,175,140,0,2,0,3,14,-1,0.0039,0.0037,-0.0048,1,-1,0,0,1
213.011,213.011,-4,162,141,0,175,140,1,2,0,4,13,-1,0.0035,0.0049,-0.0024,1,-4,0,0,2
213.111,213.111,-4,162,141,0,175,140,1,2,0,4,13,-1,0.0043,0.005,-0.0005,1,-2,0,0,2
213.211,213.211,-4,162,141,0,175,140,1,2,0,4,13,-1,0.0052,0.0052,0.0014,1,0,0,1,1
213.311,213.311,-5,162,141,0,175,140,1,2,0,5,13,-1,0.0042,0.0051,0.003,1,-1,-1,1,1
213.411,213.411,-5,162,141,0,175,140,1,2,0,5,13,-1,0.0038,0.0055,0.0041,1,-5,-1,1,1
213.511,213.511,-5,162,141,0,175,140,1,2,0,5,13,-1,0.0031,0.0053,0.0046,1,-3,0,1,1
213.611,213.611,-5,163,141,0,175,140,1,2,0,5,12,-1,0.0037,0.0051,0.0047,1,-1,1,1,1
213.721,213.721,-5,163,141,0,175,140,1,2,0,5,12,-1,0.0046,0.0043,0.0042,1,0,2,1,1
213.811,213.811,-5,163,141,0,175,140,1,2,0,5,12,-1,0.0042,0.0034,0.0035,1,0,0,1,1
213.921,213.921,-6,163,141,0,175,140,1,2,0,6,12,-1,0.0036,0.0031,0.0028,1,0,0,1,1
214.021,214.021,-6,163,142,0,175,140,1,2,0,6,12,-2,0.0033,0.0029,0.0019,1,-1,0,1,1
214.121,214.121,-6,163,142,0,175,140,1,2,0,6,12,-2,0.0035,0.0026,0.0008,1,0,-1,1,1
214.221,214.221,-6,163,142,0,175,140,1,2,0,6,12,-2,0.003,0.0027,-0.0002,1,0,0,0,2
214.321,214.321,-6,163,142,0,175,140,1,2,0,6,12,-2,0.0027,0.0022,-0.0015,1,0,0,0,2
214.421,214.421,-5,163,142,0,175,140,1,2,0,5,12,-2,0.0016,0.0022,-0.0031,1,0,0,0,2
214.521,214.521,-5,163,142,0,175,140,1,2,0,5,12,-2,-0.0012,0.0021,-0.0044,1,1,0,0,2
214.621,214.621,-5,163,143,0,175,140,1,2,0,5,12,-3,-0.0018,0.0028,-0.0047,1,0,3,0,2
214.721,214.721,-5,163,143,0,175,140,1,2,0,5,12,-3,0.0004,0.0017,-0.0047,1,0,2,0,2
214.821,214.821,-5,164,143,0,175,140,1,2,0,5,11,-3,0.0045,-0.0003,-0.0045,1,0,3,0,2
214.921,214.921,-5,164,143,0,175,140,1,2,0,5,11,-3,0.0075,-0.0011,-0.0045,1,0,1,0,2
215.021,215.021,-5,164,143,0,175,140,1,2,0,5,11,-3,0.0078,-0.0006,-0.0046,1,1,2,0,2
215.121,215.121,-5,165,143,0,175,140,1,2,0,5,10,-3,0.0068,0.0014,-0.0047,1,1,1,0,2
215.221,215.221,-5,165,143,0,175,140,1,2,0,5,10,-3,0.0045,0.0032,-0.0049,1,0,2,0,2
215.321,215.321,-5,165,143,0,175,140,1,2,0,5,10,-3,0.0031,0.0039,-0.0052,1,0,0,0,2
215.421,215.421,-5,165,143,0,175,140,1,2,0,5,10,-3,0.0022,0.0043,-0.0051,1,-1,2,0,2
215.521,215.521,-5,166,143,0,175,140,1,2,0,5,9,-3,0.0044,0.0036,-0.005,1,1,5,0,2
215.621,215.621,-5,166,143,0,175,140,1,2,0,5,9,-3,0.0059,0.0019,-0.0048,1,0,3,0,2
215.721,215.721,-5,166,142,0,175,140,1,2,0,5,9,-2,0.0053,0.0015,-0.0039,1,0,1,0,2
215.821,215.821,-5,166,143,0,175,140,1,2,0,5,9,-3,0.0045,0.0019,-0.003,1,-1,7,0,2
215.921,215.921,-5,167,143,0,175,140,1,2,0,5,8,-3,0.0049,0.0016,-0.0016,1,0,1,0,2
216.021,216.021,-5,167,142,0,175,140,1,0,0,5,8,-2,0.0057,0.0017,-0.0005,1,1,1,0,0
216.121,216.121,-5,167,142,0,175,100,1,0,-19,5,8,-42,0.0061,0.0027,0.0012,1,0,0,0,0
216.221,216.221,-5,167,142,0,175,100,1,0,-19,5,8,-42,0.0062,0.0038,0.0026,1,-1,2,0,0
216.321,216.321,-5,167,142,0,175,100,1,0,-19,5,8,-42,0.0064,0.0036,0.0038,1,0,0,0,0
216.421,216.421,-5,167,141,0,175,100,1,0,-18,5,8,-41,0.0035,0.0046,0.0046,1,0,0,0,0
216.521,216.521,-5,167,140,0,175,100,1,0,-18,5,8,-40,-0.0011,0.0038,0.0046,1,0,-1,0,0
216.621,216.621,-5,167,139,0,175,100,1,0,-17,5,8,-39,-0.0034,0.0033,0.004,1,0,0,0,0
216.721,216.721,-6,167,137,0,175,100,1,0,-17,6,8,-37,-0.002,0.0034,0.0029,1,0,3,0,0
216.821,216.821,-6,167,136,0,175,100,1,0,-16,6,8,-36,0.0008,0.0048,0.0015,1,0,1,0,0
216.921,216.921,-6,168,134,0,175,100,1,0,-15,6,7,-34,0.0039,0.005,0.0004,1,0,2,0,0
217.021,217.021,-6,168,133,0,175,100,1,0,-15,6,7,-33,0.0069,0.0045,-0.0007,1,0,2,0,0
217.121,217.121,-6,168,131,0,175,100,1,0,-14,6,7,-31,0.0081,0.0042,-0.0013,1,0,3,0,0
217.221,217.221,-6,168,130,0,175,100,1,0,-13,6,7,-30,0.0074,0.0032,-0.0022,1,0,0,0,0
217.321,217.321,-6,168,128,0,175,100,1,0,-12,6,7,-28,0.0054,0.0026,-0.0027,1,0,-1,0,0
217.421,217.421,-6,168,127,0,175,100,1,0,-12,6,7,-27,0.0038,0.0031,-0.0033,1,0,-2,0,0
217.521,217.521,-6,168,126,0,175,100,1,0,-11,6,7,-26,0.0034,0.0032,-0.0037,1,-1,-2,0,0
217.621,217.621,-6,168,124,0,175,100,1,0,-11,6,7,-24,0.0035,0.0032,-0.0038,1,-2,0,0,0
217.721,217.721,-6,168,123,0,175,100,1,0,-10,6,7,-23,0.0032,0.004,-0.0035,1,-1,0,0,0
217.821,217.821,-6,168,122,0,175,100,1,0,-10,6,7,-22,0.0032,0.0048,-0.0029,1,0,0,0,0
217.921,217.921,-6,168,121,0,175,100,1,0,-9,6,7,-21,0.0029,0.0046,-0.0013,1,0,0,0,0
218.021,218.021,-6,168,120,0,175,100,1,0,-9,6,7,-20,0.0038,0.0034,0.0009,1,1,1,0,0
218.121,218.121,-6,168,119,0,175,100,1,0,-8,6,7,-19,0.0046,0.0035,0.0032,1,0,0,0,0
218.231,218.231,-6,168,118,0,175,100,1,0,-8,6,7,-18,0.0047,0.004,0.0051,1,0,1,0,0
218.331,218.331,-6,169,117,0,175,100,1,0,-7,6,6,-17,0.0053,0.0035,0.0065,1,0,0,0,0
218.421,218.421,-6,169,117,0,175,100,1,0,-7,6,6,-17,0.0069,0.0023,0.0071,0.9999,0,0,0,0
218.531,218.531,-6,169,116,0,175,100,1,0,-7,6,6,-16,0.008,0.0016,0.0074,0.9999,0,1,0,0
218.621,218.621,-6,169,115,0,175,100,1,0,-7,6,6,-15,0.008,0.0016,0.0074,0.9999,0,2,0,0
218.731,218.731,-5,170,114,0,175,100,1,0,-6,5,5,-14,0.0081,0.0032,0.0073,0.9999,1,2,0,0
218.831,218.831,-5,170,114,0,175,100,1,0,-6,5,5,-14,0.0076,0.0033,0.0077,0.9999,1,0,0,0
218.931,218.931,-5,170,113,0,175,100,1,0,-6,5,5,-13,0.0074,0.0021,0.009,0.9999,3,0,0,0
219.031,219.031,-5,170,112,0,175,100,1,0,-5,5,5,-12,0.007,0.0011,0.0098,0.9999,4,1,0,0
219.131,219.131,-5,170,111,0,175,100,1,0,-5,5,5,-11,0.0059,0.0006,0.0113,0.9999,2,0,0,0
219.231,219.231,-4,170,110,0,175,100,1,0,-4,4,5,-10,0.0054,0.0001,0.0119,0.9999,2,1,0,0
219.331,219.331,-4,170,110,0,175,100,1,0,-4,4,5,-10,0.0049,-0.0001,0.0123,0.9999,1,0,0,0
219.431,219.431,-4,170,109,0,175,100,1,0,-4,4,5,-9,0.0051,-0.0007,0.0128,0.9999,2,0,0,0
219.531,219.531,-3,170,109,0,175,100,0,1,-3,3,5,-9,0.0052,0.0002,0.0132,0.9999,1,1,0,0
219.631,219.631,-3,170,108,0,175,100,0,1,-3,3,5,-8,0.0059,0.0002,0.0128,0.9999,1,4,0,0
219.731,219.731,-3,171,108,0,175,100,0,1,-3,3,4,-8,0.0065,0,0.0115,0.9999,0,0,0,0
219.831,219.831,-3,171,107,0,175,100,0,1,-2,3,4,-7,0.0062,-0.0013,0.0105,0.9999,2,0,0,0
219.931,219.931,-2,171,107,0,125,100,0,-14,-2,2,-46,-7,0.006,-0.0022,0.0096,0.9999,2,2,0,-13
220.031,220.031,-2,171,107,0,125,100,0,-14,-2,2,-46,-7,0.0068,-0.0008,0.0083,0.9999,3,-3,0,-13
220.131,220.131,-1,171,106,0,125,100,0,-14,-2,1,-46,-6,0.0078,-0.0005,0.0076,0.9999,0,3,0,-13
220.231,220.231,-1,171,106,0,125,100,0,-14,-2,1,-46,-6,0.0184,-0.0016,0.0065,0.9998,0,3,0,-13
220.331,220.331,-1,171,106,0,125,100,0,-14,-2,1,-46,-6,0.0236,-0.003,0.0051,0.9997,1,-1,0,-13
220.431,220.431,0,170,105,0,125,100,0,-13,-1,0,-45,-5,0.0216,-0.0032,0.0041,0.9998,1,-5,0,-12
220.531,220.531,0,170,105,0,125,100,0,-13,-1,0,-45,-5,0.0165,-0.0021,0.0022,0.9999,1,-6,0,-12
220.631,220.631,1,169,105,0,125,100,0,-13,-1,-1,-44,-5,0.0115,-0.0006,0.0001,0.9999,1,-9,0,-12
220.731,220.731,1,168,104,0,125,100,0,-13,-1,-1,-43,-4,0.0063,-0.0001,-0.0018,1,0,-6,0,-12
220.831,220.831,1,167,104,0,125,100,0,-12,-1,-1,-42,-4,0.0047,-0.0009,-0.0035,1,0,-7,0,-11
220.931,220.931,2,166,104,0,125,100,0,-12,-1,-2,-41,-4,0.0064,-0.002,-0.0049,1,0,-6,0,-11
221.031,221.031,2,165,104,0,125,100,0,-12,-1,-2,-40,-4,0.0085,-0.0021,-0.0045,1,0,-5,0,-11
221.131,221.131,2,164,104,0,125,100,0,-12,-1,-2,-39,-4,0.0105,-0.0024,-0.0037,0.9999,2,-5,0,-11
221.231,221.231,3,162,103,0,125,100,0,-11,0,-3,-37,-3,0.0106,-0.003,-0.0024,0.9999,0,-5,0,-10
221.331,221.331,3,161,103,0,125,100,0,-11,0,-3,-36,-3,0.0097,-0.003,-0.0009,0.9999,0,-7,0,-10
221.431,221.431,3,160,103,0,125,100,0,-10,0,-3,-35,-3,0.0089,-0.002,-0.0001,1,0,-13,0,-9
221.531,221.531,3,158,103,0,125,100,0,-10,0,-3,-33,-3,0.0063,-0.001,0.0011,1,0,-13,0,-9
221.631,221.631,3,157,103,0,125,100,0,-9,0,-3,-32,-3,0.0046,-0.0007,0.0015,1,0,-7,0,-8
221.731,221.731,4,156,102,0,125,100,0,-9,0,-4,-31,-2,0.0043,-0.0001,0.002,1,0,-5,0,-8
221.831,221.831,4,155,102,0,125,100,0,-9,0,-4,-30,-2,0.0048,0.0002,0.0015,1,0,-16,0,-8
221.931,221.931,4,154,102,0,125,100,0,-9,0,-4,-29,-2,0.0059,-0.0012,0.0009,1,1,-7,0,-8
222.031,222.031,4,152,102,0,125,100,0,-8,0,-4,-27,-2,0.008,-0.0024,-0.0004,1,2,-6,0,-7
222.131,222.131,5,151,102,0,125,100,0,-8,0,-5,-26,-2,0.0092,-0.0019,-0.0021,1,1,-12,0,-7
222.231,222.231,5,149,102,0,125,100,0,-4,0,-5,-24,-2,0.0099,-0.0002,-0.0032,0.9999,0,-10,0,-3
222.331,222.331,5,148,102,0,125,100,0,-4,0,-5,-23,-2,0.0082,-0.0003,-0.0037,1,0,-8,0,-3
222.431,222.431,5,147,102,0,125,100,0,-4,0,-5,-22,-2,0.0062,-0.0004,-0.0041,1,0,-12,0,-3
222.531,222.531,6,146,102,0,125,100,0,-3,0,-6,-21,-2,0.002,-0.0009,-0.0042,1,0,-4,0,-2
222.631,222.631,6,145,102,0,125,100,0,-3,0,-6,-20,-2,0.001,-0.0014,-0.0034,1,0,-4,0,-2
222.741,222.741,6,144,102,0,125,100,0,-3,0,-6,-19,-2,0.0028,-0.0015,-0.0026,1,1,-8,0,-2
222.841,222.841,7,143,102,0,125,100,0,-3,0,-7,-18,-2,0.0041,-0.0022,-0.0017,1,2,-7,0,-2
222.941,222.941,7,142,101,0,125,100,0,-3,0,-7,-17,-1,0.005,-0.0031,-0.0008,1,3,-5,0,-2
223.041,223.041,7,142,101,0,125,100,0,-3,0,-7,-17,-1,0.0062,-0.0032,0.0002,1,0,-5,0,-2
223.141,223.141,7,141,101,0,125,100,0,-3,0,-7,-16,-1,0.0056,-0.0022,0.0012,1,1,-3,0,-2
223.241,223.241,8,140,102,0,125,100,0,-3,0,-8,-15,-2,0.0048,-0.0015,0.0026,1,1,-6,0,-2
223.341,223.341,8,140,101,0,125,100,0,-3,0,-8,-15,-1,0.0045,-0.0018,0.0033,1,1,-4,0,-2
223.441,223.441,8,139,101,0,125,100,0,-2,0,-8,-14,-1,0.0054,-0.0016,0.0041,1,0,-4,0,-1
223.541,223.541,8,138,101,0,125,100,0,-2,0,-8,-13,-1,0.0053,-0.0013,0.0047,1,0,-7,0,-1
223.641,223.641,8,137,101,0,125,100,0,-2,0,-8,-12,-1,0.005,-0.001,0.005,1,0,-5,0,-1
223.741,223.741,8,137,101,0,125,100,0,-2,0,-8,-12,-1,0.0039,-0.0002,0.0048,1,0,-7,0,-1
223.841,223.841,8,136,101,0,125,100,0,-2,0,-8,-11,-1,0.003,-0.0008,0.004,1,0,-4,0,-1
223.941,223.941,9,136,100,0,125,100,0,-2,0,-9,-11,0,0.0026,-0.0011,0.003,1,1,-2,0,-1
224.041,224.041,9,135,100,0,125,100,0,-2,0,-9,-10,0,0.0026,-0.0002,0.0016,1,0,-4,0,-1
224.141,224.141,9,135,100,0,125,100,0,-2,0,-9,-10,0,0.0037,0.0002,-0.0003,1,0,-2,0,-1
224.241,224.241,9,134,101,0,125,100,0,-2,0,-9,-9,-1,0.0045,0.0003,-0.0033,1,0,-1,0,-1
224.341,224.341,9,134,101,0,125,100,0,-2,0,-9,-9,-1,0.0041,0.0004,-0.0064,1,0,-2,0,-1
224.441,224.441,9,133,100,0,125,100,0,-2,0,-9,-8,0,0.0025,0.0005,-0.0098,0.9999,0,-5,0,-1
224.541,224.541,9,133,100,0,125,100,0,-1,0,-9,-8,0,0.0011,0.0005,-0.013,0.9999,0,-3,0,0
224.641,224.641,9,132,100,0,125,100,0,-1,0,-9,-7,0,0.0007,0.0017,-0.0153,0.9999,0,-3,0,0
224.741,224.741,9,132,101,0,125,100,0,-1,0,-9,-7,-1,0.0012,0.0027,-0.0169,0.9999,0,-3,0,0
224.841,224.841,9,132,101,0,125,100,0,-1,0,-9,-7,-1,0.0015,0.003,-0.0175,0.9998,0,-1,0,0
224.941,224.941,9,132,102,0,125,100,0,-1,0,-9,-7,-2,0.0015,0.0027,-0.0174,0.9998,1,-1,0,0
225.041,225.041,9,132,102,0,125,100,0,-1,0,-9,-7,-2,0.0013,0.0021,-0.017,0.9999,0,-1,0,0
225.141,225.141,9,132,101,0,125,100,0,-1,0,-9,-7,-1,0.0015,0.0006,-0.0169,0.9999,1,0,0,0
225.241,225.241,9,132,101,0,125,100,0,-1,0,-9,-7,-1,0.0027,0.0003,-0.0168,0.9999,0,0,0,0
225.341,225.341,9,132,101,0,125,100,0,-1,0,-9,-7,-1,0.0041,0.0009,-0.0165,0.9999,-1,0,0,0
225.441,225.441,9,132,101,0,125,100,0,-1,0,-9,-7,-1,0.0041,0.0009,-0.0165,0.9999,0,0,0,0
225.541,225.541,9,132,101,0,125,100,0,-1,0,-9,-7,-1,0.0032,-0.0002,-0.0165,0.9999,0,0,0,0
225.641,225.641,9,132,101,0,125,100,0,-1,0,-9,-7,-1,0.0024,-0.0005,-0.0162,0.9999,0,-1,0,0
225.741,225.741,9,132,101,0,125,100,0,-1,0,-9,-7,-1,0.0012,0,-0.016,0.9999,-1,0,0,0
225.841,225.841,9,132,101,0,125,100,0,-1,0,-9,-7,-1,0.0006,0.001,-0.0161,0.9999,0,0,0,0
225.941,225.941,9,132,101,0,125,100,0,-1,0,-9,-7,-1,-0.0004,0.0003,-0.0159,0.9999,0,0,0,0
226.041,226.041,9,132,101,0,125,100,0,-1,0,-9,-7,-1,-0.0009,0,-0.016,0.9999,0,0,0,0
226.141,226.141,8,132,101,0,125,100,0,-1,0,-8,-7,-1,-0.0005,0.0008,-0.0161,0.9999,0,1,0,0
226.241,226.241,8,132,101,0,125,100,0,-1,0,-8,-7,-1,0.0003,0.0006,-0.0157,0.9999,0,0,0,0
226.341,226.341,8,131,101,0,125,100,0,-1,0,-8,-6,-1,-0.0003,0.0005,-0.0152,0.9999,0,-2,0,0
226.441,226.441,8,132,101,0,125,100,0,-1,0,-8,-7,-1,-0.0005,0.0003,-0.0145,0.9999,0,0,0,0
226.541,226.541,8,132,100,0,125,100,0,-1,0,-8,-7,0,-0.0006,-0.0008,-0.0136,0.9999,0,0,0,0
226.641,226.641,8,132,101,0,125,100,0,-1,0,-8,-7,-1,-0.0012,-0.0008,-0.0122,0.9999,0,0,0,0
226.741,226.741,8,132,101,0,125,100,0,-1,0,-8,-7,-1,-0.0016,-0.0005,-0.011,0.9999,0,1,0,0
226.841,226.841,8,132,100,0,125,100,0,-1,0,-8,-7,0,-0.001,-0.0009,-0.0098,1,0,1,0,0
226.941,226.941,8,132,101,0,125,100,0,-1,0,-8,-7,-1,-0.001,-0.0014,-0.0082,1,0,0,0,0
227.041,227.041,8,132,101,0,125,100,0,-1,0,-8,-7,-1,-0.0006,-0.0017,-0.0064,1,0,0,0,0
227.141,227.141,7,132,101,0,125,100,0,-1,0,-7,-7,-1,-0.0006,-0.0018,-0.0045,1,0,2,0,0
227.241,227.241,7,132,101,0,125,100,0,-1,0,-7,-7,-1,-0.001,-0.0022,-0.0027,1,0,0,0,0
227.341,227.341,7,132,100,0,75,100,0,-16,0,-7,-57,0,-0.0015,-0.0025,-0.0012,1,0,0,0,-15
227.441,227.441,7,133,100,0,75,100,0,-17,0,-7,-58,0,-0.0011,-0.0025,-0.0002,1,0,-2,0,-16
227.541,227.541,7,133,100,0,75,100,0,-17,0,-7,-58,0,0.0009,-0.0018,0.0002,1,0,1,0,-16
227.651,227.651,7,133,100,0,75,100,0,-17,0,-7,-58,0,0.0151,-0.0011,0.0011,0.9999,0,2,0,-16
227.751,227.751,7,133,101,0,75,100,0,-17,0,-7,-58,-1,0.0225,-0.0026,0.0013,0.9997,0,-2,0,-16
227.851,227.851,7,132,101,0,75,100,0,-16,0,-7,-57,-1,0.0182,-0.005,0.0011,0.9998,0,-6,0,-15
227.951,227.951,7,131,101,0,75,100,0,-16,0,-7,-56,-1,0.0103,-0.0063,0.0004,0.9999,0,-8,0,-15
228.051,228.051,7,130,101,0,75,100,0,-16,0,-7,-55,-1,0.0051,-0.0063,-0.0008,1,0,-9,0,-15
228.151,228.151,7,129,101,0,75,100,0,-15,0,-7,-54,-1,0.0035,-0.0051,-0.0017,1,-1,-10,0,-14
228.251,228.251,7,128,101,0,75,100,0,-15,0,-7,-53,-1,0.0048,-0.003,-0.0023,1,0,-9,0,-14
228.351,228.351,7,127,101,0,75,100,0,-15,0,-7,-52,-1,0.0056,-0.0018,-0.002,1,0,-10,0,-14
228.451,228.451,6,126,101,0,75,100,0,-15,0,-6,-51,-1,0.0046,-0.0006,-0.0007,1,0,-12,0,-14
228.551,228.551,6,124,100,0,75,100,0,-14,0,-6,-49,0,0.0036,0.0008,0.001,1,0,-8,0,-13
228.651,228.651,6,123,100,0,75,100,0,-14,0,-6,-48,0,0.0051,0.0013,0.003,1,0,-10,0,-13
228.751,228.751,6,122,100,0,75,100,0,-14,0,-6,-47,0,0.0083,0.0005,0.0044,1,-1,-10,0,-13
228.851,228.851,5,120,100,0,75,100,0,-13,0,-5,-45,0,0.0088,-0.0006,0.0053,0.9999,0,-12,0,-12
228.951,228.951,5,119,100,0,75,100,0,-13,0,-5,-44,0,0.0079,-0.0008,0.0053,1,-2,-11,0,-12
229.051,229.051,5,118,100,0,75,100,0,-12,0,-5,-43,0,0.0057,-0.0026,0.0036,1,-2,-12,0,-11
229.151,229.151,5,116,100,0,75,100,0,-12,0,-5,-41,0,0.0015,-0.0067,0.002,1,0,-12,0,-11
229.251,229.251,5,114,100,0,75,100,0,-12,0,-5,-39,0,-0.0014,-0.0102,0.0014,0.9999,0,-11,0,-11
229.351,229.351,5,112,99,0,75,100,0,-11,0,-5,-37,1,-0.0022,-0.0099,0.0011,0.9999,1,-13,0,-10
229.451,229.451,5,111,100,0,75,100,0,-11,0,-5,-36,0,-0.0014,-0.007,0.0016,1,-2,-9,0,-10
229.551,229.551,5,110,99,0,75,100,0,-10,0,-5,-35,1,0.0011,-0.0025,0.0017,1,-1,-7,0,-9
229.651,229.651,4,109,99,0,75,100,0,-10,0,-4,-34,1,0.0023,0.0006,0.0017,1,0,-9,0,-9
229.751,229.751,4,107,99,0,75,100,0,-9,0,-4,-32,1,0.0036,0.0013,0.0015,1,0,-11,0,-8
229.851,229.851,4,106,99,0,75,100,0,-9,0,-4,-31,1,0.0036,0.0014,0.0024,1,-2,-6,0,-8
229.951,229.951,3,105,99,0,75,100,0,-9,0,-3,-30,1,0.0033,-0.0006,0.0031,1,-1,-10,0,-8
230.051,230.051,3,103,99,0,75,100,0,-8,0,-3,-28,1,0.0017,-0.0026,0.004,1,-1,-13,0,-7
230.151,230.151,3,102,99,0,75,100,0,-8,0,-3,-27,1,-0.0003,-0.0047,0.0046,1,0,-7,0,-7
230.251,230.251,3,100,99,0,75,100,0,-7,0,-3,-25,1,-0.0012,-0.0057,0.0058,1,0,-11,0,-6
230.351,230.351,3,99,99,0,75,100,0,-4,0,-3,-24,1,-0.0028,-0.0063,0.0051,1,0,-8,0,-3
230.451,230.451,3,97,99,0,75,100,0,-4,0,-3,-22,1,-0.0035,-0.0058,0.0058,1,0,-5,0,-3
230.551,230.551,3,96,99,0,75,100,0,-3,0,-3,-21,1,-0.0034,-0.0036,0.0049,1,0,-8,0,-2
230.651,230.651,2,95,99,0,75,100,0,-3,0,-2,-20,1,-0.0055,-0.0026,0.0043,1,0,-11,0,-2
230.751,230.751,2,94,99,0,75,100,0,-3,0,-2,-19,1,-0.0076,-0.0029,0.0028,1,-1,-6,0,-2
230.851,230.851,2,93,99,0,75,100,0,-3,0,-2,-18,1,-0.0093,-0.0039,0.0016,0.9999,0,-7,0,-2
230.951,230.951,1,92,98,0,75,100,0,-3,0,-1,-17,2,-0.0077,-0.0036,0.0002,1,-32768,-32768,0,-2
231.051,231.051,1,92,99,0,75,100,0,-3,0,-1,-17,1,-0.003,-0.002,-0.001,1,-2,-3,0,-2
231.151,231.151,1,91,99,0,75,100,0,-3,0,-1,-16,1,0.0006,-0.0009,-0.0018,1,-1,-2,0,-2
231.251,231.251,0,91,99,0,75,100,0,-3,0,0,-16,1,0.0015,-0.0002,-0.0018,1,-1,-3,0,-2
231.351,231.351,0,90,99,0,75,100,0,-2,0,0,-15,1,0.0009,-0.0003,-0.0029,1,0,-6,0,-1
231.451,231.451,0,90,99,0,75,100,0,-2,0,0,-15,1,-0.0008,-0.0004,-0.0031,1,-1,-1,0,-1
231.651,231.651,-1,89,99,0,75,100,0,-2,0,1,-14,1,-0.0027,-0.0033,-0.002,1,0,-2,0,-1
231.751,231.751,-1,89,98,0,75,100,0,-2,0,1,-14,2,-0.002,-0.0043,-0.001,1,0,-3,0,-1
231.851,231.851,-1,88,99,0,75,100,0,-2,0,1,-13,1,-0.0018,-0.0035,0.0019,1,0,-1,0,-1
231.951,231.951,-1,88,99,0,75,100,0,-2,0,1,-13,1,-0.002,-0.0031,0.0033,1,0,-2,0,-1
232.051,232.051,-1,88,98,0,75,100,0,-2,0,1,-13,2,-0.0038,-0.0034,0.0056,1,0,-4,0,-1
232.161,232.161,-2,87,98,0,75,100,0,-2,0,2,-12,2,-0.0026,-0.0038,0.0078,1,-1,-1,0,-1
232.261,232.261,-2,87,98,0,75,100,0,-2,0,2,-12,2,-0.0013,-0.0049,0.0084,1,-1,-1,0,-1
232.361,232.361,-2,87,98,0,75,100,0,-2,0,2,-12,2,-0.0004,-0.0052,0.0074,1,0,0,0,-1
232.461,232.461,-2,87,99,0,75,100,0,-2,0,2,-12,1,-0.0017,-0.0051,0.0071,1,-2,-1,0,-1
232.561,232.561,-2,87,99,0,75,100,0,-2,0,2,-12,1,-0.0017,-0.0051,0.0071,1,-1,0,0,-1
232.661,232.661,-3,87,99,0,75,100,0,-2,0,3,-12,1,-0.0032,-0.0043,0.0052,1,-2,0,0,-1
232.761,232.761,-3,87,99,0,75,100,0,-2,0,3,-12,1,-0.0024,-0.0031,0.0035,1,-6,0,0,-1
232.861,232.861,-4,87,99,0,75,100,1,-2,0,4,-12,1,-0.0011,-0.0008,0.0003,1,-4,1,0,-2
232.961,232.961,-4,87,99,0,75,100,1,-2,0,4,-12,1,-0.0011,-0.0008,0.0003,1,-3,0,0,-2
233.061,233.061,-5,88,99,0,75,100,1,-2,0,5,-13,1,0.0037,0.001,-0.0038,1,-2,0,1,-1
233.161,233.161,-5,88,99,0,75,100,1,-2,0,5,-13,1,0.0064,0.0006,-0.0054,1,-1,4,1,-1
233.261,233.261,-5,89,99,0,75,100,1,-2,0,5,-14,1,0.0063,-0.0006,-0.0063,1,-1,1,1,-1
233.361,233.361,-6,89,99,0,75,100,1,-2,0,6,-14,1,0.0047,-0.0004,-0.0072,1,0,-2,1,-1
233.461,233.461,-6,89,99,0,75,100,1,-2,0,6,-14,1,0.0026,-0.0003,-0.0077,1,-1,1,1,-1
233.561,233.561,-7,90,100,0,75,100,1,-2,0,7,-15,0,0.0025,-0.0002,-0.008,1,-2,1,1,-1
233.661,233.661,-7,90,99,0,75,100,1,-2,0,7,-15,1,0.0023,-0.0004,-0.0072,1,-1,3,1,-1
233.761,233.761,-7,90,99,0,75,100,1,-2,0,7,-15,1,0.002,-0.0015,-0.0065,1,0,4,1,-1
233.861,233.861,-7,91,99,0,75,100,1,-3,0,7,-16,1,0.0019,-0.0018,-0.0053,1,0,5,1,-2
233.961,233.961,-7,92,99,0,75,100,1,-3,0,7,-17,1,0.0018,-0.0024,-0.0038,1,0,4,1,-2
234.061,234.061,-7,92,99,0,75,100,1,-3,0,7,-17,1,0.0021,-0.0025,-0.0022,1,0,3,1,-2
234.161,234.161,-7,92,100,0,75,100,1,-3,0,7,-17,0,0.0033,-0.002,-0.0007,1,0,3,1,-2
234.261,234.261,-8,93,99,0,75,100,1,-3,0,8,-18,1,0.0036,-0.0023,0.0002,1,-2,2,0,-3
234.361,234.361,-8,93,99,0,75,100,1,-3,0,8,-18,1,0.003,-0.0017,0.0008,1,-3,0,0,-3
234.461,234.461,-8,93,99,0,75,100,1,-3,0,8,-18,1,0.0024,-0.0009,0.0011,1,0,0,0,-3
234.561,234.561,-8,93,99,0,75,100,1,-3,0,8,-18,1,0.0029,-0.0005,0.0007,1,-1,0,0,-3
234.661,234.661,-9,93,99,0,75,100,1,-3,0,9,-18,1,0.0026,0.0008,-0.0002,1,-2,0,1,-2
234.761,234.761,-9,94,98,0,75,100,1,-3,0,9,-19,2,0.0022,0.0014,-0.0007,1,-3,1,1,-2
234.861,234.861,-10,94,98,0,75,100,1,-3,0,10,-19,2,0.0018,0.0018,-0.0015,1,-1,0,1,-2
234.961,234.961,-9,94,98,0,75,100,1,-3,0,9,-19,2,0.0012,0.0022,-0.0024,1,0,1,1,-2
235.061,235.061,-9,94,99,0,75,100,1,-3,0,9,-19,1,0.0005,0.0017,-0.0027,1,0,2,1,-2
235.161,235.161,-9,95,99,0,75,100,1,-3,0,9,-20,1,0.0018,0.0005,-0.0034,1,0,1,1,-2
235.261,235.261,-9,95,98,0,75,100,1,-3,0,9,-20,2,0.0019,-0.0014,-0.0035,1,0,2,1,-2
235.361,235.361,-9,95,98,0,75,100,1,-3,0,9,-20,2,0.0024,-0.002,-0.0041,1,0,1,1,-2
235.461,235.461,-9,95,98,0,75,100,1,-3,0,9,-20,2,0.0031,-0.0027,-0.0041,1,0,3,1,-2
235.561,235.561,-9,95,97,0,75,100,1,-3,0,9,-20,3,0.0033,-0.0033,-0.0047,1,0,0,1,-2
235.661,235.661,-9,95,97,0,75,100,1,-3,0,9,-20,3,0.0022,-0.0028,-0.0048,1,0,0,1,-2
235.761,235.761,-9,95,97,0,75,100,1,-3,0,9,-20,3,0.001,-0.0017,-0.0044,1,-2,1,1,-2
235.861,235.861,-9,95,97,0,75,100,1,-3,0,9,-20,3,0.001,-0.0006,-0.0043,1,0,0,1,-2
235.961,235.961,-9,95,97,0,75,100,1,-3,0,9,-20,3,0.0014,0.0007,-0.0042,1,0,2,1,-2
236.061,236.061,-9,96,97,0,75,100,1,-3,0,9,-21,3,0.0019,0.001,-0.0045,1,0,0,1,-2
236.161,236.161,-9,96,96,0,75,100,1,-3,1,9,-21,4,0.0022,0.0002,-0.0046,1,0,0,1,-2
236.261,236.261,-9,96,96,0,75,100,1,-3,1,9,-21,4,0.0018,-0.0006,-0.004,1,0,-1,1,-2
236.361,236.361,-9,96,96,0,75,100,1,-3,1,9,-21,4,0.0002,-0.001,-0.0035,1,0,1,1,-2
236.461,236.461,-9,96,96,0,75,100,1,-3,1,9,-21,4,0.0004,-0.0005,-0.0027,1,0,1,1,-2
236.571,236.571,-9,96,96,0,75,100,1,-3,1,9,-21,4,0.0021,-0.0001,-0.0012,1,0,0,1,-2
236.671,236.671,-9,97,96,0,75,100,1,-4,1,9,-22,4,0.0043,0.0004,0.0002,1,0,2,0,-4
236.771,236.771,-9,97,96,0,75,100,1,-4,1,9,-22,4,0.0054,0.0002,0.0017,1,0,1,0,-4
236.871,236.871,-8,97,96,0,75,100,1,-4,1,8,-22,4,0.0059,-0.0007,0.0034,1,0,1,0,-4
236.971,236.971,-8,98,96,0,75,100,1,-4,1,8,-23,4,0.008,-0.0022,0.0049,1,1,2,0,-4
237.071,237.071,-8,98,96,0,75,100,1,-4,1,8,-23,4,0.0084,-0.0031,0.0062,0.9999,0,0,0,-4
237.171,237.171,-8,98,96,0,75,100,1,-4,1,8,-23,4,0.0064,-0.0028,0.008,0.9999,0,0,0,-4
237.271,237.271,-8,97,96,0,75,100,1,-4,1,8,-22,4,0.0044,-0.0016,0.0092,0.9999,0,0,0,-4
237.371,237.371,-8,97,96,0,75,100,1,-4,1,8,-22,4,0.0032,-0.0002,0.0098,0.9999,-1,-3,0,-4
237.471,237.471,-8,97,96,0,75,100,1,-4,1,8,-22,4,0.004,0.0007,0.0098,0.9999,0,0,0,-4
237.571,237.571,-7,97,97,0,75,100,1,-4,0,7,-22,3,0.0043,0.0005,0.0094,0.9999,0,-1,0,-4
237.671,237.671,-7,96,97,0,75,100,1,-3,0,7,-21,3,0.0042,-0.0005,0.0088,1,0,0,0,-3
237.771,237.771,-7,96,96,0,75,100,1,-3,1,7,-21,4,0.0032,-0.002,0.008,1,0,0,0,-3
237.871,237.871,-6,96,96,0,75,100,1,-3,1,6,-21,4,0.0016,-0.0021,0.0067,1,1,-1,0,-3
237.971,237.971,-6,95,97,0,75,100,1,-3,0,6,-20,3,-0.0002,-0.0024,0.0052,1,0,-2,0,-3
238.071,238.071,-6,95,97,0,75,100,1,-3,0,6,-20,3,-0.0001,-0.0021,0.0034,1,0,0,0,-3
238.171,238.171,-6,95,97,0,75,100,1,-3,0,6,-20,3,0.0012,-0.0021,0.0015,1,1,0,0,-3
238.271,238.271,-6,94,97,0,75,100,1,-3,0,6,-19,3,0.0031,-0.0024,-0.0004,1,0,-1,1,-2
238.371,238.371,-5,94,97,0,75,100,1,-3,0,5,-19,3,0.0047,-0.0028,-0.0017,1,-32768,-32768,1,-2
238.471,238.471,-5,94,97,0,75,100,1,-3,0,5,-19,3,0.0049,-0.0031,-0.003,1,1,1,1,-2
238.571,238.571,-5,94,97,0,75,100,1,-3,0,5,-19,3,0.0025,-0.0023,-0.0034,1,0,0,1,-2
238.671,238.671,-5,93,97,0,75,100,1,-3,0,5,-18,3,0.001,-0.0012,-0.0027,1,0,-3,1,-2
238.771,238.771,-4,93,97,0,75,100,1,-3,0,4,-18,3,0.0004,-0.0014,-0.0015,1,2,-4,1,-2
238.871,238.871,-4,92,97,0,75,100,1,-3,0,4,-17,3,0.0004,-0.0012,-0.0007,1,1,-2,1,-2
238.971,238.971,-3,92,97,0,75,100,0,-3,0,3,-17,3,0.0007,-0.0014,0.0001,1,8,0,0,-2
239.071,239.071,-3,92,97,0,75,100,0,-3,0,3,-17,3,0.0008,-0.0026,0.0011,1,0,-1,0,-2
239.171,239.171,-2,92,98,0,75,100,0,-3,0,2,-17,2,0.001,-0.0037,0.0007,1,3,-1,0,-2
239.271,239.271,-2,92,98,0,75,100,0,-3,0,2,-17,2,0.002,-0.0045,0.0001,1,1,0,0,-2
239.371,239.371,-2,92,98,0,75,100,0,-3,0,2,-17,2,0.0036,-0.0041,-0.0006,1,3,0,0,-2
239.471,239.471,-1,91,97,0,75,100,0,-3,0,1,-16,3,0.004,-0.0043,-0.0014,1,1,0,0,-2
239.571,239.571,-1,91,97,0,75,100,0,-3,0,1,-16,3,0.0041,-0.0041,-0.0027,1,1,1,0,-2
239.671,239.671,0,90,97,0,75,100,0,-2,0,0,-15,3,0.0044,-0.0037,-0.0032,1,1,0,0,-1
239.771,239.771,0,91,97,0,75,100,0,-3,0,0,-16,3,0.0047,-0.0045,-0.003,1,0,0,0,-2
239.871,239.871,0,90,97,0,75,100,0,-2,0,0,-15,3,0.0043,-0.005,-0.0029,1,1,-1,0,-1
239.971,239.971,1,90,97,0,75,100,0,-3,0,-1,-15,3,0.0031,-0.0057,-0.0024,1,0,0,0,-2
240.071,240.071,1,89,97,0,75,100,0,-2,0,-1,-14,3,0.0026,-0.0063,-0.0018,1,0,-3,0,-1
240.171,240.171,2,89,97,0,75,100,0,-2,0,-2,-14,3,0.0017,-0.0056,-0.0016,1,1,-1,0,-1
240.271,240.271,2,89,98,0,75,100,0,-2,0,-2,-14,2,0.0024,-0.0054,-0.0008,1,3,-1,0,-1
240.371,240.371,2,89,98,0,75,100,0,-2,0,-2,-14,2,0.0024,-0.0053,-0.0002,1,1,-3,0,-1
240.471,240.471,2,89,98,0,75,100,0,-2,0,-2,-14,2,0.0031,-0.0046,0.0004,1,0,-1,0,-1
240.571,240.571,3,88,98,0,75,100,0,-2,0,-3,-13,2,0.0037,-0.0041,0.0009,1,0,-1,0,-1
240.671,240.671,3,88,98,0,75,100,0,-2,0,-3,-13,2,0.0026,-0.0043,0.0021,1,0,-2,0,-1
240.771,240.771,3,87,98,0,75,100,0,-2,0,-3,-12,2,0.0004,-0.0046,0.0028,1,0,-7,0,-1
240.871,240.871,3,87,98,0,75,100,0,-2,0,-3,-12,2,-0.0014,-0.0044,0.0036,1,0,-3,0,-1
240.971,240.971,3,87,98,0,75,100,0,-2,0,-3,-12,2,-0.0016,-0.0035,0.0044,1,1,-4,0,-1
241.071,241.071,4,86,98,0,75,100,0,-2,0,-4,-11,2,-0.0012,-0.0027,0.0051,1,0,-2,0,-1
241.171,241.171,4,86,98,0,75,100,0,-2,0,-4,-11,2,-0.001,-0.0018,0.0057,1,0,-7,0,-1
241.271,241.271,4,85,99,0,75,100,0,-2,0,-4,-10,1,-0.0016,-0.0015,0.0064,1,1,-1,0,-1
241.371,241.371,4,85,99,0,75,100,0,-2,0,-4,-10,1,-0.0015,-0.0024,0.0072,1,0,0,0,-1
241.471,241.471,4,85,99,0,75,100,0,-2,0,-4,-10,1,-0.0013,-0.003,0.0075,1,2,-5,0,-1
241.581,241.581,5,85,99,0,75,100,0,-2,0,-5,-10,1,-0.001,-0.0032,0.0071,1,0,-2,0,-1
241.681,241.681,5,84,99,0,75,100,0,-2,0,-5,-9,1,-0.0023,-0.0048,0.0058,1,2,0,0,-1
241.771,241.771,5,84,99,0,75,100,0,-2,0,-5,-9,1,-0.0023,-0.0048,0.0058,1,2,0,0,-1
241.881,241.881,5,84,99,0,75,100,0,-2,0,-5,-9,1,-0.0018,-0.0029,0.0013,1,1,1,0,-1
241.981,241.981,5,84,99,0,75,100,0,-2,0,-5,-9,1,0.0002,-0.0022,-0.0011,1,1,1,0,-1
242.081,242.081,5,84,99,0,75,100,0,-2,0,-5,-9,1,0.0012,-0.0018,-0.0033,1,0,0,0,-1
242.181,242.181,5,84,99,0,75,100,0,-2,0,-5,-9,1,0.0026,-0.0015,-0.0056,1,1,0,0,-1
242.281,242.281,6,84,98,0,75,100,0,-2,0,-6,-9,2,0.003,-0.0018,-0.0079,1,0,0,0,-1
242.381,242.381,6,84,98,0,75,100,0,-2,0,-6,-9,2,0.0014,-0.0027,-0.0101,0.9999,1,1,0,-1
242.481,242.481,6,84,98,0,75,100,0,-2,0,-6,-9,2,0.0002,-0.0036,-0.012,0.9999,0,0,0,-1
242.581,242.581,6,84,99,0,75,100,0,-2,0,-6,-9,1,-0.0008,-0.0035,-0.0136,0.9999,0,0,0,-1
242.681,242.681,6,84,99,0,75,100,0,-2,0,-6,-9,1,-0.0018,-0.0039,-0.0151,0.9999,0,0,0,-1
242.781,242.781,7,84,99,0,75,100,0,-2,0,-7,-9,1,0.0001,-0.0041,-0.0157,0.9999,0,0,0,-1
242.881,242.881,7,84,98,0,75,100,0,-2,0,-7,-9,2,0.0019,-0.005,-0.0155,0.9999,0,0,0,-1
242.981,242.981,7,84,98,0,75,100,0,-2,0,-7,-9,2,0.0032,-0.006,-0.015,0.9999,1,0,0,-1
243.081,243.081,7,84,98,0,75,100,0,-2,0,-7,-9,2,0.0029,-0.0054,-0.0142,0.9999,1,1,0,-1
243.181,243.181,7,84,98,0,75,100,0,-2,0,-7,-9,2,0.0016,-0.0045,-0.0129,0.9999,0,1,0,-1
243.281,243.281,7,84,97,0,75,100,0,-2,0,-7,-9,3,-0.0002,-0.0037,-0.0115,0.9999,0,0,0,-1
243.381,243.381,7,85,97,0,75,100,0,-2,0,-7,-10,3,-0.0004,-0.0046,-0.01,0.9999,1,0,0,-1
243.481,243.481,8,85,97,0,75,100,0,-2,0,-8,-10,3,-0.0003,-0.006,-0.0084,0.9999,2,0,0,-1
243.581,243.581,8,85,97,0,75,100,0,-2,0,-8,-10,3,0.0006,-0.0067,-0.0069,1,0,1,0,-1
243.681,243.681,8,85,97,0,75,100,0,-2,0,-8,-10,3,0.0018,-0.0067,-0.0052,1,0,1,0,-1
243.781,243.781,8,85,97,0,75,100,0,-2,0,-8,-10,3,0.0027,-0.0055,-0.0031,1,0,0,0,-1
243.881,243.881,9,85,97,0,75,100,0,-2,0,-9,-10,3,0.0023,-0.004,-0.0014,1,-1,0,0,-1
243.981,243.981,9,85,97,0,75,100,0,-2,0,-9,-10,3,0.0016,-0.0028,0.0005,1,0,1,0,-1
244.081,244.081,9,86,97,0,75,100,0,-2,0,-9,-11,3,0.0016,-0.0028,0.0023,1,4,2,0,-1
244.181,244.181,9,86,97,0,75,100,0,-2,0,-9,-11,3,0.0019,-0.0043,0.0038,1,1,0,0,-1
244.281,244.281,9,86,97,0,75,100,0,-2,0,-9,-11,3,0.0018,-0.0054,0.0049,1,0,0,0,-1
244.381,244.381,9,86,97,0,75,100,0,-2,0,-9,-11,3,0.0022,-0.0055,0.0051,1,0,3,0,-1
244.481,244.481,9,87,97,0,75,100,0,-2,0,-9,-12,3,0.0018,-0.005,0.0055,1,1,6,0,-1
244.581,244.581,9,87,97,0,75,100,0,-2,0,-9,-12,3,0.0013,-0.0052,0.0057,1,0,2,0,-1
244.681,244.681,9,87,97,0,75,100,0,-2,0,-9,-12,3,0.0011,-0.0051,0.0061,1,0,1,0,-1
244.781,244.781,10,87,97,0,75,100,0,-2,0,-10,-12,3,0.0016,-0.0051,0.0064,1,1,1,0,-1
244.881,244.881,10,87,97,0,75,100,-1,-2,0,-10,-12,3,0.0026,-0.0056,0.0071,1,1,2,-1,-1
244.981,244.981,10,88,97,0,75,100,-1,-2,0,-10,-13,3,0.003,-0.0059,0.0076,0.9999,0,2,-1,-1
245.081,245.081,10,88,97,0,75,100,-1,-2,0,-10,-13,3,0.0026,-0.0061,0.0085,0.9999,0,0,-1,-1
245.181,245.181,10,88,97,0,75,100,-1,-2,0,-10,-13,3,0.0024,-0.0058,0.01,0.9999,0,0,-1,-1
245.281,245.281,10,88,97,0,75,100,-1,-2,0,-10,-13,3,0.0027,-0.0049,0.011,0.9999,0,1,-1,-1
245.381,245.381,10,88,97,0,75,100,-1,-2,0,-10,-13,3,0.0041,-0.0039,0.0128,0.9999,0,1,-1,-1
245.481,245.481,10,88,97,0,75,100,-1,-2,0,-10,-13,3,0.0042,-0.0038,0.0144,0.9999,0,-1,-1,-1
245.581,245.581,10,88,97,0,75,100,-1,-2,0,-10,-13,3,0.002,-0.0055,0.0155,0.9999,1,0,-1,-1
245.681,245.681,10,89,98,0,75,100,-1,-2,0,-10,-14,2,0.0001,-0.0074,0.0166,0.9998,1,0,-1,-1
245.781,245.781,10,89,98,0,75,100,-1,-2,0,-10,-14,2,-0.0005,-0.0083,0.0181,0.9998,0,1,-1,-1
245.881,245.881,10,89,97,0,75,100,-1,-2,0,-10,-14,3,0,-0.0078,0.0191,0.9998,0,0,-1,-1
245.981,245.981,10,88,97,0,75,100,-1,-2,0,-10,-13,3,0.0008,-0.0072,0.02,0.9998,0,0,-1,-1
246.081,246.081,10,89,97,0,75,100,-1,-2,0,-10,-14,3,0.0013,-0.0057,0.0201,0.9998,-1,1,-1,-1
246.181,246.181,10,89,97,0,75,100,-1,-2,0,-10,-14,3,0.0021,-0.0054,0.0202,0.9998,0,2,-1,-1
246.291,246.291,10,90,98,0,75,100,-1,-3,0,-10,-15,2,0.003,-0.0051,0.0203,0.9998,0,2,-1,-2
246.391,246.391,9,90,97,0,75,100,0,-3,0,-9,-15,3,0.0034,-0.0051,0.0196,0.9998,0,1,0,-2
246.491,246.491,9,90,97,0,75,100,0,-3,0,-9,-15,3,0.0042,-0.0054,0.0183,0.9998,0,0,0,-2
246.581,246.581,9,90,97,0,75,100,0,-3,0,-9,-15,3,0.0042,-0.0054,0.0183,0.9998,0,0,0,-2
246.691,246.691,9,90,97,0,75,100,0,-3,0,-9,-15,3,0.0049,-0.006,0.0143,0.9999,0,1,0,-2
246.791,246.791,9,90,97,0,75,100,0,-3,0,-9,-15,3,0.0038,-0.0058,0.012,0.9999,-1,0,0,-2
246.891,246.891,9,90,97,0,75,100,0,-3,0,-9,-15,3,0.0027,-0.0059,0.0095,0.9999,-1,0,0,-2
246.991,246.991,8,90,97,0,75,100,0,-3,0,-8,-15,3,0.003,-0.0065,0.0071,0.9999,0,0,0,-2
247.091,247.091,8,90,97,0,75,100,0,-3,0,-8,-15,3,0.0034,-0.0071,0.0052,1,0,0,0,-2
247.191,247.191,8,90,97,0,75,100,0,-3,0,-8,-15,3,0.0035,-0.0071,0.0036,1,-1,0,0,-2
247.291,247.291,8,90,97,0,75,100,0,-3,0,-8,-15,3,0.0031,-0.0068,0.0024,1,-1,0,0,-2
247.491,247.491,7,90,97,0,75,100,0,-2,0,-7,-15,3,0.0018,-0.007,0.0028,1,-1,-3,0,-1
247.591,247.591,7,90,97,0,75,100,0,-2,0,-7,-15,3,0.0013,-0.0066,0.0031,1,-1,0,0,-1
247.691,247.691,6,89,97,0,75,100,0,-2,0,-6,-14,3,0.0018,-0.0054,0.0038,1,-2,0,0,-1
247.891,247.891,6,89,97,0,75,100,0,-2,0,-6,-14,3,0.0017,-0.0034,0.0015,1,-2,0,0,-1
247.991,247.991,5,90,97,0,75,100,0,-3,0,-5,-15,3,0.0034,-0.0034,-0.0007,1,-2,0,0,-2
248.091,248.091,5,90,97,0,75,100,0,-3,0,-5,-15,3,0.0036,-0.0049,-0.0029,1,-1,0,0,-2
248.191,248.191,5,90,97,0,75,100,0,-3,0,-5,-15,3,0.0032,-0.0062,-0.0053,1,0,0,0,-2
248.291,248.291,4,89,97,0,75,100,0,-2,0,-4,-14,3,0.0043,-0.0067,-0.0072,0.9999,0,0,0,-1
248.391,248.391,4,89,97,0,75,100,0,-2,0,-4,-14,3,0.0045,-0.0067,-0.0085,0.9999,-2,-1,0,-1
248.591,248.591,3,89,97,0,75,100,0,-2,0,-3,-14,3,0.0016,-0.0051,-0.0101,0.9999,0,-2,0,-1
248.691,248.691,3,89,97,0,75,100,0,-2,0,-3,-14,3,-0.0002,-0.0041,-0.0101,0.9999,-2,0,0,-1
248.791,248.791,2,89,97,0,75,100,0,-2,0,-2,-14,3,0.0004,-0.004,-0.0101,0.9999,-1,-1,0,-1
248.891,248.891,2,89,97,0,75,100,0,-2,0,-2,-14,3,0.0012,-0.0034,-0.0095,0.9999,-2,0,0,-1
248.991,248.991,2,89,97,0,75,100,0,-2,0,-2,-14,3,0.002,-0.0028,-0.0086,1,-1,0,0,-1
249.091,249.091,1,89,97,0,75,100,0,-2,0,-1,-14,3,0.0018,-0.0028,-0.0071,1,-1,0,0,-1
249.191,249.191,1,89,97,0,75,100,0,-2,0,-1,-14,3,0.0023,-0.0036,-0.0062,1,-1,0,0,-1
249.291,249.291,1,89,97,0,75,100,0,-2,0,-1,-14,3,0.0024,-0.0055,-0.0045,1,0,0,0,-1
249.391,249.391,1,89,97,0,75,100,0,-2,0,-1,-14,3,0.0025,-0.007,-0.0035,1,0,-1,0,-1
249.491,249.491,1,89,97,0,75,100,0,-2,0,-1,-14,3,0.0017,-0.0063,-0.002,1,-1,0,0,-1
249.591,249.591,1,89,97,0,75,100,0,-2,0,-1,-14,3,0.0003,-0.0053,-0.0001,1,0,-1,0,-1
249.691,249.691,0,89,97,0,75,100,0,-2,0,0,-14,3,0.0002,-0.0051,0.0012,1,-2,0,0,-1
249.791,249.791,0,89,97,0,75,100,0,-2,0,0,-14,3,0.0007,-0.0052,0.0022,1,-1,1,0,-1
249.891,249.891,0,89,98,0,75,100,0,-2,0,0,-14,2,0.002,-0.0049,0.0029,1,0,-1,0,-1
249.991,249.991,0,89,97,0,75,100,0,-2,0,0,-14,3,0.0034,-0.0054,0.0031,1,0,1,0,-1
250.091,250.091,-1,89,97,0,75,100,0,-2,0,1,-14,3,0.0042,-0.0058,0.0034,1,0,0,0,-1
250.191,250.191,-1,90,97,0,75,100,0,-3,0,1,-15,3,0.0038,-0.0042,0.0023,1,0,1,0,-2
250.291,250.291,-1,90,98,0,75,100,0,-3,0,1,-15,2,0.0023,-0.0036,0.0016,1,0,-1,0,-2
250.391,250.391,-2,90,98,0,75,100,0,-3,0,2,-15,2,0.0032,-0.0031,0.0003,1,-1,0,0,-2
250.491,250.491,-2,90,98,0,75,100,0,-3,0,2,-15,2,0.0041,-0.0028,-0.001,1,-1,0,0,-2
250.591,250.591,-2,90,97,0,75,100,0,-3,0,2,-15,3,0.004,-0.0041,-0.0026,1,0,-1,0,-2
250.691,250.691,-2,90,97,0,75,100,0,-3,0,2,-15,3,0.004,-0.0041,-0.0026,1,0,-1,0,-2
250.791,250.791,-3,90,97,0,75,100,1,-2,0,3,-15,3,0.0035,-0.0052,-0.0041,1,-1,0,1,-1
250.891,250.891,-3,89,97,0,75,100,0,-2,0,3,-14,3,0.0028,-0.0045,-0.0038,1,0,0,0,-1
251.001,251.001,-3,89,97,0,75,100,0,-2,0,3,-14,3,0.0007,-0.004,-0.0026,1,-1,-2,0,-1
251.101,251.101,-4,89,97,0,75,100,1,-2,0,4,-14,3,-0.0005,-0.0025,-0.0003,1,-32768,-32768,1,-1
251.301,251.301,-4,89,97,0,75,100,1,-2,0,4,-14,3,0.0004,-0.0029,0.0055,1,0,0,0,-2
251.401,251.401,-4,89,97,0,75,100,1,-2,0,4,-14,3,0.0004,-0.0016,0.0084,1,-2,0,0,-2
251.501,251.501,-5,89,98,0,75,100,1,-2,0,5,-14,2,0.0021,-0.0007,0.0107,0.9999,-1,0,0,-2
251.601,251.601,-5,89,98,0,75,100,1,-2,0,5,-14,2,0.0029,-0.0039,0.0118,0.9999,0,0,0,-2
251.701,251.701,-6,88,97,0,75,100,1,-2,0,6,-13,3,0.0041,-0.0048,0.0127,0.9999,-1,0,0,-2
251.801,251.801,-6,88,97,0,75,100,1,-2,0,6,-13,3,0.0032,-0.0045,0.0132,0.9999,-5,0,0,-2
251.901,251.901,-6,88,97,0,75,100,1,-2,0,6,-13,3,0.0032,-0.0026,0.0128,0.9999,0,0,0,-2
252.001,252.001,-6,88,97,0,75,100,1,-2,0,6,-13,3,0.0017,-0.0007,0.0122,0.9999,0,-3,0,-2
252.101,252.101,-6,88,97,0,75,100,1,-2,0,6,-13,3,0.0016,-0.0005,0.0116,0.9999,0,-1,0,-2
252.201,252.201,-7,87,97,0,75,100,1,-2,0,7,-12,3,0.0011,-0.0011,0.0105,0.9999,-1,-2,0,-2
252.301,252.301,-7,87,97,0,75,100,1,-2,0,7,-12,3,0.0003,-0.002,0.0097,1,0,-2,0,-2
252.401,252.401,-7,87,97,0,75,100,1,-2,0,7,-12,3,-0.0007,-0.002,0.0091,1,0,-1,0,-2
252.501,252.501,-7,86,97,0,75,100,1,-2,0,7,-11,3,-0.0009,-0.002,0.0088,1,-1,-4,0,-2
252.601,252.601,-7,86,97,0,75,100,1,-2,0,7,-11,3,-0.0009,-0.002,0.0082,1,0,-2,0,-2
252.701,252.701,-8,86,97,0,75,100,1,-2,0,8,-11,3,-0.0004,-0.0028,0.0076,1,-1,0,0,-2
252.801,252.801,-8,85,97,0,75,100,1,-2,0,8,-10,3,-0.0001,-0.0028,0.0072,1,0,-3,0,-2
252.901,252.901,-8,85,97,0,75,100,1,-2,0,8,-10,3,-0.0002,-0.0028,0.006,1,0,-2,0,-2
253.001,253.001,-8,84,97,0,75,100,1,-2,0,8,-9,3,-0.0005,-0.0032,0.0052,1,0,-3,0,-2
253.101,253.101,-8,84,96,0,75,100,1,-2,1,8,-9,4,-0.0006,-0.0039,0.0041,1,0,-4,0,-2
253.201,253.201,-8,83,96,0,75,100,1,-2,1,8,-8,4,-0.0009,-0.003,0.0024,1,0,-3,0,-2
253.301,253.301,-9,83,97,0,75,100,1,0,0,9,-8,3,-0.0023,-0.0033,0.0005,1,0,-7,0,0
253.401,253.401,-9,83,97,0,75,100,1,0,0,9,-8,3,-0.0028,-0.0029,-0.0022,1,0,-6,0,0
253.501,253.501,-9,82,97,0,75,100,1,0,0,9,-7,3,-0.0025,-0.0038,-0.0045,1,0,0,0,0
253.601,253.601,-9,82,97,0,75,100,1,0,0,9,-7,3,-0.0033,-0.0044,-0.0068,1,0,-3,0,0
253.701,253.701,-9,82,97,0,75,100,1,0,0,9,-7,3,-0.0032,-0.0051,-0.0079,1,0,0,0,0
253.801,253.801,-9,81,98,0,75,100,1,0,0,9,-6,2,-0.002,-0.0055,-0.0078,1,0,0,0,0
253.901,253.901,-9,81,98,0,75,100,1,0,0,9,-6,2,-0.0014,-0.0059,-0.0077,1,0,0,0,0
254.001,254.001,-10,81,99,0,75,100,1,0,0,10,-6,1,-0.0007,-0.0049,-0.0072,1,0,-1,0,0
254.101,254.101,-10,81,100,0,75,100,2,0,0,10,-6,0,-0.0015,-0.0045,-0.0077,1,0,-1,1,0
254.201,254.201,-10,81,101,0,75,100,2,0,0,10,-6,-1,-0.0022,-0.0045,-0.0082,1,3,0,1,0
254.301,254.301,-10,81,102,0,75,100,2,0,0,10,-6,-2,-0.0018,-0.0053,-0.0096,0.9999,0,0,1,0
254.401,254.401,-10,81,103,0,75,100,2,0,0,10,-6,-3,-0.0008,-0.0057,-0.0101,0.9999,0,0,1,0
254.501,254.501,-10,81,104,0,75,100,2,0,-1,10,-6,-4,-0.0002,-0.0061,-0.0107,0.9999,0,1,1,0
254.601,254.601,-10,81,104,0,75,100,2,0,-1,10,-6,-4,0.0006,-0.0067,-0.0105,0.9999,0,0,1,0
254.701,254.701,-10,81,105,0,75,100,2,0,-1,10,-6,-5,0.0004,-0.0064,-0.0093,0.9999,0,0,1,0
254.801,254.801,-10,80,105,0,75,100,2,0,-1,10,-5,-5,-0.0004,-0.0054,-0.0077,1,0,0,1,0
254.901,254.901,-10,81,105,0,75,100,2,0,-1,10,-6,-5,-0.0004,-0.005,-0.006,1,0,0,1,0
255.001,255.001,-10,81,105,0,75,100,2,0,-1,10,-6,-5,-0.0003,-0.0057,-0.0043,1,-32768,-32768,1,0
255.101,255.101,-9,81,106,0,75,100,1,0,-2,9,-6,-6,0.0006,-0.0066,-0.0035,1,0,0,0,0
255.201,255.201,-9,81,106,0,75,100,1,0,-2,9,-6,-6,0.0021,-0.0079,-0.0032,1,0,0,0,0
255.301,255.301,-9,81,106,0,75,100,1,0,-2,9,-6,-6,0.0031,-0.0083,-0.0034,1,0,0,0,0
255.401,255.401,-9,81,106,0,75,100,1,0,-2,9,-6,-6,0.0029,-0.0076,-0.0037,1,-1,0,0,0
255.501,255.501,-9,81,106,0,75,100,1,0,-2,9,-6,-6,0.0027,-0.0051,-0.0045,1,0,0,0,0
255.601,255.601,-9,81,106,0,75,100,1,0,-2,9,-6,-6,0.0024,-0.004,-0.0052,1,0,0,0,0
255.711,255.711,-9,81,106,0,75,100,1,0,-2,9,-6,-6,0.0023,-0.0046,-0.0054,1,0,0,0,0
255.811,255.811,-9,81,106,0,75,100,1,0,-2,9,-6,-6,0.0025,-0.0061,-0.0053,1,0,0,0,0
255.911,255.911,-9,81,106,0,75,100,1,0,-2,9,-6,-6,0.0014,-0.0078,-0.0056,1,1,0,0,0
256.011,256.011,-8,81,106,0,75,100,1,0,-2,8,-6,-6,0.0003,-0.0084,-0.0053,1,1,-2,0,0
256.111,256.111,-8,81,106,0,75,100,1,0,-2,8,-6,-6,-0.0012,-0.0076,-0.0054,1,0,0,0,0
256.211,256.211,-9,81,106,0,-25,100,1,-23,-2,9,-106,-6,-0.0025,-0.0058,-0.0057,1,0,0,1,-22
256.311,256.311,-9,81,106,0,-25,100,1,-23,-2,9,-106,-6,-0.0031,-0.0046,-0.0062,1,0,0,1,-22
256.411,256.411,-9,81,106,0,-25,100,1,-23,-2,9,-106,-6,-0.0019,-0.0046,-0.0068,1,0,0,1,-22
256.511,256.511,-8,81,106,0,-25,100,1,-23,-2,8,-106,-6,0.0174,-0.004,-0.0069,0.9998,0,7,1,-22
256.611,256.611,-8,80,106,0,-25,100,1,-23,-2,8,-105,-6,0.0308,-0.0039,-0.0064,0.9995,0,-6,1,-22
256.711,256.711,-8,79,106,0,-25,100,1,-23,-2,8,-104,-6,0.0281,-0.004,-0.0066,0.9996,0,-1,1,-22
256.811,256.811,-8,77,106,0,-25,100,1,-23,-2,8,-102,-6,0.018,-0.004,-0.0075,0.9998,-1,-11,1,-22
256.911,256.911,-8,75,106,0,-25,100,1,-23,-2,8,-100,-6,0.0079,-0.0044,-0.0088,0.9999,0,-15,1,-22
257.011,257.011,-8,73,106,0,-25,100,1,-23,-2,8,-98,-6,0.0016,-0.005,-0.0098,0.9999,0,-18,1,-22
257.111,257.111,-8,71,105,0,-25,100,1,-23,-1,8,-96,-5,0.0008,-0.0049,-0.0113,0.9999,0,-12,1,-22
257.211,257.211,-7,69,105,0,-25,100,1,-23,-1,7,-94,-5,0.0034,-0.0046,-0.0121,0.9999,0,-17,1,-22
257.311,257.311,-7,67,105,0,-25,100,1,-23,-1,7,-92,-5,0.0065,-0.0046,-0.0128,0.9999,0,-12,1,-22
257.411,257.411,-7,65,105,0,-25,100,1,-23,-1,7,-90,-5,0.0082,-0.0042,-0.013,0.9999,0,-14,1,-22
257.511,257.511,-7,63,105,0,-25,100,1,-23,-1,7,-88,-5,0.0086,-0.0044,-0.0132,0.9999,0,-14,1,-22
257.611,257.611,-6,60,105,0,-25,100,1,-23,-1,6,-85,-5,0.0085,-0.0045,-0.0129,0.9999,0,-13,1,-22
257.711,257.711,-6,58,104,0,-25,100,1,-23,-1,6,-83,-4,0.0078,-0.0045,-0.0128,0.9999,0,-17,1,-22
257.811,257.811,-6,55,104,0,-25,100,1,-23,-1,6,-80,-4,0.0068,-0.0049,-0.0125,0.9999,0,-18,1,-22
257.911,257.911,-6,52,104,0,-25,100,1,-23,-1,6,-77,-4,0.0059,-0.0047,-0.0121,0.9999,1,-23,1,-22
258.011,258.011,-6,50,103,0,-25,100,1,-22,0,6,-75,-3,0.0047,-0.0028,-0.0109,0.9999,2,-26,1,-21
258.111,258.111,-5,47,103,0,-25,100,1,-21,0,5,-72,-3,0.0052,-0.0007,-0.0102,0.9999,0,-22,1,-20
258.211,258.211,-5,45,103,0,-25,100,1,-21,0,5,-70,-3,0.0065,0.0007,-0.0092,0.9999,0,-19,1,-20
258.311,258.311,-5,42,103,0,-25,100,1,-20,0,5,-67,-3,0.006,0.001,-0.0076,1,0,-19,1,-19
258.411,258.411,-5,39,103,0,-25,100,1,-19,0,5,-64,-3,0.004,0.0003,-0.0058,1,0,-21,1,-18
258.511,258.511,-4,36,103,0,-25,100,1,-18,0,4,-61,-3,0.0031,0,-0.0038,1,0,-18,1,-17
258.611,258.611,-4,33,103,0,-25,100,1,-17,0,4,-58,-3,0.0046,-0.0019,-0.0017,1,0,-17,1,-16
258.711,258.711,-4,31,102,0,-25,100,1,-17,0,4,-56,-2,0.0053,-0.0025,0.0002,1,2,-18,0,-16
258.811,258.811,-3,28,102,0,-25,100,0,-16,0,3,-53,-2,0.0036,-0.0015,0.0019,1,1,-23,0,-15
258.911,258.911,-3,25,103,0,-25,100,0,-15,0,3,-50,-3,0.0008,0.0004,0.0032,1,1,-24,0,-14
259.011,259.011,-2,22,103,0,-25,100,0,-14,0,2,-47,-3,-0.0008,0.0023,0.005,1,0,-17,0,-13
259.111,259.111,-2,20,103,0,-25,100,0,-13,0,2,-45,-3,0.001,0.0014,0.0071,1,1,-17,0,-12
259.211,259.211,-1,17,103,0,-25,100,0,-12,0,1,-42,-3,0.002,-0.0009,0.0096,1,0,-16,0,-11
259.311,259.311,0,14,103,0,-25,100,0,-12,0,0,-39,-3,0.0015,-0.0038,0.0121,0.9999,1,-14,0,-11
259.411,259.411,0,12,103,0,-25,100,0,-11,0,0,-37,-3,0.0013,-0.0064,0.0134,0.9999,1,-16,0,-10
259.511,259.511,1,10,103,0,-25,100,0,-10,0,-1,-35,-3,-0.0008,-0.007,0.0133,0.9999,0,-19,0,-9
259.611,259.611,1,7,103,0,-25,100,0,-9,0,-1,-32,-3,-0.0012,-0.0077,0.0121,0.9999,4,-20,0,-8
259.711,259.711,1,5,103,0,-25,100,0,-9,0,-1,-30,-3,-0.0023,-0.0055,0.0104,0.9999,5,-20,0,-8
259.811,259.811,1,2,103,0,-25,100,0,-8,0,-1,-27,-3,-0.0037,0.0001,0.0081,1,1,-22,0,-7
259.911,259.911,2,-1,103,0,-25,100,0,-4,0,-2,-24,-3,-0.0048,0.0029,0.0057,1,0,-22,0,-3
260.011,260.011,2,-3,102,0,-25,100,0,-4,0,-2,-22,-2,-0.0048,0.0029,0.0057,1,0,-18,0,-3
260.111,260.111,3,-5,102,0,-25,100,0,-3,0,-3,-20,-2,-0.0081,0.0014,0.0029,1,0,-16,0,-2
260.211,260.211,3,-7,102,0,-25,100,0,-3,0,-3,-18,-2,-0.0129,0.0005,0.0019,0.9999,0,-16,0,-2
260.411,260.411,4,-9,102,0,-25,100,0,-3,0,-4,-16,-2,-0.0131,-0.001,0.0007,0.9999,1,-6,0,-2
260.521,260.521,5,-10,103,0,-25,100,0,-3,0,-5,-15,-3,-0.0083,-0.001,0.0002,1,1,-6,0,-2
260.621,260.621,5,-11,103,0,-25,100,0,-2,0,-5,-14,-3,-0.0022,-0.0006,-0.0009,1,1,-2,0,-1
260.721,260.721,6,-11,103,0,-25,100,0,-2,0,-6,-14,-3,0.0017,0.0001,-0.0027,1,3,-1,0,-1
260.821,260.821,6,-12,103,0,-25,100,0,-2,0,-6,-13,-3,0.0024,0.0007,-0.0043,1,2,-3,0,-1
260.921,260.921,7,-13,103,0,-25,100,0,-2,0,-7,-12,-3,0.0005,0.001,-0.0054,1,0,-2,0,-1
261.021,261.021,7,-13,103,0,-25,100,0,-2,0,-7,-12,-3,-0.0024,0.0015,-0.0058,1,-32768,-32768,0,-1
261.121,261.121,8,-14,103,0,-25,100,0,-2,0,-8,-11,-3,-0.0043,0.0006,-0.0047,1,-32768,-32768,0,-1
261.221,261.221,9,-14,104,0,-25,100,0,-2,-1,-9,-11,-4,-0.0045,-0.0016,-0.0018,1,1,0,0,-1
261.321,261.321,9,-14,104,0,-25,100,0,-2,-1,-9,-11,-4,-0.0034,-0.0031,0.0013,1,11,0,0,-1
261.421,261.421,10,-15,103,0,-25,100,0,-2,0,-10,-10,-3,-0.0012,-0.0044,0.005,1,4,0,0,-1
261.521,261.521,11,-15,103,0,-25,100,-1,-2,0,-11,-10,-3,0.0002,-0.0037,0.0086,1,3,-1,-1,-1
261.621,261.621,11,-15,103,0,-25,100,-1,-2,0,-11,-10,-3,-0.0006,-0.0015,0.0107,0.9999,2,0,-1,-1
261.721,261.721,12,-15,104,0,-25,100,-1,-2,-1,-12,-10,-4,-0.0007,-0.0006,0.0118,0.9999,3,-1,-1,-1
261.821,261.821,12,-15,104,0,-25,100,-1,-2,-1,-12,-10,-4,-0.0006,-0.0014,0.0114,0.9999,1,0,-1,-1
261.921,261.921,13,-14,104,0,-25,100,-1,-2,-1,-13,-11,-4,0.0007,-0.0032,0.0105,0.9999,2,1,-1,-1
262.021,262.021,13,-15,104,0,-25,100,-1,-2,-1,-13,-10,-4,0.0008,-0.0041,0.0095,0.9999,2,0,-1,-1
262.121,262.121,14,-15,103,0,-25,100,-1,-2,0,-14,-10,-3,0.0013,-0.0047,0.0076,1,2,0,-1,-1
262.221,262.221,14,-15,103,0,-25,100,-1,-2,0,-14,-10,-3,0.001,-0.004,0.0055,1,1,0,-1,-1
262.321,262.321,15,-15,103,0,-25,100,-1,-2,0,-15,-10,-3,0.0003,-0.0027,0.0039,1,0,0,-1,-1
262.421,262.421,15,-15,102,0,-25,100,-1,-2,0,-15,-10,-2,0.0012,-0.0013,0.0013,1,0,1,-1,-1
262.521,262.521,15,-15,102,0,-25,100,-1,-2,0,-15,-10,-2,0.001,0.0002,-0.0006,1,0,-1,0,-2
262.621,262.621,15,-15,102,0,-25,100,-1,-2,0,-15,-10,-2,-0.001,0.0019,-0.0027,1,0,-1,0,-2
262.721,262.721,15,-15,102,0,-25,100,-1,-2,0,-15,-10,-2,-0.0008,0.0022,-0.0048,1,0,0,0,-2
262.821,262.821,15,-15,102,0,-25,100,-1,-2,0,-15,-10,-2,-0.0002,0.0022,-0.0067,1,0,0,0,-2
262.921,262.921,15,-15,102,0,-25,100,-1,-2,0,-15,-10,-2,-0.0003,0.0012,-0.0081,1,0,0,0,-2
263.021,263.021,15,-15,102,0,-25,100,-1,-2,0,-15,-10,-2,-0.0016,0.0001,-0.0082,1,0,0,0,-2
263.121,263.121,15,-15,102,0,-25,100,-1,-2,0,-15,-10,-2,-0.0033,-0.0015,-0.0076,1,1,-2,0,-2
263.221,263.221,16,-15,102,0,-25,100,-1,-2,0,-16,-10,-2,-0.0034,-0.0014,-0.0063,1,0,0,0,-2
263.321,263.321,16,-15,101,0,-25,100,-1,-2,0,-16,-10,-1,-0.0002,-0.0011,-0.0032,1,0,1,0,-2
263.421,263.421,16,-15,101,0,-25,100,-1,-2,0,-16,-10,-1,0.0031,-0.0022,-0.0001,1,1,1,0,-2
263.521,263.521,16,-14,101,0,-25,100,-1,-2,0,-16,-11,-1,0.0016,-0.0027,0.0025,1,3,-1,-1,-1
263.621,263.621,16,-14,101,0,-25,100,-1,-2,0,-16,-11,-1,-0.0008,-0.0028,0.0032,1,2,1,-1,-1
263.721,263.721,17,-14,101,0,-25,100,-3,-2,0,-17,-11,-1,-0.0001,-0.0018,0.0034,1,-1,1,-3,-1
263.821,263.821,17,-13,101,0,-25,100,-3,-2,0,-17,-12,-1,0.001,-0.0034,0.0036,1,0,2,-3,-1
263.921,263.921,17,-13,101,0,-25,100,-3,-2,0,-17,-12,-1,0.0019,-0.0052,0.0045,1,1,7,-3,-1
264.021,264.021,17,-12,101,0,-25,100,-3,-2,0,-17,-13,-1,0.003,-0.0059,0.0057,1,0,2,-3,-1
264.121,264.121,17,-12,101,0,-25,100,-3,-2,0,-17,-13,-1,0.0037,-0.005,0.0074,1,0,1,-3,-1
264.221,264.221,17,-11,101,0,-25,100,-3,-2,0,-17,-14,-1,0.0061,-0.0031,0.0093,0.9999,0,2,-3,-1
264.321,264.321,17,-10,101,0,-25,100,-3,-3,0,-17,-15,-1,0.0082,-0.0013,0.0112,0.9999,0,5,-3,-2
264.421,264.421,17,-10,101,0,-25,100,-3,-3,0,-17,-15,-1,0.0082,-0.0014,0.0124,0.9999,-1,4,-3,-2
264.521,264.521,17,-9,101,0,-25,100,-3,-3,0,-17,-16,-1,0.0065,-0.0006,0.0134,0.9999,-1,1,-3,-2
264.621,264.621,16,-9,101,0,-25,100,-1,-3,0,-16,-16,-1,0.0049,-0.0007,0.0126,0.9999,-1,2,-1,-2
264.721,264.721,16,-9,101,0,-25,100,-1,-3,0,-16,-16,-1,0.0031,0.0004,0.0117,0.9999,-3,-3,-1,-2
264.821,264.821,16,-9,100,0,-25,100,-1,-3,0,-16,-16,0,-0.0002,0.0015,0.011,0.9999,-1,0,-1,-2
264.921,264.921,16,-9,100,0,-25,100,-1,-3,0,-16,-16,0,-0.0008,0.0028,0.0093,1,-1,0,-1,-2
265.021,265.021,15,-9,101,0,-25,100,-1,-3,0,-15,-16,-1,-0.0009,0.0035,0.0078,1,-1,2,-1,-2
265.121,265.121,15,-8,101,0,-25,100,-1,-3,0,-15,-17,-1,-0.0009,0.0035,0.0078,1,0,3,-1,-2
265.231,265.231,15,-8,101,0,-25,100,-1,-3,0,-15,-17,-1,-0.0003,0.0009,0.0062,1,-1,2,-1,-2
265.331,265.331,15,-8,101,0,-25,100,-1,-3,0,-15,-17,-1,0.0013,0,0.0068,1,-1,1,-1,-2
265.421,265.421,14,-8,101,0,-25,100,-1,-3,0,-14,-17,-1,0.0051,-0.0011,0.0079,1,0,1,-1,-2
265.531,265.531,14,-7,101,0,-25,100,-1,-3,0,-14,-18,-1,0.0092,-0.0026,0.0083,0.9999,0,3,-1,-2
265.631,265.631,14,-7,101,0,-25,100,-1,-3,0,-14,-18,-1,0.0106,-0.0032,0.008,0.9999,0,3,-1,-2
265.731,265.731,13,-6,101,0,-25,100,-1,-3,0,-13,-19,-1,0.0089,-0.0015,0.0062,0.9999,-2,2,-1,-2
265.831,265.831,13,-6,101,0,-25,100,-1,-3,0,-13,-19,-1,0.0067,-0.0007,0.0038,1,-3,-1,-1,-2
265.931,265.931,12,-6,101,0,-25,100,-1,-3,0,-12,-19,-1,0.0046,-0.0004,0.0015,1,0,-3,-1,-2
266.031,266.031,12,-6,101,0,-25,100,-1,-3,0,-12,-19,-1,0.0032,-0.0003,-0.0008,1,-1,0,0,-3
266.131,266.131,12,-6,101,0,-25,100,-1,-3,0,-12,-19,-1,0.002,-0.0013,-0.0028,1,-1,-3,0,-3
266.231,266.231,12,-6,101,0,-25,100,-1,-3,0,-12,-19,-1,0.002,-0.0035,-0.0037,1,-1,0,0,-3
266.331,266.331,11,-7,101,0,-25,100,-1,-3,0,-11,-18,-1,0.0036,-0.0052,-0.0038,1,-1,0,0,-3
266.431,266.431,11,-8,100,0,-25,100,-1,-3,0,-11,-17,0,0.0026,-0.0072,-0.0034,1,0,-1,0,-3
266.531,266.531,11,-8,100,0,-25,100,-1,-3,0,-11,-17,0,0.0007,-0.0076,-0.0035,1,-1,0,0,-3
266.631,266.631,11,-8,100,0,-25,100,-1,-3,0,-11,-17,0,-0.0014,-0.0057,-0.0049,1,0,-1,0,-3
266.731,266.731,10,-8,100,0,-25,100,-1,-3,0,-10,-17,0,-0.0027,-0.004,-0.0065,1,-32768,-32768,0,-3
266.831,266.831,10,-8,100,0,-25,100,0,-3,0,-10,-17,0,-0.0033,-0.0019,-0.0087,1,-3,-2,0,-2
266.931,266.931,10,-8,100,0,-25,100,0,-3,0,-10,-17,0,-0.0013,-0.0006,-0.0105,0.9999,-4,0,0,-2
267.031,267.031,10,-9,100,0,-25,100,0,-3,0,-10,-16,0,0.0015,-0.0034,-0.0119,0.9999,-5,0,0,-2
267.131,267.131,10,-8,100,0,-25,100,0,-3,0,-10,-17,0,0.0045,-0.0079,-0.0122,0.9999,0,0,0,-2
267.231,267.231,9,-9,100,0,-25,100,0,-3,0,-9,-16,0,0.0059,-0.0099,-0.0109,0.9999,2,3,0,-2
267.331,267.331,9,-8,100,0,-25,100,0,-3,0,-9,-17,0,0.005,-0.0071,-0.0087,0.9999,0,0,0,-2
267.431,267.431,8,-8,100,0,-25,100,0,-3,0,-8,-17,0,0.0029,-0.0033,-0.006,1,-4,0,0,-2
267.531,267.531,7,-8,100,0,-25,100,0,-3,0,-7,-17,0,0.0024,-0.0012,-0.003,1,-3,0,0,-2
267.631,267.631,7,-8,100,0,-25,100,0,-3,0,-7,-17,0,0.0042,-0.0014,0.0002,1,-2,0,0,-2
267.731,267.731,7,-8,100,0,-25,100,0,-3,0,-7,-17,0,0.0069,-0.002,0.0031,1,-4,0,0,-2
267.831,267.831,6,-8,100,0,-25,100,0,-3,0,-6,-17,0,0.0078,-0.0018,0.0055,1,-5,0,0,-2
267.931,267.931,5,-9,100,0,-25,100,0,-3,0,-5,-16,0,0.0066,-0.0003,0.0069,1,-2,0,0,-2
268.031,268.031,5,-9,100,0,-25,100,0,-3,0,-5,-16,0,0.0053,0.0014,0.007,1,-7,-1,0,-2
268.131,268.131,4,-9,100,0,-25,100,0,-3,0,-4,-16,0,0.0051,0.0029,0.0065,1,-4,0,0,-2
268.231,268.231,4,-10,99,0,-25,100,0,-3,0,-4,-15,1,0.0054,0.0034,0.0054,1,-2,-1,0,-2
268.331,268.331,3,-10,99,0,-25,100,0,-3,0,-3,-15,1,0.005,0.0024,0.0039,1,-1,-3,0,-2
268.431,268.431,3,-10,100,0,-25,100,0,-3,0,-3,-15,0,0.005,0.0014,0.0023,1,0,1,0,-2
268.531,268.531,3,-11,100,0,-25,100,0,-2,0,-3,-14,0,0.0043,0.0018,0.0012,1,0,-3,0,-1
268.631,268.631,2,-11,100,0,-25,100,0,-2,0,-2,-14,0,0.0032,0.0026,0,1,0,-5,0,-1
268.731,268.731,2,-12,100,0,-25,100,0,-2,0,-2,-13,0,0.0017,0.0027,-0.0009,1,0,-3,0,-1
268.831,268.831,2,-13,100,0,-25,100,0,-2,0,-2,-12,0,-0.0003,0.0028,-0.0016,1,-1,-8,0,-1
268.931,268.931,1,-13,100,0,-25,100,0,-2,0,-1,-12,0,-0.001,0.0027,-0.0015,1,-1,-7,0,-1
269.031,269.031,1,-14,100,0,-25,100,0,-2,0,-1,-11,0,-0.0013,0.0013,-0.0013,1,0,-7,0,-1
269.131,269.131,1,-14,100,0,-25,100,0,-2,0,-1,-11,0,-0.0011,0.001,-0.0005,1,0,-5,0,-1
269.231,269.231,1,-15,100,0,-25,100,0,-2,0,-1,-10,0,-0.0007,0.0027,0.0003,1,-1,-3,0,-1
269.331,269.331,1,-15,101,0,-25,100,0,-2,0,-1,-10,-1,-0.0007,0.0027,0.0003,1,0,-1,0,-1
269.431,269.431,1,-15,101,0,-25,100,0,-2,0,-1,-10,-1,0.0011,0.001,0.0017,1,0,0,0,-1
269.531,269.531,1,-16,101,0,-25,100,0,-2,0,-1,-9,-1,0.0017,-0.0014,0.002,1,0,0,0,-1
269.631,269.631,1,-16,101,0,-25,100,0,-2,0,-1,-9,-1,-0.0001,-0.003,0.0024,1,0,-5,0,-1
269.731,269.731,1,-16,101,150,-25,100,23,-1,0,149,-9,-1,-0.0028,-0.0026,0.0027,1,0,-4,22,-1
269.831,269.831,1,-17,101,150,-25,100,23,-1,0,149,-8,-1,-0.0038,-0.0021,0.0023,1,5,-3,22,-1
269.941,269.941,1,-17,101,150,-25,100,23,-1,0,149,-8,-1,-0.0018,-0.0009,0.0016,1,-6,0,22,-1
270.041,270.041,0,-17,101,150,-25,100,23,-1,0,150,-8,-1,0.0022,0.0171,0.0008,0.9999,-4,0,22,-1
270.141,270.141,1,-17,101,150,-25,100,23,-1,0,149,-8,-1,0.0051,0.031,-0.0006,0.9995,3,-1,22,0
270.241,270.241,1,-18,101,150,-25,100,23,-1,0,149,-7,-1,0.0061,0.0297,-0.0028,0.9995,6,1,22,0
270.341,270.341,3,-18,101,150,-25,100,23,-1,0,147,-7,-1,0.0057,0.0189,-0.0049,0.9998,-32768,-32768,22,0
270.441,270.441,5,-18,101,150,-25,100,23,-1,0,145,-7,-1,0.0041,0.0082,-0.0059,0.9999,16,-2,23,0
270.541,270.541,7,-18,101,150,-25,100,23,-1,0,143,-7,-1,0.0018,0.0034,-0.0064,1,16,-1,23,0
270.641,270.641,8,-19,101,150,-25,100,23,-1,0,142,-6,-1,0.0006,0.0034,-0.0071,1,-32768,-32768,23,0
270.741,270.741,10,-19,101,150,-25,100,23,-1,0,140,-6,-1,-0.0014,0.0079,-0.0072,0.9999,16,-1,23,0
270.841,270.841,13,-19,101,150,-25,100,23,-1,0,137,-6,-1,-0.0017,0.0112,-0.007,0.9999,18,1,23,0
270.941,270.941,15,-19,102,150,-25,100,23,-1,0,135,-6,-2,0.0007,0.0117,-0.0068,0.9999,19,0,23,0
271.041,271.041,18,-19,102,150,-25,100,23,-1,0,132,-6,-2,0.0041,0.0096,-0.0062,0.9999,20,0,23,0
271.141,271.141,20,-20,102,150,-25,100,23,-1,0,130,-5,-2,0.0045,0.0065,-0.0058,1,21,0,23,0
271.241,271.241,23,-20,102,150,-25,100,23,-1,0,127,-5,-2,0.0028,0.0042,-0.0057,1,23,0,23,0
271.341,271.341,25,-20,102,150,-25,100,23,-1,0,125,-5,-2,0.0003,0.0033,-0.0063,1,23,0,23,0
271.441,271.441,28,-20,102,150,-25,100,23,-1,0,122,-5,-2,-0.0009,0.0047,-0.0077,1,24,-1,23,0
271.541,271.541,31,-20,102,150,-25,100,23,-1,0,119,-5,-2,-0.0004,0.006,-0.0083,0.9999,25,-1,23,0
271.641,271.641,34,-21,102,150,-25,100,23,-1,0,116,-4,-2,0.0007,0.0064,-0.0095,0.9999,25,0,23,0
271.741,271.741,37,-21,102,150,-25,100,23,-1,0,113,-4,-2,0.0011,0.0068,-0.0102,0.9999,26,0,23,0
271.841,271.841,40,-21,102,150,-25,100,23,-1,0,110,-4,-2,-0.0008,0.0074,-0.0104,0.9999,25,-1,23,0
271.941,271.941,43,-21,102,150,-25,100,23,-1,0,107,-4,-2,-0.0025,0.0079,-0.0104,0.9999,25,0,23,0
272.041,272.041,46,-21,102,150,-25,100,23,-1,0,104,-4,-2,-0.0022,0.0073,-0.0094,0.9999,27,0,23,0
272.141,272.141,49,-21,102,150,-25,100,23,-1,0,101,-4,-2,-0.0012,0.0054,-0.0079,1,26,0,23,0
272.241,272.241,53,-21,102,150,-25,100,23,-1,0,97,-4,-2,-0.0002,0.0035,-0.0053,1,26,0,23,0
272.341,272.341,56,-21,102,150,-25,100,23,-1,0,94,-4,-2,0.0011,0.0026,-0.0029,1,27,0,23,0
272.441,272.441,59,-21,102,150,-25,100,23,-1,0,91,-4,-2,0.0018,0.0031,-0.0005,1,26,0,23,0
272.541,272.541,62,-21,103,150,-25,100,23,-1,0,88,-4,-3,0.0017,0.0036,0.002,1,26,0,22,-1
272.641,272.641,66,-21,102,150,-25,100,23,-1,0,84,-4,-2,0.0004,0.004,0.0046,1,26,0,22,-1
272.741,272.741,69,-21,102,150,-25,100,23,-1,0,81,-4,-2,-0.0013,0.0044,0.0067,1,27,0,22,-1
272.841,272.841,73,-21,102,150,-25,100,23,-1,0,77,-4,-2,-0.0015,0.0029,0.008,1,26,0,22,-1
272.941,272.941,76,-21,103,150,-25,100,22,-1,0,74,-4,-3,-0.0018,0.0017,0.0088,1,28,0,21,-1
273.041,273.041,79,-22,103,150,-25,100,21,0,0,71,-3,-3,-0.0015,0.0018,0.0089,1,25,0,20,0
273.141,273.141,82,-22,103,150,-25,100,20,0,0,68,-3,-3,-0.0008,0.002,0.0088,1,25,0,19,0
273.241,273.241,85,-22,103,150,-25,100,19,0,0,65,-3,-3,-0.0019,0.0013,0.0092,1,26,-1,18,0
273.341,273.341,89,-22,103,150,-25,100,18,0,0,61,-3,-3,-0.0033,-0.0002,0.0084,1,28,-1,17,0
273.441,273.441,93,-22,103,150,-25,100,17,0,0,57,-3,-3,-0.0045,-0.0015,0.008,1,29,0,16,0
273.541,273.541,96,-22,103,150,-25,100,16,0,0,54,-3,-3,-0.0052,-0.0029,0.0085,0.9999,28,0,15,0
273.641,273.641,99,-22,103,150,-25,100,15,0,0,51,-3,-3,-0.0062,-0.0032,0.0085,0.9999,26,0,14,0
273.741,273.741,102,-22,103,150,-25,100,14,0,0,48,-3,-3,-0.0057,-0.0024,0.0086,0.9999,24,0,13,0
273.841,273.841,104,-22,103,150,-25,100,14,0,0,46,-3,-3,-0.0032,-0.003,0.0077,1,24,1,13,0
273.941,273.941,107,-22,103,150,-25,100,13,0,0,43,-3,-3,0.0001,-0.0049,0.0071,1,24,1,12,0
274.041,274.041,110,-21,103,150,-25,100,12,-1,0,40,-4,-3,0.0032,-0.0058,0.0058,1,24,1,11,-1
274.141,274.141,112,-21,103,150,-25,100,11,-1,0,38,-4,-3,0.0048,-0.0058,0.0044,1,23,1,10,-1
274.241,274.241,115,-21,103,150,-25,100,10,-1,0,35,-4,-3,0.0047,-0.0058,0.0025,1,22,0,9,-1
274.341,274.341,118,-21,103,150,-25,100,9,-1,0,32,-4,-3,0.0036,-0.0056,0.0009,1,21,0,8,-1
274.441,274.441,120,-21,103,150,-25,100,9,-1,0,30,-4,-3,0.002,-0.0063,-0.0003,1,19,0,8,0
274.541,274.541,122,-21,103,150,-25,100,8,-1,0,28,-4,-3,-0.0002,-0.0063,-0.0008,1,17,0,8,0
274.641,274.641,124,-21,103,150,-25,100,8,-1,0,26,-4,-3,-0.0032,-0.0069,-0.0004,1,16,-2,7,0
274.741,274.741,126,-22,102,150,-25,100,4,0,0,24,-3,-2,-0.0032,-0.0069,-0.0004,1,16,-1,3,0
274.851,274.851,128,-22,102,150,-25,100,4,0,0,22,-3,-2,-0.0069,-0.0076,0.0011,0.9999,15,-2,3,0
274.951,274.951,129,-22,102,150,-25,100,3,0,0,21,-3,-2,-0.0059,-0.0094,0.0019,0.9999,15,0,2,0
275.051,275.051,131,-22,102,150,-25,100,3,0,0,19,-3,-2,-0.0051,-0.013,0.0025,0.9999,10,0,2,0
275.151,275.151,132,-22,102,150,-25,100,3,0,0,18,-3,-2,-0.0035,-0.014,0.0023,0.9999,11,0,2,0
275.251,275.251,133,-22,102,150,-25,100,3,0,0,17,-3,-2,-0.002,-0.0136,0.0011,0.9999,7,0,2,0
275.351,275.351,134,-22,102,150,-25,100,3,0,0,16,-3,-2,-0.0029,-0.0123,-0.0004,0.9999,5,-1,2,0
275.451,275.451,135,-22,102,150,-25,100,3,0,0,15,-3,-2,-0.0041,-0.0109,-0.0033,0.9999,7,0,2,0
275.551,275.551,135,-22,102,150,-25,100,3,0,0,15,-3,-2,-0.0042,-0.0094,-0.0056,0.9999,6,0,2,0
275.651,275.651,136,-22,102,150,-25,100,2,0,0,14,-3,-2,-0.0039,-0.0094,-0.0069,0.9999,2,0,1,0
275.751,275.751,137,-22,102,150,-25,100,2,0,0,13,-3,-2,-0.0035,-0.0096,-0.0075,0.9999,1,0,1,0
275.851,275.851,137,-22,101,150,-25,100,2,0,0,13,-3,-1,-0.0022,-0.0092,-0.0065,0.9999,0,0,1,0
275.951,275.951,137,-22,102,150,-25,100,2,0,0,13,-3,-2,-0.0017,-0.0097,-0.004,0.9999,0,3,1,0
276.051,276.051,138,-21,101,150,-25,100,2,-1,0,12,-4,-1,-0.0012,-0.0092,-0.0014,1,-1,0,2,0
276.151,276.151,137,-21,101,150,-25,100,2,-1,0,13,-4,-1,-0.0014,-0.0076,0.0021,1,0,0,1,-1
276.251,276.251,137,-21,101,150,-25,100,2,-1,0,13,-4,-1,-0.001,-0.0058,0.0048,1,-1,0,1,-1
276.351,276.351,137,-21,101,150,-25,100,2,-1,0,13,-4,-1,-0.0004,-0.0026,0.0071,1,-1,0,1,-1
276.451,276.451,137,-21,101,150,-25,100,2,-1,0,13,-4,-1,0.0007,-0.0008,0.0085,1,-1,0,1,-1
276.551,276.551,137,-21,101,150,-25,100,2,-1,0,13,-4,-1,0.0001,-0.002,0.0086,1,-1,2,1,-1
276.651,276.651,137,-21,101,150,-25,100,2,-1,0,13,-4,-1,-0.0011,-0.0047,0.0083,1,0,0,1,-1
276.751,276.751,137,-21,101,150,-25,100,2,-1,0,13,-4,-1,-0.0017,-0.0061,0.0073,1,0,0,1,-1
276.851,276.851,137,-21,101,150,-25,100,2,-1,0,13,-4,-1,-0.0036,-0.0071,0.0056,1,0,-1,1,-1
276.951,276.951,138,-21,101,150,-25,100,2,-1,0,12,-4,-1,-0.0054,-0.0073,0.0031,1,0,-1,1,-1
277.051,277.051,137,-21,101,150,-25,100,2,-1,0,13,-4,-1,-0.0052,-0.0068,-0.0001,1,0,-2,1,0
277.151,277.151,137,-21,101,150,-25,100,2,-1,0,13,-4,-1,-0.0047,-0.0072,-0.0029,1,0,0,2,0
277.251,277.251,138,-21,101,150,-25,100,2,-1,0,12,-4,-1,-0.0038,-0.0079,-0.0057,0.9999,0,1,2,0
277.351,277.351,138,-21,101,150,-25,100,2,-1,0,12,-4,-1,-0.0024,-0.0092,-0.0084,0.9999,0,0,2,0
277.451,277.451,137,-21,101,150,-25,100,2,-1,0,13,-4,-1,-0.0016,-0.0091,-0.01,0.9999,0,2,2,0
277.551,277.551,137,-20,101,150,-25,100,2,-1,0,13,-5,-1,-0.001,-0.009,-0.0103,0.9999,0,0,2,0
277.651,277.651,137,-20,101,150,-25,100,2,-1,0,13,-5,-1,-0.0007,-0.0075,-0.0099,0.9999,-3,2,2,0
277.751,277.751,137,-19,101,150,-25,100,2,-1,0,13,-6,-1,0,-0.005,-0.0085,1,0,0,2,0
277.851,277.851,136,-19,101,150,-25,100,2,-1,0,14,-6,-1,0.0007,-0.0037,-0.0071,1,-2,3,2,0
277.951,277.951,136,-19,101,150,-25,100,2,-1,0,14,-6,-1,0.0018,-0.0037,-0.0063,1,-1,2,2,0
278.051,278.051,136,-18,101,150,-25,100,2,-1,0,14,-7,-1,0.0035,-0.0044,-0.0062,1,0,3,2,0
278.151,278.151,135,-18,101,150,-25,100,3,-1,0,15,-7,-1,0.004,-0.0051,-0.0062,1,-2,1,3,0
278.251,278.251,135,-17,101,150,-25,100,2,-1,0,15,-8,-1,0.0035,-0.0054,-0.0064,1,-3,1,2,0
278.351,278.351,134,-17,101,150,-25,100,3,-1,0,16,-8,-1,0.0025,-0.0055,-0.0064,1,-3,-4,3,0
278.451,278.451,134,-17,101,150,-25,100,3,-1,0,16,-8,-1,0.0007,-0.006,-0.0058,1,-1,0,3,0
278.551,278.551,134,-16,101,150,-25,100,3,-1,0,16,-9,-1,0.0001,-0.0069,-0.0046,1,-1,0,3,0
278.651,278.651,133,-16,101,150,-25,100,3,-1,0,17,-9,-1,0.0003,-0.0057,-0.0026,1,-5,1,3,0
278.751,278.751,133,-16,101,150,-25,100,3,-1,0,17,-9,-1,0.0014,-0.0034,-0.0006,1,-3,1,3,0
278.851,278.851,132,-16,101,150,-25,100,3,-1,0,18,-9,-1,0.002,-0.0017,0.001,1,-5,0,2,-1
278.951,278.951,132,-15,101,150,-25,100,3,-1,0,18,-10,-1,0.0019,-0.0021,0.002,1,-2,1,2,-1
279.051,279.051,131,-15,101,150,-25,100,3,-2,0,19,-10,-1,0.0025,-0.0033,0.0022,1,0,1,2,-2
279.151,279.151,131,-15,101,150,-25,100,3,-2,0,19,-10,-1,0.0032,-0.0047,0.0024,1,0,2,2,-2
279.251,279.251,131,-15,101,150,-25,100,3,-2,0,19,-10,-1,0.0031,-0.0043,0.0028,1,-4,0,2,-2
279.351,279.351,131,-14,101,150,-25,100,3,-2,0,19,-11,-1,0.0034,-0.0029,0.0031,1,-4,0,2,-2
279.451,279.451,130,-14,101,150,-25,100,3,-2,0,20,-11,-1,0.004,-0.0022,0.0022,1,-1,3,2,-2
279.561,279.561,130,-14,101,150,-25,100,3,-2,0,20,-11,-1,0.0035,-0.0018,0.0014,1,-2,1,2,-2
279.651,279.651,129,-14,101,150,-25,100,3,-2,0,21,-11,-1,0.0011,-0.0017,0,1,-1,-1,2,-2
279.761,279.761,129,-14,101,150,-25,100,3,-2,0,21,-11,-1,-0.0005,-0.0026,-0.0014,1,0,0,3,-1
279.861,279.861,129,-14,101,150,-25,100,3,-2,0,21,-11,-1,-0.0003,-0.0042,-0.0023,1,0,0,3,-1
279.951,279.951,129,-14,101,150,-25,100,3,-2,0,21,-11,-1,-0.0003,-0.0042,-0.0023,1,-2,0,3,-1
280.061,280.061,129,-14,101,150,-25,100,3,-2,0,21,-11,-1,0,-0.0038,-0.0021,1,0,-2,3,-1
280.161,280.161,129,-14,101,150,-25,100,3,-2,0,21,-11,-1,-0.0005,-0.0031,-0.0019,1,0,0,3,-1
280.261,280.261,129,-15,101,150,-25,100,3,-2,0,21,-10,-1,-0.0019,-0.0028,-0.0013,1,0,-1,3,-1
280.361,280.361,129,-15,101,150,-25,100,3,-1,0,21,-10,-1,-0.002,-0.0024,-0.0005,1,0,0,3,0
280.461,280.461,129,-15,101,150,-25,100,3,-1,0,21,-10,-1,-0.001,-0.002,0.0004,1,0,1,2,-1
280.561,280.561,129,-15,101,150,-25,100,3,-1,0,21,-10,-1,-0.0003,-0.0025,0.0021,1,0,-1,2,-1
280.661,280.661,129,-15,100,150,-25,100,3,-1,0,21,-10,0,-0.0007,-0.0032,0.004,1,1,-2,2,-1
280.761,280.761,129,-15,100,150,-25,100,3,-1,0,21,-10,0,-0.0009,-0.0036,0.0058,1,0,-2,2,-1
280.861,280.861,129,-15,100,150,-25,100,3,-1,0,21,-10,0,-0.001,-0.0035,0.0073,1,0,0,2,-1
280.961,280.961,129,-15,100,150,-25,100,3,-2,0,21,-10,0,0.0003,-0.0028,0.0083,1,-1,0,2,-2
281.061,281.061,129,-15,100,150,-25,100,3,-2,0,21,-10,0,0.0014,-0.0014,0.0082,1,0,0,2,-2
281.161,281.161,129,-15,100,150,-25,100,3,-2,0,21,-10,0,0.0014,-0.0014,0.0082,1,0,0,2,-2
281.261,281.261,129,-15,100,150,-25,100,3,-2,0,21,-10,0,0.0006,-0.0004,0.0089,1,0,-2,2,-2
281.361,281.361,129,-15,100,150,-25,100,3,-2,0,21,-10,0,0.0014,0.001,0.0074,1,0,-2,2,-2
281.461,281.461,129,-16,100,150,-25,100,3,-1,0,21,-9,0,0.001,0.0009,0.0056,1,0,-1,2,-1
281.561,281.561,129,-15,100,150,-25,100,3,-1,0,21,-10,0,0.0001,-0.0004,0.0046,1,1,0,2,-1
281.661,281.661,129,-16,100,150,-25,100,3,-1,0,21,-9,0,-0.0001,-0.0018,0.0026,1,0,0,2,-1
281.761,281.761,129,-16,99,150,-25,100,3,-1,0,21,-9,1,0,-0.0033,0.0002,1,1,-1,2,-1
281.861,281.861,129,-16,99,150,-25,100,3,-1,0,21,-9,1,-0.0016,-0.004,-0.0022,1,1,-1,3,0
281.961,281.961,130,-17,99,150,-25,100,3,-1,0,20,-8,1,-0.0032,-0.0031,-0.0064,1,1,-1,3,0
282.061,282.061,130,-17,99,150,-25,100,3,-1,0,20,-8,1,-0.0041,-0.0013,-0.0091,0.9999,0,3,3,0
282.161,282.161,130,-17,99,150,-25,100,3,-1,0,20,-8,1,-0.0017,0.0004,-0.0125,0.9999,1,1,3,0
282.261,282.261,130,-17,100,150,-25,100,3,-1,0,20,-8,0,0.0012,0,-0.0149,0.9999,2,0,3,0
282.361,282.361,130,-17,100,150,-25,100,3,-1,0,20,-8,0,0.0038,-0.0007,-0.0163,0.9999,1,-1,3,0
282.461,282.461,131,-17,99,150,-25,100,3,-1,0,19,-8,1,0.0043,-0.0016,-0.0172,0.9998,1,-1,3,0
282.561,282.561,131,-17,100,150,-25,100,3,-1,0,19,-8,0,0.0028,-0.0022,-0.017,0.9998,0,-3,3,0
282.661,282.661,131,-18,100,150,-25,100,3,-1,0,19,-7,0,0.001,-0.0017,-0.0157,0.9999,0,-3,3,0
282.761,282.761,132,-18,100,150,-25,100,3,-1,0,18,-7,0,0.0003,-0.0007,-0.0132,0.9999,2,-1,3,0
282.861,282.861,132,-18,100,150,-25,100,3,-1,0,18,-7,0,-0.0008,0.0004,-0.0116,0.9999,0,-4,3,0
282.961,282.961,132,-19,100,150,-25,100,3,-1,0,18,-6,0,-0.0015,0.0016,-0.0099,0.9999,1,-3,3,0
283.061,283.061,132,-19,100,150,-25,100,3,-1,0,18,-6,0,-0.001,0.0035,-0.0085,1,1,-4,3,0
283.161,283.161,132,-20,100,150,-25,100,3,-1,0,18,-5,0,-0.0007,0.0039,-0.0076,1,0,-2,3,0
283.261,283.261,132,-20,100,150,-25,100,3,-1,0,18,-5,0,0,0.0031,-0.0062,1,2,-1,3,0
283.361,283.361,132,-20,100,150,-25,100,3,-1,0,18,-5,0,-0.0006,0.0022,-0.0045,1,2,1,3,0
283.461,283.461,133,-20,100,150,-25,100,3,-1,0,17,-5,0,-0.0022,0.0013,-0.0027,1,2,-2,3,0
283.561,283.561,133,-21,100,150,-25,100,3,-1,0,17,-4,0,-0.0034,0.0009,-0.001,1,1,-3,3,0
283.661,283.661,133,-21,100,150,-25,100,3,-1,0,17,-4,0,-0.004,0.001,-0.0001,1,3,-3,3,0
283.761,283.761,134,-22,100,150,-25,100,3,0,0,16,-3,0,-0.0028,0.001,0.0004,1,3,-3,2,0
283.861,283.861,135,-22,100,150,-25,100,3,0,0,15,-3,0,-0.002,0.0011,0.0013,1,4,-2,2,0
283.961,283.961,135,-22,100,150,-25,100,3,0,0,15,-3,0,-0.0001,0.0007,0.0012,1,5,0,2,0
284.061,284.061,136,-22,100,150,-25,100,2,0,0,14,-3,0,0.0013,-0.0007,0.001,1,4,0,1,0
284.161,284.161,137,-21,100,150,-25,100,2,-1,0,13,-4,0,0.0013,-0.0032,0.0008,1,6,0,1,-1
284.271,284.271,137,-22,100,150,-25,100,2,0,0,13,-3,0,0.0012,-0.0041,-0.0001,1,4,0,1,0
284.371,284.371,138,-22,99,150,-25,100,2,-1,0,12,-3,1,0.0018,-0.0041,-0.001,1,4,0,2,0
284.471,284.471,139,-22,99,150,-25,100,2,-1,0,11,-3,1,0.0018,-0.005,-0.0024,1,4,0,2,0
284.571,284.571,139,-22,100,150,-25,100,2,-1,0,11,-3,0,0.0016,-0.004,-0.0037,1,2,0,2,0
284.671,284.671,140,-22,100,150,-25,100,2,0,0,10,-3,0,0.0003,-0.0028,-0.0043,1,3,0,1,0
284.771,284.771,140,-22,100,150,-25,100,2,0,0,10,-3,0,-0.0012,-0.0007,-0.0045,1,1,-2,1,0
284.871,284.871,140,-23,99,150,-25,100,2,0,0,10,-2,1,-0.0017,0.0021,-0.0038,1,1,0,1,0
284.971,284.971,140,-22,99,150,-25,100,2,0,0,10,-3,1,-0.0005,0.003,-0.0029,1,2,0,1,0
285.071,285.071,141,-22,99,150,-25,100,2,-1,0,9,-3,1,0.0022,0.0008,-0.0014,1,3,0,2,0
285.171,285.171,142,-22,99,150,-25,100,1,-1,0,8,-3,1,0.0036,-0.001,0.0002,1,0,-1,0,-1
285.271,285.271,142,-23,99,150,-25,100,1,0,0,8,-2,1,0.0031,-0.0005,0.0012,1,0,-3,0,0
285.371,285.371,142,-23,99,150,-25,100,1,0,0,8,-2,1,0.0028,0.0003,0.0034,1,0,-1,0,0
285.471,285.471,142,-23,100,150,-25,100,1,0,0,8,-2,0,0.0011,0.0023,0.0057,1,0,-1,0,0
285.571,285.571,142,-23,100,150,-25,100,1,0,0,8,-2,0,0.0008,0.0029,0.0088,1,0,-1,0,0
285.671,285.671,143,-24,100,150,-25,100,1,0,0,7,-1,0,-0.0006,0.0019,0.0216,0.9998,0,-3,0,0
285.771,285.771,143,-24,99,150,-25,100,1,0,0,7,-1,1,-0.002,0.0007,0.0396,0.9992,0,0,0,0
285.871,285.871,143,-24,99,150,-25,100,1,0,0,7,-1,1,-0.0036,0,0.0609,0.9981,1,-1,0,0
285.971,285.971,143,-24,99,150,-25,100,1,0,0,7,-1,1,-0.0034,-0.0004,0.0852,0.9964,0,0,0,0
286.071,286.071,143,-24,99,150,-25,100,1,0,0,7,-1,1,-0.0023,0.0002,0.1113,0.9938,0,2,0,0
286.171,286.171,143,-24,99,150,-25,100,1,0,0,7,-1,1,-0.0008,0.0025,0.1381,0.9904,0,2,0,0
286.271,286.271,143,-24,99,150,-25,100,1,0,0,7,-1,1,0.0014,0.0039,0.1664,0.9861,0,0,0,0
286.371,286.371,143,-24,99,150,-25,100,1,0,0,7,-1,1,0.0033,0.0047,0.1942,0.9809,0,1,0,0
286.471,286.471,142,-24,99,150,-25,100,1,0,0,8,-1,1,0.0039,0.0045,0.222,0.975,0,0,0,0
286.571,286.571,142,-24,99,150,-25,100,2,0,0,8,-1,1,0.0034,0.0045,0.25,0.9682,0,-3,1,0
286.671,286.671,142,-24,99,150,-25,100,2,0,0,8,-1,1,0.0017,0.0046,0.2771,0.9608,1,0,1,-1
286.771,286.771,142,-24,99,150,-25,100,1,0,0,8,-1,1,-0.0005,0.0047,0.303,0.953,0,0,0,0
286.871,286.871,142,-24,99,150,-25,100,1,0,0,8,-1,1,-0.001,0.0029,0.3283,0.9446,0,-1,0,0
286.971,286.971,142,-23,99,150,-25,100,1,0,0,8,-2,1,-0.0003,0.0037,0.3532,0.9355,1,1,0,0
287.071,287.071,142,-23,99,150,-25,100,1,0,0,8,-2,1,0.0038,0.0051,0.3776,0.926,0,0,0,0
287.171,287.171,142,-23,99,150,-25,100,1,0,0,8,-2,1,0.0059,0.0039,0.4015,0.9158,0,-2,0,0
287.271,287.271,142,-23,99,150,-25,100,1,0,0,8,-2,1,0.0065,0.0033,0.4249,0.9052,0,0,0,0
287.371,287.371,142,-22,99,150,-25,100,1,-1,0,8,-3,1,0.0047,0.0014,0.4491,0.8935,0,-3,0,-1
287.471,287.471,142,-22,99,150,-25,100,1,-1,0,8,-3,1,0.004,-0.0013,0.4729,0.8811,1,0,0,-1
287.571,287.571,142,-22,99,150,-25,100,1,-1,0,8,-3,1,0.0026,-0.0016,0.4964,0.8681,2,4,0,-1
287.671,287.671,142,-22,99,150,-25,100,1,-1,0,8,-3,1,0.0048,-0.0009,0.5197,0.8543,0,0,0,-1
287.771,287.771,142,-22,99,150,-25,100,1,-1,0,8,-3,1,0.004,-0.0015,0.5429,0.8398,1,0,0,-1
287.871,287.871,142,-22,99,150,-25,100,1,-1,0,8,-3,1,0,-0.0026,0.5642,0.8256,0,-1,0,-1
287.971,287.971,143,-22,99,150,-25,100,1,0,0,7,-3,1,-0.0042,-0.0036,0.5852,0.8109,0,-3,0,0
288.071,288.071,143,-22,100,150,-25,100,1,0,0,7,-3,0,-0.0052,-0.0043,0.6064,0.7952,0,-1,0,0
288.171,288.171,143,-22,99,150,-25,100,1,0,0,7,-3,1,-0.0034,-0.0035,0.6263,0.7796,0,0,0,0
288.271,288.271,142,-22,100,150,-25,100,1,-1,0,8,-3,0,-0.0005,-0.002,0.6459,0.7634,0,0,0,-1
288.371,288.371,142,-22,100,150,-25,100,1,-1,0,8,-3,0,0,-0.0016,0.6657,0.7462,0,-1,0,-1
288.471,288.471,142,-22,100,150,-25,100,1,-1,0,8,-3,0,0.0003,-0.0028,0.6847,0.7288,0,-2,0,-1
288.571,288.571,143,-22,99,150,-25,100,1,0,0,7,-3,1,-0.0012,-0.0054,0.7032,0.711,0,1,0,0
288.671,288.671,143,-22,99,150,-25,100,1,0,0,7,-3,1,-0.0022,-0.0048,0.7203,0.6937,0,0,0,0
288.771,288.771,143,-22,99,150,-25,100,1,0,0,7,-3,1,-0.0017,-0.003,0.7369,0.676,0,0,0,0
288.871,288.871,142,-21,99,150,-25,100,1,-1,0,8,-4,1,-0.0024,-0.0019,0.7529,0.6581,0,0,-1,0
288.971,288.971,142,-21,99,150,-25,100,1,-1,0,8,-4,1,-0.002,-0.0018,0.7685,0.6398,0,0,-1,0
289.081,289.081,142,-21,99,150,-25,100,1,-1,0,8,-4,1,-0.0011,-0.0027,0.7837,0.6211,1,0,-1,0
289.181,289.181,142,-21,99,150,-25,100,1,-1,0,8,-4,1,-0.0003,-0.0036,0.7993,0.6009,0,-1,-1,0
289.281,289.281,142,-21,99,150,-25,100,1,-1,0,8,-4,1,0.0009,-0.0045,0.8148,0.5797,1,0,-1,0
289.381,289.381,141,-20,99,150,-25,100,2,-1,0,9,-5,1,0.0024,-0.0039,0.8303,0.5573,0,-2,-1,-1
289.481,289.481,141,-20,99,150,-25,100,2,-1,0,9,-5,1,0.0044,-0.0029,0.8457,0.5337,0,0,-1,-1
289.581,289.581,141,-20,99,150,-25,100,2,-1,0,9,-5,1,0.005,-0.0031,0.8612,0.5082,0,-5,-1,-1
289.681,289.681,141,-20,99,150,-25,100,2,-1,0,9,-5,1,0.0026,-0.0053,0.8766,0.4811,-1,-2,-1,-1
289.781,289.781,141,-20,99,150,-25,100,2,-1,0,9,-5,1,-0.0029,-0.0091,0.8913,0.4534,-1,-1,-1,-1
289.881,289.881,142,-20,99,150,-25,100,2,-1,0,8,-5,1,-0.0068,-0.0093,0.9052,0.4248,1,2,-2,0
289.981,289.981,142,-20,98,150,-25,100,1,-1,0,8,-5,2,-0.0072,-0.0078,0.9179,0.3967,0,0,-1,0
290.081,290.081,142,-20,98,150,-25,100,1,-1,0,8,-5,2,-0.005,-0.0061,0.9298,0.368,2,0,-1,0
290.181,290.181,141,-19,98,150,-25,100,2,-1,0,9,-6,2,-0.0035,-0.0047,0.9404,0.3401,0,0,-2,0
290.281,290.281,141,-20,98,150,-25,100,2,-1,0,9,-5,2,-0.0032,-0.0048,0.9497,0.3132,0,1,-2,0
290.381,290.381,141,-20,99,150,-25,100,2,-1,0,9,-5,1,-0.0053,-0.0052,0.9582,0.286,0,1,-2,0
290.481,290.481,141,-20,99,150,-25,100,2,-1,0,9,-5,1,-0.006,-0.0038,0.966,0.2584,1,1,-2,0
290.581,290.581,140,-20,99,150,-25,100,2,-1,0,10,-5,1,-0.0041,-0.0013,0.9727,0.2319,0,3,-2,0
290.681,290.681,140,-21,99,150,-25,100,2,-1,0,10,-4,1,-0.0023,0.0012,0.9785,0.206,0,1,-2,0
290.781,290.781,139,-21,99,150,-25,100,2,-1,0,11,-4,1,-0.0021,0.0035,0.9834,0.1815,1,0,-2,0
290.881,290.881,139,-21,100,150,-25,100,2,-1,0,11,-4,0,-0.0016,0.0023,0.9872,0.1593,1,1,-2,0
290.981,290.981,139,-22,100,150,-25,100,2,-1,0,11,-3,0,-0.0009,0.0029,0.9904,0.1385,0,1,-2,0
291.081,291.081,138,-22,100,150,-25,100,2,-1,0,12,-3,0,-0.0017,0.0019,0.9929,0.1185,0,2,-2,0
291.181,291.181,138,-22,100,150,-25,100,2,-1,0,12,-3,0,-0.0029,0.0008,0.9949,0.1011,0,2,-2,0
291.281,291.281,138,-22,99,150,-25,100,2,-1,0,12,-3,1,-0.0036,0.0006,0.9964,0.0852,0,0,-2,0
291.381,291.381,138,-22,99,150,-25,100,2,-1,0,12,-3,1,-0.004,0.0027,0.9975,0.0709,5,0,-2,0
291.481,291.481,137,-23,100,150,-25,100,2,0,0,13,-2,0,-0.0011,0.0007,0.9984,0.0565,3,1,-1,0
291.581,291.581,137,-23,100,150,-25,100,2,0,0,13,-2,0,0.0007,-0.0008,0.999,0.0445,1,1,-1,0
291.681,291.681,137,-23,99,150,-25,100,2,0,0,13,-2,1,0.001,-0.0008,0.9995,0.0318,0,0,-1,0
291.781,291.781,137,-23,99,150,-25,100,2,0,0,13,-2,1,-0.0016,-0.0011,0.9998,0.0217,1,0,-1,0
291.881,291.881,136,-23,99,150,-25,100,2,0,0,14,-2,1,-0.0043,-0.0005,0.9999,0.014,0,0,-1,0
291.981,291.981,136,-24,99,150,-25,100,2,0,0,14,-1,1,-0.0034,0,1,0.0078,2,1,-2,0
292.081,292.081,135,-24,99,150,-25,100,3,0,0,15,-1,1,-0.0011,-0.0001,1,0.0038,2,3,-3,0
292.181,292.181,135,-25,100,150,-25,100,3,0,0,15,0,0,0.0005,-0.0005,1,-0.0011,2,2,-3,0
292.281,292.281,135,-25,99,150,-25,100,3,0,0,15,0,1,0.0012,0.0008,1,-0.0044,2,0,-3,0
292.381,292.381,134,-25,99,150,-25,100,3,0,0,16,0,1,0.0021,0.0005,1,-0.0062,2,0,-3,0
292.481,292.481,134,-25,99,150,-25,100,3,0,0,16,0,1,0.003,0.0004,1,-0.0086,1,0,-3,0
292.581,292.581,134,-25,99,150,-25,100,3,0,0,16,0,1,0.0035,-0.0004,0.9999,-0.0105,0,3,-2,0
292.681,292.681,134,-26,99,150,-25,100,3,0,0,16,1,1,0.0022,-0.0012,0.9999,-0.0134,0,2,-2,0
292.781,292.781,134,-26,99,150,-25,100,3,0,0,16,1,1,0.0017,-0.0001,0.9999,-0.0163,0,0,-2,0
292.881,292.881,133,-26,98,150,-25,100,3,0,0,17,1,2,0.0025,-0.0001,0.9998,-0.0199,1,0,-2,0
292.981,292.981,133,-26,98,150,-25,100,3,0,0,17,1,2,0.0025,-0.0015,0.9997,-0.0238,0,0,-2,0
293.081,293.081,133,-27,98,150,-25,100,3,0,0,17,2,2,0.0025,-0.0035,0.9996,-0.0276,0,0,-2,0
293.181,293.181,134,-27,98,150,-25,100,3,0,0,16,2,2,0.0004,-0.0028,0.9995,-0.0312,-1,3,-2,0
293.281,293.281,134,-28,99,150,-25,100,3,0,0,16,3,1,-0.0008,0.0002,0.9994,-0.0346,0,4,-2,0
293.381,293.381,134,-29,99,150,-25,100,3,1,0,16,4,1,-0.0016,0.0018,0.9993,-0.0381,0,2,-3,0
293.481,293.481,134,-29,98,150,-25,100,3,1,0,16,4,2,-0.0002,0.0018,0.9992,-0.0406,0,3,-3,0
293.591,293.591,134,-29,98,150,-25,100,3,1,0,16,4,2,0.0022,0.0019,0.9991,-0.0425,0,3,-3,0
293.681,293.681,134,-30,98,150,-25,100,3,1,0,16,5,2,0.0035,0.0028,0.999,-0.0439,0,3,-3,0
293.791,293.791,134,-30,98,150,-25,100,3,1,0,16,5,2,0.0039,0.0042,0.9989,-0.0463,0,1,-3,0
293.891,293.891,134,-30,98,150,-25,100,3,1,0,16,5,2,0.0042,0.0034,0.9988,-0.0485,0,0,-3,0
294.091,294.091,135,-31,98,150,-25,100,2,1,0,15,6,2,0.0031,-0.0005,0.9987,-0.0507,-1,3,-2,0
294.191,294.191,135,-32,98,150,-25,100,3,1,0,15,7,2,0.0033,0.0016,0.9986,-0.0522,0,2,-3,0
294.291,294.291,135,-32,98,150,-25,100,3,1,0,15,7,2,0.0039,0.0033,0.9986,-0.0534,-1,1,-3,0
294.391,294.391,135,-32,98,150,-25,100,3,1,0,15,7,2,0.0054,0.0028,0.9985,-0.0543,0,0,-3,0
294.491,294.491,135,-32,98,150,-25,100,3,1,0,15,7,2,0.0068,0.0027,0.9983,-0.0571,0,0,-3,0
294.591,294.591,135,-32,97,150,-25,100,3,1,0,15,7,3,0.0084,0.0028,0.9982,-0.0597,0,-3,-3,0
294.691,294.691,136,-32,97,150,-25,100,2,1,0,14,7,3,0.0084,0.0028,0.9982,-0.0597,0,-3,-2,0
294.791,294.791,136,-32,97,150,-25,100,2,1,0,14,7,3,0.0081,-0.0021,0.9977,-0.0672,0,-1,-2,0
294.991,294.991,136,-31,98,150,-25,100,2,1,0,14,6,2,0.008,-0.0052,0.9972,-0.0746,0,-1,-2,0
295.091,295.091,137,-31,98,150,-25,100,2,1,0,13,6,2,0.0072,-0.0053,0.9968,-0.0789,0,0,-2,0
295.191,295.191,137,-30,98,150,-25,100,2,1,0,13,5,2,0.0049,-0.0067,0.9965,-0.0835,-2,0,-2,0
295.291,295.291,137,-30,98,150,-25,100,2,1,0,13,5,2,0.0033,-0.0093,0.9962,-0.0869,0,-4,-2,0
295.391,295.391,138,-29,97,150,-25,100,2,1,0,12,4,3,0.0049,-0.0114,0.9954,-0.0945,0,3,-2,0
295.591,295.591,138,-29,97,150,-25,100,2,1,0,12,4,3,0.0057,-0.0053,0.995,-0.0992,0,3,-2,0
295.791,295.791,139,-29,97,150,-25,100,2,1,0,11,4,3,0.0066,-0.0038,0.9951,-0.099,-3,0,-2,0
295.991,295.991,140,-29,96,150,-25,100,2,1,1,10,4,4,0.0048,-0.005,0.9953,-0.0969,-3,0,-2,0
296.191,296.191,141,-29,96,150,-25,100,2,1,1,9,4,4,0.0055,0.0003,0.9955,-0.0947,-5,3,-2,0
296.391,296.391,143,-29,96,150,-25,100,1,1,1,7,4,4,0.0031,0.0027,0.9955,-0.0943,-2,0,-1,0
296.591,296.591,144,-29,96,150,-25,100,1,1,1,6,4,4,-0.0009,0.0005,0.9952,-0.0982,-5,-1,-1,0
296.691,296.691,144,-29,96,150,-25,100,1,1,1,6,4,4,0.0013,-0.0009,0.9949,-0.1004,-1,-1,-1,0
296.791,296.791,145,-29,96,150,-25,100,1,1,1,5,4,4,0.0036,-0.0002,0.9947,-0.1023,-5,0,-1,0
296.891,296.891,146,-29,97,150,-25,100,1,1,0,4,4,3,0.0044,0.0011,0.9945,-0.1046,-2,1,-1,0
296.991,296.991,146,-28,97,150,-25,100,1,0,0,4,3,3,0.0035,0.001,0.9943,-0.1064,-6,-4,0,0
297.091,297.091,146,-28,97,150,-25,100,1,0,0,4,3,3,0.0019,-0.0014,0.9943,-0.1065,-2,1,0,0
297.191,297.191,147,-27,98,150,-25,100,1,0,0,3,2,2,-0.0005,-0.0034,0.9944,-0.106,-5,-1,0,0
297.291,297.291,147,-27,98,150,-25,100,1,0,0,3,2,2,-0.0005,-0.0034,0.9944,-0.106,-3,0,0,0
297.391,297.391,148,-27,98,150,-25,100,1,0,0,2,2,2,-0.0016,-0.0056,0.9946,-0.1032,-2,0,0,0
297.491,297.491,148,-27,98,150,-25,100,1,0,0,2,2,2,-0.0006,-0.0057,0.9949,-0.1012,0,2,0,0
297.591,297.591,149,-27,98,150,-25,100,0,0,0,1,2,2,0.0011,0.0004,0.9956,-0.094,-3,1,0,0
297.691,297.691,149,-27,98,150,-25,100,0,0,0,1,2,2,-0.0005,0.0001,0.9958,-0.0918,0,2,0,0
297.791,297.791,149,-27,99,150,-25,100,0,0,0,1,2,1,-0.0005,0.0001,0.9958,-0.0918,-6,-7,0,0
297.891,297.891,150,-26,99,150,-25,100,0,0,0,0,1,1,-0.0056,-0.0043,0.9964,-0.0848,-3,-1,0,0
297.991,297.991,150,-26,99,150,-25,100,0,0,0,0,1,1,-0.0058,-0.0064,0.9966,-0.0821,-2,-1,0,0
298.091,298.091,151,-26,100,150,-25,100,0,0,0,-1,1,0,-0.0041,-0.0047,0.9968,-0.0797,-3,-2,0,0
298.201,298.201,151,-25,100,150,-25,100,0,0,0,-1,0,0,-0.001,-0.0031,0.997,-0.0768,-2,-1,0,0
298.301,298.301,151,-24,100,150,-25,100,0,0,0,-1,-1,0,0.0013,-0.0056,0.9972,-0.074,1,-1,0,0
298.401,298.401,151,-24,99,150,-25,100,0,0,0,-1,-1,1,0.0036,-0.0073,0.9974,-0.072,1,0,0,0
298.501,298.501,151,-24,100,150,-25,100,0,0,0,-1,-1,0,0.0047,-0.0069,0.9974,-0.072,0,-1,0,0
298.601,298.601,151,-24,99,150,-25,100,0,0,0,-1,-1,1,0.0024,-0.0056,0.9973,-0.073,-1,0,0,0
298.701,298.701,151,-24,99,150,-25,100,0,0,0,-1,-1,1,-0.0014,-0.0035,0.9972,-0.0746,0,1,0,0
298.801,298.801,151,-24,100,150,-25,100,0,0,0,-1,-1,0,-0.0018,-0.0002,0.997,-0.0768,0,-2,0,0
298.901,298.901,151,-24,100,150,-25,100,0,0,0,-1,-1,0,-0.0012,0.0024,0.9969,-0.0783,1,-2,0,0
299.001,299.001,151,-24,100,150,-25,100,0,0,0,-1,-1,0,-0.0004,-0.0001,0.997,-0.0777,0,-3,0,0
299.101,299.101,152,-24,100,150,-25,100,0,0,0,-2,-1,0,0.0024,-0.0038,0.9973,-0.0738,0,-1,0,0
299.201,299.201,152,-23,100,150,-25,100,0,0,0,-2,-2,0,0.0034,-0.0036,0.9974,-0.0721,1,-3,0,0
299.301,299.301,151,-23,100,150,-25,100,0,0,0,-1,-2,0,0.0041,-0.0049,0.9975,-0.071,-1,-1,0,0
299.401,299.401,151,-22,100,150,-25,100,0,0,0,-1,-3,0,0.0033,-0.0087,0.9973,-0.0727,0,-4,0,0
299.501,299.501,151,-22,100,150,-25,100,0,0,0,-1,-3,0,0.0017,-0.0077,0.9971,-0.0752,0,-3,0,0
299.601,299.601,151,-21,101,150,-25,100,0,-1,0,-1,-4,-1,0.0017,-0.0077,0.9971,-0.0752,0,-3,0,0
299.701,299.701,151,-21,101,150,-25,100,0,-1,0,-1,-4,-1,0.0017,-0.0066,0.997,-0.0775,0,-4,0,0
299.801,299.801,151,-20,101,150,-25,100,0,-1,0,-1,-5,-1,0.0009,-0.0056,0.9968,-0.0792,0,-5,0,0
299.901,299.901,151,-19,101,150,-25,100,0,-1,0,-1,-6,-1,-0.0001,-0.0098,0.9968,-0.0794,0,-4,0,0
300.001,300.001,151,-19,100,150,-25,100,0,-1,0,-1,-6,0,0,-0.0138,0.9969,-0.0779,0,-5,0,0
300.101,300.101,151,-18,101,150,-25,100,0,-1,0,-1,-7,-1,-0.0007,-0.0158,0.9971,-0.0746,1,-1,0,0
300.201,300.201,150,-18,101,150,-25,100,0,-1,0,0,-7,-1,-0.0011,-0.0153,0.9975,-0.0693,1,0,0,0
300.301,300.301,150,-18,101,150,-25,100,0,-1,0,0,-7,-1,0.0013,-0.0124,0.9979,-0.0634,4,2,0,0
300.401,300.401,150,-18,101,150,-25,100,0,-1,0,0,-7,-1,0.0054,-0.0081,0.9983,-0.0574,1,-1,0,0
300.501,300.501,149,-18,101,150,-25,100,0,-1,0,1,-7,-1,0.0097,-0.0045,0.9986,-0.051,2,-1,0,0
300.601,300.601,148,-17,101,150,75,100,0,23,0,2,92,-1,0.0099,-0.0074,0.999,-0.0436,4,0,-2,-22
300.701,300.701,147,-18,101,150,75,100,0,23,0,3,93,-1,0.0107,-0.0095,0.9992,-0.0362,7,-1,-1,-22
300.801,300.801,147,-18,101,150,75,100,0,23,0,3,93,-1,0.0133,-0.0093,0.9995,-0.0281,5,3,-1,-22
300.901,300.901,146,-18,101,150,75,100,1,23,0,4,93,-1,0.0165,-0.0069,0.9996,-0.0216,3,7,-1,-22
301.001,301.001,146,-19,101,150,75,100,1,23,0,4,94,-1,0.0193,0.0109,0.9996,-0.0167,2,0,-1,-22
301.101,301.101,145,-19,101,150,75,100,1,23,0,5,94,-1,0.0181,0.0231,0.9995,-0.0129,2,-5,-1,-22
301.201,301.201,145,-18,101,150,75,100,1,23,0,5,93,-1,0.0145,0.0217,0.9996,-0.0098,2,-9,-1,-22
301.301,301.301,145,-16,101,150,75,100,1,23,0,5,91,-1,0.01,0.0151,0.9998,-0.0082,1,-12,-1,-22
301.401,301.401,145,-14,101,150,75,100,1,23,0,5,89,-1,0.0069,0.0053,0.9999,-0.0076,0,-17,-1,-22
301.501,301.501,144,-12,101,150,75,100,1,23,0,6,87,-1,0.0053,-0.0017,1,-0.0075,1,-17,-1,-22
301.601,301.601,144,-10,101,150,75,100,1,23,0,6,85,-1,0.0049,-0.0034,1,-0.0076,3,-14,-1,-22
301.701,301.701,144,-8,101,150,75,100,1,23,0,6,83,-1,0.006,-0.0017,1,-0.0064,4,-15,-1,-22
301.801,301.801,143,-6,100,150,75,100,1,23,0,7,81,0,0.0072,0.0007,1,-0.0046,1,-12,-1,-22
301.901,301.901,143,-4,100,150,75,100,1,23,0,7,79,0,0.0049,0.002,1,-0.0045,0,-14,-1,-22
302.001,302.001,143,-3,100,150,75,100,1,23,0,7,78,0,0.0028,0.0046,1,-0.0047,1,-13,-1,-22
302.101,302.101,142,-1,100,150,75,100,1,23,0,8,76,0,0.0031,0.0053,1,-0.0062,0,-16,-1,-22
302.201,302.201,142,1,100,150,75,100,1,22,0,8,74,0,0.0072,0.0052,0.9999,-0.0085,2,-20,-1,-21
302.301,302.301,141,4,99,150,75,100,1,21,0,9,71,1,0.0095,0.0057,0.9999,-0.0101,1,-19,-1,-20
302.401,302.401,141,6,99,150,75,100,1,21,0,9,69,1,0.0075,0.005,0.9999,-0.0121,1,-16,-1,-20
302.501,302.501,140,8,99,150,75,100,2,20,0,10,67,1,0.0031,0.0064,0.9999,-0.0149,2,-18,-2,-19
302.601,302.601,140,10,99,150,75,100,2,20,0,10,65,1,0.0005,0.0093,0.9998,-0.0175,0,-16,-2,-19
302.711,302.711,141,12,99,150,75,100,1,19,0,9,63,1,0.0016,0.0103,0.9997,-0.0209,-1,-17,-1,-18
302.811,302.811,140,15,99,150,75,100,1,18,0,10,60,1,0.0041,0.0089,0.9996,-0.0247,0,-16,-1,-17
302.911,302.911,140,17,99,150,75,100,2,17,0,10,58,1,0.0074,0.0069,0.9995,-0.0294,0,-22,-2,-16
303.011,303.011,140,20,99,150,75,100,2,16,0,10,55,1,0.0106,0.0064,0.9993,-0.0339,0,-20,-3,-15
303.111,303.111,139,23,99,150,75,100,2,15,0,11,52,1,0.0099,0.0063,0.9992,-0.0393,0,-19,-3,-14
303.211,303.211,139,25,99,150,75,100,2,15,0,11,50,1,0.0064,0.006,0.999,-0.0437,0,-17,-3,-14
303.311,303.311,139,28,99,150,75,100,2,14,0,11,47,1,0.0039,0.0053,0.9989,-0.0468,0,-15,-3,-13
303.411,303.411,139,30,99,150,75,100,2,13,0,11,45,1,0.004,0.0041,0.9987,-0.0503,0,-18,-3,-12
303.511,303.511,139,33,99,150,75,100,2,12,0,11,42,1,0.0051,0.0024,0.9986,-0.0534,0,-15,-3,-11
303.611,303.611,139,36,99,150,75,100,2,12,0,11,39,1,0.0053,0.0018,0.9984,-0.0557,-1,-10,-3,-11
303.711,303.711,139,39,99,150,75,100,2,11,0,11,36,1,0.0035,0.0002,0.9984,-0.056,-2,-8,-3,-10
303.811,303.811,139,42,99,150,75,100,2,10,0,11,33,1,0.0044,-0.0002,0.9985,-0.0552,0,-6,-3,-9
303.911,303.911,139,44,99,150,75,100,2,9,0,11,31,1,0.0058,-0.0013,0.9985,-0.0539,0,-8,-2,-8
304.011,304.011,139,47,99,150,75,100,2,8,0,11,28,1,0.0069,0.0009,0.9987,-0.0511,0,-6,-2,-7
304.111,304.111,139,50,99,150,75,100,2,7,0,11,25,1,0.0071,-0.0011,0.9988,-0.048,0,-6,-2,-6
304.211,304.211,140,53,99,150,75,100,2,4,0,10,22,1,0.0054,-0.0035,0.999,-0.0441,-1,-3,-2,-3
304.311,304.311,140,55,99,150,75,100,1,3,0,10,20,1,0.0036,-0.0049,0.9992,-0.0394,-1,-5,-1,-2
304.411,304.411,140,58,99,150,75,100,1,3,0,10,17,1,0.0036,-0.0042,0.9993,-0.0363,0,-4,-1,-2
304.511,304.511,140,60,99,150,75,100,1,3,0,10,15,1,0.005,-0.0026,0.9995,-0.0326,0,-5,-1,-2
304.611,304.611,141,62,99,150,75,100,1,2,0,9,13,1,0.006,-0.0036,0.9995,-0.03,0,-4,-1,-1
304.711,304.711,141,65,99,150,75,100,1,2,0,9,10,1,0.0052,-0.0062,0.9996,-0.0281,-1,-3,-1,-1
304.811,304.811,141,67,99,150,75,100,1,2,0,9,8,1,0.0039,-0.0054,0.9996,-0.027,-1,-1,-1,-1
304.911,304.911,142,69,99,150,75,100,1,0,0,8,6,1,0.0027,-0.003,0.9997,-0.026,0,-6,0,0
305.011,305.011,142,71,100,150,75,100,1,0,0,8,4,0,0.0023,-0.0012,0.9997,-0.0251,-2,-6,0,0
305.111,305.111,143,73,101,150,125,100,1,15,0,7,52,-1,0.0026,-0.0006,0.9997,-0.0246,-2,-5,-1,-14
305.211,305.211,143,75,101,150,125,100,1,15,0,7,50,-1,0.003,-0.0006,0.9997,-0.0234,-1,-14,-1,-14
305.311,305.311,143,77,101,150,125,100,1,14,0,7,48,-1,0.0035,-0.0024,0.9997,-0.0229,-1,-4,-1,-13
305.411,305.411,144,79,101,150,125,100,1,14,0,6,46,-1,0.004,0.0005,0.9997,-0.0222,-1,0,-1,-13
305.511,305.511,145,80,101,150,125,100,1,13,0,5,45,-1,0.0054,0.0156,0.9996,-0.0225,0,-4,-1,-12
305.611,305.611,145,82,101,150,125,100,1,12,0,5,43,-1,0.006,0.0233,0.9995,-0.0226,0,-10,-1,-11
305.711,305.711,146,84,101,150,125,100,1,12,0,4,41,-1,0.0069,0.0253,0.9994,-0.0228,0,-11,-1,-11
305.811,305.811,146,87,101,150,125,100,1,11,0,4,38,-1,0.0056,0.014,0.9996,-0.0231,-2,-11,-1,-10
305.911,305.911,147,90,101,150,125,100,0,10,0,3,35,-1,0.004,0.006,0.9997,-0.023,-1,-5,0,-9
306.011,306.011,147,93,101,150,125,100,0,9,0,3,32,-1,0.0022,0.0015,0.9997,-0.0225,-3,-6,0,-8
306.111,306.111,148,96,101,150,125,100,0,9,0,2,29,-1,0.0009,0.0004,0.9998,-0.0222,-1,-4,0,-8
306.211,306.211,148,98,101,150,125,100,0,8,0,2,27,-1,-0.0001,0.0011,0.9997,-0.0225,-4,-6,0,-7
306.311,306.311,149,101,101,150,125,100,0,4,0,1,24,-1,-0.001,0.0022,0.9997,-0.0234,-1,-5,0,-3
306.411,306.411,150,103,101,150,125,100,0,4,0,0,22,-1,-0.0005,0.0018,0.9997,-0.0246,0,0,0,-3
306.511,306.511,150,106,101,150,125,100,0,3,0,0,19,-1,0.0012,0.0021,0.9997,-0.0254,-1,-4,0,-2
306.611,306.611,151,109,101,150,125,100,0,3,0,-1,16,-1,0.0026,0.0039,0.9996,-0.027,0,-5,0,-2
306.711,306.711,151,111,101,150,125,100,0,2,0,-1,14,-1,0.0034,0.0001,0.9996,-0.0279,0,-4,0,-1
306.811,306.811,152,113,101,150,125,100,0,2,0,-2,12,-1,0.0036,-0.0013,0.9996,-0.0281,-3,-5,0,-1
306.911,306.911,152,115,101,150,125,100,0,2,0,-2,10,-1,0.0025,-0.0008,0.9996,-0.028,-2,-3,0,-1
307.021,307.021,153,117,101,150,125,100,0,2,0,-3,8,-1,0.0014,0.0009,0.9996,-0.0275,-2,-8,0,-1
307.121,307.121,154,119,101,150,125,100,0,1,0,-4,6,-1,0.0012,0.0031,0.9996,-0.027,-2,-9,0,0
307.221,307.221,154,121,101,150,175,100,0,15,0,-4,54,-1,0.001,0.0048,0.9996,-0.0262,-2,-7,0,-14
307.321,307.321,155,123,101,150,175,100,0,15,0,-5,52,-1,0.0017,0.0054,0.9996,-0.0259,-1,-13,0,-14
307.411,307.411,155,124,101,150,175,100,0,15,0,-5,51,-1,0.0017,0.0054,0.9996,-0.0259,0,-2,0,-14
307.521,307.521,155,126,101,150,175,100,0,15,0,-5,49,-1,0.0027,0.0056,0.9997,-0.0251,-2,0,0,-14
307.621,307.621,156,128,102,150,175,100,0,14,0,-6,47,-2,0.0015,0.0177,0.9995,-0.025,-2,-8,0,-13
307.721,307.721,157,130,102,150,175,100,0,13,0,-7,45,-2,0.0013,0.0241,0.9994,-0.0248,-3,-12,0,-12
307.821,307.821,157,132,102,150,175,100,0,13,0,-7,43,-2,0.0014,0.0195,0.9995,-0.0246,-2,-15,0,-12
307.921,307.921,158,135,102,150,175,100,0,12,0,-8,40,-2,0.0017,0.0106,0.9997,-0.0241,-1,-18,0,-11
308.021,308.021,158,139,102,150,175,100,0,11,0,-8,36,-2,0.0026,0.0031,0.9997,-0.0233,-2,-14,0,-10
308.121,308.121,159,142,102,150,175,100,0,10,0,-9,33,-2,0.0021,-0.0007,0.9998,-0.0217,-1,-12,0,-9
308.221,308.221,159,145,102,150,175,100,0,9,0,-9,30,-2,0.0005,-0.0012,0.9998,-0.0198,-3,-11,0,-8
308.321,308.321,160,147,102,150,175,100,0,8,0,-10,28,-2,-0.0007,-0.0007,0.9998,-0.0181,-3,-16,0,-7
308.421,308.421,161,150,102,150,175,100,-1,7,0,-11,25,-2,-0.0017,0.0004,0.9999,-0.0161,-3,-17,0,-7
308.521,308.521,161,152,102,150,175,100,-1,4,0,-11,23,-2,-0.0016,0.0012,0.9999,-0.0138,-4,-19,0,-4
308.621,308.621,162,154,102,150,175,100,-1,3,0,-12,21,-2,-0.0005,0.0017,0.9999,-0.0118,-2,-18,0,-3
308.721,308.721,162,157,102,150,175,100,-1,3,0,-12,18,-2,0.0011,0.0021,1,-0.0096,-1,-21,0,-3
308.821,308.821,162,160,102,150,175,100,-1,3,0,-12,15,-2,0.0017,0.0021,1,-0.0076,-2,-20,0,-3
308.921,308.921,163,162,102,150,175,100,-1,2,0,-13,13,-2,0.0016,-0.0007,1,-0.0065,-4,-21,0,-2
309.021,309.021,164,164,102,150,175,100,-1,2,0,-14,11,-2,0.0005,-0.0031,1,-0.0063,-2,-17,0,-2
309.121,309.121,164,166,102,150,175,100,-1,2,0,-14,9,-2,-0.0009,-0.0042,1,-0.0062,-3,-16,0,-2
309.221,309.221,165,168,102,150,175,100,-2,1,0,-15,7,-2,-0.0014,-0.0041,1,-0.0079,-3,-13,1,-1
309.321,309.321,166,170,102,150,175,100,-2,1,0,-16,5,-2,-0.0013,-0.0052,0.9999,-0.0097,-2,-12,1,-1
309.421,309.421,166,172,102,150,175,100,-2,1,0,-16,3,-2,-0.0009,-0.0066,0.9999,-0.0115,-2,-11,1,-1
309.521,309.521,167,174,101,150,175,100,-3,0,0,-17,1,-1,-0.0004,-0.0066,0.9999,-0.0126,-2,-14,2,0
309.621,309.621,167,175,101,150,175,100,-3,0,0,-17,0,-1,-0.002,-0.0073,0.9999,-0.0139,-3,-8,2,0
309.721,309.721,168,177,102,150,175,100,-3,0,0,-18,-2,-2,-0.0041,-0.0087,0.9999,-0.0143,-2,-10,2,0
309.821,309.821,169,178,101,150,175,100,-3,0,0,-19,-3,-1,-0.0042,-0.0105,0.9998,-0.0138,-4,-8,2,0
309.921,309.921,169,179,101,150,175,100,-3,0,0,-19,-4,-1,-0.0037,-0.0117,0.9998,-0.0129,-3,-6,2,0
310.021,310.021,170,181,101,150,175,100,-3,0,0,-20,-6,-1,-0.0031,-0.0125,0.9998,-0.0121,-2,-7,2,0
310.121,310.121,170,182,101,150,175,100,-3,0,0,-20,-7,-1,-0.0021,-0.0102,0.9999,-0.0118,-1,-6,2,0
310.221,310.221,171,182,101,150,175,100,-3,0,0,-21,-7,-1,-0.001,-0.0078,0.9999,-0.0115,-2,-3,2,0
310.321,310.321,171,183,101,150,175,100,-3,0,0,-21,-8,-1,-0.0007,-0.0068,0.9999,-0.0114,-2,-4,2,0
310.421,310.421,171,183,101,150,175,100,-3,0,0,-21,-8,-1,-0.0001,-0.0061,0.9999,-0.0112,-2,-3,2,0
310.521,310.521,171,183,101,150,175,100,-3,0,0,-21,-8,-1,0.0004,-0.0065,0.9999,-0.0113,0,0,2,0
310.621,310.621,171,183,102,150,175,100,-3,0,0,-21,-8,-2,0.001,-0.0065,0.9999,-0.0125,0,0,2,0
310.721,310.721,171,184,101,150,175,100,-3,0,0,-21,-9,-1,0.0017,-0.0065,0.9999,-0.0141,0,0,2,0
310.821,310.821,171,184,101,150,175,100,-3,0,0,-21,-9,-1,0.0021,-0.0064,0.9999,-0.0148,0,-1,2,0
310.921,310.921,171,184,101,150,175,100,-3,0,0,-21,-9,-1,0.0023,-0.0064,0.9998,-0.0162,0,0,2,0
311.021,311.021,171,183,101,150,175,100,-3,0,0,-21,-8,-1,0.0019,-0.0056,0.9998,-0.0175,0,3,2,0
311.121,311.121,172,183,102,150,175,100,-3,0,0,-22,-8,-2,0.001,-0.0039,0.9998,-0.0181,0,2,2,0
311.221,311.221,172,182,101,150,175,100,-3,0,0,-22,-7,-1,0.0004,-0.002,0.9998,-0.0193,0,3,2,0
311.321,311.321,171,182,101,150,175,100,-3,0,0,-21,-7,-1,-0.0001,-0.001,0.9998,-0.0195,1,3,2,0
311.431,311.431,171,181,102,150,175,100,-3,0,0,-21,-6,-2,0.0001,-0.0026,0.9998,-0.0197,1,6,2,0
311.531,311.531,171,180,102,150,175,100,-3,0,0,-21,-5,-2,0.0001,-0.0036,0.9998,-0.0197,1,6,2,0
311.631,311.631,171,180,101,150,175,100,-3,0,0,-21,-5,-1,-0.0004,-0.0029,0.9998,-0.0185,1,3,2,0
311.731,311.731,171,180,101,150,175,100,-3,0,0,-21,-5,-1,-0.0004,-0.0037,0.9998,-0.017,0,5,2,0
311.831,311.831,171,179,102,150,175,100,-3,0,0,-21,-4,-2,0.0005,-0.0038,0.9999,-0.0152,0,6,2,0
311.931,311.931,171,178,102,150,175,100,-3,0,0,-21,-3,-2,0.0016,-0.0048,0.9999,-0.0133,1,5,2,0
312.031,312.031,171,177,102,150,175,100,-3,0,0,-21,-2,-2,0.0003,-0.0035,0.9999,-0.0112,0,1,2,0
312.131,312.131,171,177,101,150,175,100,-3,0,0,-21,-2,-1,-0.0014,-0.0039,0.9999,-0.0093,0,1,2,0
312.231,312.231,171,177,101,150,175,100,-3,0,0,-21,-2,-1,-0.0026,-0.0048,1,-0.0069,0,6,3,0
312.331,312.331,170,176,101,150,175,100,-3,0,0,-20,-1,-1,-0.0024,-0.0045,1,-0.0048,1,5,3,0
312.431,312.431,170,175,101,150,175,100,-3,0,0,-20,0,-1,-0.0013,-0.0026,1,-0.0033,1,4,3,0
312.531,312.531,169,174,101,150,175,100,-3,0,0,-19,1,-1,-0.0002,-0.0009,1,-0.0018,1,4,3,0
312.631,312.631,169,173,101,150,175,100,-3,1,0,-19,2,-1,-0.0005,-0.0002,1,-0.0003,0,3,2,-1
312.731,312.731,169,172,101,150,175,100,-3,1,0,-19,3,-1,-0.001,-0.0007,1,0.0012,1,2,3,0
312.831,312.831,168,172,101,150,175,100,-3,1,0,-18,3,-1,-0.0008,-0.0019,1,0.0025,2,1,3,0
312.931,312.931,167,171,101,150,175,100,-3,1,0,-17,4,-1,0,-0.0033,1,0.0035,1,3,3,0
313.031,313.031,167,170,101,150,175,100,-3,1,0,-17,5,-1,0.002,-0.0031,1,0.0039,3,5,3,0
313.131,313.131,166,169,100,150,175,100,-2,1,0,-16,6,0,0.0032,-0.0011,1,0.004,2,4,2,0
313.231,313.231,166,168,101,150,175,100,-2,1,0,-16,7,-1,0.0021,-0.0011,1,0.0046,0,2,2,0
313.331,313.331,165,168,101,150,175,100,-2,1,0,-15,7,-1,0.001,-0.0022,1,0.0047,0,0,2,0
313.431,313.431,164,167,101,150,175,100,-2,1,0,-14,8,-1,0.0008,-0.0025,1,0.004,2,1,2,0
313.531,313.531,164,166,102,150,175,100,-1,2,0,-14,9,-2,0.0023,-0.0017,1,0.0035,2,0,1,-1
313.631,313.631,163,165,102,150,175,100,-1,2,0,-13,10,-2,0.0053,-0.002,1,0.003,2,3,1,-1
313.731,313.731,162,164,101,150,175,100,-1,2,0,-12,11,-1,0.0066,-0.0025,1,0.0017,4,6,1,-1
313.831,313.831,161,164,100,150,175,100,-1,2,0,-11,11,0,0.0046,-0.0023,1,0.0008,2,5,1,-1
313.931,313.931,160,163,101,150,175,100,-1,2,0,-10,12,-1,0.0032,-0.0009,1,-0.0002,5,2,0,-2
314.031,314.031,160,162,102,150,175,100,0,2,0,-10,13,-2,0.0025,-0.0012,1,-0.0014,5,3,0,-2
314.131,314.131,159,161,102,150,175,100,0,2,0,-9,14,-2,0.002,-0.0027,1,-0.0009,10,2,0,-2
314.231,314.231,158,160,102,150,175,100,0,3,0,-8,15,-2,0.0012,-0.0033,1,-0.0008,8,2,0,-3
314.331,314.331,157,160,101,150,175,100,0,2,0,-7,15,-1,0.0018,-0.0035,1,-0.0001,5,1,0,-2
314.431,314.431,157,159,101,150,175,100,0,3,0,-7,16,-1,0.0037,-0.0035,1,0.0001,5,4,0,-3
314.531,314.531,156,158,101,150,175,100,0,3,0,-6,17,-1,0.0041,-0.0045,1,0.0003,1,1,0,-3
314.631,314.631,156,158,101,150,175,100,0,3,0,-6,17,-1,0.0022,-0.005,1,0.0013,0,0,0,-3
314.731,314.731,155,157,101,150,175,100,0,3,0,-5,18,-1,0.0013,-0.005,1,0.0025,0,0,0,-3
314.831,314.831,154,157,101,150,175,100,0,3,0,-4,18,-1,0.0022,-0.0035,1,0.0034,10,11,0,-3
314.931,314.931,154,155,102,150,175,100,0,3,0,-4,20,-2,0.0026,-0.0017,1,0.0043,2,1,0,-3
315.031,315.031,153,154,102,150,175,100,0,3,0,-3,21,-2,0.0028,-0.0017,1,0.0047,1,2,0,-3
315.131,315.131,153,154,102,150,175,100,0,3,0,-3,21,-2,0.0037,-0.0017,1,0.0041,0,0,0,-3
315.231,315.231,152,154,101,150,175,100,0,3,0,-2,21,-1,0.0036,-0.0028,1,0.0022,1,4,0,-3
315.331,315.331,152,154,101,150,175,100,0,3,0,-2,21,-1,0.0021,-0.0046,1,-0.0003,0,0,0,-3
315.431,315.431,151,154,101,150,175,100,0,3,0,-1,21,-1,0.0011,-0.0047,1,-0.0031,4,2,0,-3
315.531,315.531,151,153,101,150,175,100,0,4,0,-1,22,-1,0.0014,-0.0025,1,-0.005,2,1,0,-4
315.631,315.631,150,152,101,150,175,100,0,4,0,0,23,-1,0.0027,-0.001,1,-0.0068,1,3,0,-4
315.731,315.731,150,151,102,150,175,100,0,4,0,0,24,-2,0.0027,-0.001,1,-0.0068,1,0,0,-4
315.841,315.841,149,151,102,150,175,100,0,4,0,1,24,-2,0.0033,-0.0009,1,-0.0089,1,1,0,-4
315.941,315.941,149,150,102,150,175,100,0,7,0,1,25,-2,0.0031,-0.0011,1,-0.0087,1,2,0,-7
316.041,316.041,149,150,102,150,175,100,0,7,0,1,25,-2,0.0035,-0.0005,1,-0.0086,0,0,0,-7
316.141,316.141,149,150,102,150,175,100,0,7,0,1,25,-2,0.0032,0.0011,1,-0.0075,0,4,0,-7
316.241,316.241,148,149,102,150,175,100,0,8,0,2,26,-2,0.0033,0.0022,1,-0.0064,0,2,0,-8
316.341,316.341,148,149,102,150,175,100,0,8,0,2,26,-2,0.0035,0.0053,1,-0.0052,0,1,0,-8
316.441,316.441,148,149,102,150,175,100,0,8,0,2,26,-2,0.0026,0.0054,1,-0.0046,0,-1,0,-8
316.541,316.541,147,149,102,150,175,100,0,8,0,3,26,-2,0.0018,0.0019,1,-0.0044,1,-1,0,-8
316.641,316.641,147,150,102,150,175,100,0,7,0,3,25,-2,0.0025,-0.0012,1,-0.0049,1,-1,0,-7
316.741,316.741,146,150,102,150,175,100,1,7,0,4,25,-2,0.0034,-0.0018,1,-0.0057,1,-1,-1,-6
316.841,316.841,146,150,102,150,175,100,1,7,0,4,25,-2,0.003,-0.0002,1,-0.0062,1,-2,-1,-6
316.941,316.941,146,150,102,150,175,100,1,7,0,4,25,-2,0.002,0.002,1,-0.0065,0,-1,-1,-6
317.041,317.041,146,150,102,150,175,100,1,7,0,4,25,-2,0.0014,0.0015,1,-0.0065,1,0,-1,-6
317.141,317.141,146,150,101,150,175,100,1,7,0,4,25,-1,0.0025,0,1,-0.0068,1,-1,-1,-6
317.241,317.241,145,151,101,150,175,100,1,4,0,5,24,-1,0.0041,-0.0003,1,-0.0071,1,-2,-1,-3
317.341,317.341,145,151,101,150,175,100,1,4,0,5,24,-1,0.0051,0.0012,1,-0.0073,1,-2,-1,-3
317.441,317.441,145,152,101,150,175,100,1,4,0,5,23,-1,0.0053,0.0026,1,-0.0076,0,-3,-1,-3
317.541,317.541,145,152,101,150,175,100,1,4,0,5,23,-1,0.004,0.0037,1,-0.0069,0,-3,-1,-3
317.641,317.641,145,152,101,150,175,100,1,4,0,5,23,-1,0.0035,-0.0005,1,-0.0061,0,-2,-1,-3
317.741,317.741,144,153,101,150,175,100,1,4,0,6,22,-1,0.0047,-0.0026,1,-0.0049,0,-4,-1,-3
317.841,317.841,144,154,101,150,175,100,1,3,0,6,21,-1,0.0055,-0.0026,1,-0.0042,0,-4,-1,-2
317.941,317.941,144,155,101,150,175,100,1,3,0,6,20,-1,0.0052,-0.0022,1,-0.0036,0,-3,-1,-2
318.041,318.041,144,155,101,150,175,100,1,3,0,6,20,-1,0.0036,0,1,-0.0037,0,-1,-1,-2
318.141,318.141,145,155,101,150,175,100,1,3,0,5,20,-1,0.0017,0.0027,1,-0.0036,0,-3,-1,-2
318.241,318.241,145,155,101,150,175,100,1,3,0,5,20,-1,0.0004,0.0026,1,-0.0039,-1,-5,-1,-2
318.341,318.341,145,156,101,150,175,100,1,3,0,5,19,-1,0.0004,0.002,1,-0.0035,0,-2,-1,-2
318.441,318.441,145,157,101,150,175,100,1,3,0,5,18,-1,0.0008,0.0003,1,-0.0025,0,-4,-1,-2
318.541,318.541,145,159,101,150,175,100,1,3,0,5,16,-1,0.0005,-0.0018,1,-0.0013,0,-5,-1,-2
318.641,318.641,145,160,101,150,175,100,1,3,0,5,15,-1,0.0009,-0.0028,1,0.0018,0,-6,0,-3
318.741,318.741,145,160,101,150,175,100,1,3,0,5,15,-1,0.0017,-0.0015,1,0.0059,0,-4,0,-3
318.841,318.841,145,161,101,150,175,100,1,2,0,5,14,-1,0.0029,0,0.9999,0.0101,0,-5,0,-2
318.941,318.941,145,162,101,150,175,100,1,2,0,5,13,-1,0.004,0.0008,0.9999,0.0138,0,-2,0,-2
319.041,319.041,145,163,101,150,175,100,1,2,0,5,12,-1,0.0034,0.0027,0.9999,0.0157,0,-6,0,-2
319.141,319.141,145,163,102,150,175,100,1,2,0,5,12,-2,0.0022,0.0051,0.9998,0.0182,0,-5,0,-2
319.241,319.241,145,165,101,150,175,100,1,2,0,5,10,-1,0.0036,0.0019,0.9998,0.0182,0,-7,0,-2
319.341,319.341,145,166,101,150,175,100,1,2,0,5,9,-1,0.005,-0.0013,0.9998,0.0185,0,-10,0,-2
319.441,319.441,145,167,101,150,175,100,1,2,0,5,8,-1,0.0054,-0.0025,0.9998,0.0174,0,-11,0,-2
319.541,319.541,145,168,101,150,175,100,1,0,0,5,7,-1,0.005,-0.0026,0.9999,0.0158,0,-4,0,0
319.641,319.641,145,169,101,150,175,140,1,0,17,5,6,39,0.0052,-0.0024,0.9999,0.0135,-1,-9,0,0
319.741,319.741,146,171,101,150,175,140,1,0,17,4,4,39,0.0054,-0.0016,0.9999,0.0115,-2,-10,0,0
319.841,319.841,146,172,100,150,175,140,1,0,18,4,3,40,0.0054,-0.0024,0.9999,0.0082,-1,-7,0,0
319.941,319.941,146,173,101,150,175,140,1,0,17,4,2,39,0.0054,-0.0024,0.9999,0.0082,-2,-7,-1,0
320.041,320.041,146,173,101,150,175,140,1,0,17,4,2,39,0.0032,-0.0048,1,0.0019,-1,-6,-1,0
320.151,320.151,147,174,102,150,175,140,0,0,17,3,1,38,0.002,-0.0061,1,-0.0009,-5,-7,0,0
320.251,320.251,147,176,103,150,175,140,0,0,17,3,-1,37,0.0008,-0.0055,1,-0.0029,-3,-6,0,0
320.351,320.351,148,177,105,150,175,140,0,0,16,2,-2,35,0.0002,-0.0034,1,-0.0043,-2,-6,0,0
320.451,320.451,148,178,106,150,175,140,0,0,15,2,-3,34,-0.0002,-0.0021,1,-0.0069,-2,-7,0,0
320.551,320.551,148,178,107,150,175,140,0,0,15,2,-3,33,0.0006,-0.0029,1,-0.0094,-2,-7,0,0
320.651,320.651,148,179,108,150,175,140,0,-1,14,2,-4,32,0.0015,-0.0048,0.9999,-0.0111,-1,-5,0,0
320.751,320.751,149,180,110,150,175,140,0,-1,13,1,-5,30,0.0019,-0.0059,0.9999,-0.011,-1,-5,0,0
320.851,320.851,149,181,111,150,175,140,0,-1,13,1,-6,29,0.0017,-0.0071,0.9999,-0.0088,-5,-2,0,0
320.951,320.951,149,182,113,150,175,140,0,-1,12,1,-7,27,-0.0013,-0.0056,1,-0.0064,-3,-2,0,1
321.051,321.051,150,182,114,150,175,140,0,-1,11,0,-7,26,-0.0038,-0.0031,1,-0.004,-1,0,0,1
321.151,321.151,150,183,116,150,175,140,0,-1,11,0,-8,24,-0.0027,-0.0015,1,-0.0028,-1,-3,0,1
321.251,321.251,150,183,117,150,175,140,0,-1,10,0,-8,23,-0.0019,-0.0007,1,-0.0026,-1,0,0,1
321.351,321.351,151,183,118,150,175,140,0,-1,10,-1,-8,22,-0.0008,-0.0011,1,-0.0025,0,0,0,1
321.451,321.451,151,183,120,150,175,140,0,-1,9,-1,-8,20,0.0015,-0.001,1,-0.0029,-1,0,0,1
321.551,321.551,151,183,121,150,175,140,0,-1,8,-1,-8,19,0.0023,0.0005,1,-0.0036,0,2,0,1
321.651,321.651,151,183,122,150,175,140,0,-1,8,-1,-8,18,0.0019,0.0027,1,-0.0046,-2,1,0,1
321.751,321.751,151,183,123,150,175,140,0,-1,7,-1,-8,17,0.0016,0.0044,1,-0.0052,-1,0,0,1
321.851,321.851,151,183,125,150,175,140,0,-1,7,-1,-8,15,0.0017,0.005,1,-0.0059,0,2,0,1
321.951,321.951,152,183,125,150,175,140,0,-1,7,-2,-8,15,0.0007,0.0038,1,-0.0048,-3,-2,0,1
322.051,322.051,152,183,126,150,175,140,0,-1,6,-2,-8,14,-0.0004,0.0014,1,-0.0032,0,0,0,1
322.151,322.151,152,183,127,150,175,140,0,-1,6,-2,-8,13,-0.0002,0.0002,1,-0.0012,-4,0,0,1
322.251,322.251,153,183,128,150,175,140,0,-1,5,-3,-8,12,-0.001,0.0027,1,0.0002,0,-2,0,1
322.351,322.351,153,183,129,150,175,140,0,-1,5,-3,-8,11,-0.0002,0.0017,1,0.0001,0,-6,0,1
322.451,322.451,153,183,129,150,175,140,0,-1,5,-3,-8,11,0.0003,-0.0003,1,-0.0009,0,-4,0,1
322.551,322.551,153,184,130,150,175,140,-1,0,4,-3,-9,10,0.0002,-0.0021,1,-0.0023,-1,0,1,0
322.651,322.651,153,184,131,150,175,140,-1,-2,4,-3,-9,9,-0.0001,-0.0023,1,-0.0043,0,0,1,1
322.751,322.751,153,184,131,150,175,140,-1,-2,3,-3,-9,9,0.0011,0.0008,1,-0.0082,0,1,1,1
322.851,322.851,154,184,132,150,175,140,-1,0,3,-4,-9,8,0.0021,0.0006,0.9999,-0.0099,0,0,0,0
322.951,322.951,154,184,132,150,175,140,-1,0,3,-4,-9,8,0.0015,-0.0003,0.9999,-0.0101,-2,0,0,0
323.051,323.051,154,184,132,150,175,140,-1,0,3,-4,-9,8,-0.0006,0.0001,1,-0.0097,-1,0,1,0
323.151,323.151,154,184,132,150,175,140,-1,0,3,-4,-9,8,-0.0008,0.0019,1,-0.0088,-1,-1,1,0
323.251,323.251,154,184,133,150,175,140,-1,0,2,-4,-9,7,-0.0006,0.0005,1,-0.0083,0,-1,1,0
323.351,323.351,154,184,134,150,125,140,0,-17,2,-4,-59,6,-0.0007,-0.0003,1,-0.0085,-2,0,0,17
323.451,323.451,155,184,134,150,125,140,0,-17,2,-5,-59,6,-0.0008,-0.0018,1,-0.0094,0,2,0,17
323.551,323.551,155,184,134,150,125,140,0,-17,2,-5,-59,6,-0.0004,-0.0028,0.9999,-0.0104,0,-2,0,16
323.651,323.651,155,184,134,150,125,140,0,-17,2,-5,-59,6,0.0003,-0.0172,0.9998,-0.0117,0,-6,0,16
323.751,323.751,155,184,134,150,125,140,0,-17,2,-5,-59,6,-0.001,-0.0247,0.9996,-0.012,0,1,0,16
323.851,323.851,155,183,135,150,125,140,0,-17,1,-5,-58,5,-0.0018,-0.0213,0.9997,-0.0121,1,5,0,16
323.951,323.951,155,181,135,150,125,140,0,-16,1,-5,-56,5,-0.0024,-0.0118,0.9999,-0.0109,0,4,0,15
324.051,324.051,156,180,135,150,125,140,0,-16,1,-6,-55,5,-0.0024,-0.0118,0.9999,-0.0109,0,10,0,16
324.151,324.151,155,178,135,150,125,140,0,-15,1,-5,-53,5,-0.0023,0.0001,1,-0.0059,-2,12,0,15
324.251,324.251,156,176,135,150,125,140,0,-15,1,-6,-51,5,-0.0024,0.0014,1,-0.0037,0,7,0,15
324.351,324.351,156,175,135,150,125,140,0,-14,1,-6,-50,5,-0.0045,-0.0013,1,-0.001,-1,11,0,14
324.451,324.451,157,173,135,150,125,140,0,-14,1,-7,-48,5,-0.0064,-0.0034,1,0.0021,-2,14,0,14
324.551,324.551,157,171,136,150,125,140,0,-14,1,-7,-46,4,-0.0058,-0.0056,1,0.0046,-3,11,0,14
324.661,324.661,157,169,136,150,125,140,0,-13,1,-7,-44,4,-0.0042,-0.0043,0.9999,0.0083,-1,16,0,12
324.761,324.761,157,167,137,150,125,140,0,-12,0,-7,-42,3,-0.0017,-0.0028,0.9999,0.0114,0,14,0,11
324.861,324.861,157,165,137,150,125,140,0,-12,0,-7,-40,3,-0.0001,-0.0008,0.9999,0.0149,0,8,0,11
324.961,324.961,157,163,137,150,125,140,0,-11,0,-7,-38,3,0.0001,0.0004,0.9999,0.0168,-3,11,0,10
325.061,325.061,157,162,137,150,125,140,0,-11,0,-7,-37,3,-0.0014,0.0002,0.9998,0.0174,-1,11,0,10
325.161,325.161,158,160,137,150,125,140,0,-10,0,-8,-35,3,-0.0028,-0.0008,0.9998,0.0175,0,8,0,9
325.261,325.261,158,158,137,150,125,140,0,-10,0,-8,-33,3,-0.0035,-0.0011,0.9999,0.0169,-1,17,0,9
325.361,325.361,158,156,137,150,125,140,0,-9,0,-8,-31,3,-0.0039,-0.0039,0.9999,0.0159,-1,9,0,8
325.461,325.461,158,154,137,150,125,140,0,-9,0,-8,-29,3,-0.0037,-0.0063,0.9999,0.0143,0,14,0,8
325.561,325.561,158,153,138,150,125,140,0,-8,0,-8,-28,2,-0.0021,-0.006,0.9999,0.0136,0,9,0,7
325.661,325.661,158,151,138,150,125,140,0,-8,0,-8,-26,2,0,-0.0033,0.9999,0.0123,0,13,0,7
325.761,325.761,158,150,138,150,125,140,0,-7,0,-8,-25,2,0.0006,-0.0011,0.9999,0.0112,0,14,0,6
325.861,325.861,158,148,138,150,125,140,0,-4,0,-8,-23,2,0.0002,-0.0008,1,0.0091,0,9,0,4
325.961,325.961,158,146,138,150,125,140,0,-3,0,-8,-21,2,-0.0015,-0.002,1,0.0068,-1,7,0,3
326.061,326.061,158,145,137,150,125,140,0,-3,0,-8,-20,3,-0.0019,-0.004,1,0.0032,0,8,0,3
326.161,326.161,158,143,138,150,125,140,0,-3,0,-8,-18,2,-0.0019,-0.0031,1,0.0002,-1,7,0,3
326.261,326.261,158,141,138,150,125,140,0,-3,0,-8,-16,2,-0.0019,-0.0006,1,-0.0018,0,8,0,3
326.361,326.361,158,140,138,150,125,140,0,-3,0,-8,-15,2,-0.0021,0.0005,1,-0.0031,0,9,0,3
326.461,326.461,158,138,138,150,125,140,0,-2,0,-8,-13,2,-0.0018,-0.0002,1,-0.0027,2,10,0,2
326.561,326.561,158,137,138,150,125,140,0,-2,0,-8,-12,2,-0.0012,-0.0012,1,-0.0016,2,12,0,2
326.661,326.661,158,135,138,150,125,140,0,-2,0,-8,-10,2,-0.0007,-0.001,1,0.0005,0,5,0,2
326.761,326.761,158,134,138,150,125,140,0,-2,0,-8,-9,2,-0.0007,0.0004,1,0.0028,0,10,0,2
326.861,326.861,158,133,139,150,125,140,0,-2,0,-8,-8,1,-0.0011,0.0017,1,0.0058,0,8,0,2
326.961,326.961,158,132,139,150,125,140,0,-1,0,-8,-7,1,-0.0012,0.0023,1,0.0079,0,8,0,1
327.061,327.061,157,130,139,150,125,140,0,-1,0,-7,-5,1,-0.0003,0.0022,1,0.0094,0,6,0,1
327.161,327.161,157,129,139,150,125,140,0,-1,0,-7,-4,1,-0.0003,0.0011,0.9999,0.0103,1,7,0,0
327.261,327.261,157,127,139,150,75,140,0,-15,0,-7,-52,1,0.0008,-0.0004,0.9999,0.0103,1,7,0,14
327.361,327.361,157,126,139,150,75,140,0,-15,0,-7,-51,1,0.001,-0.0016,1,0.0091,0,6,0,15
327.461,327.461,157,126,139,150,75,140,0,-14,0,-7,-51,1,0.0002,-0.0015,1,0.0072,0,5,0,14
327.561,327.561,157,125,139,150,75,140,0,-14,0,-7,-50,1,-0.0005,-0.0149,0.9999,0.0059,0,1,0,13
327.661,327.661,157,124,139,150,75,140,0,-14,0,-7,-49,1,-0.0012,-0.0248,0.9997,0.0046,1,4,0,13
327.761,327.761,156,122,139,150,75,140,0,-14,0,-6,-47,1,-0.0022,-0.022,0.9998,0.0034,0,11,0,13
327.861,327.861,156,120,139,150,75,140,0,-13,0,-6,-45,1,-0.002,-0.0124,0.9999,0.0026,1,11,0,12
327.961,327.961,156,118,139,150,75,140,0,-13,0,-6,-43,1,0.0003,-0.0036,1,0.0022,0,11,0,13
328.061,328.061,156,116,139,150,75,140,0,-12,0,-6,-41,1,0.0017,0.0003,1,0.0012,2,13,0,12
328.161,328.161,156,114,139,150,75,140,0,-12,0,-6,-39,1,0.0019,0.0006,1,0.0006,0,11,0,12
328.261,328.261,155,112,140,150,75,140,0,-11,0,-5,-37,0,0.0012,-0.0041,1,-0.0008,1,12,0,11
328.361,328.361,155,110,139,150,75,140,0,-10,0,-5,-35,1,0.0009,-0.007,1,-0.0016,0,8,0,10
328.461,328.461,155,108,140,150,75,140,0,-10,0,-5,-33,0,0.0004,-0.0088,1,-0.0021,1,11,0,10
328.561,328.561,154,107,140,150,75,140,0,-9,0,-4,-32,0,0.0006,-0.0096,1,-0.0014,0,8,0,9
328.661,328.661,154,105,140,150,75,140,0,-9,0,-4,-30,0,0.0008,-0.0092,1,-0.001,0,7,0,9
328.761,328.761,154,103,140,150,75,140,0,-8,0,-4,-28,0,0.0012,-0.0083,1,0.0002,1,10,0,8
328.861,328.861,153,101,140,150,75,140,0,-8,0,-3,-26,0,0.0016,-0.0057,1,0.0016,2,12,0,8
328.961,328.961,153,98,140,150,75,140,0,-4,0,-3,-23,0,0.0008,-0.0035,1,0.0024,1,11,0,4
329.061,329.061,153,96,140,150,75,140,0,-3,0,-3,-21,0,-0.0004,-0.0027,1,0.0031,1,11,0,3
329.171,329.171,153,93,140,150,75,140,0,-3,0,-3,-18,0,-0.0008,-0.0024,1,0.0039,0,11,0,3
329.271,329.271,152,92,140,150,75,140,0,-3,0,-2,-17,0,-0.0005,0.0003,1,0.0039,0,15,0,3
329.371,329.371,152,90,140,150,75,140,0,-3,0,-2,-15,0,0.0003,0.0025,1,0.0036,0,9,0,3
329.471,329.471,151,88,140,150,75,140,0,-2,0,-1,-13,0,0.001,0.0021,1,0.0027,4,11,0,2
329.571,329.571,151,86,140,150,75,140,0,-2,0,-1,-11,0,0.0019,-0.0007,1,0.0009,4,12,0,2
329.671,329.671,150,84,140,150,75,140,0,-2,0,0,-9,0,0.0024,-0.0036,1,-0.0013,3,12,0,2
329.771,329.771,150,82,140,150,75,140,0,-1,0,0,-7,0,0.0027,-0.0048,1,-0.0042,1,11,0,1
329.871,329.871,150,80,140,150,75,140,0,-1,0,0,-5,0,0.0029,-0.0054,1,-0.0072,1,7,0,1
329.971,329.971,149,78,140,150,75,140,0,-1,0,1,-3,0,0.0025,-0.0034,0.9999,-0.01,2,10,0,0
330.071,330.071,149,76,140,150,75,140,0,0,0,1,-1,0,0.0006,0.0019,0.9997,-0.0235,0,8,0,0
330.171,330.171,149,74,140,150,75,140,0,0,0,1,1,0,0.0018,0.0024,0.9993,-0.0384,1,7,0,0
330.271,330.271,148,72,140,150,75,140,0,0,0,2,3,0,0.002,0.0012,0.9984,-0.0569,1,6,0,0
330.371,330.371,148,71,140,150,75,140,0,1,0,2,4,0,0.002,0.0012,0.9984,-0.0569,1,6,0,0
330.471,330.471,148,69,140,150,75,140,0,1,0,2,6,0,0.0021,-0.0003,0.997,-0.0778,2,3,0,0
330.571,330.571,148,67,140,150,75,140,0,1,0,2,8,0,0.0024,-0.001,0.9948,-0.1014,3,1,0,0
330.671,330.671,147,65,140,150,75,140,0,1,0,3,10,0,0.0024,-0.001,0.992,-0.1259,0,1,0,0
330.771,330.771,148,64,140,150,75,140,0,2,0,2,11,0,0.0022,0.0025,0.9886,-0.1506,5,1,0,-1
330.871,330.871,147,62,140,150,75,140,0,2,0,3,13,0,0.002,0.0059,0.9844,-0.1759,3,0,0,-1
330.971,330.971,147,60,140,150,75,140,0,2,0,3,15,0,0.0021,0.0079,0.9794,-0.2019,6,3,0,-1
331.071,331.071,147,58,140,150,75,140,0,3,0,3,17,0,0.0015,0.0087,0.9734,-0.2289,0,7,-1,-2
331.171,331.171,147,57,140,150,75,140,0,3,0,3,18,0,0.0016,0.0068,0.9666,-0.2561,2,0,-1,-2
331.271,331.271,147,55,140,150,75,140,0,3,0,3,20,0,0.0029,0.004,0.9589,-0.2838,3,0,-1,-2
331.371,331.371,147,54,140,150,75,140,0,3,0,3,21,0,0.0023,0.004,0.9506,-0.3104,4,2,-1,-2
331.471,331.471,147,53,140,150,75,140,0,3,0,3,22,0,0.0016,0.0034,0.9414,-0.3374,4,2,-1,-2
331.571,331.571,147,51,140,150,75,140,0,4,0,3,24,0,0.0011,0.0041,0.9314,-0.3639,6,2,-2,-2
331.671,331.671,147,50,140,150,75,140,0,4,0,3,25,0,0.0018,0.0045,0.9207,-0.3902,3,0,-2,-2
331.771,331.771,147,49,140,150,75,140,0,7,0,3,26,0,0.0029,0.0042,0.9092,-0.4164,4,0,-5,-4
331.871,331.871,147,48,140,150,75,140,0,7,0,3,27,0,0.005,0.0035,0.8968,-0.4424,2,-1,-5,-4
331.971,331.971,147,48,140,150,75,140,0,7,0,3,27,0,0.0056,0.0026,0.8838,-0.4678,3,0,-5,-3
332.071,332.071,147,47,140,150,75,140,0,8,0,3,28,0,0.0058,0.0053,0.8697,-0.4935,2,0,-6,-4
332.171,332.171,147,46,140,150,75,140,0,8,0,3,29,0,0.0045,0.0071,0.8552,-0.5182,2,4,-7,-3
332.271,332.271,147,45,140,150,75,140,0,8,0,3,30,0,0.0041,0.006,0.8402,-0.5422,0,-1,-7,-3
332.371,332.371,148,45,140,150,75,140,0,8,0,2,30,0,0.0034,0.005,0.8248,-0.5654,0,0,-7,-2
332.471,332.471,147,45,140,150,75,140,0,8,0,3,30,0,0.0039,0.0048,0.8092,-0.5876,0,0,-7,-2
332.571,332.571,147,45,140,150,75,140,0,8,0,3,30,0,0.0057,0.0052,0.793,-0.6092,1,0,-7,-2
332.671,332.671,148,44,140,150,75,140,0,8,0,2,31,0,0.0063,0.0058,0.7761,-0.6305,2,-2,-7,-1
332.771,332.771,148,44,140,150,75,140,0,9,0,2,31,0,0.0067,0.0054,0.7583,-0.6518,0,-2,-8,-1
332.871,332.871,148,44,140,150,75,140,0,9,0,2,31,0,0.0069,0.0054,0.7407,-0.6718,-3,-1,-8,0
332.971,332.971,148,44,140,150,75,140,0,9,0,2,31,0,0.0072,0.0082,0.7221,-0.6917,1,0,-8,0
333.071,333.071,149,44,140,150,75,140,0,9,0,1,31,0,0.008,0.0112,0.7031,-0.7109,-1,0,-8,0
333.171,333.171,149,44,140,150,75,140,0,9,0,1,31,0,0.0097,0.012,0.6828,-0.7304,0,0,-8,0
333.271,333.271,149,44,140,150,75,140,0,9,0,1,31,0,0.0114,0.0129,0.6622,-0.7491,0,-1,-8,1
333.371,333.371,150,44,140,150,75,140,0,9,0,0,31,0,0.0116,0.0119,0.6401,-0.7681,0,3,-8,1
333.471,333.471,150,45,140,150,75,140,0,8,0,0,30,0,0.009,0.0116,0.6167,-0.7871,-2,1,-7,1
333.571,333.571,150,46,140,150,75,140,0,8,0,0,29,0,0.0067,0.0116,0.593,-0.8051,-4,0,-7,2
333.671,333.671,150,46,140,150,75,140,0,8,0,0,29,0,0.0068,0.0118,0.5683,-0.8227,-3,-1,-7,2
333.771,333.771,151,47,140,150,75,140,0,8,0,-1,28,0,0.0088,0.0116,0.5437,-0.8392,-1,0,-7,3
333.871,333.871,151,48,140,150,75,140,0,8,0,-1,27,0,0.0103,0.0112,0.5184,-0.855,-1,1,-7,3
333.981,333.981,152,49,141,150,75,140,0,7,0,-2,26,-1,0.0098,0.0117,0.4932,-0.8698,-3,4,-6,3
334.081,334.081,152,51,140,150,75,140,0,4,0,-2,24,0,0.0113,0.0117,0.4674,-0.8839,-1,2,-3,2
334.181,334.181,152,52,140,150,75,140,0,3,0,-2,23,0,0.0111,0.0126,0.4412,-0.8972,-7,6,-2,1
334.281,334.281,152,54,141,150,75,140,0,3,0,-2,21,-1,0.0087,0.0109,0.4148,-0.9098,-7,6,-2,1
334.381,334.381,153,56,141,150,75,140,0,3,0,-3,19,-1,0.0037,0.0082,0.3862,-0.9224,-4,7,-2,2
334.481,334.481,153,57,141,150,75,140,-1,3,0,-3,18,-1,0.0011,0.0075,0.3589,-0.9333,-6,10,-2,1
334.581,334.581,153,59,141,150,75,140,0,2,0,-3,16,-1,0.0025,0.0088,0.3307,-0.9437,-3,10,-1,1
334.681,334.681,154,61,141,150,75,140,-1,2,0,-4,14,-1,0.0067,0.0102,0.3035,-0.9528,-3,9,-1,1
334.781,334.781,154,63,141,150,75,140,-1,2,0,-4,12,-1,0.0076,0.0105,0.2773,-0.9607,-2,9,-1,1
334.881,334.881,154,65,141,150,75,140,-1,2,0,-4,10,-1,0.0068,0.0076,0.2506,-0.968,-3,9,-1,1
334.981,334.981,154,67,141,150,75,140,-1,0,0,-4,8,-1,0.0061,0.0039,0.2271,-0.9738,-2,8,0,0
335.081,335.081,155,69,141,150,75,140,-1,0,0,-5,6,-1,0.0048,0.0018,0.205,-0.9788,-2,10,0,0
335.181,335.181,155,71,141,150,75,140,-1,0,0,-5,4,-1,0.0036,0.0026,0.1847,-0.9828,-1,10,0,0
335.281,335.281,156,73,141,150,75,140,-1,0,0,-6,2,-1,0.0026,0.0024,0.1675,-0.9859,-1,17,0,0
335.381,335.381,156,75,141,150,75,140,-1,0,0,-6,0,-1,0.001,0.0035,0.1519,-0.9884,0,18,0,0
335.481,335.481,157,78,141,150,75,140,0,-1,0,-7,-3,-1,0.0009,0.0052,0.1378,-0.9904,0,15,0,0
335.581,335.581,158,79,142,150,75,140,0,-1,0,-8,-4,-2,0.0029,0.0062,0.126,-0.992,0,16,0,0
335.681,335.681,158,81,142,150,75,140,0,-1,0,-8,-6,-2,0.0048,0.0069,0.1154,-0.9933,1,10,0,0
335.781,335.781,159,83,142,150,75,140,0,-1,0,-9,-8,-2,0.0042,0.0064,0.1052,-0.9944,1,12,0,0
335.881,335.881,159,86,142,150,75,140,0,-2,0,-9,-11,-2,0.0023,0.005,0.0974,-0.9952,0,13,0,-1
335.981,335.981,160,88,142,150,75,140,0,-2,0,-10,-13,-2,0.0013,0.0029,0.0889,-0.996,0,16,0,-1
336.081,336.081,160,90,142,150,75,140,-1,-3,0,-10,-15,-2,0.0013,0.0026,0.0816,-0.9967,0,11,0,-3
336.181,336.181,160,93,142,150,75,140,-1,-3,0,-10,-18,-2,-0.0003,0.0027,0.0748,-0.9972,0,15,0,-3
336.281,336.281,161,95,142,150,75,140,-1,-3,0,-11,-20,-2,-0.0022,0.0028,0.0676,-0.9977,0,13,0,-3
336.381,336.381,161,97,142,150,75,140,-1,-4,0,-11,-22,-2,-0.0044,0.0029,0.062,-0.9981,0,12,0,-4
336.481,336.481,162,99,142,150,75,140,-1,-4,0,-12,-24,-2,-0.0048,0.0033,0.0577,-0.9983,0,12,0,-4
336.581,336.581,162,101,142,150,75,140,-1,-8,0,-12,-26,-2,-0.004,0.0035,0.0537,-0.9985,0,10,0,-8
336.681,336.681,162,104,142,150,75,140,-1,-8,0,-12,-29,-2,-0.0042,0.0042,0.0521,-0.9986,0,7,0,-8
336.781,336.781,163,106,143,150,75,140,-1,-9,0,-13,-31,-3,-0.0048,0.0042,0.0514,-0.9987,0,15,0,-9
336.881,336.881,163,109,143,150,75,140,-1,-10,0,-13,-34,-3,-0.0089,0.0038,0.0512,-0.9986,0,10,0,-10
336.981,336.981,163,111,143,150,75,140,-1,-11,0,-13,-36,-3,-0.0105,0.0031,0.0522,-0.9986,1,13,0,-11
337.081,337.081,164,112,143,150,75,140,-1,-11,0,-14,-37,-3,-0.0117,0.0035,0.0538,-0.9985,0,13,0,-11
337.181,337.181,164,114,143,150,75,140,-1,-11,0,-14,-39,-3,-0.0116,0.0033,0.056,-0.9984,0,8,0,-11
337.281,337.281,164,116,142,150,75,140,-1,-12,0,-14,-41,-2,-0.0132,0.004,0.0583,-0.9982,0,12,0,-12
337.381,337.381,164,117,142,150,75,140,-1,-12,0,-14,-42,-2,-0.0126,0.0054,0.0602,-0.9981,0,6,0,-12
337.481,337.481,164,119,142,150,75,140,-1,-13,0,-14,-44,-2,-0.0127,0.0053,0.062,-0.998,-1,9,0,-13
337.581,337.581,164,120,142,150,75,140,-1,-13,0,-14,-45,-2,-0.0136,0.0056,0.0631,-0.9979,-2,8,0,-13
337.681,337.681,164,121,142,150,75,140,-1,-14,0,-14,-46,-2,-0.0138,0.0073,0.0642,-0.9978,-1,4,0,-14
337.781,337.781,163,121,142,150,75,140,-1,-14,0,-13,-46,-2,-0.0127,0.0089,0.0648,-0.9978,-1,1,0,-14
337.881,337.881,163,122,142,150,75,140,-1,-14,0,-13,-47,-2,-0.0104,0.0089,0.0659,-0.9977,-2,0,0,-14
337.981,337.981,163,122,142,150,75,140,-1,-14,0,-13,-47,-2,-0.0087,0.0076,0.0673,-0.9977,-6,0,0,-14
338.081,338.081,162,122,142,150,75,140,-1,-14,0,-12,-47,-2,-0.0075,0.006,0.0701,-0.9975,-4,0,0,-14
338.181,338.181,161,122,143,150,75,140,-1,-14,0,-11,-47,-3,-0.0072,0.0057,0.0726,-0.9973,-4,0,1,-13
338.281,338.281,161,122,143,150,75,140,-1,-14,0,-11,-47,-3,-0.0056,0.0059,0.0765,-0.997,-3,-2,1,-13
338.391,338.391,160,122,143,150,75,140,-1,-14,0,-10,-47,-3,-0.005,0.0074,0.0807,-0.9967,-2,-2,1,-13
338.491,338.491,159,121,142,150,75,140,0,-14,0,-9,-46,-2,-0.005,0.0081,0.0847,-0.9964,-4,-3,2,-13
338.591,338.591,158,120,142,150,75,140,0,-13,0,-8,-45,-2,-0.0048,0.0077,0.0879,-0.9961,-5,-4,2,-12
338.691,338.691,157,120,142,150,75,140,0,-13,0,-7,-45,-2,-0.0056,0.0069,0.0907,-0.9958,-4,-3,2,-12
338.791,338.791,156,119,142,150,75,140,0,-13,0,-6,-44,-2,-0.0072,0.0048,0.0924,-0.9957,-6,-4,2,-12
338.891,338.891,155,118,142,150,75,140,0,-12,0,-5,-43,-2,-0.0067,0.0036,0.0934,-0.9956,-3,-4,2,-11
338.991,338.991,154,117,142,150,75,140,0,-12,0,-4,-42,-2,-0.0068,0.0055,0.094,-0.9955,-4,-7,2,-11
339.091,339.091,153,117,141,150,75,140,0,-12,0,-3,-42,-1,-0.0084,0.007,0.0934,-0.9956,-7,-4,2,-11
339.191,339.191,152,116,141,150,75,140,0,-12,0,-2,-41,-1,-0.0094,0.0079,0.0929,-0.9956,5,0,2,-11
339.291,339.291,151,115,141,150,75,140,0,-12,0,-1,-40,-1,-0.0093,0.0084,0.0925,-0.9956,-2,-4,2,-11
339.391,339.391,150,113,141,150,75,140,0,-11,0,0,-38,-1,-0.0091,0.0074,0.0914,-0.9957,-3,-3,2,-10
339.491,339.491,148,112,141,150,75,140,0,-11,0,2,-37,-1,-0.01,0.006,0.0906,-0.9958,-4,-1,1,-10
339.591,339.591,147,110,141,150,75,140,0,-10,0,3,-35,-1,-0.0099,0.0058,0.0897,-0.9959,-1,-2,1,-9
339.691,339.691,146,109,140,150,75,140,1,-10,0,4,-34,0,-0.0074,0.0066,0.0888,-0.996,-2,-7,2,-9
339.791,339.791,144,107,140,150,75,140,1,-9,0,6,-32,0,-0.0072,0.0069,0.0877,-0.9961,0,-3,2,-8
339.891,339.891,143,105,140,150,75,140,1,-9,0,7,-30,0,-0.0063,0.0071,0.0868,-0.9962,0,-2,2,-8
339.991,339.991,141,104,140,150,75,140,1,-9,0,9,-29,0,-0.0064,0.0066,0.0862,-0.9962,1,-4,2,-8
340.091,340.091,139,101,140,150,75,140,2,-8,0,11,-26,0,-0.0051,0.0063,0.0858,-0.9963,0,-6,3,-7
340.191,340.191,138,99,140,150,75,140,2,-4,0,12,-24,0,-0.0037,0.0056,0.0853,-0.9963,1,-4,2,-3
340.291,340.291,136,97,140,150,75,140,2,-4,0,14,-22,0,-0.0032,0.0044,0.0849,-0.9964,-2,-6,2,-3
340.391,340.391,134,95,140,150,75,140,3,-3,0,16,-20,0,-0.0038,0.003,0.0852,-0.9964,-1,-4,3,-2
340.491,340.491,133,94,140,150,75,140,3,-3,0,17,-19,0,-0.004,0.0046,0.0858,-0.9963,0,-8,3,-2
340.591,340.591,132,92,140,150,75,140,3,-3,0,18,-17,0,-0.0047,0.0074,0.0869,-0.9962,4,-1,3,-2
340.691,340.691,130,90,140,150,75,140,3,-3,0,20,-15,0,-0.0075,0.0088,0.0881,-0.996,-2,-5,3,-2
340.791,340.791,129,88,140,150,75,140,3,-1,0,21,-13,0,-0.0105,0.009,0.09,-0.9958,-1,-2,3,0
340.891,340.891,127,87,139,150,75,140,3,-1,0,23,-12,1,-0.012,0.0079,0.0911,-0.9957,0,-1,3,0
340.991,340.991,125,85,139,150,75,140,4,-1,0,25,-10,1,-0.0123,0.0061,0.0922,-0.9956,1,-3,4,0
341.091,341.091,124,83,139,150,75,140,4,-1,0,26,-8,1,-0.0104,0.0051,0.093,-0.9956,4,-5,4,0
341.191,341.191,122,81,139,150,75,140,8,0,0,28,-6,1,-0.0094,0.0054,0.0938,-0.9955,3,-9,7,1
341.291,341.291,121,79,139,150,75,140,8,0,0,29,-4,1,-0.0095,0.0051,0.0938,-0.9955,4,-5,7,1
341.391,341.391,119,77,139,150,75,140,8,0,0,31,-2,1,-0.0102,0.0048,0.0931,-0.9956,-17,-17,7,1
341.491,341.491,118,74,138,150,75,140,9,0,0,32,1,2,-0.0085,0.0016,0.0917,-0.9958,-9,-16,8,1
341.591,341.591,116,72,138,150,75,140,9,0,0,34,3,2,-0.0061,0.0014,0.0912,-0.9958,-5,-15,8,1
341.691,341.691,115,70,138,150,75,140,10,1,0,35,5,2,-0.0036,0.0027,0.0899,-0.9959,0,-14,9,2
341.791,341.791,114,68,138,150,75,140,10,1,0,36,7,2,-0.0028,0.0039,0.0896,-0.996,1,-10,9,2
341.891,341.891,113,65,138,150,75,140,11,2,0,37,10,2,-0.003,0.0034,0.0897,-0.996,0,-6,10,3
341.991,341.991,112,63,138,150,75,140,11,2,0,38,12,2,-0.0028,0.0021,0.0899,-0.9959,0,-11,10,3
342.091,342.091,111,61,138,150,75,140,11,2,0,39,14,2,-0.001,0.0014,0.0905,-0.9959,0,-10,10,3
342.191,342.191,110,59,138,150,75,140,11,2,0,40,16,2,0.0019,0.0004,0.0903,-0.9959,-1,-8,10,3
342.291,342.291,109,57,138,150,75,140,11,3,0,41,18,2,0.0017,0.0009,0.0905,-0.9959,-2,-13,10,4
342.391,342.391,109,55,138,150,75,140,12,3,0,41,20,2,0.0009,0.0009,0.0899,-0.996,0,-10,11,5
342.491,342.491,108,52,138,150,75,140,12,3,0,42,23,2,0,0.0005,0.0893,-0.996,0,-6,11,5
342.591,342.591,108,50,138,150,75,140,12,4,0,42,25,2,0,0.0002,0.0887,-0.9961,1,-8,11,6
342.691,342.691,107,49,138,150,75,140,12,7,0,43,26,2,0.0013,-0.001,0.0875,-0.9962,1,-5,10,8
342.791,342.791,107,47,138,150,75,140,12,8,0,43,28,2,0.0028,-0.0027,0.0865,-0.9962,0,-10,10,9
342.901,342.901,107,45,138,150,75,140,12,8,0,43,30,2,0.0048,-0.0039,0.0854,-0.9963,1,-9,10,9
343.001,343.001,108,44,138,150,75,140,12,8,0,42,31,2,0.0066,-0.0027,0.0844,-0.9964,2,-11,10,9
343.101,343.101,108,42,138,150,75,140,12,9,0,42,33,2,0.0069,-0.0015,0.0834,-0.9965,6,-9,10,10
343.201,343.201,109,41,139,150,75,140,12,9,0,41,34,1,0.0047,-0.0006,0.083,-0.9965,7,-6,10,10
343.301,343.301,110,40,139,150,75,140,11,10,0,40,35,1,0.0023,-0.0002,0.0834,-0.9965,6,-5,9,11
343.401,343.401,110,40,139,150,75,140,11,10,0,40,35,1,0.0023,0.0003,0.0841,-0.9965,5,-4,9,11
343.501,343.501,111,39,139,150,75,140,11,10,0,39,36,1,0.0032,-0.0009,0.0845,-0.9964,6,-3,9,11
343.601,343.601,112,37,139,150,75,140,11,11,0,38,38,1,0.0042,0.0001,0.0847,-0.9964,9,-3,8,12
343.701,343.701,114,36,139,150,75,140,10,11,0,36,39,1,0.0056,0.0002,0.0848,-0.9964,8,-3,7,12
343.801,343.801,115,35,139,150,75,140,10,11,0,35,40,1,0.0058,-0.0003,0.0842,-0.9964,16,-6,8,12
343.901,343.901,117,34,139,150,75,140,9,11,0,33,41,1,0.007,0.0003,0.0831,-0.9965,13,0,7,12
344.001,344.001,118,33,139,150,75,140,9,12,0,32,42,1,0.0085,0.0012,0.0826,-0.9965,10,-1,6,13
344.101,344.101,119,33,139,150,75,140,9,12,0,31,42,1,0.0089,0.001,0.0816,-0.9966,8,-1,6,13
344.201,344.201,121,32,139,150,75,140,7,12,0,29,43,1,0.0097,0.0012,0.0816,-0.9966,14,0,4,12
344.301,344.301,123,32,139,150,75,140,6,12,0,27,43,1,0.0105,0.0019,0.0812,-0.9966,13,2,3,12
344.401,344.401,125,32,139,150,75,140,3,12,0,25,43,1,0.0106,0.002,0.0815,-0.9966,14,1,1,12
344.501,344.501,127,32,138,150,75,140,2,12,0,23,43,2,0.0093,0.0033,0.0818,-0.9966,13,2,0,12
344.601,344.601,128,33,139,150,75,140,2,12,0,22,42,1,0.0076,0.0046,0.0818,-0.9966,13,5,0,12
344.701,344.701,130,33,139,150,75,140,2,12,0,20,42,1,0.0073,0.0051,0.0824,-0.9966,11,6,0,12
344.801,344.801,131,34,139,150,75,140,2,12,0,19,41,1,0.0074,0.0052,0.0819,-0.9966,11,7,0,12
344.901,344.901,133,34,139,150,75,140,2,11,0,17,41,1,0.0074,0.0033,0.0818,-0.9966,11,7,0,11
345.001,345.001,133,34,139,150,75,140,2,11,0,17,41,1,0.0074,0.0033,0.0818,-0.9966,10,7,0,11
345.101,345.101,135,35,139,150,75,140,1,11,0,15,40,1,0.0074,0.0016,0.0806,-0.9967,8,3,0,11
345.201,345.201,137,36,139,150,75,140,1,11,0,13,39,1,0.0079,0.0022,0.0807,-0.9967,9,5,0,11
345.301,345.301,138,37,138,150,75,140,1,11,0,12,38,2,0.0067,0.0036,0.0816,-0.9966,8,10,0,11
345.401,345.401,140,39,138,150,75,140,1,10,0,10,36,2,0.0058,0.0037,0.0809,-0.9967,7,11,0,10
345.501,345.501,141,40,138,150,75,140,0,10,0,9,35,2,0.0061,0.0024,0.0809,-0.9967,8,9,-1,9
345.601,345.601,143,42,138,150,75,140,0,9,0,7,33,2,0.008,0.0005,0.0784,-0.9969,7,11,-1,8
345.701,345.701,145,44,138,150,75,140,0,9,0,5,31,2,0.0064,0.0005,0.0765,-0.997,12,7,-1,8
345.801,345.801,146,45,138,150,75,140,0,8,0,4,30,2,0.0039,0.0012,0.0739,-0.9973,14,8,-1,7
345.901,345.901,148,47,137,150,75,140,0,8,0,2,28,3,0.0019,0.004,0.0709,-0.9975,10,12,-1,7
346.001,346.001,150,49,138,150,75,140,0,7,0,0,26,2,0.0001,0.0082,0.0689,-0.9976,5,14,0,6
346.101,346.101,151,52,138,150,75,140,0,3,0,-1,23,2,0.0018,0.0095,0.0681,-0.9976,9,20,0,2
346.201,346.201,153,54,138,150,75,140,-1,3,0,-3,21,2,0.0027,0.0089,0.0683,-0.9976,10,21,-1,2
346.301,346.301,155,57,138,150,75,140,-1,3,0,-5,18,2,0.0035,0.0082,0.0689,-0.9976,9,25,-1,2
346.401,346.401,156,59,138,150,75,140,-1,2,0,-6,16,2,0.0024,0.0059,0.07,-0.9975,9,22,-1,1
346.501,346.501,158,61,138,150,75,140,-1,2,0,-8,14,2,-0.0025,0.0049,0.0712,-0.9974,8,19,-1,1
346.601,346.601,159,63,138,150,75,140,-1,2,0,-9,12,2,-0.004,0.0063,0.0721,-0.9974,5,18,-1,1
346.701,346.701,161,65,138,150,75,140,-2,1,0,-11,10,2,-0.0035,0.0076,0.0727,-0.9973,7,21,-2,0
346.801,346.801,163,68,138,150,75,140,-2,0,0,-13,7,2,-0.0013,0.0084,0.0732,-0.9973,6,25,-1,0
346.901,346.901,164,70,138,150,75,140,-2,0,0,-14,5,2,0,0.009,0.0732,-0.9973,7,28,-1,0
347.001,347.001,165,72,139,150,75,140,-2,0,0,-15,3,1,0,0.0093,0.0726,-0.9973,6,25,-1,0
347.101,347.101,167,74,139,150,75,140,-3,0,0,-17,1,1,-0.0004,0.0115,0.0721,-0.9973,5,20,-2,0
347.201,347.201,168,76,139,150,75,140,-3,0,0,-18,-1,1,-0.0002,0.0118,0.0713,-0.9974,5,23,-2,0
347.301,347.301,169,78,138,150,75,140,-3,-1,0,-19,-3,2,-0.0004,0.0104,0.0707,-0.9974,3,24,-2,-1
347.411,347.411,170,80,138,150,75,140,-3,-1,0,-20,-5,2,-0.002,0.0095,0.0707,-0.9974,5,19,-2,-1
347.511,347.511,171,81,138,150,75,140,-3,-1,0,-21,-6,2,-0.0044,0.0106,0.0706,-0.9974,5,20,-2,-1
347.611,347.611,172,84,139,150,75,140,-3,-2,0,-22,-9,1,-0.0073,0.0122,0.0715,-0.9973,5,18,-2,-2
347.711,347.711,173,86,139,150,75,140,-3,-2,0,-23,-11,1,-0.0102,0.013,0.0724,-0.9972,1,14,-2,-2
347.811,347.811,174,87,139,150,75,140,-4,-2,0,-24,-12,1,-0.0141,0.0135,0.0726,-0.9972,1,14,-3,-2
347.911,347.911,174,89,138,150,75,140,-4,-2,0,-24,-14,2,-0.0155,0.0139,0.0718,-0.9972,1,11,-3,-2
348.011,348.011,174,90,138,150,75,140,-4,-3,0,-24,-15,2,-0.0159,0.013,0.0693,-0.9974,1,6,-3,-3
348.111,348.111,175,91,138,150,75,140,-4,-3,0,-25,-16,2,-0.0141,0.0126,0.0668,-0.9976,0,1,-3,-3
348.211,348.211,175,92,138,150,75,140,-4,-3,0,-25,-17,2,-0.0109,0.0121,0.0642,-0.9978,0,2,-3,-3
348.311,348.311,175,92,138,150,75,140,-4,-3,0,-25,-17,2,-0.0078,0.0116,0.0624,-0.998,0,1,-3,-3
348.411,348.411,175,93,138,150,75,140,-4,-3,0,-25,-18,2,-0.0069,0.0128,0.0616,-0.998,3,2,-3,-3
348.511,348.511,175,93,138,150,75,140,-4,-3,0,-25,-18,2,-0.0057,0.0149,0.0619,-0.998,-3,0,-3,-3
348.611,348.611,175,93,138,150,75,140,-4,-3,0,-25,-18,2,-0.0058,0.0141,0.0616,-0.998,-2,0,-3,-3
348.711,348.711,174,94,138,150,75,140,-4,-3,0,-24,-19,2,-0.0069,0.0128,0.0612,-0.998,-3,1,-3,-3
348.811,348.811,174,94,138,150,75,140,-4,-3,0,-24,-19,2,-0.0067,0.0129,0.0606,-0.9981,-3,1,-3,-3
348.911,348.911,174,94,138,150,75,140,-4,-3,0,-24,-19,2,-0.0075,0.0139,0.0599,-0.9981,0,0,-3,-3
349.011,349.011,173,94,139,150,75,140,-3,-3,0,-23,-19,1,-0.0076,0.0141,0.0587,-0.9981,-2,0,-2,-3
349.111,349.111,172,95,138,150,75,140,-3,-3,0,-22,-20,2,-0.0075,0.0136,0.057,-0.9983,-1,-2,-2,-3
349.211,349.211,171,95,138,150,75,140,-3,-3,0,-21,-20,2,-0.0071,0.0113,0.0546,-0.9984,-3,0,-2,-3
349.311,349.311,171,95,138,150,75,140,-3,-3,0,-21,-20,2,-0.008,0.009,0.0515,-0.9986,-5,0,-2,-3
349.411,349.411,170,95,138,150,75,140,-3,-3,0,-20,-20,2,-0.0099,0.0077,0.0481,-0.9988,-6,0,-2,-3
349.511,349.511,169,95,138,150,75,140,-3,-3,0,-19,-20,2,-0.0087,0.0082,0.0447,-0.9989,-3,0,-2,-3
349.611,349.611,168,95,138,150,75,140,-3,-3,0,-18,-20,2,-0.0073,0.0096,0.0407,-0.9991,-6,-1,-2,-3
349.711,349.711,167,95,138,150,75,140,-3,-3,0,-17,-20,2,-0.0061,0.0119,0.0378,-0.9992,-6,-2,-2,-3
349.811,349.811,166,94,138,150,75,140,-1,-3,0,-16,-19,2,-0.0035,0.0121,0.0355,-0.9993,-2,-2,0,-3
349.911,349.911,165,94,137,150,75,140,-1,-3,0,-15,-19,3,-0.0027,0.0108,0.0327,-0.9994,-3,0,0,-3
350.011,350.011,163,94,137,150,75,140,-1,-3,0,-13,-19,3,-0.003,0.0088,0.0301,-0.9995,-6,-1,0,-3
350.111,350.111,162,94,137,150,75,140,-1,-3,0,-12,-19,3,-0.0027,0.0064,0.0279,-0.9996,-6,-2,0,-3
350.211,350.211,161,93,137,150,75,140,-1,-3,0,-11,-18,3,-0.0037,0.0035,0.0282,-0.9996,-9,-1,0,-3
350.311,350.311,160,93,138,150,75,140,-1,-3,0,-10,-18,2,-0.0055,0.0015,0.0289,-0.9996,-4,-1,0,-3
350.411,350.411,159,93,138,150,75,140,0,-3,0,-9,-18,2,-0.0059,0.003,0.0308,-0.9995,-2,-3,0,-2
350.511,350.511,158,93,138,150,75,140,0,-3,0,-8,-18,2,-0.0062,0.0051,0.0335,-0.9994,-5,-1,0,-2
350.611,350.611,156,92,137,150,75,140,0,-3,0,-6,-17,3,-0.0041,0.0069,0.0362,-0.9993,-2,0,0,-2
350.711,350.711,156,91,137,150,75,140,0,-3,0,-6,-16,3,-0.0045,0.008,0.0397,-0.9992,-2,-3,0,-2
350.811,350.811,154,91,137,150,75,140,0,-3,0,-4,-16,3,-0.0036,0.0074,0.0416,-0.9991,-8,-3,0,-2
350.911,350.911,153,91,137,150,75,140,0,-3,0,-3,-16,3,-0.0041,0.0073,0.0426,-0.9991,-8,-4,0,-2
351.011,351.011,152,91,137,150,75,140,0,-3,0,-2,-16,3,-0.0053,0.0077,0.0425,-0.9991,-9,-1,0,-2
351.111,351.111,151,90,137,150,75,140,0,-3,0,-1,-15,3,-0.0076,0.0076,0.0422,-0.9991,-8,0,0,-2
351.211,351.211,150,90,136,150,75,140,0,-2,1,0,-15,4,-0.0098,0.0074,0.0404,-0.9991,-7,0,0,-1
351.311,351.311,149,89,136,150,75,140,0,-2,1,1,-14,4,-0.0101,0.0067,0.0399,-0.9991,-23,-12,0,-1
351.411,351.411,148,89,136,150,75,140,0,-2,1,2,-14,4,-0.0094,0.0047,0.0384,-0.9992,-1,0,0,-1
351.511,351.511,147,88,136,150,75,140,0,-2,1,3,-13,4,-0.0069,0.0028,0.0366,-0.9993,0,-4,0,-1
351.611,351.611,146,88,136,150,75,140,1,-2,1,4,-13,4,-0.0034,0.0033,0.0357,-0.9994,-2,-6,1,-1
351.711,351.711,145,87,137,150,75,140,1,-2,0,5,-12,3,-0.0019,0.0038,0.0351,-0.9994,-5,-3,1,-1
351.811,351.811,144,87,137,150,75,140,1,-2,0,6,-12,3,-0.0048,0.0039,0.0353,-0.9994,-4,0,1,-1
351.921,351.921,144,86,137,150,75,140,1,-2,0,6,-11,3,-0.007,0.0037,0.0349,-0.9994,-2,-3,1,-1
352.021,352.021,143,85,137,150,75,140,1,-2,0,7,-10,3,-0.0082,0.0036,0.0344,-0.9994,-1,-6,1,-1
352.121,352.121,143,84,137,150,75,140,1,-2,0,7,-9,3,-0.0076,0.0033,0.0322,-0.9994,-2,-5,1,-1
352.221,352.221,142,84,137,150,75,140,1,-2,0,8,-9,3,-0.0074,0.0041,0.0303,-0.9995,-3,-2,1,-1
352.321,352.321,141,83,137,150,75,140,1,-2,0,9,-8,3,-0.0071,0.0049,0.0279,-0.9996,-4,-3,1,-1
352.421,352.421,141,83,137,150,75,140,1,0,0,9,-8,3,-0.0073,0.0059,0.0248,-0.9996,0,-2,0,0
352.521,352.521,140,82,137,150,75,140,1,0,0,10,-7,3,-0.0061,0.0051,0.0232,-0.9997,-2,-4,0,0
352.621,352.621,139,80,137,150,75,140,2,0,0,11,-5,3,-0.0026,0.0035,0.0221,-0.9997,-4,-5,1,0
352.721,352.721,139,79,136,150,75,140,2,0,1,11,-4,4,-0.0006,0.0017,0.0205,-0.9998,-2,-6,1,0
352.821,352.821,138,78,136,150,75,140,2,0,1,12,-3,4,0.0013,0.0013,0.0194,-0.9998,-1,-7,1,0
352.921,352.921,138,76,136,150,75,140,2,0,1,12,-1,4,0.0018,0.0031,0.0191,-0.9998,-1,-7,1,0
353.021,353.021,137,75,136,150,75,140,2,0,1,13,0,4,0.0011,0.005,0.0198,-0.9998,-2,-8,1,0
353.121,353.121,137,74,136,150,75,140,2,0,1,13,1,4,0.0003,0.0059,0.0208,-0.9998,-1,-6,1,0
353.221,353.221,136,73,136,150,75,140,2,0,1,14,2,4,0.0022,0.0072,0.0212,-0.9997,-2,-7,1,0
353.321,353.321,136,72,136,150,75,140,2,0,1,14,3,4,0.003,0.007,0.0229,-0.9997,-1,-6,1,0
353.421,353.421,136,71,135,150,75,140,2,1,1,14,4,5,0.0033,0.0062,0.0247,-0.9997,0,-8,1,1
353.521,353.521,135,69,135,150,75,140,2,1,1,15,6,5,0.0037,0.0052,0.0266,-0.9996,-3,-7,1,1
353.621,353.621,135,68,134,150,75,140,2,1,2,15,7,6,0.0034,0.0049,0.028,-0.9996,-3,-7,1,1
353.721,353.721,135,68,133,150,75,140,2,1,2,15,7,7,0.002,0.0054,0.0293,-0.9996,0,-1,1,1
353.821,353.821,134,68,132,150,75,140,3,1,3,16,7,8,0,0.0052,0.0286,-0.9996,-1,-1,2,1
353.921,353.921,134,67,131,150,75,140,2,1,3,16,8,9,-0.002,0.0045,0.0296,-0.9995,-1,-4,1,1
354.021,354.021,134,66,130,150,75,140,2,1,4,16,9,10,-0.0035,0.0049,0.0297,-0.9995,-1,-7,1,1
354.121,354.121,133,65,129,150,75,140,3,1,5,17,10,11,-0.0022,0.0044,0.0287,-0.9996,-1,-3,2,1
354.221,354.221,133,64,128,150,75,140,3,2,5,17,11,12,0.0005,0.0052,0.028,-0.9996,-1,-7,2,2
354.321,354.321,133,62,127,150,75,140,3,2,6,17,13,13,0.0029,0.0054,0.0286,-0.9996,0,-7,2,2
354.421,354.421,133,62,126,150,75,140,3,2,6,17,13,14,0.0052,0.0048,0.0282,-0.9996,-1,-6,2,2
354.521,354.521,132,61,124,150,75,140,3,2,7,18,14,16,0.0041,0.0042,0.0294,-0.9995,0,-4,2,2
354.621,354.621,132,60,123,150,75,140,3,2,7,18,15,17,0.0025,0.0041,0.0296,-0.9995,0,-4,2,2
354.721,354.721,132,59,122,150,75,140,3,2,8,18,16,18,0.002,0.0036,0.0306,-0.9995,-1,-5,2,2
354.821,354.821,132,59,121,150,75,140,3,2,8,18,16,19,0.0019,0.0037,0.0322,-0.9995,-1,-4,2,2
354.921,354.921,131,58,120,150,75,140,3,3,9,19,17,20,0.0028,0.0056,0.034,-0.9994,0,-6,2,3
355.021,355.021,132,57,118,150,75,140,3,3,10,18,18,22,0.0032,0.006,0.0364,-0.9993,1,-5,2,3
355.121,355.121,132,56,117,150,75,140,3,3,10,18,19,23,0.0037,0.0059,0.0377,-0.9993,1,-6,2,3
355.221,355.221,132,55,116,150,75,140,3,3,11,18,20,24,0.0043,0.0053,0.0395,-0.9992,1,-5,2,3
355.321,355.321,132,55,115,150,75,140,3,3,11,18,20,25,0.006,0.006,0.0401,-0.9992,1,-4,2,3
355.421,355.421,132,54,113,150,75,140,3,3,12,18,21,27,0.0075,0.0064,0.0398,-0.9992,0,-4,2,3
355.521,355.521,132,53,110,150,75,140,3,3,13,18,22,30,0.0073,0.0062,0.0399,-0.9992,0,-6,2,3
355.621,355.621,132,52,107,150,75,140,3,3,15,18,23,33,0.0053,0.005,0.0395,-0.9992,2,-3,2,3
355.721,355.721,132,52,107,150,75,140,3,3,15,18,23,33,0.0053,0.005,0.0395,-0.9992,0,-3,2,3
355.821,355.821,132,52,105,150,75,140,3,3,16,18,23,35,0.0039,0.0042,0.0394,-0.9992,1,0,2,3
355.921,355.921,132,52,103,150,75,140,3,3,17,18,23,37,0.0023,0.0048,0.0385,-0.9992,0,0,2,3
356.021,356.021,132,52,100,150,75,140,3,3,18,18,23,40,0.0014,0.0062,0.038,-0.9993,0,-3,2,3
356.121,356.121,132,51,96,150,75,140,2,4,20,18,24,44,0.0021,0.0074,0.0382,-0.9992,1,-5,1,4
356.221,356.221,132,50,93,150,75,140,2,4,20,18,25,47,0.0026,0.0072,0.0384,-0.9992,0,-4,1,4
356.321,356.321,132,50,93,150,75,140,2,4,20,18,25,47,0.0026,0.0072,0.0384,-0.9992,0,-4,1,4
356.421,356.421,133,48,82,150,75,140,2,7,20,17,27,58,0.0041,0.0072,0.0385,-0.9992,0,-5,1,7
356.531,356.531,133,49,82,150,75,140,2,7,20,17,26,58,0.0003,0.0069,0.0408,-0.9991,0,4,1,7
356.631,356.631,133,51,83,150,75,140,2,4,20,17,24,57,0.0001,0.0056,0.0417,-0.9991,0,7,1,4
356.731,356.731,133,50,82,150,75,140,2,4,20,17,25,58,-0.0004,0.0043,0.0439,-0.999,0,0,1,4
356.831,356.831,133,49,76,150,75,140,2,7,20,17,26,64,0,0.0037,0.0458,-0.9989,0,0,1,7
356.931,356.931,133,49,70,150,75,140,2,7,20,17,26,70,0.0016,0.0038,0.0479,-0.9988,3,-2,1,7
357.031,357.031,134,49,66,150,75,140,1,7,20,16,26,74,0.0019,0.0045,0.0516,-0.9987,3,-2,0,7
357.131,357.131,134,48,63,150,75,140,1,7,20,16,27,77,0.0032,0.006,0.0551,-0.9985,1,0,0,7
357.231,357.231,134,48,62,150,75,140,1,7,20,16,27,78,0.0053,0.0063,0.0583,-0.9983,2,0,0,7
357.331,357.331,134,47,60,150,75,140,1,8,20,16,28,80,0.0064,0.0041,0.0622,-0.998,2,0,0,8
357.431,357.431,134,47,56,150,75,140,1,8,20,16,28,84,0.0081,0.0028,0.0658,-0.9978,3,1,0,8
357.531,357.531,134,47,56,150,75,140,1,8,20,16,28,84,0.0081,0.0028,0.0658,-0.9978,1,1,0,8
357.631,357.631,135,46,44,150,75,140,1,8,20,15,29,96,0.0058,0.0031,0.0727,-0.9973,1,0,0,8
357.731,357.731,136,47,42,150,75,140,1,8,20,14,28,98,0.0011,0.0068,0.0721,-0.9974,1,0,0,8
357.831,357.831,137,48,42,150,75,140,1,7,20,13,27,98,-0.0026,0.0083,0.0736,-0.9972,2,1,0,7
357.931,357.931,137,48,42,150,75,140,1,7,20,13,27,98,-0.0025,0.0082,0.0736,-0.9972,8,0,0,7
358.031,358.031,137,48,32,150,75,140,1,7,20,13,27,108,-0.007,0.009,0.0776,-0.9969,0,4,0,7
358.131,358.131,137,48,27,150,75,140,1,7,20,13,27,113,-0.0002,0.0075,0.0775,-0.997,0,2,0,7
358.231,358.231,137,48,27,150,75,140,1,7,20,13,27,113,-0.0001,0.0075,0.0775,-0.997,0,3,0,7
358.331,358.331,138,47,13,150,75,140,1,8,20,12,28,127,0.0043,0.0016,0.0797,-0.9968,0,1,0,8
358.431,358.431,138,48,12,150,75,140,1,7,20,12,27,128,0.0003,0.0038,0.0791,-0.9969,9,5,0,7
358.531,358.531,139,49,12,150,75,140,1,7,20,11,26,128,-0.0014,0.0051,0.0789,-0.9969,7,21,0,7
358.631,358.631,139,49,8,150,75,140,1,7,20,11,26,132,-0.0011,0.0042,0.0786,-0.9969,0,5,0,7
358.731,358.731,139,49,4,150,75,140,1,7,20,11,26,136,0.0044,-0.0103,0.0764,-0.997,0,0,0,7
358.831,358.831,145,50,12,150,75,140,0,4,20,5,25,128,-0.0018,-0.0108,0.0769,-0.997,1,0,0,3
358.931,358.931,150,51,16,150,75,140,0,4,20,0,24,124,-0.0078,-0.0035,0.0887,-0.996,4,0,0,3
359.031,359.031,150,51,16,150,75,140,0,4,20,0,24,124,-0.0078,-0.0035,0.0887,-0.996,3,0,0,3
359.131,359.131,145,49,6,150,75,140,0,7,20,5,26,134,-0.0047,-0.0058,0.0922,-0.9957,3,0,-1,6
359.231,359.231,138,49,-2,150,75,140,1,7,20,12,26,142,-0.0009,-0.0036,0.0913,-0.9958,0,0,0,7
359.331,359.331,135,50,-3,150,75,140,1,4,20,15,25,143,-0.0013,-0.003,0.0914,-0.9958,-1,0,0,4
359.431,359.431,136,50,-2,150,75,140,1,4,20,14,25,142,-0.001,-0.0033,0.0913,-0.9958,0,0,0,4
359.531,359.531,137,52,3,150,75,140,1,3,20,13,23,137,-0.0009,-0.0037,0.0913,-0.9958,0,0,0,3
359.631,359.631,140,51,5,150,75,140,1,4,20,10,24,135,-0.0007,-0.0044,0.0908,-0.9959,0,0,0,4
359.731,359.731,141,49,5,150,75,140,0,7,20,9,26,135,-0.0004,-0.0041,0.0909,-0.9959,0,0,-1,6
359.831,359.831,141,49,4,150,75,140,0,7,20,9,26,136,-0.0001,-0.004,0.0908,-0.9959,0,0,-1,6
359.931,359.931,140,50,3,150,75,140,0,4,20,10,25,137,-0.0003,-0.0042,0.0911,-0.9958,0,0,0,3
360.031,360.031,139,50,3,150,75,140,1,4,20,11,25,137,-0.0007,-0.004,0.0911,-0.9958,0,0,0,4
360.131,360.131,139,50,3,150,75,140,1,4,20,11,25,137,-0.0007,-0.004,0.0911,-0.9958,0,0,0,4
360.231,360.231,140,50,4,150,75,140,1,4,20,10,25,136,-0.0005,-0.0042,0.0909,-0.9958,0,0,0,4
360.341,360.341,140,50,4,150,75,140,0,4,20,10,25,136,-0.0004,-0.004,0.0907,-0.9959,0,0,0,3
360.441,360.441,140,50,4,150,75,140,0,4,20,10,25,136,-0.0005,-0.0041,0.0908,-0.9959,0,0,0,3
360.541,360.541,140,50,4,150,75,140,0,4,20,10,25,136,-0.0005,-0.0042,0.0908,-0.9959,0,0,0,3
360.641,360.641,140,50,4,150,75,140,0,4,20,10,25,136,-0.0006,-0.0041,0.0909,-0.9959,-1,0,0,3
360.741,360.741,140,50,4,150,75,140,0,4,20,10,25,136,-0.0006,-0.0042,0.0908,-0.9959,0,-1,0,3
360.841,360.841,140,50,4,150,75,140,0,4,20,10,25,136,-0.0005,-0.0042,0.0908,-0.9959,0,0,0,3
360.941,360.941,140,50,4,150,75,140,1,4,20,10,25,136,-0.0004,-0.0041,0.0907,-0.9959,0,0,0,4
361.041,361.041,140,50,4,150,75,140,1,4,20,10,25,136,-0.0002,-0.0042,0.0909,-0.9959,0,0,0,4
361.141,361.141,140,50,4,150,75,140,1,4,20,10,25,136,-0.0005,-0.0042,0.0909,-0.9959,0,0,0,4
361.241,361.241,140,50,4,150,75,140,1,4,20,10,25,136,-0.0005,-0.0042,0.0909,-0.9959,0,0,0,4
361.341,361.341,140,50,4,150,75,140,1,4,20,10,25,136,-0.0006,-0.0043,0.091,-0.9958,-1,0,0,4
