T_REL,T_ABS,RADAR_POS_X,RADAR_POS_Y,RADAR_POS_Z,TARGET_POS_X,TARGET_POS_Y,TARGET_POS_Z,CMD_SPEED_X,CMD_SPEED_Y,CMD_SPEED_Z,ERROR_X,ERROR_Y,ERROR_Z,qw,qx,qy,qz,rt_tar_vel_x,rt_tar_vel_y
0,0,0,0,0,0,0,0,0,0,0,0,0,0,0.0131,-0.0018,0.004,0.9999,0,0
704.501,704.501,2,-2,6,0,0,140,0,0,20,-2,2,134,0.0131,-0.0018,0.004,0.9999,0,0
704.531,704.531,3,-5,5,0,0,140,0,0,20,-3,5,135,0.013,-0.0017,0.0043,0.9999,0,0
704.631,704.631,3,-4,5,0,0,140,0,0,20,-3,4,135,0.0131,-0.0019,0.0043,0.9999,0,0
704.731,704.731,3,-4,5,0,0,140,0,0,20,-3,4,135,0.0134,-0.0019,0.0042,0.9999,0,0
704.831,704.831,3,-4,5,0,0,140,0,0,20,-3,4,135,0.0135,-0.0017,0.0043,0.9999,0,0
704.931,704.931,3,-4,5,0,0,140,0,0,20,-3,4,135,0.0135,-0.0019,0.004,0.9999,0,0
705.031,705.031,3,-4,5,0,0,140,0,0,20,-3,4,135,0.0136,-0.002,0.004,0.9999,0,0
705.131,705.131,3,-4,5,0,0,140,0,0,20,-3,4,135,0.0134,-0.0022,0.0039,0.9999,0,0
705.231,705.231,3,-4,5,0,0,140,0,0,20,-3,4,135,0.0136,-0.0022,0.004,0.9999,0,0
705.331,705.331,3,-4,5,0,0,140,0,0,20,-3,4,135,0.0137,-0.0019,0.0041,0.9999,0,0
705.431,705.431,3,-4,5,0,0,140,0,0,20,-3,4,135,0.0137,-0.0016,0.0037,0.9999,0,0
705.531,705.531,3,-4,5,0,0,140,0,0,20,-3,4,135,0.0145,-0.0004,0.0011,0.9999,0,0
705.631,705.631,3,-4,6,0,0,140,0,0,20,-3,4,134,0.0173,0.0027,-0.0046,0.9998,0,0
705.731,705.731,3,-4,6,0,0,140,0,0,20,-3,4,134,0.0184,0.0025,-0.0117,0.9998,0,0
705.831,705.831,4,-4,8,0,0,140,0,0,20,-4,4,132,0.0175,-0.0007,-0.0192,0.9997,0,0
705.931,705.931,4,-3,9,0,0,140,0,0,20,-4,3,131,0.0159,-0.0044,-0.0253,0.9995,0,0
706.031,706.031,4,-3,10,0,0,140,0,0,20,-4,3,130,0.0153,-0.0053,-0.029,0.9994,0,0
706.131,706.131,5,-3,12,0,0,140,0,0,20,-5,3,128,0.0154,-0.0045,-0.0323,0.9994,0,0
706.231,706.231,5,-3,14,0,0,140,0,0,20,-5,3,126,0.0162,-0.0032,-0.0347,0.9993,0,0
706.331,706.331,4,-2,16,0,0,140,0,0,20,-4,2,124,0.0171,-0.0017,-0.0357,0.9992,0,0
706.431,706.431,4,-2,19,0,0,140,0,0,20,-4,2,121,0.0185,-0.0005,-0.036,0.9992,0,0
706.531,706.531,4,-2,21,0,0,140,0,0,20,-4,2,119,0.0194,0.0001,-0.0357,0.9992,0,0
706.631,706.631,4,-2,23,0,0,140,0,0,20,-4,2,117,0.0193,0.0005,-0.0346,0.9992,0,0
706.731,706.731,4,-3,25,0,0,140,0,0,20,-4,3,115,0.0182,0.0005,-0.0326,0.9993,0,0
706.831,706.831,4,-2,26,0,0,140,0,0,20,-4,2,114,0.0156,0.0006,-0.0301,0.9994,0,0
706.931,706.931,4,-3,28,0,0,140,0,0,20,-4,3,112,0.0139,0.0011,-0.0285,0.9995,0,0
707.031,707.031,4,-3,30,0,0,140,0,0,20,-4,3,110,0.0129,0.0011,-0.0279,0.9995,0,0
707.131,707.131,4,-3,32,0,0,140,0,0,20,-4,3,108,0.0121,0.001,-0.0275,0.9995,0,0
707.231,707.231,4,-3,35,0,0,140,0,0,20,-4,3,105,0.0121,0.001,-0.0275,0.9995,0,0
707.331,707.331,4,-3,37,0,0,140,0,0,20,-4,3,103,0.0127,-0.0038,-0.0244,0.9996,0,0
707.431,707.431,4,-3,40,0,0,140,0,0,20,-4,3,100,0.0127,-0.0038,-0.0244,0.9996,0,0
707.531,707.531,4,-3,42,0,0,140,0,0,20,-4,3,98,0.0139,-0.0042,-0.0215,0.9997,0,0
707.631,707.631,4,-3,45,0,0,140,0,0,20,-4,3,95,0.0158,-0.0033,-0.0177,0.9997,0,0
707.731,707.731,3,-3,47,0,0,140,0,0,20,-3,3,93,0.0163,-0.002,-0.0151,0.9998,0,0
707.831,707.831,3,-3,49,0,0,140,0,0,20,-3,3,91,0.0159,0.0001,-0.0115,0.9998,0,0
707.931,707.931,2,-3,51,0,0,140,0,0,20,-2,3,89,0.0151,0.0016,-0.0088,0.9998,0,0
708.041,708.041,2,-3,53,0,0,140,0,0,20,-2,3,87,0.0134,0.0028,-0.0044,0.9999,0,0
708.141,708.141,2,-3,54,0,0,140,0,0,20,-2,3,86,0.0138,0.0031,-0.0029,0.9999,0,0
708.241,708.241,2,-3,56,0,0,140,0,0,20,-2,3,84,0.0136,0.0028,-0.0024,0.9999,0,0
708.341,708.341,2,-2,58,0,0,140,0,0,20,-2,2,82,0.0141,0.003,-0.0022,0.9999,0,0
708.441,708.441,2,-1,60,0,0,140,0,0,20,-2,1,80,0.0151,0.0031,-0.002,0.9999,0,0
708.541,708.541,2,-1,62,0,0,140,0,0,20,-2,1,78,0.0168,0.0016,-0.0016,0.9999,0,0
708.641,708.641,2,0,64,0,0,140,0,0,20,-2,0,76,0.0194,-0.0011,-0.001,0.9998,0,0
708.741,708.741,2,0,66,0,0,140,0,0,20,-2,0,74,0.0201,-0.002,-0.0007,0.9998,0,0
708.841,708.841,2,1,68,0,0,140,0,0,20,-2,-1,72,0.0201,-0.0023,-0.0003,0.9998,0,0
708.941,708.941,2,1,70,0,0,140,0,0,20,-2,-1,70,0.0195,-0.0019,0.0001,0.9998,0,0
709.041,709.041,2,1,73,0,0,140,0,0,20,-2,-1,67,0.0189,-0.0012,0.0005,0.9998,0,0
709.141,709.141,3,2,76,0,0,140,0,0,20,-3,-2,64,0.0191,-0.0014,0.0005,0.9998,0,0
709.241,709.241,3,3,78,0,0,140,0,0,20,-3,-3,62,0.019,-0.0017,0.0005,0.9998,0,0
709.341,709.341,3,3,81,0,0,140,0,0,20,-3,-3,59,0.0184,-0.0021,0.0004,0.9998,0,0
709.441,709.441,3,3,83,0,0,140,0,0,20,-3,-3,57,0.0185,-0.003,0.0005,0.9998,0,0
709.541,709.541,3,3,86,0,0,140,0,0,20,-3,-3,54,0.018,-0.0029,0.0004,0.9998,0,0
709.641,709.641,3,4,89,0,0,140,0,0,20,-3,-4,51,0.0174,-0.0022,0.0002,0.9998,0,0
709.741,709.741,3,4,91,0,0,140,0,0,20,-3,-4,49,0.0168,-0.0018,-0.0001,0.9999,0,0
709.841,709.841,3,5,93,0,0,140,0,0,20,-3,-5,47,0.0166,-0.0013,-0.0006,0.9999,0,0
709.941,709.941,3,5,95,0,0,140,0,0,20,-3,-5,45,0.0165,-0.0011,-0.0014,0.9999,0,0
710.041,710.041,3,5,97,0,0,140,0,0,19,-3,-5,43,0.0162,-0.0014,-0.0018,0.9999,0,0
710.141,710.141,3,5,99,0,0,140,0,0,18,-3,-5,41,0.0151,-0.0014,-0.0023,0.9999,0,0
710.241,710.241,3,5,102,0,0,140,0,0,17,-3,-5,38,0.0147,-0.0011,-0.0024,0.9999,0,0
710.341,710.341,4,5,103,0,0,140,0,0,17,-4,-5,37,0.0147,-0.0009,-0.0025,0.9999,0,0
710.441,710.441,3,6,106,0,0,140,0,0,15,-3,-6,34,0.0154,-0.0007,-0.0026,0.9999,0,0
710.541,710.541,4,7,108,0,0,140,0,0,14,-4,-7,32,0.0161,-0.0006,-0.0024,0.9999,0,0
710.641,710.641,4,7,110,0,0,140,0,-1,13,-4,-7,30,0.0161,-0.0005,-0.0023,0.9999,0,0
710.741,710.741,4,7,112,0,0,140,0,-1,12,-4,-7,28,0.016,-0.0003,-0.0019,0.9999,0,0
710.841,710.841,5,7,114,0,0,140,0,0,11,-5,-7,26,0.0163,-0.0003,-0.0012,0.9999,0,0
710.941,710.941,5,7,116,0,0,140,0,0,11,-5,-7,24,0.0162,-0.0005,-0.0003,0.9999,0,0
711.041,711.041,5,8,117,0,0,140,0,-1,10,-5,-8,23,0.0166,-0.0004,0.0002,0.9999,0,0
711.141,711.141,6,8,118,0,0,140,0,-1,10,-6,-8,22,0.017,-0.0004,0.0008,0.9999,0,0
711.241,711.241,6,9,120,0,0,140,0,-1,9,-6,-9,20,0.0171,-0.0003,0.0014,0.9999,0,0
711.341,711.341,7,9,121,0,0,140,0,-1,8,-7,-9,19,0.0176,0,0.0021,0.9998,0,0
711.441,711.441,7,10,122,0,0,140,0,-1,8,-7,-10,18,0.0176,-0.0001,0.0025,0.9998,0,0
711.541,711.541,8,10,123,0,0,140,0,-1,7,-8,-10,17,0.0176,-0.0001,0.0025,0.9998,0,0
711.641,711.641,8,10,124,0,0,140,0,-1,7,-8,-10,16,0.0176,-0.0005,0.0033,0.9998,0,0
711.741,711.741,9,10,125,0,0,140,0,-1,7,-9,-10,15,0.0179,-0.0007,0.0035,0.9998,0,0
711.841,711.841,9,10,126,0,0,140,0,-1,6,-9,-10,14,0.0179,-0.0007,0.0035,0.9998,0,0
711.941,711.941,9,10,127,0,0,140,0,-1,6,-9,-10,13,0.0178,-0.0012,0.0035,0.9998,0,0
712.041,712.041,9,10,128,0,0,140,0,-1,5,-9,-10,12,0.0173,-0.0013,0.0034,0.9998,0,0
712.141,712.141,10,10,129,0,0,140,0,-1,5,-10,-10,11,0.0174,-0.0015,0.0032,0.9998,0,0
712.241,712.241,10,11,130,0,0,140,0,-1,4,-10,-11,10,0.0171,-0.0015,0.0026,0.9998,0,0
712.351,712.351,11,11,130,0,0,140,0,-1,4,-11,-11,10,0.0168,-0.0011,0.0015,0.9999,0,0
712.451,712.451,11,11,131,0,0,140,0,-1,4,-11,-11,9,0.0163,-0.0013,0.0009,0.9999,0,0
712.551,712.551,12,12,132,0,0,140,0,-1,3,-12,-12,8,0.0158,-0.0018,0.0001,0.9999,0,0
712.651,712.651,12,12,132,0,0,140,0,-1,3,-12,-12,8,0.0158,-0.0022,-0.0005,0.9999,0,0
712.751,712.751,13,12,133,0,0,140,0,-1,2,-13,-12,7,0.0159,-0.0023,-0.0012,0.9999,0,0
712.851,712.851,13,12,134,0,0,140,0,-1,2,-13,-12,6,0.0161,-0.0022,-0.0019,0.9999,0,0
712.951,712.951,13,12,134,0,0,140,0,-1,2,-13,-12,6,0.0164,-0.0015,-0.0022,0.9999,0,0
713.051,713.051,14,12,134,0,75,140,0,11,2,-14,63,6,0.0169,-0.0015,-0.0024,0.9999,0,10
713.151,713.151,14,12,134,0,75,140,0,12,2,-14,63,6,0.0169,-0.0013,-0.0028,0.9999,0,11
713.251,713.251,15,12,135,0,75,140,0,12,1,-15,63,5,0.0165,-0.0014,-0.0029,0.9999,0,11
713.351,713.351,15,12,135,0,75,140,0,12,1,-15,63,5,0.0102,-0.0017,-0.0027,0.9999,0,11
713.451,713.451,15,13,135,0,75,140,0,12,1,-15,62,5,0.0056,-0.002,-0.0025,1,0,11
713.551,713.551,16,13,136,0,75,140,0,12,1,-16,62,4,0.005,-0.0019,-0.0025,1,0,11
713.651,713.651,16,13,136,0,75,140,0,12,1,-16,62,4,0.0066,-0.0016,-0.0021,1,0,11
713.751,713.751,17,14,136,0,75,140,0,12,1,-17,61,4,0.0109,-0.0009,-0.0016,0.9999,0,11
713.851,713.851,17,15,137,0,75,140,0,12,0,-17,60,3,0.014,-0.0003,-0.0011,0.9999,0,11
713.951,713.951,17,16,137,0,75,140,0,12,0,-17,59,3,0.0161,-0.0003,-0.0001,0.9999,0,11
714.051,714.051,18,17,137,0,75,140,0,11,0,-18,58,3,0.0163,-0.0007,0.0001,0.9999,0,10
714.151,714.151,18,18,137,0,75,140,-1,11,0,-18,57,3,0.0154,-0.001,0.0003,0.9999,0,10
714.251,714.251,18,19,137,0,75,140,-1,11,0,-18,56,3,0.0143,-0.0008,0.0007,0.9999,0,10
714.351,714.351,19,20,137,0,75,140,-1,11,0,-19,55,3,0.0145,-0.0006,0.001,0.9999,0,10
714.451,714.451,19,22,137,0,75,140,-1,10,0,-19,53,3,0.0158,-0.0001,0.0013,0.9999,0,9
714.551,714.551,19,23,137,0,75,140,-1,10,0,-19,52,3,0.0165,-0.0001,0.0014,0.9999,0,9
714.651,714.651,19,24,137,0,75,140,-1,10,0,-19,51,3,0.0166,-0.0004,0.0017,0.9999,0,9
714.751,714.751,19,25,137,0,75,140,-1,10,0,-19,50,3,0.0161,-0.0005,0.002,0.9999,0,9
714.851,714.851,20,27,137,0,75,140,-1,9,0,-20,48,3,0.0147,0.0001,0.0022,0.9999,0,9
714.951,714.951,20,27,137,0,75,140,-1,9,0,-20,48,3,0.0132,0,0.002,0.9999,0,9
715.051,715.051,20,28,138,0,75,140,-1,9,0,-20,47,2,0.0121,-0.0006,0.0014,0.9999,0,9
715.151,715.151,20,30,138,0,75,140,-1,9,0,-20,45,2,0.0124,-0.0009,0.0009,0.9999,0,8
715.251,715.251,20,31,138,0,75,140,-1,9,0,-20,44,2,0.013,-0.0006,0.0001,0.9999,0,8
715.351,715.351,20,32,138,0,75,140,-1,8,0,-20,43,2,0.0139,-0.0002,-0.0013,0.9999,-1,7
715.451,715.451,20,34,138,0,75,140,-1,8,0,-20,41,2,0.0146,0.0002,-0.0031,0.9999,-1,7
715.551,715.551,20,35,139,0,75,140,-1,8,0,-20,40,1,0.0151,0.001,-0.0045,0.9999,-1,7
715.651,715.651,20,37,139,0,75,140,-1,7,0,-20,38,1,0.0151,0.001,-0.0045,0.9999,-1,6
715.751,715.751,20,39,139,0,75,140,-1,7,0,-20,36,1,0.0149,0,-0.0078,0.9999,-1,6
715.851,715.851,20,40,139,0,75,140,-1,7,0,-20,35,1,0.015,-0.0004,-0.0089,0.9998,-1,6
715.951,715.951,21,42,139,0,75,140,-1,6,0,-21,33,1,0.0151,-0.0008,-0.0095,0.9998,-1,5
716.051,716.051,21,43,139,0,75,140,-1,6,0,-21,32,1,0.0154,-0.0011,-0.0098,0.9998,-1,5
716.151,716.151,21,45,139,0,75,140,-1,6,0,-21,30,1,0.0154,-0.0011,-0.0098,0.9998,-1,5
716.251,716.251,20,47,139,0,75,140,-1,5,0,-20,28,1,0.0158,-0.0008,-0.0098,0.9998,-1,4
716.351,716.351,20,48,139,0,75,140,-1,5,0,-20,27,1,0.0163,-0.0003,-0.0096,0.9998,-1,4
716.451,716.451,20,50,139,0,75,140,-1,5,0,-20,25,1,0.0164,-0.0001,-0.0093,0.9998,-1,4
716.551,716.551,20,52,140,0,75,140,-1,2,0,-20,23,0,0.0163,0,-0.009,0.9998,-1,1
716.651,716.651,19,53,140,0,75,140,-1,2,0,-19,22,0,0.016,-0.0002,-0.0086,0.9998,-1,1
716.761,716.761,19,55,140,0,75,140,-1,2,0,-19,20,0,0.0155,-0.0013,-0.007,0.9999,-1,1
716.861,716.861,19,56,140,0,75,140,-1,2,0,-19,19,0,0.0167,-0.0011,-0.0064,0.9998,-1,1
716.961,716.961,19,57,140,0,75,140,-1,2,0,-19,18,0,0.0183,-0.001,-0.0054,0.9998,-1,1
717.061,717.061,19,59,140,0,75,140,-1,2,0,-19,16,0,0.0196,-0.0008,-0.0043,0.9998,-1,1
717.161,717.161,19,60,141,0,75,140,-2,1,0,-19,15,-1,0.02,-0.0008,-0.0034,0.9998,-2,0
717.261,717.261,19,61,141,0,75,140,-2,1,0,-19,14,-1,0.0203,-0.001,-0.0028,0.9998,-2,0
717.361,717.361,19,62,141,0,75,140,-2,1,0,-19,13,-1,0.0202,-0.0017,-0.002,0.9998,-2,0
717.461,717.461,19,64,141,0,75,140,-2,1,0,-19,11,-1,0.0205,-0.0022,-0.0014,0.9998,-2,0
717.561,717.561,18,65,141,0,75,140,-2,1,0,-18,10,-1,0.0209,-0.0022,-0.0009,0.9998,-2,0
717.661,717.661,18,66,141,0,75,140,0,1,0,-18,9,-1,0.021,-0.0023,-0.0003,0.9998,0,0
717.761,717.761,18,67,141,0,75,140,0,1,0,-18,8,-1,0.02,-0.002,0.0003,0.9998,0,0
717.861,717.861,17,67,141,0,75,140,0,1,0,-17,8,-1,0.0194,-0.0015,0.0011,0.9998,0,0
717.961,717.961,17,68,141,0,75,140,0,1,0,-17,7,-1,0.0193,-0.0007,0.0021,0.9998,0,0
718.061,718.061,17,68,142,0,75,140,-2,0,0,-17,7,-2,0.019,-0.0001,0.0031,0.9998,-1,0
718.161,718.161,16,69,141,0,75,140,-1,0,0,-16,6,-1,0.0191,-0.0001,0.0039,0.9998,0,0
718.261,718.261,16,69,142,0,75,140,-1,0,0,-16,6,-2,0.0191,-0.0002,0.0047,0.9998,0,0
718.361,718.361,16,70,142,0,75,140,-1,0,0,-16,5,-2,0.0186,-0.0007,0.0053,0.9998,0,0
718.461,718.461,16,71,142,0,75,140,-1,0,0,-16,4,-2,0.0187,-0.0007,0.0054,0.9998,0,0
718.561,718.561,15,72,142,0,75,140,-1,0,0,-15,3,-2,0.0186,-0.0009,0.0054,0.9998,0,0
718.661,718.661,15,72,142,0,75,140,-1,0,0,-15,3,-2,0.0181,-0.0013,0.0051,0.9998,0,0
718.761,718.761,14,72,142,0,75,140,-1,0,0,-14,3,-2,0.0183,-0.0013,0.0045,0.9998,0,0
718.861,718.861,14,73,142,0,75,140,-1,0,0,-14,2,-2,0.0187,-0.0014,0.0035,0.9998,0,0
718.961,718.961,13,73,142,0,75,140,-1,0,0,-13,2,-2,0.0189,-0.0015,0.0025,0.9998,0,0
719.061,719.061,13,73,142,0,75,140,-1,0,0,-13,2,-2,0.0188,-0.0011,0.0012,0.9998,0,0
719.161,719.161,12,74,142,0,75,140,-1,0,0,-12,1,-2,0.0192,-0.0005,-0.0002,0.9998,0,0
719.261,719.261,12,74,142,0,75,140,-1,0,0,-12,1,-2,0.0195,0.0001,-0.0014,0.9998,0,0
719.361,719.361,11,75,142,0,75,140,-1,0,0,-11,0,-2,0.0199,0.0011,-0.0025,0.9998,0,0
719.461,719.461,11,75,143,0,75,140,-1,0,0,-11,0,-3,0.0202,0.0015,-0.0031,0.9998,0,0
719.561,719.561,10,75,142,0,75,140,-1,0,0,-10,0,-2,0.0206,0.0017,-0.003,0.9998,0,0
719.661,719.661,10,75,143,0,75,140,-1,0,0,-10,0,-3,0.0203,0.0017,-0.0032,0.9998,0,0
719.761,719.761,9,75,143,0,75,140,-1,0,0,-9,0,-3,0.0204,0.0013,-0.0032,0.9998,0,0
719.861,719.861,9,74,143,0,75,140,-1,0,0,-9,1,-3,0.0202,0.0007,-0.0029,0.9998,0,0
719.961,719.961,9,74,143,0,125,140,0,9,0,-9,51,-3,0.0202,0.0007,-0.0029,0.9998,0,8
720.061,720.061,8,74,143,0,125,140,0,10,0,-8,51,-3,0.019,0.0003,-0.0023,0.9998,0,9
720.161,720.161,8,74,143,0,125,140,0,9,0,-8,51,-3,0.0183,0.0004,-0.0018,0.9998,0,8
720.261,720.261,8,74,143,0,125,140,0,9,0,-8,51,-3,0.0135,0.0003,-0.0009,0.9999,0,8
720.361,720.361,7,75,143,0,125,140,0,9,0,-7,50,-3,0.0115,0,-0.0007,0.9999,0,8
720.461,720.461,7,75,143,0,125,140,0,9,0,-7,50,-3,0.0115,0,-0.0007,0.9999,0,8
720.561,720.561,7,76,143,0,125,140,0,9,0,-7,49,-3,0.0118,-0.0004,-0.0002,0.9999,0,8
720.661,720.661,7,76,143,0,125,140,0,9,0,-7,49,-3,0.0133,-0.0012,0.0003,0.9999,0,8
720.761,720.761,6,77,143,0,125,140,0,9,0,-6,48,-3,0.0162,-0.0016,0.0012,0.9999,0,8
720.861,720.861,6,77,143,0,125,140,0,9,0,-6,48,-3,0.0184,-0.002,0.0022,0.9998,0,8
720.971,720.971,6,78,144,0,125,140,0,9,-1,-6,47,-4,0.0187,-0.0013,0.003,0.9998,0,8
721.071,721.071,6,78,144,0,125,140,0,9,-1,-6,47,-4,0.0182,-0.0008,0.0034,0.9998,0,8
721.171,721.171,5,78,144,0,125,140,0,9,-1,-5,47,-4,0.0172,-0.0007,0.0035,0.9998,0,8
721.271,721.271,5,78,144,0,125,140,0,9,-1,-5,47,-4,0.0163,-0.0006,0.0032,0.9999,0,8
721.371,721.371,5,79,144,0,125,140,0,9,-1,-5,46,-4,0.016,-0.0004,0.0028,0.9999,0,8
721.471,721.471,4,79,144,0,125,140,0,9,-1,-4,46,-4,0.0161,-0.0004,0.0025,0.9999,0,8
721.571,721.571,4,79,145,0,125,140,0,9,-1,-4,46,-5,0.016,0.0002,0.0016,0.9999,0,8
721.671,721.671,4,80,145,0,125,140,0,9,-1,-4,45,-5,0.0162,0.0006,0.0007,0.9999,0,8
721.771,721.771,3,81,145,0,125,140,0,9,-1,-3,44,-5,0.0169,0.001,0,0.9999,0,8
721.871,721.871,3,82,145,0,125,140,0,8,-1,-3,43,-5,0.0173,0.0007,-0.0009,0.9999,0,7
721.971,721.971,3,82,145,0,125,140,0,8,-1,-3,43,-5,0.0172,0.0007,-0.0019,0.9999,0,7
722.071,722.071,2,83,145,0,125,140,0,8,-1,-2,42,-5,0.0173,0.0006,-0.0026,0.9998,0,7
722.171,722.171,2,84,145,0,125,140,0,8,-1,-2,41,-5,0.0172,0.0006,-0.0035,0.9998,0,7
722.271,722.271,2,85,145,0,125,140,0,8,-1,-2,40,-5,0.017,0.0009,-0.0046,0.9998,0,7
722.371,722.371,1,86,145,0,125,140,0,8,-1,-1,39,-5,0.0167,0.0009,-0.0053,0.9998,0,7
722.471,722.471,1,87,145,0,125,140,0,7,-1,-1,38,-5,0.0161,0.0008,-0.006,0.9999,0,6
722.571,722.571,1,88,145,0,125,140,0,7,-1,-1,37,-5,0.016,0.0006,-0.0064,0.9999,0,6
722.671,722.671,1,89,145,0,125,140,0,7,-1,-1,36,-5,0.0163,0.0006,-0.0066,0.9998,0,6
722.771,722.771,1,90,145,0,125,140,0,7,-1,-1,35,-5,0.0166,0.0003,-0.0067,0.9998,0,6
722.871,722.871,0,91,146,0,125,140,0,7,-2,0,34,-6,0.0167,0.0004,-0.0067,0.9998,0,6
722.971,722.971,0,92,146,0,125,140,0,6,-2,0,33,-6,0.0163,0.0003,-0.0062,0.9998,0,5
723.071,723.071,0,93,146,0,125,140,0,6,-2,0,32,-6,0.0158,0,-0.006,0.9999,0,5
723.171,723.171,0,93,146,0,125,140,0,6,-2,0,32,-6,0.0155,-0.0002,-0.0055,0.9999,0,5
723.271,723.271,-1,94,146,0,125,140,0,6,-2,1,31,-6,0.0152,-0.0002,-0.0047,0.9999,0,5
723.371,723.371,-1,95,146,0,125,140,0,6,-2,1,30,-6,0.0154,-0.0003,-0.004,0.9999,0,5
723.471,723.471,-1,95,146,0,125,140,0,6,-2,1,30,-6,0.0154,-0.0004,-0.0034,0.9999,0,5
723.571,723.571,-1,97,146,0,125,140,0,5,-2,1,28,-6,0.0155,-0.0005,-0.0026,0.9999,0,4
723.671,723.671,-2,98,146,0,125,140,0,5,-2,2,27,-6,0.0166,-0.0005,-0.0014,0.9999,0,4
723.771,723.771,-2,99,145,0,125,140,0,5,-1,2,26,-5,0.0171,-0.0008,-0.0006,0.9999,0,4
723.871,723.871,-2,99,146,0,125,140,0,5,-2,2,26,-6,0.0174,-0.0008,0.0003,0.9998,0,4
723.971,723.971,-3,100,146,0,125,140,0,5,-2,3,25,-6,0.0179,-0.001,0.001,0.9998,0,4
724.071,724.071,-3,101,145,0,125,140,0,2,-1,3,24,-5,0.0178,-0.0011,0.0014,0.9998,0,1
724.171,724.171,-3,102,145,0,125,140,0,2,-1,3,23,-5,0.018,-0.0008,0.0016,0.9998,0,1
724.271,724.271,-3,104,145,0,125,140,0,2,-1,3,21,-5,0.0181,-0.0006,0.0016,0.9998,0,1
724.371,724.371,-4,105,145,0,125,140,0,2,-1,4,20,-5,0.0188,-0.0001,0.0011,0.9998,0,1
724.471,724.471,-4,106,145,0,125,140,0,2,-1,4,19,-5,0.0195,0.0004,0.0008,0.9998,0,1
724.571,724.571,-5,107,145,0,125,140,0,2,-1,5,18,-5,0.0195,0.0004,0.0008,0.9998,0,1
724.671,724.671,-5,107,145,0,125,140,0,2,-1,5,18,-5,0.0198,0.0009,0.0002,0.9998,0,1
724.771,724.771,-5,108,145,0,125,140,0,2,-1,5,17,-5,0.0197,0.0008,-0.0003,0.9998,0,1
724.871,724.871,-5,108,145,0,125,140,0,2,-1,5,17,-5,0.019,0.0007,-0.0012,0.9998,0,1
724.971,724.971,-6,109,144,0,125,140,0,2,-1,6,16,-4,0.0187,0.0006,-0.002,0.9998,0,1
725.071,725.071,-6,110,144,0,125,140,0,1,-1,6,15,-4,0.0188,0.0003,-0.0029,0.9998,0,0
725.171,725.171,-6,111,144,0,125,140,0,1,-1,6,14,-4,0.019,0.0005,-0.0038,0.9998,0,0
725.281,725.281,-7,111,144,0,125,140,0,1,-1,7,14,-4,0.0199,0.001,-0.0043,0.9998,0,0
725.381,725.381,-7,112,144,0,125,140,0,1,-1,7,13,-4,0.0207,0.001,-0.0042,0.9998,0,0
725.481,725.481,-8,112,144,0,125,140,0,1,-1,8,13,-4,0.0206,0.0011,-0.0038,0.9998,0,0
725.581,725.581,-8,113,144,0,125,140,1,0,-1,8,12,-4,0.0205,0.001,-0.0032,0.9998,0,0
725.681,725.681,-8,113,144,0,125,140,1,0,-1,8,12,-4,0.0202,0.001,-0.0023,0.9998,0,0
725.781,725.781,-9,114,144,0,125,140,1,0,-1,9,11,-4,0.0194,0.0015,-0.0011,0.9998,0,0
725.881,725.881,-9,114,144,0,125,140,1,0,-1,9,11,-4,0.019,0.002,0.0003,0.9998,0,0
725.981,725.981,-9,115,144,0,125,140,1,0,-1,9,10,-4,0.0193,0.0024,0.0013,0.9998,0,0
726.081,726.081,-9,115,143,0,125,140,1,0,0,9,10,-3,0.0198,0.0023,0.0026,0.9998,0,0
726.181,726.181,-10,116,143,0,125,140,1,0,0,10,9,-3,0.0201,0.002,0.0035,0.9998,0,0
726.281,726.281,-10,116,143,0,125,140,1,0,0,10,9,-3,0.0203,0.0013,0.0042,0.9998,0,0
726.381,726.381,-10,116,143,0,125,140,1,0,0,10,9,-3,0.0199,0.0005,0.0047,0.9998,0,0
726.481,726.481,-11,116,143,0,125,140,1,0,0,11,9,-3,0.0195,0.0002,0.0051,0.9998,0,0
726.581,726.581,-11,117,143,0,125,140,1,0,0,11,8,-3,0.0194,0.0001,0.0049,0.9998,0,0
726.681,726.681,-11,117,143,0,125,140,1,0,0,11,8,-3,0.0196,0,0.0047,0.9998,0,0
726.781,726.781,-11,117,143,0,125,140,1,0,0,11,8,-3,0.0196,0.0002,0.004,0.9998,0,0
726.881,726.881,-11,117,143,0,125,140,1,0,0,11,8,-3,0.0202,0.0007,0.0031,0.9998,0,0
726.981,726.981,-11,117,143,0,125,140,1,0,0,11,8,-3,0.0201,0.0015,0.0021,0.9998,0,0
727.081,727.081,-11,117,143,0,125,140,1,0,0,11,8,-3,0.0199,0.0019,0.0009,0.9998,0,0
727.181,727.181,-12,117,143,0,125,140,1,0,0,12,8,-3,0.0202,0.0022,-0.0001,0.9998,0,0
727.281,727.281,-12,117,143,0,125,140,1,0,0,12,8,-3,0.0208,0.0022,-0.0012,0.9998,0,0
727.381,727.381,-12,117,143,0,125,140,1,0,0,12,8,-3,0.0207,0.0023,-0.0028,0.9998,0,0
727.481,727.481,-12,117,143,0,125,140,1,0,0,12,8,-3,0.0209,0.0025,-0.0038,0.9998,0,0
727.581,727.581,-12,117,143,0,125,140,1,0,0,12,8,-3,0.0212,0.0027,-0.0045,0.9998,0,0
727.681,727.681,-12,117,143,0,125,140,1,0,0,12,8,-3,0.0208,0.0025,-0.0051,0.9998,0,0
727.781,727.781,-13,117,143,0,125,140,1,0,0,13,8,-3,0.0208,0.0023,-0.0052,0.9998,0,0
727.881,727.881,-13,117,142,0,125,140,1,0,0,13,8,-2,0.0212,0.002,-0.005,0.9998,0,0
727.981,727.981,-13,117,142,0,125,140,1,0,0,13,8,-2,0.0211,0.0017,-0.0048,0.9998,0,0
728.081,728.081,-14,117,142,0,125,140,1,0,0,14,8,-2,0.0206,0.0019,-0.0042,0.9998,0,0
728.181,728.181,-14,117,142,0,125,140,1,0,0,14,8,-2,0.0204,0.0021,-0.0036,0.9998,0,0
728.281,728.281,-14,117,142,0,125,140,1,0,0,14,8,-2,0.0201,0.0026,-0.0026,0.9998,0,0
728.381,728.381,-14,117,142,0,125,140,1,0,0,14,8,-2,0.0202,0.0033,-0.0019,0.9998,0,0
728.481,728.481,-14,116,142,0,125,140,1,0,0,14,9,-2,0.0202,0.0033,-0.0019,0.9998,0,0
728.581,728.581,-15,116,142,0,125,140,1,0,0,15,9,-2,0.0211,0.0041,0.0001,0.9998,0,0
728.681,728.681,-14,116,142,0,125,140,1,0,0,14,9,-2,0.021,0.004,0.0011,0.9998,0,0
728.781,728.781,-15,116,142,0,125,140,1,0,0,15,9,-2,0.0206,0.0038,0.0025,0.9998,0,0
728.881,728.881,-15,116,142,0,125,140,1,0,0,15,9,-2,0.0201,0.0036,0.0038,0.9998,0,0
728.981,728.981,-15,116,142,0,125,140,1,0,0,15,9,-2,0.0196,0.0036,0.0043,0.9998,0,0
729.081,729.081,-15,115,142,0,125,140,1,0,0,15,10,-2,0.0193,0.0038,0.005,0.9998,0,0
729.181,729.181,-15,115,141,0,125,140,1,0,0,15,10,-1,0.0193,0.0038,0.005,0.9998,0,0
729.281,729.281,-15,114,141,0,125,140,1,0,0,15,11,-1,0.0193,0.0039,0.0052,0.9998,0,0
729.381,729.381,-15,114,141,0,125,140,1,0,0,15,11,-1,0.0194,0.0041,0.0054,0.9998,0,0
729.481,729.481,-16,114,141,0,125,140,1,0,0,16,11,-1,0.0197,0.0044,0.0053,0.9998,0,0
729.581,729.581,-15,114,141,0,125,140,1,0,0,15,11,-1,0.02,0.0045,0.0049,0.9998,0,0
729.681,729.681,-15,114,141,0,125,140,1,0,0,15,11,-1,0.0201,0.0043,0.0041,0.9998,0,0
729.781,729.781,-15,113,141,0,125,140,1,0,0,15,12,-1,0.0206,0.0044,0.0034,0.9998,0,0
729.891,729.891,-15,113,141,0,125,140,1,0,0,15,12,-1,0.021,0.0049,0.0015,0.9998,0,0
729.991,729.991,-15,113,141,0,125,140,1,0,0,15,12,-1,0.021,0.005,0.0007,0.9998,0,0
730.091,730.091,-15,112,141,0,125,140,1,0,0,15,13,-1,0.0209,0.005,-0.0002,0.9998,0,0
730.191,730.191,-15,112,141,0,125,140,1,0,0,15,13,-1,0.0204,0.0046,-0.0009,0.9998,0,0
730.291,730.291,-15,112,141,0,125,140,1,0,0,15,13,-1,0.0198,0.0037,-0.0013,0.9998,0,0
730.391,730.391,-15,111,141,0,125,140,1,0,0,15,14,-1,0.0195,0.0033,-0.0014,0.9998,0,0
730.491,730.491,-15,111,141,0,125,140,1,0,0,15,14,-1,0.0191,0.003,-0.0017,0.9998,0,0
730.591,730.591,-15,111,141,0,125,140,1,0,0,15,14,-1,0.0187,0.0027,-0.0019,0.9998,0,0
730.691,730.691,-14,111,141,0,125,140,1,0,0,14,14,-1,0.0182,0.0029,-0.0021,0.9998,0,0
730.791,730.791,-14,111,141,0,125,140,1,0,0,14,14,-1,0.0178,0.0027,-0.0021,0.9998,0,0
730.891,730.891,-14,111,142,0,125,140,1,0,0,14,14,-2,0.0178,0.0028,-0.0019,0.9998,0,0
730.991,730.991,-14,111,142,0,125,140,1,0,0,14,14,-2,0.0184,0.003,-0.0013,0.9998,0,0
731.091,731.091,-14,110,142,0,125,140,1,0,0,14,15,-2,0.019,0.0032,-0.0004,0.9998,0,0
731.191,731.191,-14,110,142,0,125,140,1,0,0,14,15,-2,0.0191,0.0032,0.0007,0.9998,0,0
731.291,731.291,-14,110,142,0,125,140,1,0,0,14,15,-2,0.0189,0.003,0.002,0.9998,0,0
731.391,731.391,-14,109,142,0,125,140,1,0,0,14,16,-2,0.0188,0.0029,0.0032,0.9998,0,0
731.491,731.491,-13,109,142,0,125,140,1,2,0,13,16,-2,0.0188,0.0022,0.0045,0.9998,1,1
731.591,731.591,-13,109,142,0,125,140,1,2,0,13,16,-2,0.019,0.0017,0.0055,0.9998,1,1
731.691,731.691,-13,109,142,0,125,140,1,0,0,13,16,-2,0.019,0.0015,0.0056,0.9998,0,0
731.791,731.791,-13,108,142,0,125,140,1,0,0,13,17,-2,0.0187,0.002,0.0057,0.9998,0,0
731.891,731.891,-12,108,142,0,125,140,1,0,0,12,17,-2,0.0187,0.0024,0.0052,0.9998,0,0
731.991,731.991,-12,108,142,0,125,140,1,0,0,12,17,-2,0.0191,0.0023,0.0039,0.9998,0,0
732.091,732.091,-12,108,142,0,125,140,1,0,0,12,17,-2,0.0196,0.0019,0.0026,0.9998,0,0
732.191,732.191,-11,108,142,0,125,140,1,2,0,11,17,-2,0.0199,0.0012,0.0005,0.9998,1,1
732.291,732.291,-11,108,142,0,125,140,1,2,0,11,17,-2,0.0196,0.0012,-0.0014,0.9998,0,2
732.391,732.391,-11,107,142,0,125,140,1,2,0,11,18,-2,0.0201,0.0015,-0.004,0.9998,0,2
732.491,732.491,-11,107,142,0,125,140,1,2,0,11,18,-2,0.0208,0.0021,-0.006,0.9998,0,2
732.591,732.591,-11,107,142,0,125,140,1,2,0,11,18,-2,0.0218,0.0025,-0.0076,0.9997,0,2
732.691,732.691,-11,107,142,0,125,140,1,2,0,11,18,-2,0.0221,0.0026,-0.0089,0.9997,0,2
732.791,732.791,-10,106,142,0,125,140,1,2,0,10,19,-2,0.0217,0.0024,-0.0097,0.9997,0,2
732.891,732.891,-10,106,142,0,125,140,1,2,0,10,19,-2,0.021,0.0024,-0.0102,0.9997,0,2
732.991,732.991,-10,106,142,0,125,140,1,2,0,10,19,-2,0.0204,0.0025,-0.0105,0.9997,0,2
733.091,733.091,-10,105,142,0,125,140,1,2,0,10,20,-2,0.0202,0.0027,-0.01,0.9997,0,2
733.191,733.191,-9,106,142,0,125,140,1,2,0,9,19,-2,0.0202,0.0026,-0.0094,0.9997,0,2
733.291,733.291,-9,105,142,0,125,140,1,2,0,9,20,-2,0.0205,0.0025,-0.0082,0.9998,0,2
733.391,733.391,-9,105,142,0,125,140,1,2,0,9,20,-2,0.0206,0.0018,-0.0072,0.9998,0,2
733.491,733.491,-9,105,142,0,125,140,1,2,0,9,20,-2,0.0195,0.0017,-0.0059,0.9998,0,2
733.591,733.591,-9,105,143,0,125,140,1,2,0,9,20,-3,0.0178,0.0019,-0.0045,0.9998,0,2
733.691,733.691,-8,105,143,0,125,140,1,2,0,8,20,-3,0.0178,0.0019,-0.0045,0.9998,0,2
733.791,733.791,-8,105,143,0,125,140,0,2,0,8,20,-3,0.0172,0.0022,-0.0041,0.9998,0,1
733.891,733.891,-8,105,143,0,125,140,0,2,0,8,20,-3,0.0176,0.0023,-0.0034,0.9998,0,1
733.991,733.991,-7,105,143,0,125,140,0,2,0,7,20,-3,0.0183,0.0023,-0.0029,0.9998,0,1
734.091,734.091,-7,105,143,0,125,140,0,2,0,7,20,-3,0.0189,0.0023,-0.0025,0.9998,0,1
734.191,734.191,-7,106,143,0,125,140,0,2,0,7,19,-3,0.0196,0.0022,-0.0017,0.9998,0,1
734.291,734.291,-7,105,143,0,125,140,0,2,0,7,20,-3,0.0197,0.0023,-0.001,0.9998,0,1
734.401,734.401,-6,105,143,0,125,140,0,2,0,6,20,-3,0.0192,0.0019,0.0007,0.9998,0,1
734.501,734.501,-6,106,143,0,125,140,0,2,0,6,19,-3,0.0187,0.0012,0.0013,0.9998,0,1
734.601,734.601,-6,105,143,0,125,140,0,2,0,6,20,-3,0.018,0.0007,0.0024,0.9998,0,1
734.701,734.701,-5,106,143,0,125,140,0,2,0,5,19,-3,0.0179,0.0003,0.0028,0.9998,0,1
734.801,734.801,-5,106,143,0,125,140,0,2,0,5,19,-3,0.0178,-0.0002,0.0029,0.9998,0,1
734.901,734.901,-5,106,143,0,125,140,0,2,0,5,19,-3,0.0184,-0.0003,0.0027,0.9998,0,1
735.001,735.001,-5,106,143,0,125,140,0,2,0,5,19,-3,0.019,0,0.0022,0.9998,0,1
735.101,735.101,-4,106,143,0,125,140,0,2,0,4,19,-3,0.0196,0.0001,0.0012,0.9998,0,1
735.201,735.201,-4,106,143,0,125,140,0,2,0,4,19,-3,0.0194,0.0004,-0.0007,0.9998,0,1
735.301,735.301,-4,106,143,0,125,140,0,2,0,4,19,-3,0.0192,0.0005,-0.003,0.9998,0,1
735.401,735.401,-4,107,144,0,125,140,0,2,-1,4,18,-4,0.019,0.0006,-0.0053,0.9998,0,1
735.501,735.501,-4,107,144,0,125,140,0,2,-1,4,18,-4,0.0192,0.0007,-0.0075,0.9998,0,1
735.601,735.601,-4,107,144,0,125,140,0,2,-1,4,18,-4,0.0198,0.0006,-0.0092,0.9998,0,1
735.701,735.701,-3,107,144,0,125,140,0,2,-1,3,18,-4,0.0203,0.0006,-0.0104,0.9997,0,1
735.801,735.801,-3,107,144,0,125,140,0,2,-1,3,18,-4,0.0199,0.0007,-0.0111,0.9997,0,1
735.901,735.901,-3,106,144,0,125,140,0,2,-1,3,19,-4,0.0195,0.0008,-0.0115,0.9997,0,1
736.001,736.001,-3,106,144,0,125,140,0,2,-1,3,19,-4,0.0192,0.0008,-0.0115,0.9997,0,1
736.101,736.101,-3,106,144,0,125,140,0,2,-1,3,19,-4,0.019,0.001,-0.0113,0.9998,0,1
736.201,736.201,-3,106,144,0,125,140,0,2,-1,3,19,-4,0.0193,0.0013,-0.011,0.9998,0,1
736.301,736.301,-3,106,144,0,125,140,0,2,-1,3,19,-4,0.0198,0.0015,-0.0108,0.9997,0,1
736.401,736.401,-3,106,144,0,125,140,0,2,-1,3,19,-4,0.0198,0.0016,-0.0108,0.9997,0,1
736.501,736.501,-3,107,144,0,125,140,0,2,-1,3,18,-4,0.019,0.0019,-0.011,0.9998,0,1
736.601,736.601,-2,107,143,0,125,140,0,2,0,2,18,-3,0.0185,0.0023,-0.0114,0.9998,0,1
736.701,736.701,-3,107,143,0,125,140,0,2,0,3,18,-3,0.0185,0.0025,-0.0117,0.9998,0,1
736.801,736.801,-3,107,143,0,125,140,0,2,0,3,18,-3,0.0186,0.0025,-0.0126,0.9997,0,1
736.901,736.901,-3,107,143,0,125,140,0,2,0,3,18,-3,0.0191,0.0022,-0.0133,0.9997,0,1
737.001,737.001,-3,108,143,0,125,140,0,2,0,3,17,-3,0.0198,0.002,-0.0139,0.9997,0,1
737.101,737.101,-3,108,143,0,125,140,0,2,0,3,17,-3,0.0207,0.0023,-0.0146,0.9997,0,1
737.201,737.201,-3,108,143,0,125,140,0,2,0,3,17,-3,0.0216,0.0026,-0.0149,0.9997,0,1
737.301,737.301,-3,108,143,0,125,140,0,2,0,3,17,-3,0.0219,0.0029,-0.0149,0.9996,0,1
737.401,737.401,-3,109,143,0,125,140,0,2,0,3,16,-3,0.0216,0.0033,-0.015,0.9996,0,1
737.501,737.501,-3,108,143,0,125,140,0,2,0,3,17,-3,0.021,0.0038,-0.0149,0.9997,0,1
737.601,737.601,-3,109,142,0,125,140,0,2,0,3,16,-2,0.0204,0.0038,-0.0149,0.9997,0,1
737.701,737.701,-3,109,142,0,125,140,0,1,0,3,16,-2,0.0205,0.0035,-0.0148,0.9997,0,0
737.801,737.801,-3,109,142,0,125,140,0,1,0,3,16,-2,0.0204,0.0032,-0.0149,0.9997,0,0
737.901,737.901,-3,110,142,0,125,140,0,1,0,3,15,-2,0.0205,0.0032,-0.0148,0.9997,0,0
738.001,738.001,-3,110,142,0,125,140,0,1,0,3,15,-2,0.0205,0.0032,-0.0148,0.9997,0,0
738.101,738.101,-4,110,142,0,125,140,0,1,0,4,15,-2,0.0205,0.0036,-0.0147,0.9997,0,0
738.201,738.201,-4,111,142,0,125,140,0,1,0,4,14,-2,0.0186,0.0044,-0.0142,0.9997,0,0
738.301,738.301,-4,111,141,0,125,140,0,1,0,4,14,-1,0.0186,0.0044,-0.0142,0.9997,0,0
738.401,738.401,-5,111,142,0,125,140,0,1,0,5,14,-2,0.018,0.0044,-0.0138,0.9997,0,0
738.501,738.501,-5,111,141,0,125,140,0,1,0,5,14,-1,0.0177,0.0041,-0.0128,0.9998,0,0
738.601,738.601,-5,111,141,0,125,140,0,1,0,5,14,-1,0.0178,0.0036,-0.0117,0.9998,0,0
738.711,738.711,-5,111,142,0,125,140,0,1,0,5,14,-2,0.0182,0.0034,-0.0089,0.9998,0,0
738.801,738.801,-5,111,141,0,125,140,0,1,0,5,14,-1,0.0182,0.0034,-0.0089,0.9998,0,0
738.911,738.911,-5,111,141,0,125,140,0,1,0,5,14,-1,0.0183,0.0035,-0.006,0.9998,0,0
739.011,739.011,-5,112,142,0,125,140,0,1,0,5,13,-2,0.0184,0.0038,-0.0044,0.9998,0,0
739.111,739.111,-5,112,142,0,125,140,0,1,0,5,13,-2,0.0184,0.0038,-0.0044,0.9998,0,0
739.211,739.211,-6,113,142,0,125,140,0,1,0,6,12,-2,0.0198,0.0035,-0.0031,0.9998,0,0
739.311,739.311,-6,114,142,0,125,140,0,1,0,6,11,-2,0.0199,0.0035,-0.0028,0.9998,0,0
739.411,739.411,-6,114,142,0,125,140,0,1,0,6,11,-2,0.0198,0.0039,-0.0024,0.9998,0,0
739.511,739.511,-6,114,142,0,125,140,0,1,0,6,11,-2,0.0198,0.0039,-0.0024,0.9998,0,0
739.611,739.611,-7,114,142,0,125,140,0,1,0,7,11,-2,0.0194,0.0045,-0.0015,0.9998,0,0
739.711,739.711,-7,115,142,0,125,140,0,1,0,7,10,-2,0.0191,0.005,-0.0005,0.9998,0,0
739.811,739.811,-7,115,142,0,125,140,0,1,0,7,10,-2,0.0194,0.0055,0.0014,0.9998,0,0
739.911,739.911,-7,116,142,0,125,140,0,1,0,7,9,-2,0.0195,0.0055,0.0031,0.9998,0,0
740.011,740.011,-8,116,142,0,125,140,0,1,0,8,9,-2,0.0199,0.0055,0.005,0.9998,0,0
740.111,740.111,-8,117,142,0,125,140,1,0,0,8,8,-2,0.0207,0.0052,0.0066,0.9998,0,0
740.211,740.211,-7,117,142,0,125,140,0,1,0,7,8,-2,0.0207,0.005,0.0073,0.9997,0,0
740.311,740.311,-7,117,142,0,125,140,0,1,0,7,8,-2,0.0203,0.0045,0.008,0.9998,0,0
740.411,740.411,-8,117,142,0,125,140,0,1,0,8,8,-2,0.0199,0.0043,0.0079,0.9998,0,0
740.511,740.511,-8,118,142,0,125,140,1,0,0,8,7,-2,0.0192,0.0037,0.0069,0.9998,0,0
740.611,740.611,-9,119,142,0,125,140,1,0,0,9,6,-2,0.0192,0.0032,0.0055,0.9998,0,0
740.711,740.711,-9,119,142,0,125,140,1,0,0,9,6,-2,0.0194,0.0028,0.0033,0.9998,0,0
740.811,740.811,-9,120,142,0,125,140,1,0,0,9,5,-2,0.0204,0.0028,0.0004,0.9998,0,0
740.911,740.911,-9,120,142,0,125,140,1,0,0,9,5,-2,0.0212,0.0034,-0.0018,0.9998,0,0
741.011,741.011,-10,121,142,0,125,140,1,0,0,10,4,-2,0.0213,0.004,-0.0034,0.9998,0,0
741.111,741.111,-10,121,141,0,125,140,1,0,0,10,4,-1,0.0212,0.0042,-0.0048,0.9998,0,0
741.211,741.211,-10,121,141,0,125,140,1,0,0,10,4,-1,0.0209,0.0047,-0.0058,0.9998,0,0
741.311,741.311,-10,122,141,0,125,140,1,0,0,10,3,-1,0.0209,0.0054,-0.0061,0.9997,0,0
741.411,741.411,-10,122,141,0,125,140,1,0,0,10,3,-1,0.0209,0.0058,-0.006,0.9997,0,0
741.511,741.511,-11,122,140,0,125,140,1,0,0,11,3,0,0.0207,0.006,-0.0056,0.9998,0,0
741.611,741.611,-11,123,140,0,125,140,1,0,0,11,2,0,0.0197,0.0051,-0.005,0.9998,0,0
741.711,741.711,-11,123,140,0,125,140,1,0,0,11,2,0,0.0187,0.0035,-0.0037,0.9998,0,0
741.811,741.811,-12,123,140,0,125,140,1,0,0,12,2,0,0.0179,0.0029,-0.002,0.9998,0,0
741.911,741.911,-12,123,140,0,125,140,1,0,0,12,2,0,0.017,0.0028,-0.0002,0.9999,0,0
742.011,742.011,-12,123,140,0,125,140,1,0,0,12,2,0,0.0165,0.0021,0.0023,0.9999,0,0
742.111,742.111,-12,124,139,0,125,140,1,0,0,12,1,1,0.0163,0.0014,0.0049,0.9999,0,0
742.211,742.211,-12,124,139,0,125,140,1,0,0,12,1,1,0.0163,0.0014,0.0049,0.9999,0,0
742.311,742.311,-12,124,139,0,125,140,1,0,0,12,1,1,0.0157,0.0003,0.0088,0.9998,0,0
742.411,742.411,-12,124,139,0,125,140,1,0,0,12,1,1,0.0158,0.0002,0.0105,0.9998,0,0
742.511,742.511,-12,124,139,0,125,140,1,0,0,12,1,1,0.0163,0.0007,0.0114,0.9998,0,0
742.611,742.611,-12,125,139,0,125,140,1,0,0,12,0,1,0.0163,0.0007,0.0114,0.9998,0,0
742.711,742.711,-12,125,139,0,125,140,1,0,0,12,0,1,0.0169,0.0013,0.0119,0.9998,0,0
742.811,742.811,-12,125,139,0,125,140,1,0,0,12,0,1,0.0176,0.0021,0.0123,0.9998,0,0
742.911,742.911,-12,126,139,0,125,140,1,0,0,12,-1,1,0.0179,0.0024,0.0123,0.9998,0,0
743.021,743.021,-12,126,139,0,125,140,1,0,0,12,-1,1,0.0191,0.0023,0.0115,0.9997,0,0
743.121,743.121,-12,126,139,0,125,140,1,0,0,12,-1,1,0.0198,0.0019,0.0107,0.9997,0,0
743.221,743.221,-12,127,139,0,125,140,1,0,0,12,-2,1,0.0198,0.0011,0.0101,0.9998,0,0
743.321,743.321,-11,127,139,0,125,140,1,0,0,11,-2,1,0.0188,0.0006,0.0091,0.9998,0,0
743.421,743.421,-11,127,138,0,125,140,1,0,0,11,-2,2,0.0176,-0.0001,0.0081,0.9998,0,0
743.521,743.521,-12,127,139,0,125,140,1,0,0,12,-2,1,0.0161,-0.0004,0.0068,0.9998,0,0
743.621,743.621,-12,127,139,0,125,140,1,0,0,12,-2,1,0.0155,-0.0006,0.0057,0.9999,0,0
743.721,743.721,-12,127,138,0,125,140,1,0,0,12,-2,2,0.0154,-0.0004,0.004,0.9999,0,0
743.821,743.821,-12,128,138,0,125,140,1,0,0,12,-3,2,0.0162,-0.0001,0.002,0.9999,0,0
743.921,743.921,-12,128,138,0,125,140,1,0,0,12,-3,2,0.0171,0.0001,0.0004,0.9999,0,0
744.021,744.021,-12,128,138,0,125,140,1,0,0,12,-3,2,0.018,-0.0002,-0.0014,0.9998,0,0
744.121,744.121,-12,128,138,0,125,140,1,0,0,12,-3,2,0.0184,-0.0008,-0.0024,0.9998,0,0
744.221,744.221,-11,128,138,0,125,140,1,0,0,11,-3,2,0.0177,-0.0008,-0.0037,0.9998,0,0
744.321,744.321,-11,128,138,0,125,140,1,0,0,11,-3,2,0.0165,-0.0008,-0.0043,0.9999,0,0
744.421,744.421,-11,128,138,0,125,140,1,0,0,11,-3,2,0.0162,-0.001,-0.0047,0.9999,0,0
744.521,744.521,-11,128,138,0,125,140,1,0,0,11,-3,2,0.0151,-0.0009,-0.0053,0.9999,0,0
744.621,744.621,-11,128,138,0,125,140,1,0,0,11,-3,2,0.0148,-0.0009,-0.0055,0.9999,0,0
744.721,744.721,-11,128,138,0,125,140,1,0,0,11,-3,2,0.0155,-0.001,-0.0053,0.9999,0,0
744.821,744.821,-11,129,138,0,125,140,1,0,0,11,-4,2,0.0158,-0.0014,-0.0052,0.9999,0,0
744.921,744.921,-10,129,138,0,125,140,1,0,0,10,-4,2,0.0161,-0.0015,-0.0048,0.9999,0,0
745.021,745.021,-10,130,138,0,125,140,1,0,0,10,-5,2,0.0165,-0.0017,-0.0045,0.9999,0,0
745.121,745.121,-10,130,138,0,125,140,1,0,0,10,-5,2,0.0171,-0.0017,-0.0041,0.9998,0,0
745.221,745.221,-10,130,138,0,125,140,1,0,0,10,-5,2,0.0173,-0.002,-0.0035,0.9998,0,0
745.321,745.321,-10,130,138,0,125,140,1,0,0,10,-5,2,0.0174,-0.0021,-0.0028,0.9998,0,0
745.421,745.421,-10,130,138,0,125,140,1,0,0,10,-5,2,0.0173,-0.0021,-0.0021,0.9998,0,0
745.521,745.521,-10,131,138,0,125,140,1,0,0,10,-6,2,0.0173,-0.0019,-0.0016,0.9998,0,0
745.621,745.621,-10,130,138,0,125,140,1,0,0,10,-5,2,0.0172,-0.0016,-0.0008,0.9999,0,0
745.721,745.721,-10,130,138,0,125,140,1,0,0,10,-5,2,0.0169,-0.0015,0.0003,0.9999,0,0
745.821,745.821,-10,131,138,0,125,140,1,0,0,10,-6,2,0.0162,-0.0013,0.002,0.9999,0,0
745.921,745.921,-10,130,138,0,125,140,1,0,0,10,-5,2,0.0159,-0.0007,0.0042,0.9999,0,0
746.021,746.021,-10,130,138,0,125,140,1,0,0,10,-5,2,0.0158,-0.0002,0.0057,0.9999,0,0
746.121,746.121,-9,131,139,0,125,140,1,0,0,9,-6,1,0.0157,-0.0001,0.0073,0.9999,0,0
746.221,746.221,-10,131,139,0,125,140,1,0,0,10,-6,1,0.0163,-0.0002,0.0085,0.9998,0,0
746.321,746.321,-10,131,139,0,125,140,1,0,0,10,-6,1,0.0163,-0.0002,0.0085,0.9998,0,0
746.421,746.421,-9,132,139,0,125,140,1,0,0,9,-7,1,0.0173,-0.0004,0.0097,0.9998,0,0
746.521,746.521,-9,132,139,0,125,140,1,0,0,9,-7,1,0.0167,-0.0002,0.0096,0.9998,0,0
746.621,746.621,-9,132,139,0,125,140,1,0,0,9,-7,1,0.0167,-0.0002,0.0096,0.9998,0,0
746.721,746.721,-9,132,139,0,125,140,1,0,0,9,-7,1,0.0163,-0.0001,0.0096,0.9998,0,0
746.821,746.821,-9,132,139,0,125,140,1,0,0,9,-7,1,0.0152,-0.0001,0.0093,0.9998,0,0
746.921,746.921,-9,132,139,0,125,140,1,0,0,9,-7,1,0.0145,-0.0004,0.0082,0.9999,0,0
747.021,747.021,-9,132,139,0,125,140,1,0,0,9,-7,1,0.015,-0.0009,0.0073,0.9999,0,0
747.131,747.131,-9,133,140,0,125,140,1,0,0,9,-8,0,0.0166,-0.0013,0.0046,0.9999,0,0
747.231,747.231,-9,132,139,0,125,140,1,0,0,9,-7,1,0.0171,-0.0016,0.0035,0.9998,0,0
747.331,747.331,-9,132,139,0,125,140,1,0,0,9,-7,1,0.0174,-0.0016,0.0023,0.9998,0,0
747.431,747.431,-9,132,139,0,125,140,1,0,0,9,-7,1,0.0172,-0.0015,0.0003,0.9999,0,0
747.531,747.531,-9,132,139,0,125,140,1,0,0,9,-7,1,0.0167,-0.001,-0.0015,0.9999,0,0
747.631,747.631,-9,132,138,0,125,140,1,0,0,9,-7,2,0.0164,-0.0006,-0.0036,0.9999,0,0
747.731,747.731,-9,132,138,0,125,140,1,0,0,9,-7,2,0.0154,-0.0003,-0.0061,0.9999,0,0
747.831,747.831,-9,132,138,0,125,140,1,0,0,9,-7,2,0.0145,-0.0005,-0.0078,0.9999,0,0
747.931,747.931,-9,132,138,0,125,140,1,0,0,9,-7,2,0.0141,-0.0012,-0.0097,0.9999,0,0
748.031,748.031,-9,132,138,0,125,140,1,0,0,9,-7,2,0.0135,-0.0017,-0.0108,0.9998,0,0
748.131,748.131,-8,132,138,0,125,140,1,0,0,8,-7,2,0.0136,-0.0018,-0.012,0.9998,0,0
748.231,748.231,-9,132,137,0,125,140,1,0,0,9,-7,3,0.0142,-0.002,-0.0126,0.9998,0,0
748.331,748.331,-9,132,137,0,125,140,1,0,0,9,-7,3,0.0146,-0.0018,-0.0128,0.9998,0,0
748.431,748.431,-9,133,138,0,125,140,1,0,0,9,-8,2,0.0152,-0.0016,-0.0127,0.9998,0,0
748.531,748.531,-9,133,138,0,125,140,0,-1,0,9,-8,2,0.0154,-0.0012,-0.0124,0.9998,0,0
748.631,748.631,-9,133,138,0,125,140,0,-1,0,9,-8,2,0.0157,-0.0008,-0.0122,0.9998,0,0
748.731,748.731,-9,134,138,0,125,140,0,-1,0,9,-9,2,0.0164,-0.0005,-0.0119,0.9998,0,0
748.831,748.831,-9,134,138,0,125,140,0,-1,0,9,-9,2,0.0175,-0.0007,-0.0115,0.9998,0,0
748.931,748.931,-9,134,138,0,125,140,0,-1,0,9,-9,2,0.0185,-0.0009,-0.0105,0.9998,0,0
749.031,749.031,-9,135,138,0,125,140,0,-1,0,9,-10,2,0.0181,-0.0008,-0.0094,0.9998,0,0
749.131,749.131,-9,135,138,0,125,140,0,-1,0,9,-10,2,0.0176,-0.0007,-0.0081,0.9998,0,0
749.231,749.231,-9,135,138,0,125,140,0,-1,0,9,-10,2,0.0167,-0.001,-0.0069,0.9998,0,0
749.331,749.331,-9,135,138,0,125,140,0,-1,0,9,-10,2,0.0163,-0.0013,-0.0056,0.9998,0,0
749.431,749.431,-10,135,138,0,125,140,0,-1,0,10,-10,2,0.016,-0.0015,-0.0047,0.9999,0,0
749.531,749.531,-9,135,138,0,125,140,0,-1,0,9,-10,2,0.016,-0.0015,-0.0047,0.9999,0,0
749.631,749.631,-10,135,138,0,125,140,0,-1,0,10,-10,2,0.0161,-0.0023,-0.0022,0.9999,0,0
749.731,749.731,-10,136,138,0,125,140,0,-1,0,10,-11,2,0.0175,-0.0025,-0.0005,0.9998,0,0
749.831,749.831,-9,136,138,0,125,140,0,-1,0,9,-11,2,0.0183,-0.0027,0.0015,0.9998,0,0
749.931,749.931,-9,136,138,0,125,140,0,-1,0,9,-11,2,0.0187,-0.0031,0.0035,0.9998,0,0
750.031,750.031,-9,136,138,0,125,140,0,-1,0,9,-11,2,0.0187,-0.0029,0.0061,0.9998,0,0
750.131,750.131,-9,136,138,0,125,140,0,-1,0,9,-11,2,0.018,-0.0029,0.008,0.9998,0,0
750.231,750.231,-9,137,139,0,125,140,0,-1,0,9,-12,1,0.017,-0.0025,0.0088,0.9998,0,0
750.331,750.331,-10,137,139,0,125,140,0,-1,0,10,-12,1,0.0164,-0.0016,0.0091,0.9998,0,0
750.431,750.431,-10,137,139,0,125,140,0,-1,0,10,-12,1,0.0166,-0.0009,0.009,0.9998,0,0
750.531,750.531,-10,137,139,0,125,140,0,-1,0,10,-12,1,0.0166,-0.0009,0.009,0.9998,0,0
750.631,750.631,-10,137,139,0,125,140,0,-1,0,10,-12,1,0.0181,-0.0009,0.0087,0.9998,0,0
750.731,750.731,-10,138,139,0,125,140,0,-1,0,10,-13,1,0.0184,-0.0013,0.0085,0.9998,0,0
750.831,750.831,-10,138,138,0,125,140,0,-1,0,10,-13,2,0.0189,-0.0024,0.0083,0.9998,0,0
750.931,750.931,-10,139,138,0,125,140,0,-1,0,10,-14,2,0.0193,-0.0028,0.0084,0.9998,0,0
751.031,751.031,-10,139,138,0,125,140,0,-1,0,10,-14,2,0.0193,-0.0027,0.0086,0.9998,0,0
751.131,751.131,-10,139,138,0,125,140,0,-1,0,10,-14,2,0.0193,-0.0027,0.0086,0.9998,0,0
751.231,751.231,-10,140,138,0,125,140,0,-1,0,10,-15,2,0.0192,-0.0022,0.009,0.9998,0,0
751.331,751.331,-10,140,138,0,125,140,0,-1,0,10,-15,2,0.0191,-0.0015,0.0092,0.9998,0,0
751.431,751.431,-10,140,138,0,125,140,0,-1,0,10,-15,2,0.019,-0.0009,0.0093,0.9998,0,0
751.531,751.531,-10,141,138,0,125,140,0,-1,0,10,-16,2,0.019,-0.0006,0.0097,0.9998,0,0
751.641,751.641,-10,141,138,0,125,140,0,-1,0,10,-16,2,0.0185,-0.0014,0.0105,0.9998,0,0
751.741,751.741,-10,141,138,0,125,140,0,-1,0,10,-16,2,0.0181,-0.0022,0.0116,0.9998,0,0
751.841,751.841,-10,141,138,0,125,140,0,-1,0,10,-16,2,0.0174,-0.0029,0.0123,0.9998,0,0
751.941,751.941,-11,142,138,0,125,140,0,-1,0,11,-17,2,0.0171,-0.0029,0.0125,0.9998,0,0
752.041,752.041,-11,143,137,0,125,140,0,-1,0,11,-18,3,0.0172,-0.0026,0.013,0.9998,0,0
752.141,752.141,-11,143,137,0,125,140,0,-2,0,11,-18,3,0.0178,-0.0019,0.0133,0.9998,0,-1
752.241,752.241,-11,143,137,0,125,140,0,-2,0,11,-18,3,0.0185,-0.001,0.0135,0.9997,0,-1
752.341,752.341,-11,144,137,0,125,140,0,-2,0,11,-19,3,0.0192,-0.0007,0.0137,0.9997,0,-1
752.441,752.441,-11,144,137,0,125,140,0,-2,0,11,-19,3,0.0205,-0.0011,0.0139,0.9997,0,-1
752.541,752.541,-11,144,137,0,125,140,0,-2,0,11,-19,3,0.0211,-0.0015,0.0144,0.9997,0,-1
752.641,752.641,-11,145,137,0,125,140,0,-2,0,11,-20,3,0.0205,-0.0023,0.0147,0.9997,0,-1
752.741,752.741,-11,145,137,0,125,140,0,-2,0,11,-20,3,0.0196,-0.0031,0.0155,0.9997,0,-1
752.841,752.841,-11,145,137,0,125,140,0,-2,0,11,-20,3,0.0192,-0.0032,0.0161,0.9997,0,-1
752.941,752.941,-11,145,136,0,125,140,0,-2,1,11,-20,4,0.0189,-0.0029,0.0168,0.9997,0,-1
753.041,753.041,-11,145,136,0,125,140,0,-2,1,11,-20,4,0.0194,-0.0026,0.0173,0.9997,0,-1
753.141,753.141,-11,145,136,0,125,140,0,-2,1,11,-20,4,0.0198,-0.0024,0.017,0.9997,0,-1
753.241,753.241,-11,146,136,0,125,140,0,-2,1,11,-21,4,0.0196,-0.0024,0.0162,0.9997,0,-1
753.341,753.341,-11,146,136,0,125,140,0,-2,1,11,-21,4,0.0195,-0.0027,0.0146,0.9997,0,-1
753.441,753.441,-11,147,136,0,125,140,0,-2,1,11,-22,4,0.0191,-0.0034,0.012,0.9997,0,-1
753.541,753.541,-11,147,136,0,125,140,0,-2,1,11,-22,4,0.0179,-0.0034,0.0084,0.9998,0,-1
753.641,753.641,-11,148,136,0,125,140,0,-2,1,11,-23,4,0.0178,-0.0036,0.0049,0.9998,0,-1
753.741,753.741,-11,148,136,0,125,140,0,-2,1,11,-23,4,0.018,-0.0039,0.0009,0.9998,0,-1
753.841,753.841,-11,149,137,0,125,140,0,-2,0,11,-24,3,0.019,-0.0034,-0.0027,0.9998,0,-1
753.941,753.941,-12,149,136,0,125,140,0,-2,1,12,-24,4,0.0203,-0.0025,-0.0063,0.9998,0,-1
754.041,754.041,-12,150,136,0,125,140,0,-2,1,12,-25,4,0.0217,-0.0022,-0.0096,0.9997,0,-1
754.141,754.141,-12,150,136,0,125,140,0,-2,1,12,-25,4,0.0222,-0.0021,-0.0119,0.9997,0,-1
754.241,754.241,-12,150,136,0,125,140,0,-2,1,12,-25,4,0.022,-0.0023,-0.0138,0.9997,0,-1
754.341,754.341,-12,150,136,0,125,140,0,-2,1,12,-25,4,0.0216,-0.0022,-0.0153,0.9996,0,-1
754.441,754.441,-12,151,136,0,125,140,0,-4,1,12,-26,4,0.0213,-0.0023,-0.0164,0.9996,0,-3
754.541,754.541,-12,151,136,0,125,140,0,-5,1,12,-26,4,0.0211,-0.0025,-0.017,0.9996,0,-4
754.641,754.641,-12,151,136,0,125,140,0,-5,1,12,-26,4,0.0207,-0.0029,-0.0174,0.9996,0,-4
754.741,754.741,-12,151,136,0,125,140,0,-5,1,12,-26,4,0.0207,-0.0029,-0.0174,0.9996,0,-4
754.841,754.841,-12,151,136,0,125,140,0,-5,1,12,-26,4,0.0232,-0.0037,-0.0182,0.9996,0,-4
754.941,754.941,-12,152,136,0,125,140,0,-5,1,12,-27,4,0.0237,-0.0035,-0.0183,0.9995,0,-4
755.041,755.041,-12,152,136,0,125,140,0,-5,1,12,-27,4,0.0238,-0.0038,-0.018,0.9995,0,-4
755.141,755.141,-12,152,135,0,125,140,0,-5,1,12,-27,5,0.023,-0.0041,-0.0176,0.9996,0,-4
755.241,755.241,-12,152,135,0,125,140,0,-5,1,12,-27,5,0.0219,-0.0044,-0.0172,0.9996,0,-4
755.341,755.341,-12,153,135,0,125,140,0,-5,1,12,-28,5,0.0207,-0.0045,-0.0167,0.9996,0,-4
755.441,755.441,-12,152,135,0,125,140,0,-5,1,12,-27,5,0.02,-0.0043,-0.0159,0.9997,0,-4
755.541,755.541,-12,152,136,0,125,140,0,-5,1,12,-27,4,0.0197,-0.0038,-0.0151,0.9997,0,-4
755.641,755.641,-11,152,136,0,125,140,0,-5,1,11,-27,4,0.0197,-0.0038,-0.0151,0.9997,0,-4
755.741,755.741,-11,152,136,0,125,140,0,-5,1,11,-27,4,0.0204,-0.0036,-0.0141,0.9997,0,-4
755.841,755.841,-11,152,136,0,125,140,0,-5,1,11,-27,4,0.0214,-0.0036,-0.0126,0.9997,0,-4
755.941,755.941,-11,152,136,0,125,140,0,-5,1,11,-27,4,0.0225,-0.0034,-0.0111,0.9997,0,-4
756.041,756.041,-11,152,136,0,125,140,0,-5,1,11,-27,4,0.0237,-0.0032,-0.0093,0.9997,0,-4
756.151,756.151,-11,152,136,0,125,140,0,-5,1,11,-27,4,0.0249,-0.0031,-0.0059,0.9997,0,-4
756.241,756.241,-11,151,137,0,125,140,0,-5,0,11,-26,3,0.0249,-0.0031,-0.0059,0.9997,0,-4
756.351,756.351,-11,152,137,0,125,140,0,-5,0,11,-27,3,0.0238,-0.0034,-0.0035,0.9997,0,-4
756.451,756.451,-11,151,137,0,125,140,0,-5,0,11,-26,3,0.0227,-0.0033,-0.0027,0.9997,0,-4
756.551,756.551,-11,151,137,0,125,140,0,-4,0,11,-26,3,0.0223,-0.0035,-0.0023,0.9997,0,-3
756.651,756.651,-10,151,137,0,125,140,0,-5,0,10,-26,3,0.0228,-0.0036,-0.0021,0.9997,0,-4
756.751,756.751,-10,150,137,0,125,140,0,-2,0,10,-25,3,0.0231,-0.0036,-0.002,0.9997,0,-1
756.851,756.851,-10,150,137,0,125,140,0,-2,0,10,-25,3,0.0229,-0.0039,-0.0023,0.9997,0,-1
756.951,756.951,-10,149,137,0,125,140,0,-2,0,10,-24,3,0.0223,-0.0043,-0.0027,0.9997,0,-1
757.051,757.051,-9,149,137,0,125,140,0,-2,0,9,-24,3,0.0205,-0.0048,-0.0032,0.9998,0,-1
757.151,757.151,-9,148,137,0,125,140,0,-2,0,9,-23,3,0.0191,-0.0048,-0.0037,0.9998,0,-1
757.251,757.251,-9,147,137,0,125,140,0,-2,0,9,-22,3,0.0181,-0.005,-0.0043,0.9998,0,-1
757.351,757.351,-9,147,137,0,125,140,0,-2,0,9,-22,3,0.0179,-0.0051,-0.0046,0.9998,0,-1
757.451,757.451,-9,146,137,0,125,140,0,-2,0,9,-21,3,0.0181,-0.005,-0.0048,0.9998,0,-1
757.551,757.551,-8,145,136,0,125,140,0,-2,1,8,-20,4,0.0182,-0.0051,-0.0047,0.9998,0,-1
757.651,757.651,-8,145,136,0,125,140,0,-2,1,8,-20,4,0.0188,-0.0052,-0.0047,0.9998,0,-1
757.751,757.751,-8,144,137,0,125,140,0,-2,0,8,-19,3,0.0189,-0.0052,-0.0046,0.9998,0,-1
757.851,757.851,-8,144,136,0,125,140,0,-2,1,8,-19,4,0.0188,-0.0051,-0.0043,0.9998,0,-1
757.951,757.951,-7,144,137,0,125,140,0,-2,0,7,-19,3,0.0188,-0.005,-0.0036,0.9998,0,-1
758.051,758.051,-7,143,137,0,125,140,0,-2,0,7,-18,3,0.0185,-0.0047,-0.0027,0.9998,0,-1
758.151,758.151,-7,143,137,0,125,140,0,-1,0,7,-18,3,0.0184,-0.0041,-0.0012,0.9998,0,0
758.251,758.251,-7,142,136,0,125,140,0,-1,1,7,-17,4,0.0187,-0.0035,0.0003,0.9998,0,0
758.351,758.351,-7,141,136,0,125,140,0,-1,1,7,-16,4,0.0187,-0.003,0.0016,0.9998,0,0
758.451,758.451,-7,141,137,0,125,140,0,-1,0,7,-16,3,0.0187,-0.0025,0.0028,0.9998,0,0
758.551,758.551,-7,140,136,0,125,140,0,-1,1,7,-15,4,0.0185,-0.0024,0.0036,0.9998,0,0
758.651,758.651,-7,140,137,0,125,140,0,-1,0,7,-15,3,0.0178,-0.0024,0.0043,0.9998,0,0
758.751,758.751,-7,140,137,0,125,140,0,-1,0,7,-15,3,0.0168,-0.0021,0.0047,0.9998,0,0
758.851,758.851,-7,139,137,0,125,140,0,-1,0,7,-14,3,0.0163,-0.0018,0.0053,0.9999,0,0
758.951,758.951,-7,138,137,0,125,140,0,-1,0,7,-13,3,0.0161,-0.0016,0.0056,0.9999,0,0
759.051,759.051,-7,138,137,0,125,140,0,-1,0,7,-13,3,0.0163,-0.0015,0.0056,0.9999,0,0
759.151,759.151,-7,137,137,0,125,140,0,-1,0,7,-12,3,0.0169,-0.0016,0.0058,0.9998,0,0
759.251,759.251,-7,137,137,0,125,140,0,-1,0,7,-12,3,0.0171,-0.002,0.0056,0.9998,0,0
759.351,759.351,-6,136,137,0,125,140,0,-1,0,6,-11,3,0.0167,-0.002,0.0053,0.9998,0,0
759.451,759.451,-6,136,137,0,125,140,0,-1,0,6,-11,3,0.0161,-0.0016,0.0049,0.9999,0,0
759.551,759.551,-6,135,137,0,125,140,0,-1,0,6,-10,3,0.0159,-0.0011,0.0044,0.9999,0,0
759.651,759.651,-6,135,137,0,125,140,0,-1,0,6,-10,3,0.0158,-0.0006,0.0039,0.9999,0,0
759.751,759.751,-7,135,137,0,125,140,0,-1,0,7,-10,3,0.016,-0.0002,0.0033,0.9999,0,0
759.851,759.851,-7,135,137,0,125,140,0,-1,0,7,-10,3,0.0162,0,0.0029,0.9999,0,0
759.951,759.951,-7,134,137,0,125,140,0,-1,0,7,-9,3,0.0164,0.0002,0.0026,0.9999,0,0
760.051,760.051,-7,134,137,0,125,140,0,-1,0,7,-9,3,0.0164,0.0002,0.0026,0.9999,0,0
760.151,760.151,-7,134,137,0,125,140,0,-1,0,7,-9,3,0.0167,0.0002,0.002,0.9999,0,0
760.251,760.251,-7,134,137,0,125,140,0,-1,0,7,-9,3,0.0172,0.0002,0.0016,0.9999,0,0
760.351,760.351,-7,134,137,0,125,140,0,-1,0,7,-9,3,0.0176,0.0004,0.0012,0.9998,0,0
760.451,760.451,-7,134,138,0,125,140,0,-1,0,7,-9,2,0.0178,0.0004,0.0006,0.9998,0,0
760.551,760.551,-7,134,138,0,125,140,0,-1,0,7,-9,2,0.018,0.0005,0.0002,0.9998,0,0
760.661,760.661,-8,134,138,0,125,140,0,-1,0,8,-9,2,0.0168,0.0011,-0.001,0.9999,0,0
760.761,760.761,-8,134,138,0,125,140,0,-1,0,8,-9,2,0.0167,0.0014,-0.0014,0.9999,0,0
760.861,760.861,-8,133,137,0,125,140,0,-1,0,8,-8,3,0.0168,0.0016,-0.0018,0.9999,0,0
760.961,760.961,-8,133,138,0,125,140,0,-1,0,8,-8,2,0.017,0.0017,-0.0021,0.9999,0,0
761.061,761.061,-8,133,138,0,125,140,0,-1,0,8,-8,2,0.0174,0.0018,-0.0019,0.9998,0,0
761.161,761.161,-8,133,137,0,125,140,0,-1,0,8,-8,3,0.0178,0.0018,-0.0012,0.9998,0,0
761.261,761.261,-8,133,138,0,125,140,0,-1,0,8,-8,2,0.0178,0.0018,-0.0005,0.9998,0,0
761.361,761.361,-8,133,138,0,125,140,0,-1,0,8,-8,2,0.0178,0.0023,0.0009,0.9998,0,0
761.461,761.461,-9,133,138,0,125,140,0,-1,0,9,-8,2,0.0182,0.0031,0.0028,0.9998,0,0
761.561,761.561,-9,132,138,0,125,140,1,0,0,9,-7,2,0.0176,0.0031,0.0048,0.9998,0,0
761.661,761.661,-9,132,138,0,125,140,1,0,0,9,-7,2,0.0162,0.0028,0.0067,0.9998,0,0
761.761,761.761,-9,132,138,0,125,140,1,0,0,9,-7,2,0.0159,0.0023,0.0083,0.9998,0,0
761.861,761.861,-9,132,138,0,125,140,1,0,0,9,-7,2,0.0162,0.0015,0.0093,0.9998,0,0
761.961,761.961,-9,132,139,0,125,140,1,0,0,9,-7,1,0.0166,0.0013,0.0097,0.9998,0,0
762.061,762.061,-9,132,139,0,125,140,1,0,0,9,-7,1,0.0168,0.0013,0.0099,0.9998,0,0
762.161,762.161,-9,132,139,0,125,140,1,0,0,9,-7,1,0.0177,0.0012,0.01,0.9998,0,0
762.261,762.261,-9,132,138,0,125,140,1,0,0,9,-7,2,0.018,0.0014,0.0098,0.9998,0,0
762.361,762.361,-8,132,138,0,125,140,1,0,0,8,-7,2,0.0185,0.0015,0.0091,0.9998,0,0
762.461,762.461,-8,132,138,0,125,140,0,-1,0,8,-7,2,0.0188,0.0016,0.008,0.9998,0,0
762.561,762.561,-8,132,138,0,125,140,0,-1,0,8,-7,2,0.0179,0.0011,0.0061,0.9998,0,0
762.661,762.661,-8,132,138,0,125,140,0,-1,0,8,-7,2,0.0174,0.0007,0.0037,0.9998,0,0
762.761,762.761,-7,132,138,0,125,140,0,0,0,7,-7,2,0.0169,-0.0004,-0.0013,0.9999,0,0
762.861,762.861,-7,132,138,0,125,140,0,0,0,7,-7,2,0.017,-0.0006,-0.0038,0.9998,0,0
762.961,762.961,-7,132,138,0,125,140,0,0,0,7,-7,2,0.0168,-0.0008,-0.0063,0.9998,0,0
763.061,763.061,-7,132,138,0,125,140,0,0,0,7,-7,2,0.0168,-0.0014,-0.0085,0.9998,0,7
763.161,763.161,-7,132,138,0,175,140,0,8,0,7,43,2,0.0168,-0.0014,-0.0085,0.9998,0,7
763.261,763.261,-6,132,138,0,175,140,0,8,0,6,43,2,0.0168,-0.0019,-0.0103,0.9998,0,7
763.361,763.361,-6,132,138,0,175,140,0,8,0,6,43,2,0.0165,-0.0023,-0.0115,0.9998,0,7
763.461,763.461,-6,132,138,0,175,140,0,8,0,6,43,2,0.0133,-0.0023,-0.0128,0.9998,0,7
763.561,763.561,-5,132,138,0,175,140,0,8,0,5,43,2,0.0101,-0.0019,-0.0138,0.9999,0,7
763.661,763.661,-5,133,138,0,175,140,0,8,0,5,42,2,0.0099,-0.0018,-0.0145,0.9998,0,7
763.761,763.761,-5,133,137,0,175,140,0,8,0,5,42,3,0.0111,-0.0022,-0.0153,0.9998,0,7
763.861,763.861,-4,135,138,0,175,140,0,8,0,4,40,2,0.0129,-0.0022,-0.0161,0.9998,0,7
763.961,763.961,-4,136,138,0,175,140,0,8,0,4,39,2,0.0138,-0.0023,-0.0174,0.9998,0,7
764.061,764.061,-4,137,138,0,175,140,0,7,0,4,38,2,0.0139,-0.0025,-0.0184,0.9997,0,6
764.161,764.161,-3,137,138,0,175,140,0,7,0,3,38,2,0.0137,-0.0026,-0.0195,0.9997,0,6
764.261,764.261,-3,138,138,0,175,140,0,7,0,3,37,2,0.0137,-0.0026,-0.0195,0.9997,0,6
764.361,764.361,-3,139,138,0,175,140,0,7,0,3,36,2,0.0135,-0.0027,-0.021,0.9997,0,6
764.461,764.461,-3,139,138,0,175,140,0,7,0,3,36,2,0.0135,-0.0032,-0.0226,0.9996,0,6
764.561,764.561,-2,140,138,0,175,140,0,7,0,2,35,2,0.0136,-0.0032,-0.024,0.9996,0,6
764.661,764.661,-2,142,138,0,175,140,0,6,0,2,33,2,0.0135,-0.0032,-0.0252,0.9996,0,5
764.761,764.761,-2,142,138,0,175,140,0,6,0,2,33,2,0.0129,-0.003,-0.0261,0.9996,0,5
764.861,764.861,-1,144,138,0,175,140,0,6,0,1,31,2,0.0128,-0.0031,-0.0265,0.9996,0,5
764.971,764.971,-1,144,138,0,175,140,0,6,0,1,31,2,0.0171,-0.0042,-0.0258,0.9995,0,5
765.071,765.071,-1,146,138,0,175,140,0,6,0,1,29,2,0.0184,-0.0045,-0.0247,0.9995,0,5
765.171,765.171,-1,147,137,0,175,140,0,5,0,1,28,3,0.0184,-0.0043,-0.0236,0.9995,0,4
765.271,765.271,-1,148,137,0,175,140,0,5,0,1,27,3,0.0182,-0.0038,-0.0221,0.9996,0,4
765.371,765.371,-1,149,137,0,175,140,0,5,0,1,26,3,0.0176,-0.0035,-0.0208,0.9996,0,4
765.471,765.471,-1,151,136,0,175,140,0,2,1,1,24,4,0.0174,-0.0033,-0.0191,0.9997,0,1
765.571,765.571,-1,152,136,0,175,140,0,2,1,1,23,4,0.0181,-0.0034,-0.0175,0.9997,0,1
765.671,765.671,0,154,136,0,175,140,0,2,1,0,21,4,0.0185,-0.0033,-0.0163,0.9997,0,1
765.771,765.771,0,155,136,0,175,140,0,2,1,0,20,4,0.0193,-0.0025,-0.0144,0.9997,0,1
765.871,765.871,0,155,136,0,175,140,0,2,1,0,20,4,0.0204,-0.0019,-0.012,0.9997,0,1
765.971,765.971,0,156,136,0,175,140,0,2,1,0,19,4,0.0198,-0.0014,-0.0095,0.9998,0,1
766.071,766.071,0,157,135,0,175,140,0,2,1,0,18,5,0.0175,-0.0009,-0.0066,0.9998,0,1
766.171,766.171,0,158,135,0,175,140,0,2,1,0,17,5,0.0158,-0.0009,-0.0035,0.9999,0,1
766.271,766.271,0,158,136,0,175,140,0,2,1,0,17,4,0.0155,-0.0016,-0.0008,0.9999,0,1
766.371,766.371,1,159,136,0,175,140,0,2,1,-1,16,4,0.015,-0.0021,0.0017,0.9999,0,1
766.471,766.471,1,160,136,0,175,140,0,1,1,-1,15,4,0.0145,-0.0028,0.0035,0.9999,0,0
766.571,766.571,1,160,136,0,175,140,0,1,1,-1,15,4,0.0148,-0.003,0.0057,0.9999,0,0
766.671,766.671,1,161,137,0,175,140,0,1,0,-1,14,3,0.0154,-0.0027,0.0067,0.9999,0,0
766.771,766.771,1,162,137,0,175,140,0,1,0,-1,13,3,0.0155,-0.0022,0.0072,0.9999,0,0
766.871,766.871,1,163,136,0,175,140,0,1,1,-1,12,4,0.0156,-0.0015,0.007,0.9999,0,0
766.971,766.971,1,163,137,0,175,140,0,1,0,-1,12,3,0.0163,-0.0008,0.0059,0.9998,0,0
767.071,767.071,2,164,136,0,175,140,0,1,1,-2,11,4,0.0159,-0.001,0.0049,0.9999,0,0
767.171,767.171,2,165,137,0,175,140,0,1,0,-2,10,3,0.0162,-0.0018,0.0034,0.9999,0,0
767.271,767.271,2,165,137,0,175,140,0,1,0,-2,10,3,0.0168,-0.0027,0.0017,0.9999,0,0
767.371,767.371,3,165,137,0,175,140,0,1,0,-3,10,3,0.0168,-0.0032,0.0002,0.9999,0,0
767.471,767.471,3,166,137,0,175,140,0,1,0,-3,9,3,0.017,-0.0033,-0.0017,0.9998,0,0
767.571,767.571,3,166,137,0,175,140,0,1,0,-3,9,3,0.017,-0.0035,-0.0036,0.9998,0,0
767.671,767.671,3,167,137,0,175,140,0,1,0,-3,8,3,0.0165,-0.0037,-0.006,0.9998,0,0
767.771,767.771,4,168,137,0,175,140,0,1,0,-4,7,3,0.0164,-0.0043,-0.0085,0.9998,0,0
767.871,767.871,4,168,137,0,175,100,0,1,-17,-4,7,-37,0.0166,-0.0045,-0.0099,0.9998,0,0
767.971,767.971,4,169,137,0,175,100,0,1,-17,-4,6,-37,0.0165,-0.0044,-0.0107,0.9998,0,0
768.071,768.071,4,169,138,0,175,100,0,0,-17,-4,6,-38,0.0164,-0.0034,-0.0109,0.9998,0,0
768.171,768.171,5,169,137,0,175,100,0,0,-17,-5,6,-37,0.016,-0.0026,-0.0104,0.9998,0,0
768.271,768.271,5,170,136,0,175,100,0,0,-16,-5,5,-36,0.0156,-0.0023,-0.0091,0.9998,0,0
768.371,768.371,5,170,136,0,175,100,0,0,-16,-5,5,-36,0.0156,-0.0023,-0.0091,0.9998,0,0
768.471,768.471,5,170,134,0,175,100,0,0,-15,-5,5,-34,0.0164,-0.0057,-0.0044,0.9998,0,0
768.571,768.571,6,171,134,0,175,100,0,0,-15,-6,4,-34,0.0185,-0.0072,-0.0021,0.9998,0,0
768.671,768.671,6,172,132,0,175,100,0,0,-14,-6,3,-32,0.0197,-0.0078,-0.0004,0.9998,0,0
768.771,768.771,6,172,132,0,175,100,0,0,-14,-6,3,-32,0.0197,-0.0078,-0.0004,0.9998,0,0
768.871,768.871,7,173,130,0,175,100,0,0,-13,-7,2,-30,0.0199,-0.0072,0.0012,0.9998,0,0
768.971,768.971,6,173,129,0,175,100,0,0,-13,-6,2,-29,0.0196,-0.0064,0.0025,0.9998,0,0
769.071,769.071,6,173,128,0,175,100,0,0,-12,-6,2,-28,0.0195,-0.0061,0.0035,0.9998,0,0
769.171,769.171,6,173,127,0,175,100,0,0,-12,-6,2,-27,0.02,-0.0055,0.0043,0.9998,0,0
769.271,769.271,6,174,126,0,175,100,0,0,-11,-6,1,-26,0.0214,-0.0046,0.0048,0.9997,0,0
769.381,769.381,6,174,125,0,175,100,0,0,-11,-6,1,-25,0.023,-0.0029,0.0049,0.9997,0,0
769.481,769.481,6,174,124,0,175,100,0,0,-11,-6,1,-24,0.023,-0.0027,0.0047,0.9997,0,0
769.581,769.581,6,175,123,0,175,100,0,0,-10,-6,0,-23,0.0227,-0.0026,0.0044,0.9997,0,0
769.681,769.681,5,175,122,0,175,100,0,0,-10,-5,0,-22,0.0216,-0.0026,0.0038,0.9998,0,0
769.781,769.781,5,175,121,0,175,100,0,0,-9,-5,0,-21,0.0211,-0.003,0.0035,0.9998,0,0
769.881,769.881,5,175,120,0,175,100,0,0,-9,-5,0,-20,0.0208,-0.0028,0.0035,0.9998,0,0
769.981,769.981,4,176,118,0,175,100,0,0,-8,-4,-1,-18,0.0209,-0.0023,0.004,0.9998,0,0
770.081,770.081,4,176,117,0,175,100,0,0,-7,-4,-1,-17,0.0223,-0.0013,0.0054,0.9997,0,0
770.181,770.181,4,176,116,0,175,100,0,0,-7,-4,-1,-16,0.0228,-0.0007,0.0063,0.9997,0,0
770.281,770.281,3,176,116,0,175,100,0,0,-7,-3,-1,-16,0.0221,-0.0003,0.0069,0.9997,0,0
770.381,770.381,3,176,115,0,175,100,0,0,-7,-3,-1,-15,0.0203,-0.0001,0.0076,0.9998,0,0
770.481,770.481,2,176,114,0,175,100,0,0,-6,-2,-1,-14,0.0199,0.0001,0.0078,0.9998,0,0
770.581,770.581,2,177,113,0,175,100,0,0,-6,-2,-2,-13,0.0199,0.0006,0.0078,0.9998,0,0
770.681,770.681,2,177,113,0,175,100,0,0,-6,-2,-2,-13,0.0202,0.0011,0.0077,0.9998,0,0
770.781,770.781,2,177,112,0,175,100,0,0,-5,-2,-2,-12,0.0211,0.0013,0.0069,0.9998,0,0
770.881,770.881,1,177,112,0,175,100,0,0,-5,-1,-2,-12,0.0211,0.0013,0.0069,0.9998,0,0
770.981,770.981,1,177,111,0,175,100,0,0,-5,-1,-2,-11,0.0221,-0.0003,0.0041,0.9997,0,0
771.081,771.081,1,178,111,0,175,100,0,0,-5,-1,-3,-11,0.0215,-0.0009,0.0024,0.9998,0,0
771.181,771.181,1,178,110,0,175,100,0,0,-4,-1,-3,-10,0.0216,-0.0014,0.0008,0.9998,0,0
771.281,771.281,1,178,110,0,175,100,0,0,-4,-1,-3,-10,0.0216,-0.0027,-0.0002,0.9998,0,0
771.381,771.381,0,178,110,0,175,100,0,0,-4,0,-3,-10,0.0219,-0.0034,-0.0013,0.9998,0,0
771.481,771.481,0,178,109,0,175,100,0,0,-4,0,-3,-9,0.0223,-0.0034,-0.0023,0.9997,0,0
771.581,771.581,0,178,109,0,175,100,0,0,-3,0,-3,-9,0.0219,-0.0029,-0.0035,0.9997,0,0
771.681,771.681,0,178,109,0,175,100,0,0,-3,0,-3,-9,0.0216,-0.0026,-0.0044,0.9998,0,0
771.781,771.781,-1,178,108,0,175,100,0,0,-3,1,-3,-8,0.0211,-0.0023,-0.0054,0.9998,0,0
771.881,771.881,-1,178,108,0,175,100,0,0,-3,1,-3,-8,0.0208,-0.0026,-0.0063,0.9998,0,0
771.981,771.981,-1,178,108,0,175,100,0,0,-3,1,-3,-8,0.0209,-0.0035,-0.0068,0.9998,0,0
772.081,772.081,-1,178,107,0,175,100,0,0,-2,1,-3,-7,0.0214,-0.0049,-0.0068,0.9997,0,0
772.181,772.181,-1,178,107,0,125,100,0,-9,-2,1,-53,-7,0.0217,-0.0059,-0.0069,0.9997,0,-8
772.281,772.281,-1,178,107,0,125,100,0,-10,-2,1,-53,-7,0.0219,-0.006,-0.0067,0.9997,0,-9
772.381,772.381,-2,178,106,0,125,100,0,-10,-2,2,-53,-6,0.0223,-0.0052,-0.0057,0.9997,0,-9
772.481,772.481,-3,178,106,0,125,100,0,-10,-2,3,-53,-6,0.0266,-0.0038,-0.0035,0.9996,0,-9
772.581,772.581,-3,179,106,0,125,100,0,-10,-2,3,-54,-6,0.0266,-0.0038,-0.0035,0.9996,0,-9
772.681,772.681,-4,178,106,0,125,100,0,-10,-2,4,-53,-6,0.0301,-0.0017,0.0009,0.9995,0,-9
772.781,772.781,-4,178,106,0,125,100,0,-10,-2,4,-53,-6,0.0284,-0.0013,0.0032,0.9996,0,-9
772.881,772.881,-4,177,106,0,125,100,0,-10,-2,4,-52,-6,0.0264,-0.0017,0.0054,0.9996,0,-9
772.981,772.981,-4,176,105,0,125,100,0,-10,-1,4,-51,-5,0.0244,-0.0025,0.0071,0.9997,0,-9
773.081,773.081,-4,175,105,0,125,100,0,-9,-1,4,-50,-5,0.023,-0.003,0.0078,0.9997,0,-8
773.181,773.181,-4,175,105,0,125,100,0,-9,-1,4,-50,-5,0.023,-0.0032,0.0079,0.9997,0,-8
773.281,773.281,-4,173,105,0,125,100,0,-9,-1,4,-48,-5,0.023,-0.0032,0.0079,0.9997,0,-8
773.381,773.381,-4,172,105,0,125,100,0,-9,-1,4,-47,-5,0.0232,-0.004,0.0072,0.9997,0,-8
773.481,773.481,-4,171,105,0,125,100,0,-9,-1,4,-46,-5,0.0232,-0.004,0.0072,0.9997,0,-8
773.581,773.581,-4,171,105,0,125,100,0,-9,-1,4,-46,-5,0.0224,-0.0038,0.0062,0.9997,0,-8
773.681,773.681,-5,169,105,0,125,100,0,-9,-1,5,-44,-5,0.0212,-0.0036,0.0051,0.9998,0,-8
773.781,773.781,-5,168,105,0,125,100,0,-8,-1,5,-43,-5,0.0204,-0.003,0.0034,0.9998,0,-7
773.881,773.881,-5,167,105,0,125,100,0,-8,-1,5,-42,-5,0.0208,-0.0032,0.0016,0.9998,0,-7
773.981,773.981,-5,166,105,0,125,100,0,-8,-1,5,-41,-5,0.0215,-0.0036,0.0002,0.9998,0,-7
774.091,774.091,-5,165,104,0,125,100,0,-8,-1,5,-40,-4,0.0245,-0.0041,-0.0018,0.9997,0,-7
774.191,774.191,-5,164,104,0,125,100,0,-8,-1,5,-39,-4,0.0257,-0.0039,-0.0026,0.9997,0,-7
774.291,774.291,-5,163,104,0,125,100,0,-7,-1,5,-38,-4,0.0262,-0.0031,-0.0037,0.9996,0,-6
774.391,774.391,-5,162,104,0,125,100,0,-7,-1,5,-37,-4,0.0259,-0.0024,-0.0047,0.9997,0,-6
774.491,774.491,-5,160,103,0,125,100,0,-7,0,5,-35,-3,0.025,-0.0021,-0.0055,0.9997,0,-6
774.591,774.591,-5,159,103,0,125,100,0,-7,0,5,-34,-3,0.0231,-0.0019,-0.0064,0.9997,0,-6
774.691,774.691,-5,157,103,0,125,100,0,-6,0,5,-32,-3,0.0221,-0.0018,-0.0068,0.9997,0,-5
774.791,774.791,-6,156,103,0,125,100,0,-6,0,6,-31,-3,0.0214,-0.0015,-0.0079,0.9997,0,-5
774.891,774.891,-6,154,103,0,125,100,0,-6,0,6,-29,-3,0.0215,-0.0011,-0.0091,0.9997,0,-5
774.991,774.991,-6,153,103,0,125,100,0,-5,0,6,-28,-3,0.0215,-0.0011,-0.0106,0.9997,0,-4
775.091,775.091,-6,151,103,0,125,100,0,-5,0,6,-26,-3,0.0213,-0.0017,-0.0118,0.9997,0,-4
775.191,775.191,-6,150,102,0,125,100,0,-5,0,6,-25,-2,0.0209,-0.0024,-0.0124,0.9997,0,-4
775.291,775.291,-6,148,102,0,125,100,0,-2,0,6,-23,-2,0.0194,-0.0035,-0.0129,0.9997,0,-1
775.391,775.391,-6,147,102,0,125,100,0,-2,0,6,-22,-2,0.0177,-0.004,-0.0134,0.9997,0,-1
775.491,775.491,-7,145,102,0,125,100,0,-2,0,7,-20,-2,0.0166,-0.004,-0.0133,0.9998,0,-1
775.591,775.591,-7,144,102,0,125,100,0,-2,0,7,-19,-2,0.0158,-0.0035,-0.0129,0.9998,0,-1
775.691,775.691,-7,143,102,0,125,100,0,-2,0,7,-18,-2,0.0156,-0.0027,-0.0129,0.9998,0,-1
775.791,775.791,-7,142,102,0,125,100,0,-2,0,7,-17,-2,0.016,-0.0014,-0.0125,0.9998,0,-1
775.891,775.891,-7,141,101,0,125,100,0,-2,0,7,-16,-1,0.0165,-0.0014,-0.0122,0.9998,0,-1
775.991,775.991,-7,140,101,0,125,100,0,-1,0,7,-15,-1,0.0168,-0.0021,-0.0119,0.9998,0,0
776.091,776.091,-7,139,101,0,125,100,0,-1,0,7,-14,-1,0.0176,-0.0032,-0.0114,0.9998,0,0
776.191,776.191,-7,138,101,0,125,100,0,-1,0,7,-13,-1,0.0189,-0.004,-0.0108,0.9998,0,0
776.291,776.291,-7,137,101,0,125,100,0,-1,0,7,-12,-1,0.0193,-0.0036,-0.0101,0.9998,0,0
776.391,776.391,-7,137,100,0,125,100,0,-1,0,7,-12,0,0.0192,-0.0031,-0.0095,0.9998,0,0
776.491,776.491,-7,136,100,0,125,100,0,-1,0,7,-11,0,0.0183,-0.0024,-0.0091,0.9998,0,0
776.591,776.591,-7,135,100,0,125,100,0,-1,0,7,-10,0,0.0172,-0.0016,-0.0084,0.9998,0,0
776.691,776.691,-7,135,100,0,125,100,0,-1,0,7,-10,0,0.0169,-0.0012,-0.008,0.9998,0,0
776.791,776.791,-7,134,100,0,125,100,0,-1,0,7,-9,0,0.0172,-0.0013,-0.0076,0.9998,0,0
776.891,776.891,-7,133,100,0,125,100,0,-1,0,7,-8,0,0.018,-0.0022,-0.0069,0.9998,0,0
776.991,776.991,-7,133,100,0,125,100,0,-1,0,7,-8,0,0.0194,-0.0032,-0.0061,0.9998,0,0
777.091,777.091,-8,132,100,0,125,100,0,-1,0,8,-7,0,0.0197,-0.0034,-0.0054,0.9998,0,0
777.191,777.191,-8,131,101,0,125,100,1,0,0,8,-6,-1,0.0199,-0.0031,-0.0048,0.9998,0,0
777.291,777.291,-8,131,101,0,125,100,1,0,0,8,-6,-1,0.02,-0.0023,-0.0041,0.9998,0,0
777.391,777.391,-8,131,101,0,125,100,1,0,0,8,-6,-1,0.02,-0.0019,-0.0031,0.9998,0,0
777.491,777.491,-8,131,101,0,125,100,1,0,0,8,-6,-1,0.0199,-0.0016,-0.0022,0.9998,0,0
777.591,777.591,-8,130,100,0,75,100,1,-10,0,8,-55,0,0.0197,-0.0016,-0.001,0.9998,1,-9
777.691,777.691,-8,129,100,0,75,100,1,-10,0,8,-54,0,0.0192,-0.0018,0.0006,0.9998,0,-9
777.791,777.791,-8,129,100,0,75,100,1,-10,0,8,-54,0,0.0193,-0.0013,0.0026,0.9998,0,-9
777.891,777.891,-9,128,100,0,75,100,1,-10,0,9,-53,0,0.0252,0.0012,0.0054,0.9997,0,-9
778.091,778.091,-9,126,99,0,75,100,1,-10,0,9,-51,1,0.029,0.0025,0.0074,0.9995,0,-9
778.191,778.191,-9,125,99,0,75,100,1,-9,0,9,-50,1,0.0287,0.0028,0.0083,0.9995,0,-9
778.291,778.291,-9,124,99,0,75,100,1,-9,0,9,-49,1,0.0256,0.003,0.0105,0.9996,0,-9
778.391,778.391,-9,122,99,0,75,100,1,-9,0,9,-47,1,0.0222,0.0023,0.0123,0.9997,0,-9
778.491,778.491,-9,121,99,0,75,100,1,-9,0,9,-46,1,0.0199,0.0012,0.0135,0.9997,0,-9
778.601,778.601,-9,120,99,0,75,100,1,-9,0,9,-45,1,0.0179,0.0007,0.0153,0.9997,0,-9
778.701,778.701,-9,118,99,0,75,100,1,-8,0,9,-43,1,0.0177,0.0003,0.0158,0.9997,0,-8
778.801,778.801,-9,117,99,0,75,100,1,-8,0,9,-42,1,0.0181,0.0001,0.016,0.9997,0,-8
778.901,778.901,-9,116,98,0,75,100,1,-8,0,9,-41,2,0.0184,-0.0001,0.0158,0.9997,0,-8
779.001,779.001,-9,114,98,0,75,100,1,-8,0,9,-39,2,0.0189,-0.0001,0.0156,0.9997,0,-8
779.101,779.101,-9,113,98,0,75,100,1,-7,0,9,-38,2,0.0198,0,0.0151,0.9997,0,-7
779.201,779.201,-9,112,98,0,75,100,1,-7,0,9,-37,2,0.0199,0.0004,0.0144,0.9997,0,-7
779.301,779.301,-10,111,99,0,75,100,1,-7,0,10,-36,1,0.0193,0.0011,0.0137,0.9997,0,-7
779.401,779.401,-10,109,99,0,75,100,1,-7,0,10,-34,1,0.0179,0.0013,0.013,0.9998,0,-7
779.501,779.501,-10,109,99,0,75,100,1,-6,0,10,-34,1,0.0162,0.0008,0.0116,0.9998,0,-6
779.601,779.601,-10,108,99,0,75,100,1,-6,0,10,-33,1,0.0154,0.0001,0.0104,0.9998,0,-6
779.701,779.701,-10,106,99,0,75,100,1,-6,0,10,-31,1,0.0155,-0.0003,0.0095,0.9998,0,-6
779.901,779.901,-9,104,98,0,75,100,1,-6,0,9,-29,2,0.0166,-0.0003,0.0071,0.9998,0,-6
780.001,780.001,-9,103,98,0,75,100,1,-5,0,9,-28,2,0.0172,0,0.0058,0.9998,0,-5
780.101,780.101,-9,102,98,0,75,100,1,-5,0,9,-27,2,0.0176,0.0002,0.0047,0.9998,0,-5
780.201,780.201,-9,101,98,0,75,100,1,-5,0,9,-26,2,0.0175,0.0001,0.0035,0.9998,0,-5
780.301,780.301,-8,100,98,0,75,100,1,-5,0,8,-25,2,0.0177,-0.0014,0.0019,0.9998,0,-5
780.401,780.401,-8,99,98,0,75,100,0,-2,0,8,-24,2,0.0186,-0.0034,0.0004,0.9998,0,-1
780.501,780.501,-8,98,98,0,75,100,0,-2,0,8,-23,2,0.0189,-0.0041,-0.0014,0.9998,0,-1
780.601,780.601,-8,97,98,0,75,100,0,-2,0,8,-22,2,0.0193,-0.0036,-0.0029,0.9998,0,-1
780.701,780.701,-8,96,98,0,75,100,0,-2,0,8,-21,2,0.017,-0.0024,-0.0053,0.9998,0,-1
780.801,780.801,-7,95,98,0,75,100,0,-2,0,7,-20,2,0.0149,-0.0018,-0.0071,0.9999,0,-1
780.901,780.901,-7,94,98,0,75,100,0,-2,0,7,-19,2,0.0151,-0.0019,-0.0079,0.9999,0,-1
781.001,781.001,-7,94,97,0,75,100,0,-2,0,7,-19,3,0.0155,-0.0024,-0.0085,0.9998,0,-1
781.101,781.101,-6,93,97,0,75,100,0,-2,0,6,-18,3,0.0165,-0.0035,-0.0091,0.9998,0,-1
781.201,781.201,-6,93,97,0,75,100,0,-2,0,6,-18,3,0.0173,-0.0046,-0.0093,0.9998,0,-1
781.301,781.301,-6,92,97,0,75,100,0,-2,0,6,-17,3,0.0176,-0.0047,-0.0093,0.9998,0,-1
781.401,781.401,-6,92,98,0,75,100,0,-2,0,6,-17,2,0.0173,-0.0046,-0.0089,0.9998,0,-1
781.501,781.501,-5,91,98,0,75,100,0,-1,0,5,-16,2,0.0172,-0.0044,-0.0085,0.9998,0,0
781.601,781.601,-5,91,98,0,75,100,0,-1,0,5,-16,2,0.0171,-0.0039,-0.0079,0.9998,0,0
781.701,781.701,-5,91,97,0,75,100,0,-1,0,5,-16,3,0.0168,-0.0039,-0.0071,0.9998,0,0
781.801,781.801,-5,90,97,0,75,100,0,-1,0,5,-15,3,0.0157,-0.0039,-0.0063,0.9998,0,0
781.901,781.901,-4,90,97,0,75,100,0,-1,0,4,-15,3,0.0156,-0.0042,-0.005,0.9999,0,0
782.001,782.001,-4,90,97,0,75,100,0,-1,0,4,-15,3,0.0156,-0.0042,-0.005,0.9999,0,0
782.101,782.101,-4,89,97,0,75,100,0,-1,0,4,-14,3,0.0153,-0.0034,-0.0013,0.9999,0,0
782.201,782.201,-4,89,97,0,75,100,0,-1,0,4,-14,3,0.0149,-0.0026,0.002,0.9999,0,0
782.301,782.301,-4,89,97,0,75,100,0,-1,0,4,-14,3,0.0149,-0.0026,0.002,0.9999,0,0
782.401,782.401,-3,89,97,0,75,100,0,-1,0,3,-14,3,0.0147,-0.0018,0.0054,0.9999,0,0
782.501,782.501,-3,89,97,0,75,100,0,-1,0,3,-14,3,0.0147,-0.001,0.0082,0.9999,0,0
782.601,782.601,-3,88,97,0,75,100,0,-1,0,3,-13,3,0.0154,-0.0005,0.0113,0.9998,0,0
782.701,782.701,-3,88,97,0,75,100,0,-1,0,3,-13,3,0.0162,-0.0004,0.0135,0.9998,0,0
782.801,782.801,-3,88,97,0,75,100,0,-1,0,3,-13,3,0.0165,-0.0004,0.0148,0.9998,0,0
782.901,782.901,-3,87,97,0,75,100,0,-1,0,3,-12,3,0.0162,-0.0007,0.0161,0.9997,0,0
783.011,783.011,-3,87,97,0,75,100,0,-1,0,3,-12,3,0.0138,-0.0006,0.0172,0.9998,0,0
783.111,783.111,-3,87,97,0,75,100,0,-1,0,3,-12,3,0.0136,0,0.0173,0.9998,0,0
783.211,783.211,-3,87,97,0,75,100,0,-1,0,3,-12,3,0.0141,0.0006,0.0171,0.9998,0,0
783.311,783.311,-3,87,97,0,75,100,0,-1,0,3,-12,3,0.0144,0.0008,0.0164,0.9998,0,0
783.411,783.411,-3,87,97,0,75,100,0,-1,0,3,-12,3,0.0149,0.0004,0.0157,0.9998,0,0
783.511,783.511,-2,87,97,0,75,100,0,-1,0,2,-12,3,0.015,-0.0002,0.0148,0.9998,0,0
783.611,783.611,-2,87,97,0,75,100,0,-1,0,2,-12,3,0.0143,-0.0011,0.0136,0.9998,0,0
783.711,783.711,-2,86,97,0,75,100,0,-1,0,2,-11,3,0.0137,-0.0013,0.0122,0.9998,0,0
783.811,783.811,-2,87,97,0,75,100,0,-1,0,2,-12,3,0.0131,-0.0017,0.0105,0.9999,0,0
783.911,783.911,-1,87,97,0,75,100,0,-1,0,1,-12,3,0.0132,-0.0018,0.0085,0.9999,0,0
784.011,784.011,-1,87,97,0,75,100,0,-1,0,1,-12,3,0.0142,-0.0017,0.0061,0.9999,0,0
784.111,784.111,-1,87,97,0,75,100,0,-1,0,1,-12,3,0.015,-0.0018,0.0041,0.9999,0,0
784.211,784.211,0,87,97,0,75,100,0,-1,0,0,-12,3,0.0156,-0.0022,0.0024,0.9999,0,0
784.311,784.311,0,87,97,0,75,100,0,-1,0,0,-12,3,0.016,-0.0031,0.0009,0.9999,0,0
784.411,784.411,1,87,97,0,75,100,0,-1,0,-1,-12,3,0.0162,-0.0038,-0.0004,0.9999,0,0
784.511,784.511,1,88,97,0,75,100,0,-1,0,-1,-13,3,0.0165,-0.0052,-0.0021,0.9998,0,0
784.611,784.611,2,88,97,0,75,100,0,-1,0,-2,-13,3,0.0167,-0.0062,-0.0038,0.9998,0,0
784.711,784.711,2,88,97,0,75,100,0,-1,0,-2,-13,3,0.0166,-0.0065,-0.0051,0.9998,0,0
784.811,784.811,3,88,97,0,75,100,0,-1,0,-3,-13,3,0.0161,-0.006,-0.0067,0.9998,0,0
784.911,784.911,3,89,97,0,75,100,0,-1,0,-3,-14,3,0.0161,-0.0056,-0.0075,0.9998,0,0
785.011,785.011,3,89,97,0,75,100,0,-1,0,-3,-14,3,0.0158,-0.0053,-0.0078,0.9998,0,0
785.111,785.111,4,89,97,0,75,100,0,-1,0,-4,-14,3,0.016,-0.0054,-0.0075,0.9998,0,0
785.211,785.211,4,89,97,0,75,100,0,-1,0,-4,-14,3,0.0156,-0.0055,-0.0064,0.9998,0,0
785.311,785.311,5,90,97,0,75,100,0,-1,0,-5,-15,3,0.0154,-0.0056,-0.0046,0.9999,0,0
785.411,785.411,5,91,96,0,75,100,0,-1,1,-5,-16,4,0.0158,-0.0063,-0.0018,0.9999,0,0
785.511,785.511,6,91,96,0,75,100,0,-1,1,-6,-16,4,0.0161,-0.0069,0.0009,0.9998,0,0
785.611,785.611,6,92,96,0,75,100,0,-2,1,-6,-17,4,0.0165,-0.0072,0.0029,0.9998,0,-1
785.711,785.711,6,92,97,0,75,100,0,-2,0,-6,-17,3,0.0164,-0.0073,0.0048,0.9998,0,-1
785.811,785.811,7,92,96,0,75,100,0,-2,1,-7,-17,4,0.0165,-0.0073,0.0065,0.9998,0,-1
785.911,785.911,7,93,96,0,75,100,0,-2,1,-7,-18,4,0.016,-0.007,0.0074,0.9998,0,-1
786.011,786.011,7,94,97,0,75,100,0,-2,0,-7,-19,3,0.0158,-0.0064,0.0077,0.9998,0,-1
786.111,786.111,8,94,96,0,75,100,0,-2,1,-8,-19,4,0.0158,-0.0064,0.0077,0.9998,0,-1
786.211,786.211,8,95,96,0,75,100,0,-2,1,-8,-20,4,0.0154,-0.0064,0.0074,0.9998,0,-1
786.311,786.311,8,95,96,0,75,100,0,-2,1,-8,-20,4,0.0153,-0.0064,0.0068,0.9998,0,-1
786.411,786.411,9,96,97,0,75,100,0,-2,0,-9,-21,3,0.0156,-0.0062,0.0061,0.9998,0,-1
786.511,786.511,9,96,97,0,75,100,0,-2,0,-9,-21,3,0.0163,-0.006,0.0052,0.9998,0,-1
786.611,786.611,10,97,97,0,75,100,0,-2,0,-10,-22,3,0.0171,-0.0059,0.0047,0.9998,0,-1
786.711,786.711,10,97,97,0,75,100,0,-2,0,-10,-22,3,0.0171,-0.0059,0.0047,0.9998,0,-1
786.811,786.811,10,98,96,0,75,100,0,-2,1,-10,-23,4,0.0179,-0.0059,0.0038,0.9998,0,-1
786.911,786.911,10,98,96,0,75,100,0,-2,1,-10,-23,4,0.0182,-0.0059,0.0034,0.9998,0,-1
787.011,787.011,10,99,96,0,75,100,0,-2,1,-10,-24,4,0.0186,-0.0058,0.0032,0.9998,0,-1
787.111,787.111,10,99,96,0,75,100,0,-2,1,-10,-24,4,0.0181,-0.0055,0.003,0.9998,0,-1
787.211,787.211,10,100,96,0,75,100,0,-5,1,-10,-25,4,0.0173,-0.005,0.0028,0.9998,0,-4
787.311,787.311,10,100,97,0,75,100,0,-5,0,-10,-25,3,0.0166,-0.0042,0.0024,0.9999,0,-4
787.411,787.411,10,101,97,0,75,100,0,-5,0,-10,-26,3,0.0163,-0.0035,0.0015,0.9999,0,-4
787.521,787.521,10,101,97,0,75,100,0,-5,0,-10,-26,3,0.02,-0.0042,-0.0012,0.9998,0,-4
787.621,787.621,10,101,97,0,75,100,0,-5,0,-10,-26,3,0.0219,-0.0046,-0.0023,0.9997,0,-4
787.721,787.721,11,101,98,0,75,100,0,-5,0,-11,-26,2,0.022,-0.0048,-0.0031,0.9997,0,-4
787.821,787.821,11,102,98,0,75,100,0,-5,0,-11,-27,2,0.0214,-0.0048,-0.004,0.9998,0,-4
787.921,787.921,11,102,98,0,75,100,0,-5,0,-11,-27,2,0.0187,-0.0047,-0.0052,0.9998,0,-4
788.021,788.021,10,102,98,0,75,100,0,-5,0,-10,-27,2,0.0175,-0.004,-0.0057,0.9998,0,-4
788.121,788.121,10,102,98,0,75,100,0,-5,0,-10,-27,2,0.0164,-0.0029,-0.006,0.9998,0,-4
788.221,788.221,10,102,98,0,75,100,0,-5,0,-10,-27,2,0.0156,-0.0022,-0.006,0.9999,0,-4
788.321,788.321,10,102,98,0,75,100,0,-5,0,-10,-27,2,0.0156,-0.0019,-0.0058,0.9999,0,-4
788.421,788.421,10,102,97,0,75,100,0,-5,0,-10,-27,3,0.0165,-0.0016,-0.0051,0.9998,0,-4
788.521,788.521,10,102,97,0,75,100,0,-5,0,-10,-27,3,0.0181,-0.0014,-0.0035,0.9998,0,-4
788.621,788.621,9,102,97,0,75,100,0,-5,0,-9,-27,3,0.0186,-0.0015,-0.002,0.9998,0,-4
788.721,788.721,9,101,97,0,75,100,0,-5,0,-9,-26,3,0.018,-0.0016,0.0002,0.9998,0,-4
788.821,788.821,9,101,97,0,75,100,0,-5,0,-9,-26,3,0.017,-0.0016,0.003,0.9999,0,-4
788.921,788.921,9,101,97,0,75,100,0,-5,0,-9,-26,3,0.0167,-0.0012,0.0054,0.9998,0,-4
789.021,789.021,9,101,97,0,75,100,0,-5,0,-9,-26,3,0.0169,-0.0007,0.0077,0.9998,0,-4
789.121,789.121,9,101,98,0,75,100,0,-5,0,-9,-26,2,0.017,-0.0001,0.0105,0.9998,0,-4
789.221,789.221,9,100,97,0,75,100,0,-5,0,-9,-25,3,0.0166,-0.0007,0.0123,0.9998,0,-4
789.321,789.321,9,100,98,0,75,100,0,-5,0,-9,-25,2,0.0159,-0.001,0.0133,0.9998,0,-4
789.421,789.421,9,100,98,0,75,100,0,-5,0,-9,-25,2,0.0158,-0.0006,0.0142,0.9998,0,-4
789.521,789.521,9,99,98,0,75,100,0,-2,0,-9,-24,2,0.0165,-0.0003,0.0145,0.9998,0,-1
789.621,789.621,8,99,97,0,75,100,0,-2,0,-8,-24,3,0.0175,-0.0006,0.0144,0.9997,0,-1
789.721,789.721,8,99,97,0,75,100,0,-2,0,-8,-24,3,0.0187,-0.0007,0.014,0.9997,0,-1
789.821,789.821,8,99,97,0,75,100,0,-2,0,-8,-24,3,0.0181,-0.0009,0.0133,0.9997,0,-1
789.921,789.921,7,98,97,0,75,100,0,-2,0,-7,-23,3,0.0166,-0.0012,0.0122,0.9998,0,-1
790.021,790.021,7,97,97,0,75,100,0,-2,0,-7,-22,3,0.0158,-0.001,0.0113,0.9998,0,-1
790.121,790.121,6,97,97,0,75,100,0,-2,0,-6,-22,3,0.0157,-0.001,0.0103,0.9998,0,-1
790.221,790.221,6,96,97,0,75,100,0,-2,0,-6,-21,3,0.0159,-0.0007,0.0098,0.9998,0,-1
790.321,790.321,6,96,97,0,75,100,0,-2,0,-6,-21,3,0.0169,-0.001,0.009,0.9998,0,-1
790.421,790.421,6,96,97,0,75,100,0,-2,0,-6,-21,3,0.0172,-0.0012,0.0078,0.9998,0,-1
790.521,790.521,6,95,96,0,75,100,0,-2,1,-6,-20,4,0.0177,-0.001,0.0068,0.9998,0,-1
790.621,790.621,6,95,97,0,75,100,0,-2,0,-6,-20,3,0.0188,0.0007,0.0053,0.9998,0,-1
790.721,790.721,6,95,96,0,75,100,0,-2,1,-6,-20,4,0.019,0.0017,0.0036,0.9998,0,-1
790.821,790.821,6,94,96,0,75,100,0,-2,1,-6,-19,4,0.019,0.0017,0.0036,0.9998,0,-1
790.921,790.921,6,94,96,0,75,100,0,-2,1,-6,-19,4,0.0149,-0.0023,-0.0032,0.9999,0,-1
791.021,791.021,5,93,97,0,75,100,0,-2,0,-5,-18,3,0.0149,-0.0023,-0.0032,0.9999,0,-1
791.121,791.121,5,92,97,0,75,100,0,-2,0,-5,-17,3,0.0133,-0.0042,-0.0062,0.9999,0,-1
791.221,791.221,5,92,97,0,75,100,0,-2,0,-5,-17,3,0.0136,-0.0054,-0.009,0.9999,0,-1
791.321,791.321,5,92,97,0,75,100,0,-2,0,-5,-17,3,0.0143,-0.0064,-0.0109,0.9998,0,-1
791.421,791.421,4,92,97,0,75,100,0,-2,0,-4,-17,3,0.0148,-0.0065,-0.0118,0.9998,0,-1
791.521,791.521,4,92,98,0,75,100,0,-2,0,-4,-17,2,0.0157,-0.0056,-0.0128,0.9998,0,-1
791.631,791.631,4,91,98,0,75,100,0,-1,0,-4,-16,2,0.0188,-0.0034,-0.0137,0.9997,0,0
791.731,791.731,4,91,98,0,75,100,0,-1,0,-4,-16,2,0.0191,-0.0024,-0.0134,0.9997,0,0
791.831,791.831,4,90,98,0,75,100,0,-1,0,-4,-15,2,0.019,-0.0018,-0.0127,0.9997,0,0
791.931,791.931,3,90,98,0,75,100,0,-1,0,-3,-15,2,0.0181,-0.0015,-0.0119,0.9998,0,0
792.031,792.031,3,89,98,0,75,100,0,-1,0,-3,-14,2,0.017,-0.0006,-0.0109,0.9998,0,0
792.131,792.131,3,89,98,0,75,100,0,-1,0,-3,-14,2,0.0169,0.0002,-0.0101,0.9998,0,0
792.231,792.231,2,88,98,0,75,100,0,-1,0,-2,-13,2,0.0172,0.0008,-0.0088,0.9998,0,0
792.331,792.331,2,88,99,0,75,100,0,-1,0,-2,-13,1,0.0176,0.0006,-0.0079,0.9998,0,0
792.431,792.431,2,87,99,0,75,100,0,-1,0,-2,-12,1,0.0186,-0.0004,-0.0064,0.9998,0,0
792.531,792.531,2,87,98,0,75,100,0,-1,0,-2,-12,2,0.0192,-0.0016,-0.0045,0.9998,0,0
792.631,792.631,2,86,98,0,75,100,0,-1,0,-2,-11,2,0.0195,-0.0024,-0.0026,0.9998,0,0
792.731,792.731,2,86,98,0,75,100,0,-1,0,-2,-11,2,0.019,-0.0025,-0.0009,0.9998,0,0
792.831,792.831,2,85,98,0,75,100,0,-1,0,-2,-10,2,0.0183,-0.0021,0.0015,0.9998,0,0
792.931,792.931,2,85,98,0,75,100,0,-1,0,-2,-10,2,0.0178,-0.0016,0.0042,0.9998,0,0
793.031,793.031,2,85,98,0,75,100,0,-1,0,-2,-10,2,0.0176,-0.0014,0.0064,0.9998,0,0
793.131,793.131,1,85,98,0,75,100,0,-1,0,-1,-10,2,0.0178,-0.0011,0.0084,0.9998,0,0
793.231,793.231,1,84,98,0,75,100,0,-1,0,-1,-9,2,0.0183,-0.0009,0.0102,0.9998,0,0
793.331,793.331,1,84,98,0,75,100,0,-1,0,-1,-9,2,0.0183,-0.0007,0.0107,0.9998,0,0
793.431,793.431,1,83,97,0,75,100,0,-1,0,-1,-8,3,0.0178,-0.0002,0.0111,0.9998,0,0
793.531,793.531,1,83,97,0,75,100,0,-1,0,-1,-8,3,0.0172,0.0002,0.0111,0.9998,0,0
793.631,793.631,1,83,98,0,-25,100,0,-20,0,-1,-108,2,0.0167,0.0005,0.0105,0.9998,0,-19
793.731,793.731,1,82,97,0,-25,100,0,-21,0,-1,-107,3,0.0172,0.0009,0.0091,0.9998,0,-20
793.831,793.831,1,82,97,0,-25,100,0,-21,0,-1,-107,3,0.0181,0.0013,0.0063,0.9998,0,-20
793.931,793.931,1,81,98,0,-25,100,0,-21,0,-1,-106,2,0.0345,0.0011,0.001,0.9994,0,-20
794.031,794.031,1,81,98,0,-25,100,0,-20,0,-1,-106,2,0.043,0.0013,-0.0017,0.9991,0,-19
794.131,794.131,1,79,98,0,-25,100,0,-20,0,-1,-104,2,0.0431,0.0004,-0.0039,0.9991,0,-19
794.231,794.231,1,78,98,0,-25,100,0,-20,0,-1,-103,2,0.0364,-0.001,-0.0072,0.9993,0,-19
794.331,794.331,2,76,98,0,-25,100,0,-20,0,-2,-101,2,0.0268,-0.0023,-0.0103,0.9996,0,-19
794.431,794.431,2,75,98,0,-25,100,0,-19,0,-2,-100,2,0.0225,-0.0026,-0.0116,0.9997,0,-18
794.531,794.531,2,73,98,0,-25,100,0,-19,0,-2,-98,2,0.0225,-0.0026,-0.0116,0.9997,0,-18
794.631,794.631,2,70,98,0,-25,100,0,-19,0,-2,-95,2,0.0219,-0.0028,-0.012,0.9997,0,-18
794.731,794.731,2,68,98,0,-25,100,0,-18,0,-2,-93,2,0.0225,-0.0023,-0.0113,0.9997,0,-17
794.831,794.831,2,66,98,0,-25,100,0,-18,0,-2,-91,2,0.0234,-0.0023,-0.0106,0.9997,0,-17
794.931,794.931,2,63,98,0,-25,100,0,-17,0,-2,-88,2,0.0234,-0.0023,-0.0106,0.9997,0,-16
795.031,795.031,2,61,98,0,-25,100,0,-17,0,-2,-86,2,0.0229,-0.0016,-0.0094,0.9997,0,-16
795.131,795.131,2,59,98,0,-25,100,0,-17,0,-2,-84,2,0.0226,-0.0014,-0.009,0.9997,0,-16
795.231,795.231,2,56,98,0,-25,100,0,-16,0,-2,-81,2,0.0214,-0.0014,-0.0085,0.9997,0,-15
795.331,795.331,2,54,98,0,-25,100,0,-16,0,-2,-79,2,0.0214,-0.0014,-0.0085,0.9997,0,-15
795.431,795.431,2,51,98,0,-25,100,0,-15,0,-2,-76,2,0.0207,-0.001,-0.0076,0.9998,0,-14
795.531,795.531,3,48,98,0,-25,100,0,-14,0,-3,-73,2,0.0214,-0.0007,-0.0064,0.9997,0,-13
795.631,795.631,3,46,97,0,-25,100,0,-14,0,-3,-71,3,0.0213,-0.0008,-0.0053,0.9998,0,-13
795.731,795.731,3,43,98,0,-25,100,0,-13,0,-3,-68,2,0.0204,-0.0006,-0.0047,0.9998,0,-12
795.841,795.841,3,41,97,0,-25,100,0,-13,0,-3,-66,3,0.0164,0.0007,-0.0045,0.9999,0,-12
795.931,795.931,3,39,98,0,-25,100,0,-13,0,-3,-64,2,0.0164,0.0007,-0.0045,0.9999,0,-12
796.041,796.041,3,37,98,0,-25,100,0,-12,0,-3,-62,2,0.0172,0.0018,-0.0048,0.9998,0,-11
796.141,796.141,3,34,98,0,-25,100,0,-12,0,-3,-59,2,0.019,0.0024,-0.0036,0.9998,0,-11
796.241,796.241,4,31,98,0,-25,100,0,-11,0,-4,-56,2,0.0202,0.0023,-0.0015,0.9998,0,-10
796.341,796.341,4,29,98,0,-25,100,0,-11,0,-4,-54,2,0.0201,0.0013,0.0013,0.9998,0,-10
796.441,796.441,4,26,98,0,-25,100,0,-10,0,-4,-51,2,0.0189,0.0005,0.0042,0.9998,0,-9
796.541,796.541,5,24,98,0,-25,100,0,-10,0,-5,-49,2,0.0172,0.0013,0.0071,0.9998,0,-9
796.641,796.641,5,21,99,0,-25,100,0,-9,0,-5,-46,1,0.0159,0.0026,0.0105,0.9998,0,-8
796.741,796.741,5,19,99,0,-25,100,0,-9,0,-5,-44,1,0.0149,0.0024,0.013,0.9998,0,-8
796.841,796.841,6,17,99,0,-25,100,0,-8,0,-6,-42,1,0.0153,0.0019,0.0152,0.9998,0,-7
796.941,796.941,6,15,99,0,-25,100,0,-8,0,-6,-40,1,0.0158,0.0007,0.0161,0.9997,0,-7
797.041,797.041,7,12,100,0,-25,100,0,-7,0,-7,-37,0,0.0161,-0.0008,0.0163,0.9997,0,-6
797.141,797.141,8,10,99,0,-25,100,0,-7,0,-8,-35,1,0.0163,-0.0012,0.0157,0.9997,0,-6
797.241,797.241,8,8,100,0,-25,100,0,-6,0,-8,-33,0,0.0153,0.0005,0.0137,0.9998,0,-5
797.341,797.341,9,5,100,0,-25,100,0,-6,0,-9,-30,0,0.0141,0.0022,0.0117,0.9998,0,-5
797.441,797.441,9,3,100,0,-25,100,0,-5,0,-9,-28,0,0.014,0.0028,0.0095,0.9999,0,-4
797.541,797.541,10,1,100,0,-25,100,0,-5,0,-10,-26,0,0.0153,0.0033,0.0074,0.9999,0,-4
797.641,797.641,11,-2,100,0,-25,100,0,-2,0,-11,-23,0,0.0161,0.0033,0.0051,0.9999,0,-1
797.741,797.741,12,-4,100,0,-25,100,0,-2,0,-12,-21,0,0.0159,0.0023,0.0031,0.9999,0,-1
797.841,797.841,12,-6,100,0,-25,100,0,-2,0,-12,-19,0,0.0149,-0.0003,0.0012,0.9999,0,-1
797.941,797.941,13,-7,100,0,-25,100,0,-2,0,-13,-18,0,0.0128,-0.0024,0.0002,0.9999,0,-1
798.041,798.041,14,-8,100,0,-25,100,0,-2,0,-14,-17,0,0.0108,-0.0037,-0.0007,0.9999,0,-1
798.141,798.141,15,-10,100,0,-25,100,0,-1,0,-15,-15,0,0.0105,-0.0034,-0.0012,0.9999,0,0
798.241,798.241,15,-11,100,0,-25,100,0,-1,0,-15,-14,0,0.0105,-0.0019,-0.0023,0.9999,0,0
798.341,798.341,16,-12,100,0,-25,100,0,-1,0,-16,-13,0,0.0109,-0.0002,-0.0039,0.9999,0,0
798.441,798.441,16,-14,100,0,-25,100,0,-1,0,-16,-11,0,0.0112,0.0007,-0.0051,0.9999,0,0
798.541,798.541,17,-15,100,0,-25,100,0,-1,0,-17,-10,0,0.0113,0.0011,-0.006,0.9999,0,0
798.641,798.641,18,-16,100,0,-25,100,0,-1,0,-18,-9,0,0.0119,0.0006,-0.007,0.9999,0,0
798.741,798.741,18,-16,101,0,-25,100,-2,-1,0,-18,-9,-1,0.0119,0.0006,-0.007,0.9999,-1,-1
798.841,798.841,19,-17,101,0,-25,100,-2,-1,0,-19,-8,-1,0.0127,-0.0007,-0.008,0.9999,-1,-1
798.941,798.941,19,-18,101,0,-25,100,-2,-1,0,-19,-7,-1,0.0127,-0.001,-0.0077,0.9999,-1,-1
799.041,799.041,20,-18,101,0,-25,100,-2,-1,0,-20,-7,-1,0.0125,-0.0009,-0.0071,0.9999,-1,-1
799.141,799.141,20,-19,101,0,-25,100,-2,-1,0,-20,-6,-1,0.0123,-0.0004,-0.0059,0.9999,-1,-1
799.241,799.241,21,-19,101,0,-25,100,-2,0,0,-21,-6,-1,0.0116,-0.0001,-0.0046,0.9999,-1,0
799.341,799.341,21,-20,101,0,-25,100,-2,0,0,-21,-5,-1,0.0117,-0.0001,-0.0025,0.9999,-1,0
799.441,799.441,21,-20,101,0,-25,100,-2,0,0,-21,-5,-1,0.012,-0.0009,-0.0004,0.9999,-1,0
799.541,799.541,22,-20,101,0,-25,100,-2,0,0,-22,-5,-1,0.0111,-0.0011,0.0016,0.9999,-1,0
799.641,799.641,22,-20,101,0,-25,100,-2,0,0,-22,-5,-1,0.0111,-0.0011,0.0016,0.9999,-1,0
799.741,799.741,23,-20,101,0,-25,100,-2,0,0,-23,-5,-1,0.0099,-0.0014,0.0033,0.9999,-1,0
799.841,799.841,23,-20,101,0,-25,100,-2,0,0,-23,-5,-1,0.01,-0.0014,0.0049,0.9999,-1,0
799.941,799.941,24,-20,101,0,-25,100,-2,0,0,-24,-5,-1,0.0103,-0.0009,0.0061,0.9999,-1,0
800.041,800.041,24,-20,101,0,-25,100,-2,0,0,-24,-5,-1,0.0114,-0.0003,0.0067,0.9999,-1,0
800.141,800.141,24,-20,101,0,-25,100,-2,0,0,-24,-5,-1,0.0123,0,0.0068,0.9999,-1,0
800.251,800.251,25,-20,101,0,-25,100,-2,0,0,-25,-5,-1,0.0137,0.0006,0.0061,0.9999,-1,0
800.351,800.351,25,-20,101,0,-25,100,-2,0,0,-25,-5,-1,0.0137,0.0004,0.0057,0.9999,-1,0
800.451,800.451,26,-20,101,0,-25,100,-2,0,0,-26,-5,-1,0.0128,0,0.0048,0.9999,-1,0
800.551,800.551,26,-20,100,0,-25,100,-2,0,0,-26,-5,0,0.0117,-0.0008,0.0038,0.9999,-1,0
800.651,800.651,27,-20,101,0,-25,100,-5,0,0,-27,-5,-1,0.0106,-0.0013,0.0028,0.9999,-4,0
800.751,800.751,27,-20,101,0,-25,100,-5,0,0,-27,-5,-1,0.0098,-0.0012,0.0018,0.9999,-4,0
800.851,800.851,27,-20,101,0,-25,100,-5,0,0,-27,-5,-1,0.0098,-0.0012,0.0018,0.9999,-4,0
800.951,800.951,28,-20,101,0,-25,100,-5,0,0,-28,-5,-1,0.0105,-0.003,0.0002,0.9999,-4,0
801.051,801.051,28,-19,101,0,-25,100,-5,0,0,-28,-6,-1,0.0116,-0.0048,-0.0016,0.9999,-4,0
801.151,801.151,29,-19,101,0,-25,100,-5,-1,0,-29,-6,-1,0.0133,-0.0057,-0.0029,0.9999,-4,-1
801.251,801.251,29,-18,101,0,-25,100,-5,-1,0,-29,-7,-1,0.0141,-0.0053,-0.0038,0.9999,-4,-1
801.351,801.351,29,-18,101,0,-25,100,-5,-1,0,-29,-7,-1,0.0142,-0.0042,-0.0043,0.9999,-4,-1
801.451,801.451,29,-17,101,0,-25,100,-5,-1,0,-29,-8,-1,0.0135,-0.0031,-0.0047,0.9999,-4,-1
801.551,801.551,28,-17,101,0,-25,100,-5,-1,0,-28,-8,-1,0.0125,-0.0028,-0.005,0.9999,-4,-1
801.651,801.651,28,-17,101,0,-25,100,-5,-1,0,-28,-8,-1,0.0118,-0.0036,-0.0051,0.9999,-4,-1
801.751,801.751,29,-17,101,0,-25,100,-5,-1,0,-29,-8,-1,0.011,-0.0047,-0.0057,0.9999,-4,-1
801.851,801.851,29,-16,101,0,-25,100,-5,-1,0,-29,-9,-1,0.0103,-0.0054,-0.0062,0.9999,-4,-1
801.951,801.951,29,-16,101,0,-25,100,-5,-1,0,-29,-9,-1,0.0101,-0.0055,-0.0063,0.9999,-4,-1
802.051,802.051,28,-16,101,0,-25,100,-5,-1,0,-28,-9,-1,0.01,-0.0051,-0.0061,0.9999,-4,-1
802.151,802.151,28,-15,101,0,-25,100,-5,-1,0,-28,-10,-1,0.0107,-0.0045,-0.0052,0.9999,-4,-1
802.251,802.251,28,-15,101,0,-25,100,-5,-1,0,-28,-10,-1,0.0114,-0.004,-0.0041,0.9999,-4,-1
802.351,802.351,27,-14,101,0,-25,100,-5,-1,0,-27,-11,-1,0.0125,-0.0037,-0.0025,0.9999,-4,-1
802.451,802.451,27,-13,101,0,-25,100,-5,-1,0,-27,-12,-1,0.0127,-0.004,-0.0011,0.9999,-4,-1
802.551,802.551,27,-13,101,0,-25,100,-5,-1,0,-27,-12,-1,0.0119,-0.0054,0.0006,0.9999,-5,0
802.651,802.651,26,-12,100,0,-25,100,-2,-1,0,-26,-13,0,0.0115,-0.0062,0.0025,0.9999,-2,0
802.751,802.751,26,-11,101,0,-25,100,-2,-1,0,-26,-14,-1,0.0118,-0.0065,0.0041,0.9999,-2,0
802.851,802.851,26,-10,101,0,-25,100,-2,-1,0,-26,-15,-1,0.0122,-0.0068,0.0052,0.9999,-2,0
802.951,802.951,25,-10,101,0,-25,100,-2,-1,0,-25,-15,-1,0.0129,-0.0061,0.006,0.9999,-2,0
803.051,803.051,25,-9,101,0,-25,100,-2,-1,0,-25,-16,-1,0.0129,-0.0061,0.006,0.9999,-2,0
803.151,803.151,24,-8,101,0,-25,100,-1,-2,0,-24,-17,-1,0.014,-0.0039,0.0063,0.9999,-1,-1
803.251,803.251,24,-8,101,0,-25,100,-1,-2,0,-24,-17,-1,0.0129,-0.0049,0.0054,0.9999,-1,-1
803.351,803.351,24,-7,101,0,-25,100,-1,-2,0,-24,-18,-1,0.0125,-0.0062,0.0043,0.9999,-1,-1
803.451,803.451,24,-6,101,0,-25,100,-1,-2,0,-24,-19,-1,0.0128,-0.0071,0.0027,0.9999,-1,-1
803.551,803.551,24,-6,100,0,-25,100,-1,-2,0,-24,-19,0,0.0137,-0.0076,0.0013,0.9999,-1,-1
803.651,803.651,24,-5,100,0,-25,100,-1,-2,0,-24,-20,0,0.0144,-0.0078,-0.0001,0.9999,0,-1
803.751,803.751,23,-4,100,0,-25,100,-1,-2,0,-23,-21,0,0.0144,-0.0077,-0.0017,0.9999,0,-2
803.851,803.851,23,-4,100,0,-25,100,-1,-2,0,-23,-21,0,0.015,-0.0076,-0.0033,0.9999,0,-2
803.951,803.951,22,-2,101,0,-25,100,-1,-2,0,-22,-23,-1,0.0158,-0.0073,-0.0045,0.9998,0,-2
804.051,804.051,22,-1,101,0,-25,100,-1,-2,0,-22,-24,-1,0.0158,-0.0073,-0.0045,0.9998,0,-2
804.151,804.151,21,-1,101,0,-25,100,-1,-2,0,-21,-24,-1,0.0166,-0.0067,-0.0051,0.9998,0,-2
804.251,804.251,20,0,101,0,-25,100,-1,-5,0,-20,-25,-1,0.0172,-0.0063,-0.0053,0.9998,0,-5
804.351,804.351,19,1,101,0,-25,100,-1,-5,0,-19,-26,-1,0.0174,-0.0061,-0.0048,0.9998,0,-5
804.451,804.451,18,2,101,0,-25,100,-1,-5,0,-18,-27,-1,0.0166,-0.0051,-0.0036,0.9998,0,-5
804.551,804.551,17,3,101,0,-25,100,0,-5,0,-17,-28,-1,0.0156,-0.004,-0.0021,0.9999,0,-4
804.651,804.651,17,3,100,0,-25,100,0,-5,0,-17,-28,0,0.0169,-0.0031,-0.0006,0.9999,0,-4
804.761,804.761,16,4,100,0,-25,100,0,-5,0,-16,-29,0,0.0188,-0.0024,0.0014,0.9998,0,-4
804.861,804.861,15,4,100,0,-25,100,0,-6,0,-15,-29,0,0.0185,-0.0027,0.0021,0.9998,0,-5
804.961,804.961,15,5,100,0,-25,100,0,-6,0,-15,-30,0,0.0178,-0.0031,0.0029,0.9998,0,-5
805.061,805.061,14,5,100,0,-25,100,0,-6,0,-14,-30,0,0.0175,-0.0035,0.0031,0.9998,0,-5
805.161,805.161,13,5,100,0,-25,100,0,-6,0,-13,-30,0,0.0174,-0.004,0.0031,0.9998,0,-5
805.261,805.261,13,5,100,0,-25,100,0,-6,0,-13,-30,0,0.0173,-0.0041,0.0028,0.9998,0,-5
805.361,805.361,12,5,99,0,-25,100,0,-6,0,-12,-30,1,0.0164,-0.0034,0.0022,0.9999,0,-5
805.461,805.461,11,6,99,0,-25,100,0,-6,0,-11,-31,1,0.015,-0.0028,0.0017,0.9999,0,-5
805.561,805.561,11,6,99,0,-25,100,0,-6,0,-11,-31,1,0.0151,-0.0023,0.0013,0.9999,0,-5
805.661,805.661,10,6,99,0,-25,100,0,-6,0,-10,-31,1,0.0146,-0.0019,0.001,0.9999,0,-5
805.761,805.761,9,6,99,0,-25,100,0,-6,0,-9,-31,1,0.0145,-0.0015,0.0008,0.9999,0,-5
805.861,805.861,9,7,99,0,-25,100,0,-6,0,-9,-32,1,0.0151,-0.0013,0.0007,0.9999,0,-5
805.961,805.961,8,7,99,0,-25,100,0,-6,0,-8,-32,1,0.0161,-0.0012,0.0006,0.9999,0,-5
806.061,806.061,8,6,99,0,-25,100,0,-6,0,-8,-31,1,0.0171,-0.0016,0.0004,0.9999,0,-5
806.161,806.161,7,6,99,0,-25,100,0,-6,0,-7,-31,1,0.0175,-0.002,0.0003,0.9998,0,-5
806.261,806.261,6,6,99,0,-25,100,0,-6,0,-6,-31,1,0.0173,-0.0023,-0.0004,0.9998,0,-5
806.361,806.361,6,6,99,0,-25,100,0,-6,0,-6,-31,1,0.0173,-0.002,-0.0012,0.9998,0,-5
806.461,806.461,5,7,99,0,-25,100,0,-6,0,-5,-32,1,0.0171,-0.0018,-0.0023,0.9998,0,-5
806.561,806.561,5,6,99,0,-25,100,0,-6,0,-5,-31,1,0.0184,-0.0024,-0.0044,0.9998,0,-5
806.661,806.661,5,6,99,0,-25,100,0,-6,0,-5,-31,1,0.0199,-0.0026,-0.0061,0.9998,0,-5
806.761,806.761,4,6,99,0,-25,100,0,-6,0,-4,-31,1,0.02,-0.0022,-0.0071,0.9998,0,-5
806.861,806.861,4,6,99,0,-25,100,0,-6,0,-4,-31,1,0.0199,-0.0018,-0.0076,0.9998,0,-5
806.961,806.961,4,6,98,0,-25,100,0,-6,0,-4,-31,2,0.0199,-0.0018,-0.0076,0.9998,0,-5
807.061,807.061,4,6,98,0,-25,100,0,-6,0,-4,-31,2,0.0191,-0.0023,-0.0068,0.9998,0,-5
807.161,807.161,3,5,98,0,-25,100,0,-6,0,-3,-30,2,0.0183,-0.002,-0.0053,0.9998,0,-5
807.261,807.261,3,5,98,0,-25,100,0,-5,0,-3,-30,2,0.018,-0.001,-0.0035,0.9998,0,-4
807.361,807.361,2,4,98,0,-25,100,0,-5,0,-2,-29,2,0.0171,-0.0006,-0.0013,0.9999,0,-4
807.461,807.461,2,4,99,0,-25,100,0,-5,0,-2,-29,1,0.0169,0,0.0015,0.9999,0,-4
807.561,807.561,2,3,99,0,-25,100,0,-5,0,-2,-28,1,0.0166,0,0.0037,0.9999,0,-4
807.661,807.661,1,3,99,0,-25,100,0,-5,0,-1,-28,1,0.0165,-0.0001,0.0056,0.9998,0,-4
807.761,807.761,1,2,99,0,-25,100,0,-5,0,-1,-27,1,0.0162,-0.0005,0.0068,0.9998,0,-4
807.861,807.861,1,1,99,0,-25,100,0,-5,0,-1,-26,1,0.0165,-0.001,0.0078,0.9998,0,-4
807.961,807.961,1,1,100,0,-25,100,0,-5,0,-1,-26,0,0.0167,-0.001,0.0078,0.9998,0,-4
808.061,808.061,1,-1,100,0,-25,100,0,-2,0,-1,-24,0,0.0173,-0.0008,0.0075,0.9998,0,-1
808.161,808.161,1,-2,100,0,-25,100,0,-2,0,-1,-23,0,0.018,-0.0003,0.0061,0.9998,0,-1
808.261,808.261,1,-3,100,0,-25,100,0,-2,0,-1,-22,0,0.0179,-0.0008,0.0034,0.9998,0,-1
808.361,808.361,1,-4,100,0,-25,100,0,-2,0,-1,-21,0,0.0179,-0.0008,0.0034,0.9998,0,-1
808.461,808.461,0,-5,100,0,-25,100,0,-2,0,0,-20,0,0.0173,-0.0026,-0.0006,0.9998,0,-1
808.561,808.561,1,-6,100,0,-25,100,0,-2,0,-1,-19,0,0.0152,-0.0041,-0.004,0.9999,0,-1
808.761,808.761,0,-7,99,0,-25,100,0,-2,0,0,-18,1,0.0114,-0.0045,-0.0084,0.9999,0,-1
808.861,808.861,0,-8,100,0,-25,100,0,-2,0,0,-17,0,0.0114,-0.0042,-0.0093,0.9999,0,-1
808.971,808.971,-1,-9,100,0,-25,100,0,-2,0,1,-16,0,0.0139,-0.0043,-0.0092,0.9999,0,-1
809.071,809.071,-1,-9,100,0,-25,100,0,-1,0,1,-16,0,0.0143,-0.0034,-0.0077,0.9999,0,0
809.171,809.171,-1,-10,100,0,-25,100,0,-1,0,1,-15,0,0.0153,-0.0015,-0.0042,0.9999,0,0
809.271,809.271,-1,-11,100,0,-25,100,0,-1,0,1,-14,0,0.0155,0,-0.0017,0.9999,0,0
809.371,809.371,-1,-11,101,0,-25,100,0,-1,0,1,-14,-1,0.0145,0.0008,0.0013,0.9999,0,0
809.471,809.471,-1,-12,101,0,-25,100,0,-1,0,1,-13,-1,0.0129,-0.0004,0.0043,0.9999,0,0
809.571,809.571,-1,-13,101,0,-25,100,0,-1,0,1,-12,-1,0.0116,-0.0018,0.0068,0.9999,0,0
809.671,809.671,-1,-14,101,0,-25,100,0,-1,0,1,-11,-1,0.0111,-0.003,0.0086,0.9999,0,0
809.771,809.771,-1,-14,100,0,-25,100,0,-1,0,1,-11,0,0.0114,-0.0036,0.0096,0.9999,0,0
809.871,809.871,-1,-15,100,0,-25,100,0,-1,0,1,-10,0,0.012,-0.0035,0.0103,0.9999,0,0
809.971,809.971,-1,-16,101,0,-25,100,0,-1,0,1,-9,-1,0.0127,-0.0027,0.0105,0.9999,0,0
810.071,810.071,0,-17,101,0,-25,100,0,-1,0,0,-8,-1,0.0133,-0.0014,0.0102,0.9999,0,0
810.171,810.171,0,-18,101,0,-25,100,0,-1,0,0,-7,-1,0.0136,-0.001,0.01,0.9999,0,0
810.271,810.271,-1,-18,101,0,-25,100,0,-1,0,1,-7,-1,0.0139,-0.0008,0.0088,0.9999,0,0
810.371,810.371,-1,-19,101,150,-25,100,23,0,0,151,-6,-1,0.0149,-0.0005,0.0064,0.9999,22,0
810.471,810.471,-1,-20,102,150,-25,100,23,0,0,151,-5,-2,0.0153,0.0006,0.0038,0.9999,22,0
810.571,810.571,-1,-20,102,150,-25,100,23,0,0,151,-5,-2,0.0151,0.0025,0.0007,0.9999,22,0
810.671,810.671,0,-20,102,150,-25,100,23,0,0,150,-5,-2,0.0137,0.0189,-0.0041,0.9997,22,0
810.771,810.771,1,-21,102,150,-25,100,23,0,0,149,-4,-2,0.0135,0.024,-0.0065,0.9996,22,0
810.871,810.871,2,-21,102,150,-25,100,23,0,0,148,-4,-2,0.014,0.0228,-0.0085,0.9996,22,0
810.971,810.971,3,-21,102,150,-25,100,23,0,0,147,-4,-2,0.014,0.016,-0.0109,0.9997,22,0
811.071,811.071,5,-22,102,150,-25,100,23,0,0,145,-3,-2,0.0145,0.0075,-0.0117,0.9998,22,0
811.171,811.171,7,-22,102,150,-25,100,23,0,0,143,-3,-2,0.0152,0.0033,-0.0129,0.9998,22,0
811.271,811.271,9,-22,102,150,-25,100,23,0,0,141,-3,-2,0.0155,0.0022,-0.0134,0.9998,22,0
811.371,811.371,11,-23,102,150,-25,100,23,0,0,139,-2,-2,0.0154,0.0027,-0.0136,0.9998,22,0
811.471,811.471,14,-23,102,150,-25,100,23,0,0,136,-2,-2,0.0157,0.0056,-0.0135,0.9998,22,0
811.571,811.571,16,-24,102,150,-25,100,23,0,0,134,-1,-2,0.0153,0.0072,-0.0133,0.9998,22,0
811.671,811.671,18,-24,102,150,-25,100,23,0,0,132,-1,-2,0.0139,0.008,-0.0128,0.9998,22,0
811.771,811.771,21,-24,102,150,-25,100,23,0,0,129,-1,-2,0.0131,0.0078,-0.0124,0.9998,22,0
811.871,811.871,24,-25,102,150,-25,100,23,0,0,126,0,-2,0.0119,0.0071,-0.0117,0.9998,22,0
811.971,811.971,27,-25,102,150,-25,100,23,0,0,123,0,-2,0.0113,0.0061,-0.0111,0.9999,22,0
812.071,812.071,29,-25,102,150,-25,100,23,0,0,121,0,-2,0.0118,0.0053,-0.0106,0.9999,22,0
812.171,812.171,32,-26,102,150,-25,100,23,0,0,118,1,-2,0.0129,0.0045,-0.0101,0.9999,22,0
812.271,812.271,35,-26,102,150,-25,100,23,0,0,115,1,-2,0.0138,0.0037,-0.0097,0.9999,22,0
812.371,812.371,38,-26,101,150,-25,100,22,0,0,112,1,-1,0.0143,0.0035,-0.0092,0.9998,21,0
812.471,812.471,41,-26,101,150,-25,100,22,0,0,109,1,-1,0.0145,0.0037,-0.0078,0.9999,21,0
812.571,812.571,45,-27,101,150,-25,100,21,0,0,105,2,-1,0.0145,0.0037,-0.0078,0.9999,20,0
812.671,812.671,48,-27,101,150,-25,100,20,0,0,102,2,-1,0.0147,0.0038,-0.0047,0.9999,19,0
812.771,812.771,51,-27,101,150,-25,100,20,0,0,99,2,-1,0.0147,0.0038,-0.0047,0.9999,19,0
812.871,812.871,54,-27,101,150,-25,100,19,0,0,96,2,-1,0.0154,0.0034,-0.0033,0.9999,18,0
812.971,812.971,58,-27,101,150,-25,100,18,0,0,92,2,-1,0.0153,0.0025,-0.0022,0.9999,17,0
813.071,813.071,61,-27,101,150,-25,100,18,0,0,89,2,-1,0.0144,0.0022,-0.001,0.9999,17,0
813.171,813.171,65,-27,101,150,-25,100,17,0,0,85,2,-1,0.0118,0.0019,0.0004,0.9999,16,0
813.271,813.271,68,-27,101,150,-25,100,16,0,0,82,2,-1,0.0103,0.0016,0.0019,0.9999,15,0
813.371,813.371,71,-27,101,150,-25,100,15,0,0,79,2,-1,0.0105,0.0007,0.0032,0.9999,14,0
813.481,813.481,75,-27,101,150,-25,100,15,0,0,75,2,-1,0.0134,0.0001,0.0055,0.9999,14,0
813.581,813.581,78,-27,101,150,-25,100,14,0,0,72,2,-1,0.0148,-0.0002,0.0066,0.9999,13,0
813.681,813.681,82,-27,101,150,-25,100,13,0,0,68,2,-1,0.0149,-0.0002,0.0077,0.9999,12,0
813.781,813.781,85,-27,101,150,-25,100,13,0,0,65,2,-1,0.0145,0.0003,0.0091,0.9999,12,0
813.881,813.881,88,-27,101,150,-25,100,12,0,0,62,2,-1,0.0139,0.0008,0.0101,0.9999,11,0
813.981,813.981,91,-27,101,150,-25,100,12,0,0,59,2,-1,0.0132,0.001,0.0107,0.9999,11,0
814.081,814.081,94,-27,101,150,-25,100,11,0,0,56,2,-1,0.0128,0.0007,0.011,0.9999,10,0
814.181,814.181,97,-27,101,150,-25,100,10,0,0,53,2,-1,0.0124,-0.0001,0.0108,0.9999,9,0
814.281,814.281,100,-27,101,150,-25,100,10,0,0,50,2,-1,0.0124,-0.0007,0.0106,0.9999,9,0
814.381,814.381,103,-27,101,150,-25,100,9,0,0,47,2,-1,0.0124,-0.0012,0.0101,0.9999,8,0
814.481,814.481,105,-27,101,150,-25,100,9,0,0,45,2,-1,0.0116,-0.0017,0.0087,0.9999,8,0
814.581,814.581,108,-26,101,150,-25,100,8,0,0,42,1,-1,0.0119,-0.0016,0.0072,0.9999,7,0
814.681,814.681,110,-25,101,150,-25,100,8,0,0,40,0,-1,0.0127,-0.0007,0.0052,0.9999,7,0
814.781,814.781,113,-25,101,150,-25,100,7,0,0,37,0,-1,0.0135,0.0002,0.0036,0.9999,6,0
814.881,814.881,115,-24,101,150,-25,100,7,0,0,35,-1,-1,0.0142,0.0004,0.0014,0.9999,6,0
814.981,814.981,118,-24,101,150,-25,100,6,0,0,32,-1,-1,0.0144,0.0003,-0.0006,0.9999,5,0
815.081,815.081,120,-23,101,150,-25,100,6,0,0,30,-2,-1,0.0145,-0.0003,-0.0017,0.9999,5,0
815.181,815.181,122,-22,101,150,-25,100,5,0,0,28,-3,-1,0.0144,-0.0017,-0.0026,0.9999,4,0
815.281,815.281,124,-22,101,150,-25,100,5,0,0,26,-3,-1,0.0146,-0.0031,-0.0032,0.9999,4,0
815.381,815.381,126,-21,101,150,-25,100,2,0,0,24,-4,-1,0.0149,-0.0037,-0.004,0.9999,1,0
815.481,815.481,128,-21,101,150,-25,100,2,0,0,22,-4,-1,0.0149,-0.0038,-0.004,0.9999,1,0
815.581,815.581,129,-20,101,150,-25,100,2,0,0,21,-5,-1,0.0156,-0.0035,-0.0037,0.9999,1,0
815.681,815.681,131,-20,101,150,-25,100,2,0,0,19,-5,-1,0.0162,-0.0038,-0.0033,0.9999,1,0
815.781,815.781,132,-20,101,150,-25,100,2,0,0,18,-5,-1,0.0161,-0.0043,-0.0026,0.9999,1,0
815.881,815.881,134,-19,101,150,-25,100,2,0,0,16,-6,-1,0.0155,-0.0044,-0.0019,0.9999,1,0
815.981,815.981,135,-19,101,150,-25,100,1,0,0,15,-6,-1,0.015,-0.0042,-0.0009,0.9999,0,0
816.081,816.081,136,-19,101,150,-25,100,1,0,0,14,-6,-1,0.0145,-0.0035,0.0007,0.9999,0,0
816.181,816.181,136,-18,101,150,-25,100,1,0,0,14,-7,-1,0.0146,-0.0029,0.0027,0.9999,0,0
816.281,816.281,137,-18,101,150,-25,100,1,0,0,13,-7,-1,0.0149,-0.0028,0.0054,0.9999,0,0
816.381,816.381,138,-18,101,150,-25,100,1,0,0,12,-7,-1,0.0149,-0.0031,0.0071,0.9999,0,0
816.481,816.481,139,-17,101,150,-25,100,1,-1,0,11,-8,-1,0.0144,-0.0038,0.0095,0.9998,0,-1
816.581,816.581,139,-17,101,150,-25,100,1,-1,0,11,-8,-1,0.0136,-0.0039,0.0105,0.9998,0,-1
816.681,816.681,140,-17,100,150,-25,100,1,-1,0,10,-8,0,0.0133,-0.0037,0.0116,0.9998,0,-1
816.781,816.781,140,-16,100,150,-25,100,1,-1,0,10,-9,0,0.0133,-0.0037,0.0116,0.9998,0,-1
816.881,816.881,140,-16,100,150,-25,100,1,-1,0,10,-9,0,0.0129,-0.0029,0.0124,0.9998,0,-1
816.981,816.981,140,-15,101,150,-25,100,1,-1,0,10,-10,-1,0.0124,-0.0029,0.0122,0.9998,0,-1
817.081,817.081,140,-15,101,150,-25,100,1,-1,0,10,-10,-1,0.0122,-0.0027,0.0115,0.9999,0,-1
817.181,817.181,140,-14,101,150,-25,100,1,-1,0,10,-11,-1,0.0118,-0.0026,0.0109,0.9999,0,-1
817.281,817.281,141,-14,101,150,-25,100,1,-1,0,9,-11,-1,0.0118,-0.0026,0.0109,0.9999,0,-1
817.381,817.381,141,-14,101,150,-25,100,1,-1,0,9,-11,-1,0.0116,-0.0029,0.0105,0.9999,0,-1
817.481,817.481,141,-13,100,150,-25,100,1,-1,0,9,-12,0,0.0113,-0.0036,0.01,0.9999,0,-1
817.581,817.581,141,-13,100,150,-25,100,1,-1,0,9,-12,0,0.011,-0.0043,0.0092,0.9999,0,-1
817.681,817.681,141,-12,100,150,-25,100,1,-1,0,9,-13,0,0.0131,-0.004,0.008,0.9999,0,-1
817.781,817.781,141,-11,100,150,-25,100,1,-1,0,9,-14,0,0.0163,-0.0039,0.0066,0.9998,0,-1
817.881,817.881,140,-11,101,150,-25,100,1,-1,0,10,-14,-1,0.0182,-0.0041,0.0045,0.9998,0,-1
817.991,817.991,140,-10,100,150,-25,100,1,-1,0,10,-15,0,0.0169,-0.0044,0.0001,0.9998,0,0
818.091,818.091,140,-10,100,150,-25,100,1,-1,0,10,-15,0,0.0148,-0.0047,-0.0029,0.9999,1,0
818.191,818.191,139,-10,100,150,-25,100,1,-1,0,11,-15,0,0.0144,-0.0048,-0.0051,0.9999,1,0
818.291,818.291,139,-9,100,150,-25,100,1,-1,0,11,-16,0,0.0147,-0.0048,-0.0066,0.9999,1,0
818.391,818.391,139,-9,100,150,-25,100,1,-1,0,11,-16,0,0.0154,-0.0048,-0.0076,0.9998,1,0
818.491,818.491,138,-8,100,150,-25,100,1,-1,0,12,-17,0,0.0171,-0.0047,-0.0084,0.9998,1,0
818.591,818.591,138,-8,100,150,-25,100,1,-2,0,12,-17,0,0.0178,-0.005,-0.0086,0.9998,1,-1
818.691,818.691,137,-7,100,150,-25,100,1,-2,0,13,-18,0,0.0179,-0.005,-0.0085,0.9998,1,-1
818.791,818.791,137,-7,100,150,-25,100,1,-2,0,13,-18,0,0.0179,-0.005,-0.0085,0.9998,1,-1
818.891,818.891,136,-6,100,150,-25,100,1,-2,0,14,-19,0,0.0171,-0.0052,-0.0077,0.9998,1,-1
818.991,818.991,136,-6,100,150,-25,100,1,-2,0,14,-19,0,0.0169,-0.0051,-0.0065,0.9998,1,-1
819.091,819.091,135,-6,99,150,-25,100,1,-2,0,15,-19,1,0.0163,-0.0048,-0.005,0.9998,1,-1
819.191,819.191,134,-5,99,150,-25,100,1,-2,0,16,-20,1,0.0161,-0.0042,-0.0025,0.9999,1,-1
819.291,819.291,133,-5,99,150,-25,100,2,-2,0,17,-20,1,0.0165,-0.0041,-0.0003,0.9999,2,-1
819.391,819.391,133,-5,99,150,-25,100,2,-2,0,17,-20,1,0.0169,-0.0044,0.0024,0.9998,1,-2
819.491,819.491,132,-5,99,150,-25,100,2,-2,0,18,-20,1,0.0174,-0.0044,0.0053,0.9998,1,-2
819.591,819.591,131,-5,99,150,-25,100,2,-2,0,19,-20,1,0.0169,-0.0038,0.0082,0.9998,1,-2
819.691,819.691,130,-4,99,150,-25,100,2,-2,0,20,-21,1,0.0171,-0.0032,0.0092,0.9998,1,-2
819.791,819.791,130,-4,99,150,-25,100,2,-2,0,20,-21,1,0.0175,-0.0032,0.01,0.9998,1,-2
819.891,819.891,129,-4,99,150,-25,100,2,-2,0,21,-21,1,0.0178,-0.0036,0.0101,0.9998,1,-2
819.991,819.991,128,-4,99,150,-25,100,2,-2,0,22,-21,1,0.0184,-0.0037,0.0098,0.9998,1,-2
820.091,820.091,127,-3,99,150,-25,100,2,-2,0,23,-22,1,0.0184,-0.0033,0.009,0.9998,1,-2
820.191,820.191,126,-3,99,150,-25,100,2,-2,0,24,-22,1,0.0178,-0.0031,0.0079,0.9998,1,-2
820.291,820.291,125,-2,99,150,-25,100,5,-2,0,25,-23,1,0.0172,-0.0027,0.0058,0.9998,4,-2
820.391,820.391,125,-2,99,150,-25,100,5,-2,0,25,-23,1,0.0164,-0.0028,0.0035,0.9999,4,-2
820.491,820.491,124,-2,99,150,-25,100,5,-2,0,26,-23,1,0.0166,-0.0021,0.0009,0.9999,4,-2
820.591,820.591,123,-2,99,150,-25,100,5,-2,0,27,-23,1,0.0182,0.0009,-0.002,0.9998,5,-1
820.691,820.691,123,-2,99,150,-25,100,5,-2,0,27,-23,1,0.0197,0.0032,-0.0045,0.9998,5,-1
820.791,820.791,122,-1,99,150,-25,100,5,-2,0,28,-24,1,0.0203,0.004,-0.0065,0.9998,5,-1
820.891,820.891,121,-1,99,150,-25,100,5,-2,0,29,-24,1,0.0201,0.0038,-0.0074,0.9998,5,-1
820.991,820.991,121,-1,99,150,-25,100,6,-2,0,29,-24,1,0.0201,0.0038,-0.0074,0.9998,6,-1
821.091,821.091,121,-1,99,150,-25,100,6,-2,0,29,-24,1,0.018,0.0014,-0.0087,0.9998,6,-1
821.191,821.191,120,-1,99,150,-25,100,6,-2,0,30,-24,1,0.0175,0.0006,-0.0083,0.9998,6,-1
821.291,821.291,120,-1,99,150,-25,100,6,-2,0,30,-24,1,0.0177,0.0007,-0.0078,0.9998,6,-1
821.391,821.391,120,-1,99,150,-25,100,6,-2,0,30,-24,1,0.0189,0.0007,-0.0073,0.9998,6,-1
821.491,821.491,120,-1,99,150,-25,100,6,-2,0,30,-24,1,0.0203,0.0008,-0.0059,0.9998,6,-1
821.591,821.591,120,-1,99,150,-25,100,6,-2,0,30,-24,1,0.0206,0.001,-0.005,0.9998,6,-1
821.691,821.691,120,-1,99,150,-25,100,6,-2,0,30,-24,1,0.0203,0.0011,-0.0036,0.9998,6,-1
821.791,821.791,120,-1,99,150,-25,100,6,-2,0,30,-24,1,0.0203,0.0011,-0.0036,0.9998,6,-1
821.891,821.891,120,-1,99,150,-25,100,6,-2,0,30,-24,1,0.0197,0.0003,-0.0018,0.9998,5,-2
821.991,821.991,120,0,99,150,-25,100,6,-2,0,30,-25,1,0.0185,-0.0007,0.0008,0.9998,5,-2
822.091,822.091,120,0,99,150,-25,100,6,-2,0,30,-25,1,0.0179,-0.0009,0.0038,0.9998,5,-2
822.191,822.191,120,0,99,150,-25,100,6,-2,0,30,-25,1,0.0178,-0.0011,0.0067,0.9998,5,-2
822.291,822.291,120,0,99,150,-25,100,6,-2,0,30,-25,1,0.0187,-0.0011,0.0086,0.9998,5,-2
822.391,822.391,121,-1,99,150,-25,100,6,-2,0,29,-24,1,0.0201,-0.0018,0.0098,0.9997,5,-2
822.501,822.501,121,-1,99,150,-25,100,5,-2,0,29,-24,1,0.0205,-0.0026,0.0101,0.9997,4,-2
822.601,822.601,122,-1,99,150,-25,100,5,-2,0,28,-24,1,0.0199,-0.0027,0.0093,0.9998,4,-2
822.701,822.701,122,-1,99,150,-25,100,5,-2,0,28,-24,1,0.0198,-0.0021,0.0084,0.9998,4,-2
822.801,822.801,122,-1,99,150,-25,100,5,-2,0,28,-24,1,0.0192,-0.0015,0.0074,0.9998,4,-2
822.901,822.901,122,-1,99,150,-25,100,5,-2,0,28,-24,1,0.018,-0.0011,0.0053,0.9998,4,-2
823.001,823.001,123,-1,99,150,-25,100,5,-2,0,27,-24,1,0.0178,-0.0007,0.0041,0.9998,4,-2
823.101,823.101,124,-1,99,150,-25,100,5,-2,0,26,-24,1,0.0186,-0.0006,0.0024,0.9998,4,-2
823.201,823.201,124,-2,99,150,-25,100,5,-2,0,26,-23,1,0.0192,-0.0002,0.0007,0.9998,4,-2
823.301,823.301,125,-2,99,150,-25,100,5,-2,0,25,-23,1,0.0195,-0.0001,-0.0002,0.9998,5,-1
823.401,823.401,125,-2,99,150,-25,100,5,-2,0,25,-23,1,0.0193,-0.0005,-0.0015,0.9998,5,-1
823.501,823.501,126,-2,99,150,-25,100,2,-2,0,24,-23,1,0.0187,-0.0004,-0.0018,0.9998,2,-1
823.601,823.601,126,-3,99,150,-25,100,2,-2,0,24,-22,1,0.0184,-0.0003,-0.0016,0.9998,2,-1
823.701,823.701,127,-3,99,150,-25,100,2,-2,0,23,-22,1,0.018,-0.0002,-0.0012,0.9998,2,-1
823.801,823.801,128,-3,99,150,-25,100,2,-2,0,22,-22,1,0.018,-0.0012,-0.0006,0.9998,2,-1
823.901,823.901,129,-3,99,150,-25,100,2,-2,0,21,-22,1,0.0187,-0.0024,0.0002,0.9998,1,-1
824.001,824.001,129,-4,98,150,-25,100,2,-2,0,21,-21,2,0.0196,-0.0028,0.0008,0.9998,1,-2
824.101,824.101,130,-4,99,150,-25,100,2,-2,0,20,-21,1,0.02,-0.0022,0.0014,0.9998,1,-2
824.201,824.201,131,-4,99,150,-25,100,2,-2,0,19,-21,1,0.0198,-0.002,0.0018,0.9998,1,-2
824.301,824.301,131,-4,99,150,-25,100,2,-2,0,19,-21,1,0.0197,-0.0015,0.0025,0.9998,1,-2
824.401,824.401,132,-5,99,150,-25,100,2,-2,0,18,-20,1,0.0195,-0.0011,0.0042,0.9998,1,-2
824.501,824.501,133,-6,99,150,-25,100,2,-2,0,17,-19,1,0.0197,-0.0007,0.0067,0.9998,1,-2
824.601,824.601,134,-6,99,150,-25,100,2,-2,0,16,-19,1,0.0205,-0.0005,0.0095,0.9997,1,-2
824.701,824.701,134,-7,99,150,-25,100,1,-2,0,16,-18,1,0.0207,-0.0007,0.0121,0.9997,0,-2
824.801,824.801,135,-7,99,150,-25,100,1,-2,0,15,-18,1,0.0203,-0.0016,0.0142,0.9997,0,-2
824.901,824.901,136,-8,99,150,-25,100,1,-1,0,14,-17,1,0.0192,-0.003,0.0158,0.9997,0,-1
825.001,825.001,136,-8,99,150,-25,100,1,-1,0,14,-17,1,0.0178,-0.0037,0.0162,0.9997,0,-1
825.101,825.101,137,-9,99,150,-25,100,1,-1,0,13,-16,1,0.0172,-0.0036,0.0159,0.9997,0,-1
825.201,825.201,138,-10,99,150,-25,100,1,-1,0,12,-15,1,0.0165,-0.003,0.0151,0.9997,0,-1
825.301,825.301,139,-10,98,150,-25,100,1,-1,0,11,-15,2,0.0169,-0.0023,0.0128,0.9998,0,-1
825.401,825.401,140,-11,98,150,-25,100,1,-1,0,10,-14,2,0.0182,-0.0019,0.01,0.9998,0,-1
825.501,825.501,141,-12,99,150,-25,100,1,-1,0,9,-13,1,0.0184,-0.002,0.0079,0.9998,0,-1
825.601,825.601,142,-12,99,150,-25,100,1,-1,0,8,-13,1,0.018,-0.0025,0.0058,0.9998,0,-1
825.701,825.701,143,-13,99,150,-25,100,1,-1,0,7,-12,1,0.0171,-0.0031,0.0037,0.9998,0,-1
825.801,825.801,144,-14,99,150,-25,100,1,-1,0,6,-11,1,0.016,-0.0038,0.0021,0.9999,0,-1
825.901,825.901,145,-15,99,150,-25,100,0,-1,0,5,-10,1,0.0153,-0.0038,0.0003,0.9999,0,0
826.001,826.001,145,-16,99,150,-25,100,0,-1,0,5,-9,1,0.0152,-0.0034,-0.0019,0.9999,0,0
826.101,826.101,146,-17,99,150,-25,100,0,-1,0,4,-8,1,0.0154,-0.003,-0.0053,0.9999,0,0
826.201,826.201,147,-18,99,150,-25,100,0,0,0,3,-7,1,0.0148,-0.0025,-0.0082,0.9999,0,0
826.301,826.301,148,-20,99,150,-25,100,0,0,0,2,-5,1,0.0138,-0.002,-0.0111,0.9998,0,0
826.401,826.401,148,-20,99,150,-25,100,0,0,0,2,-5,1,0.0132,-0.0019,-0.0137,0.9998,0,16
826.501,826.501,149,-21,99,150,75,100,0,17,0,1,96,1,0.0132,-0.0019,-0.0137,0.9998,0,16
826.601,826.601,150,-21,99,150,75,100,0,19,0,0,96,1,0.0126,-0.002,-0.0166,0.9998,0,18
826.711,826.711,151,-22,99,150,75,100,0,19,0,-1,97,1,0.0132,-0.0022,-0.0199,0.9997,0,18
826.811,826.811,152,-23,99,150,75,100,0,19,0,-2,98,1,0.0008,-0.0026,-0.0323,0.9995,-1,18
826.911,826.911,153,-23,98,150,75,100,0,19,0,-3,98,2,-0.0091,-0.0022,-0.0478,0.9988,-1,18
827.011,827.011,154,-23,98,150,75,100,0,19,0,-4,98,2,-0.0088,-0.0021,-0.0669,0.9977,-2,18
827.111,827.111,155,-23,98,150,75,100,0,19,0,-5,98,2,-0.0026,-0.0028,-0.0895,0.996,-3,18
827.211,827.211,156,-22,99,150,75,100,0,19,0,-6,97,1,0.0047,-0.0038,-0.1145,0.9934,-4,18
827.311,827.311,157,-23,99,150,75,100,0,19,0,-7,98,1,0.0088,-0.0053,-0.1401,0.9901,-5,18
827.411,827.411,159,-23,99,150,75,100,0,19,0,-9,98,1,0.0076,-0.006,-0.1664,0.986,-6,17
827.511,827.511,160,-22,99,150,75,100,0,19,0,-10,97,1,0.0058,-0.007,-0.1928,0.9812,-7,17
827.611,827.611,161,-20,99,150,75,100,0,19,0,-11,95,1,0.0036,-0.0078,-0.2203,0.9754,-8,17
827.711,827.711,162,-19,99,150,75,100,0,19,0,-12,94,1,0.0017,-0.0084,-0.2468,0.969,-9,16
827.811,827.811,162,-18,99,150,75,100,0,18,0,-12,93,1,0.0021,-0.0082,-0.2735,0.9618,-9,15
827.911,827.911,163,-17,99,150,75,100,0,18,0,-13,92,1,0.0021,-0.0082,-0.2735,0.9618,-10,14
828.511,828.511,169,-7,98,150,75,100,-1,16,0,-19,82,2,0.006,-0.0088,-0.4442,0.8958,-13,8
828.611,828.611,170,-5,98,150,75,100,-1,16,0,-20,80,2,0.0058,-0.0095,-0.4681,0.8836,-13,8
828.711,828.711,170,-3,97,150,75,100,-1,15,0,-20,78,3,0.005,-0.0093,-0.4909,0.8712,-13,6
828.811,828.811,171,-1,97,150,75,100,-1,15,0,-21,76,3,0.007,-0.0133,-0.5138,0.8578,-13,6
828.911,828.911,172,1,97,150,75,100,-1,14,0,-22,74,3,0.0093,-0.0164,-0.536,0.844,-13,5
829.011,829.011,172,3,97,150,75,100,-1,14,0,-22,72,3,0.0101,-0.0176,-0.5587,0.8291,-13,4
829.111,829.111,173,6,97,150,75,100,-1,14,0,-23,69,3,0.0095,-0.0168,-0.5807,0.8139,-13,3
829.211,829.211,173,8,97,150,75,100,-1,13,0,-23,67,3,0.0082,-0.016,-0.6018,0.7984,-12,2
829.311,829.311,173,11,96,150,75,100,-1,13,1,-23,64,4,0.0081,-0.0176,-0.6228,0.7821,-12,1
829.411,829.411,173,13,96,150,75,100,-1,12,1,-23,62,4,0.0087,-0.0187,-0.6431,0.7655,-11,1
829.511,829.511,172,15,96,150,75,100,-1,12,1,-22,60,4,0.0094,-0.0175,-0.663,0.7484,-12,0
829.611,829.611,172,18,95,150,75,100,-1,11,1,-22,57,5,0.0105,-0.0135,-0.682,0.7312,-11,0
829.711,829.711,171,21,95,150,75,100,-1,11,1,-21,54,5,0.0094,-0.0081,-0.7013,0.7128,-11,0
829.811,829.811,171,24,95,150,75,100,-1,10,1,-21,51,5,0.0078,-0.0074,-0.7186,0.6953,-9,-1
829.911,829.911,170,27,95,150,75,100,-1,9,1,-20,48,5,0.008,-0.0074,-0.7356,0.6773,-8,-1
830.011,830.011,170,30,95,150,75,100,-1,9,1,-20,45,5,0.0081,-0.0088,-0.7521,0.6589,-8,-2
830.111,830.111,169,33,95,150,75,100,-1,8,1,-19,42,5,0.0107,-0.0108,-0.7682,0.6401,-7,-2
830.211,830.211,169,36,95,150,75,100,-1,8,1,-19,39,5,0.0148,-0.015,-0.7842,0.6202,-7,-2
830.311,830.311,168,39,95,150,75,100,-1,7,1,-18,36,5,0.0173,-0.0188,-0.799,0.6008,-6,-2
830.411,830.411,167,42,95,150,75,100,0,6,1,-17,33,5,0.0173,-0.0188,-0.799,0.6008,-5,-1
830.511,830.511,167,45,95,150,75,100,0,6,1,-17,30,5,0.0171,-0.018,-0.8129,0.5819,-5,-2
830.611,830.611,166,48,95,150,75,100,0,5,1,-16,27,5,0.0174,-0.0129,-0.8226,0.5682,-4,-1
830.711,830.711,165,51,93,150,75,100,0,2,2,-15,24,7,0.0182,-0.0095,-0.8264,0.5627,-1,0
830.811,830.811,163,54,90,150,75,100,0,2,4,-13,21,10,0.0183,-0.0083,-0.8278,0.5607,-1,0
830.911,830.911,162,57,87,150,75,100,0,2,6,-12,18,13,0.018,-0.0081,-0.828,0.5603,-1,0
831.021,831.021,160,59,83,150,75,100,0,2,7,-10,16,17,0.0132,-0.01,-0.8245,0.5656,-1,0
831.111,831.111,159,63,80,150,75,100,0,1,9,-9,12,20,0.0132,-0.01,-0.8245,0.5656,0,0
831.221,831.221,158,66,76,150,75,100,0,1,11,-8,9,24,0.0096,-0.0106,-0.8171,0.5763,0,0
831.321,831.321,156,69,72,150,75,100,0,1,12,-6,6,28,0.0092,-0.0104,-0.8133,0.5817,0,0
831.421,831.421,155,71,68,150,75,100,0,0,14,-5,4,32,0.0106,-0.0102,-0.8091,0.5875,0,0
831.521,831.521,153,74,64,150,75,100,0,0,16,-3,1,36,0.0115,-0.009,-0.8048,0.5933,0,0
831.621,831.621,151,76,59,150,75,100,0,0,18,-1,-1,41,0.0123,-0.0077,-0.8012,0.5982,0,0
831.721,831.721,150,78,55,150,75,100,0,0,20,0,-3,45,0.0121,-0.0073,-0.7972,0.6036,0,0
831.821,831.821,148,81,51,150,75,100,0,0,20,2,-6,49,0.0115,-0.0075,-0.7943,0.6074,0,0
831.921,831.921,146,84,47,150,75,100,0,-1,20,4,-9,53,0.0104,-0.0084,-0.7914,0.6112,0,0
832.021,832.021,144,86,43,150,75,100,0,-1,20,6,-11,57,0.0093,-0.0098,-0.7883,0.6151,0,0
832.121,832.121,142,89,39,150,75,100,0,-1,20,8,-14,61,0.009,-0.0106,-0.7856,0.6186,0,0
832.221,832.221,140,92,35,150,75,100,0,-1,20,10,-17,65,0.0091,-0.0116,-0.7826,0.6223,0,0
832.321,832.321,138,94,31,150,75,100,0,-2,20,12,-19,69,0.0102,-0.012,-0.7792,0.6266,1,0
832.421,832.421,136,97,27,150,75,100,0,-2,20,14,-22,73,0.0109,-0.0116,-0.7761,0.6304,1,0
832.521,832.521,134,100,23,150,75,100,0,-2,20,16,-25,77,0.0119,-0.0108,-0.7727,0.6346,1,0
832.621,832.621,132,103,19,150,75,100,0,-5,20,18,-28,81,0.0124,-0.0114,-0.7684,0.6397,4,0
832.721,832.721,130,106,15,150,75,100,1,-5,20,20,-31,85,0.0133,-0.0115,-0.7646,0.6443,4,1
832.821,832.821,127,108,12,150,75,100,1,-6,20,23,-33,88,0.0147,-0.0124,-0.7597,0.65,5,1
832.921,832.921,124,111,8,150,75,100,5,-7,20,26,-36,92,0.0156,-0.0134,-0.7552,0.6551,6,5
833.021,833.021,123,112,9,150,75,100,5,-7,20,27,-37,91,0.0103,-0.0134,-0.7472,0.6644,6,5
833.121,833.121,122,113,8,150,75,100,5,-7,20,28,-38,92,0.0128,-0.0122,-0.7415,0.6707,6,5
833.221,833.221,123,114,9,150,75,100,5,-7,20,27,-39,91,0.0108,-0.0089,-0.7409,0.6715,6,5
833.321,833.321,124,114,8,150,75,100,5,-7,20,26,-39,92,0.0082,-0.0054,-0.7403,0.6722,6,5
833.421,833.421,124,114,8,150,75,100,5,-7,20,26,-39,92,0.0079,-0.004,-0.7398,0.6727,6,5
833.521,833.521,124,114,8,150,75,100,5,-7,20,26,-39,92,0.0076,-0.0037,-0.7397,0.6728,6,5
833.621,833.621,124,113,8,150,75,100,5,-7,20,26,-38,92,0.0074,-0.0035,-0.7396,0.673,6,5
833.721,833.721,124,113,8,150,75,100,5,-7,20,26,-38,92,0.0072,-0.0033,-0.7395,0.6731,6,5
833.821,833.821,124,112,8,150,75,100,1,-7,20,26,-37,92,0.007,-0.003,-0.7393,0.6733,6,1
833.921,833.921,124,112,8,150,75,100,1,-7,20,26,-37,92,0.0068,-0.0031,-0.7391,0.6736,6,1
834.021,834.021,124,112,8,150,75,100,1,-7,20,26,-37,92,0.0069,-0.0031,-0.739,0.6736,6,1
834.121,834.121,124,112,8,150,75,100,1,-7,20,26,-37,92,0.0066,-0.0032,-0.7391,0.6736,6,1
834.221,834.221,124,112,8,150,75,100,1,-7,20,26,-37,92,0.0064,-0.0032,-0.7392,0.6734,6,1
834.321,834.321,124,112,8,150,75,100,1,-7,20,26,-37,92,0.0066,-0.0033,-0.7392,0.6735,6,1
834.421,834.421,124,112,8,150,75,100,1,-7,20,26,-37,92,0.0064,-0.0032,-0.7391,0.6735,6,1
834.521,834.521,124,112,8,150,75,100,1,-7,20,26,-37,92,0.0064,-0.0029,-0.7391,0.6736,6,1
834.621,834.621,124,112,8,150,75,100,1,-7,20,26,-37,92,0.0066,-0.0028,-0.7391,0.6735,6,1
834.721,834.721,124,112,8,150,75,100,1,-7,20,26,-37,92,0.0066,-0.0028,-0.7391,0.6735,6,1
834.821,834.821,124,112,8,150,75,100,1,-7,20,26,-37,92,0.0064,-0.0027,-0.7392,0.6735,6,1
834.921,834.921,124,112,8,150,75,100,1,-7,20,26,-37,92,0.0064,-0.0027,-0.7392,0.6735,6,1
835.021,835.021,124,112,8,150,75,100,1,-7,20,26,-37,92,0.0064,-0.0029,-0.7392,0.6734,6,1
835.121,835.121,124,112,8,150,75,100,1,-7,20,26,-37,92,0.0064,-0.0026,-0.7392,0.6735,6,1
835.221,835.221,124,112,8,150,75,100,1,-7,20,26,-37,92,0.0064,-0.0026,-0.7391,0.6735,6,1
835.321,835.321,124,112,8,150,75,100,1,-7,20,26,-37,92,0.0063,-0.0027,-0.7393,0.6734,6,1
835.431,835.431,124,112,8,150,75,100,1,-7,20,26,-37,92,0.0064,-0.0026,-0.7391,0.6736,6,1
835.521,835.521,124,112,8,150,75,100,1,-7,20,26,-37,92,0.0064,-0.0026,-0.7391,0.6736,6,1
835.631,835.631,124,112,8,150,75,100,1,-7,20,26,-37,92,0.0063,-0.003,-0.7392,0.6735,6,1
835.731,835.731,124,112,8,150,75,100,1,-7,20,26,-37,92,0.0062,-0.0028,-0.7391,0.6736,6,1
835.831,835.831,124,112,8,150,75,100,1,-7,20,26,-37,92,0.0062,-0.0028,-0.7391,0.6736,6,1
