T_REL,T_ABS,RADAR_POS_X,RADAR_POS_Y,RADAR_POS_Z,TARGET_POS_X,TARGET_POS_Y,TARGET_POS_Z,CMD_SPEED_X,CMD_SPEED_Y,CMD_SPEED_Z,ERROR_X,ERROR_Y,ERROR_Z,qx,qy,qz,qw,fc_sen_vel_x,fc_sen_vel_y,rt_tar_vel_x,rt_tar_vel_y
0,0,0,0,0,0,0,0,0,0,0,0,0,0,0.0007,-0.0012,-0.0232,0.9997,0,0,0,0
140.451,140.451,1,1,1,0,0,140,0,0,20,-1,-1,139,0.0007,-0.0012,-0.0232,0.9997,0,0,0,0
140.541,140.541,0,0,0,0,0,140,0,0,20,0,0,140,0.0006,-0.0013,-0.0232,0.9997,0,0,0,0
140.631,140.631,0,0,0,0,0,140,0,0,20,0,0,140,0.0007,-0.0013,-0.0232,0.9997,0,0,0,0
140.741,140.741,0,0,0,0,0,140,0,0,20,0,0,140,0.0008,-0.0012,-0.0232,0.9997,0,0,0,0
140.841,140.841,0,0,0,0,0,140,0,0,20,0,0,140,0.0008,-0.0013,-0.0232,0.9997,0,0,0,0
140.941,140.941,0,0,0,0,0,140,0,0,20,0,0,140,0.0007,-0.0012,-0.0232,0.9997,0,0,0,0
141.041,141.041,0,0,0,0,0,140,0,0,20,0,0,140,0.0007,-0.0016,-0.0229,0.9997,0,0,0,0
141.141,141.141,0,0,0,0,0,140,0,0,20,0,0,140,0.0007,-0.0013,-0.0231,0.9997,0,0,0,0
141.241,141.241,0,0,0,0,0,140,0,0,20,0,0,140,0.0007,-0.0012,-0.0231,0.9997,-1,0,0,0
141.341,141.341,0,0,0,0,0,140,0,0,20,0,0,140,0.0009,-0.001,-0.0229,0.9997,0,0,0,0
141.441,141.441,0,0,0,0,0,140,0,0,20,0,0,140,0.0026,-0.0011,-0.0231,0.9997,3,0,0,0
141.541,141.541,0,0,0,0,0,140,0,0,20,0,0,140,0.0026,-0.003,-0.0221,0.9997,5,0,0,0
141.641,141.641,1,0,1,0,0,140,0,0,20,-1,0,139,0.0011,-0.0071,-0.0193,0.9998,5,0,0,0
141.741,141.741,1,0,2,0,0,140,0,0,20,-1,0,138,-0.0002,-0.0104,-0.0164,0.9998,3,0,0,0
141.841,141.841,1,0,4,0,0,140,0,0,20,-1,0,136,-0.0014,-0.0123,-0.0132,0.9998,2,0,0,0
141.941,141.941,1,0,5,0,0,140,0,0,20,-1,0,135,-0.0004,-0.0118,-0.011,0.9999,0,0,0,0
142.041,142.041,2,0,7,0,0,140,0,0,20,-2,0,133,0.0002,-0.0103,-0.0086,0.9999,0,1,0,0
142.141,142.141,2,0,9,0,0,140,0,0,20,-2,0,131,0.0015,-0.0084,-0.0062,0.9999,0,1,0,0
142.241,142.241,2,0,11,0,0,140,0,0,20,-2,0,129,0.0038,-0.0073,-0.0039,1,0,0,0,0
142.341,142.341,2,0,13,0,0,140,0,0,20,-2,0,127,0.005,-0.0066,-0.0024,1,0,0,0,0
142.441,142.441,2,1,15,0,0,140,0,0,20,-2,-1,125,0.0056,-0.0066,-0.0012,1,1,1,0,0
142.541,142.541,2,1,17,0,0,140,0,0,20,-2,-1,123,0.0066,-0.0063,0,1,1,2,0,0
142.641,142.641,2,2,19,0,0,140,0,0,20,-2,-2,121,0.0066,-0.0067,0.0006,1,0,2,0,0
142.741,142.741,2,2,21,0,0,140,0,0,20,-2,-2,119,0.007,-0.0069,0.0014,1,0,3,0,0
142.841,142.841,2,3,23,0,0,140,0,0,20,-2,-3,117,0.0067,-0.0075,0.0018,0.9999,0,2,0,0
142.941,142.941,2,3,25,0,0,140,0,0,20,-2,-3,115,0.0069,-0.0084,0.0018,0.9999,0,1,0,0
143.041,143.041,2,3,27,0,0,140,0,0,20,-2,-3,113,0.0069,-0.0089,0.0016,0.9999,0,2,0,0
143.141,143.141,2,4,29,0,0,140,0,-1,20,-2,-4,111,0.0063,-0.0091,0.001,0.9999,0,2,0,0
143.241,143.241,2,4,31,0,0,140,0,-1,20,-2,-4,109,0.0061,-0.0089,-0.0003,0.9999,0,2,0,0
143.341,143.341,2,4,33,0,0,140,0,-1,20,-2,-4,107,0.0067,-0.0086,-0.0014,0.9999,0,2,0,0
143.441,143.441,2,5,35,0,0,140,0,-1,20,-2,-5,105,0.0056,-0.0081,-0.0028,0.9999,0,2,0,0
143.541,143.541,2,5,37,0,0,140,0,-1,20,-2,-5,103,0.0052,-0.0083,-0.0038,0.9999,0,1,0,0
143.641,143.641,2,5,39,0,0,140,0,-1,20,-2,-5,101,0.0055,-0.0088,-0.0045,0.9999,0,2,0,0
143.741,143.741,2,6,41,0,0,140,0,-1,20,-2,-6,99,0.0074,-0.0088,-0.005,0.9999,0,3,0,0
143.841,143.841,2,7,43,0,0,140,0,-1,20,-2,-7,97,0.0088,-0.0083,-0.0049,0.9999,0,3,0,0
143.941,143.941,1,7,45,0,0,140,0,-1,20,-1,-7,95,0.0079,-0.0076,-0.0043,0.9999,-1,1,0,0
144.041,144.041,2,7,47,0,0,140,0,-1,20,-2,-7,93,0.0061,-0.0075,-0.0041,0.9999,0,0,0,0
144.141,144.141,2,7,49,0,0,140,0,-1,20,-2,-7,91,0.0041,-0.0077,-0.0039,1,1,0,0,0
144.241,144.241,2,7,52,0,0,140,0,-1,20,-2,-7,88,0.0041,-0.0084,-0.0038,0.9999,0,2,0,0
144.341,144.341,1,8,54,0,0,140,0,-1,20,-1,-8,86,0.0049,-0.0088,-0.0034,0.9999,0,1,0,0
144.441,144.441,1,9,57,0,0,140,0,-1,20,-1,-9,83,0.0057,-0.009,-0.0025,0.9999,0,2,0,0
144.541,144.541,1,9,59,0,0,140,0,-1,20,-1,-9,81,0.0058,-0.0089,-0.0017,0.9999,0,2,0,0
144.651,144.651,1,9,62,0,0,140,0,-1,20,-1,-9,78,0.0062,-0.0087,-0.0012,0.9999,0,1,0,0
144.751,144.751,1,9,64,0,0,140,0,-1,20,-1,-9,76,0.0061,-0.0085,-0.0002,0.9999,0,0,0,0
144.851,144.851,2,10,66,0,0,140,0,-1,20,-2,-10,74,0.0059,-0.0087,0.0007,0.9999,1,0,0,0
144.951,144.951,2,10,69,0,0,140,0,-1,20,-2,-10,71,0.0058,-0.0086,0.0013,0.9999,0,2,0,0
145.051,145.051,1,11,71,0,0,140,0,-2,20,-1,-11,69,0.006,-0.0089,0.0022,0.9999,0,2,0,-1
145.151,145.151,1,11,74,0,0,140,0,-2,20,-1,-11,66,0.006,-0.0088,0.003,0.9999,0,2,0,-1
145.251,145.251,1,11,76,0,0,140,0,-2,20,-1,-11,64,0.0064,-0.0091,0.0034,0.9999,0,1,0,-1
145.351,145.351,1,11,78,0,0,140,0,-2,20,-1,-11,62,0.0071,-0.0092,0.0036,0.9999,0,1,0,-1
145.451,145.451,1,11,80,0,0,140,0,-2,20,-1,-11,60,0.007,-0.0091,0.0033,0.9999,0,2,0,-1
145.551,145.551,1,12,82,0,0,140,0,-2,20,-1,-12,58,0.007,-0.0088,0.0024,0.9999,0,1,0,-1
145.651,145.651,1,12,84,0,0,140,0,-2,20,-1,-12,56,0.0071,-0.0086,0.0014,0.9999,0,1,0,-1
145.751,145.751,1,12,86,0,0,140,0,-2,20,-1,-12,54,0.006,-0.0082,0.0002,0.9999,0,1,0,-1
145.851,145.851,1,12,88,0,0,140,0,-2,20,-1,-12,52,0.0046,-0.0081,-0.001,1,0,0,0,-1
145.951,145.951,1,12,90,0,0,140,0,-2,20,-1,-12,50,0.0048,-0.0077,-0.0014,1,0,0,0,-1
146.051,146.051,1,13,92,0,0,140,0,-2,20,-1,-13,48,0.0086,-0.0068,-0.0011,0.9999,0,3,0,-1
146.151,146.151,1,14,95,0,0,140,0,-2,20,-1,-14,45,0.0112,-0.0069,0.0003,0.9999,0,1,0,-1
146.251,146.251,1,14,97,0,0,140,0,-2,19,-1,-14,43,0.0111,-0.0079,0.0019,0.9999,1,1,0,-1
146.351,146.351,1,14,99,0,0,140,0,-2,18,-1,-14,41,0.0102,-0.0092,0.0034,0.9999,1,0,0,-1
146.451,146.451,2,14,101,0,0,140,0,-2,17,-2,-14,39,0.0087,-0.0088,0.0052,0.9999,0,-2,0,-1
146.551,146.551,2,14,103,0,0,140,0,-2,17,-2,-14,37,0.0073,-0.0071,0.0055,0.9999,-3,0,0,-1
146.651,146.651,2,14,105,0,0,140,0,-2,16,-2,-14,35,0.0075,-0.0064,0.0044,0.9999,0,2,0,-1
146.751,146.751,2,15,107,0,0,140,0,-2,15,-2,-15,33,0.0091,-0.0069,0.0023,0.9999,0,1,0,-1
146.851,146.851,2,15,109,0,0,140,0,-2,14,-2,-15,31,0.0103,-0.008,-0.0002,0.9999,0,2,0,-1
146.951,146.951,2,16,111,0,0,140,0,-2,13,-2,-16,29,0.0107,-0.0087,-0.0028,0.9999,2,3,0,-1
147.051,147.051,2,15,113,0,0,140,0,-2,12,-2,-15,27,0.0101,-0.0089,-0.0049,0.9999,0,0,0,-1
147.151,147.151,2,15,114,0,0,140,0,-2,11,-2,-15,26,0.0093,-0.0086,-0.0063,0.9999,1,0,0,-1
147.751,147.751,3,16,124,0,0,140,0,-2,7,-3,-16,16,0.0107,-0.0069,-0.0034,0.9999,1,-2,0,-1
147.851,147.851,4,16,125,0,0,140,-1,-2,7,-4,-16,15,0.0083,-0.008,-0.0021,0.9999,1,0,0,-2
147.951,147.951,4,15,127,0,0,140,-1,-2,6,-4,-15,13,0.0062,-0.0086,-0.0008,0.9999,0,-1,0,-2
148.051,148.051,4,15,128,0,0,140,-1,-2,5,-4,-15,12,0.0042,-0.0083,0,1,0,-5,0,-1
148.151,148.151,4,15,128,0,0,140,-1,-2,5,-4,-15,12,0.0044,-0.0082,0.0005,1,2,0,-1,-1
148.251,148.251,4,14,129,0,0,140,-1,-2,5,-4,-14,11,0.0044,-0.0082,0.0005,1,0,-2,-1,-1
148.351,148.351,5,14,130,0,0,140,-1,-2,4,-5,-14,10,0.0045,-0.0081,0.001,1,0,-3,-1,-1
148.451,148.451,5,13,131,0,0,140,-1,-2,4,-5,-13,9,0.0044,-0.0078,0.0006,1,0,-4,-1,-1
148.561,148.561,5,13,132,0,0,140,-1,-2,3,-5,-13,8,0.0045,-0.0072,-0.0001,1,1,-2,0,-2
148.661,148.661,5,13,133,0,0,140,-1,-2,2,-5,-13,7,0.005,-0.0071,-0.0009,1,1,-3,0,-2
148.761,148.761,5,12,134,0,0,140,-1,-2,2,-5,-12,6,0.0049,-0.0074,-0.0017,1,0,-7,0,-2
148.861,148.861,6,12,134,0,75,140,0,19,2,-6,63,6,0.0047,-0.0067,-0.0024,1,0,-3,0,18
148.961,148.961,6,11,135,0,75,140,0,19,1,-6,64,5,0.0044,-0.0063,-0.0031,1,1,3,0,18
149.061,149.061,6,11,135,0,75,140,0,19,1,-6,64,5,0.0041,-0.007,-0.0036,1,1,-4,0,18
149.161,149.161,6,10,135,0,75,140,0,19,1,-6,65,5,-0.013,-0.0078,-0.0043,0.9999,1,-6,0,18
149.261,149.261,6,10,136,0,75,140,0,19,1,-6,65,4,-0.0244,-0.0072,-0.0043,0.9997,1,0,0,18
149.361,149.361,7,11,136,0,75,140,0,19,1,-7,64,4,-0.0202,-0.0065,-0.0039,0.9998,1,4,0,18
149.461,149.461,7,12,136,0,75,140,0,19,1,-7,63,4,-0.0108,-0.0062,-0.0033,0.9999,1,9,0,18
149.561,149.561,7,13,136,0,75,140,0,18,1,-7,62,4,-0.0037,-0.0057,-0.003,1,0,12,0,17
149.661,149.661,7,15,137,0,75,140,0,18,0,-7,60,3,0.0007,-0.0063,-0.0023,1,0,13,0,17
149.761,149.761,8,16,137,0,75,140,0,18,0,-8,59,3,0.0018,-0.0067,-0.0018,1,1,17,0,17
149.861,149.861,8,18,138,0,75,140,0,17,0,-8,57,2,0.0008,-0.0064,-0.001,1,0,10,0,16
149.961,149.961,8,19,138,0,75,140,0,17,0,-8,56,2,0.0005,-0.0068,-0.0002,1,2,14,0,16
150.061,150.061,9,21,138,0,75,140,0,16,0,-9,54,2,0.0003,-0.0074,0.0004,1,1,11,0,15
150.161,150.161,9,23,138,0,75,140,0,15,0,-9,52,2,0.0013,-0.0069,0.0014,1,1,10,0,14
150.261,150.261,9,25,139,0,75,140,0,15,0,-9,50,1,0.0023,-0.0069,0.0023,1,1,10,0,14
150.361,150.361,10,26,139,0,75,140,0,15,0,-10,49,1,0.0036,-0.0065,0.0026,1,2,13,0,14
150.461,150.461,10,28,139,0,75,140,0,14,0,-10,47,1,0.0047,-0.0059,0.0028,1,1,15,0,13
150.561,150.561,10,30,139,0,75,140,0,13,0,-10,45,1,0.004,-0.0059,0.0028,1,0,10,0,12
150.661,150.661,10,32,139,0,75,140,0,13,0,-10,43,1,0.0029,-0.0061,0.002,1,1,14,0,12
150.761,150.761,11,34,139,0,75,140,-1,12,0,-11,41,1,0.0022,-0.0062,0.001,1,1,15,0,12
150.861,150.861,11,35,139,0,75,140,-1,12,0,-11,40,1,0.0026,-0.0068,-0.0002,1,1,11,-1,11
150.961,150.961,11,37,139,0,75,140,-1,11,0,-11,38,1,0.0033,-0.0077,-0.0013,1,1,12,-1,10
151.061,151.061,12,39,139,0,75,140,-1,11,0,-12,36,1,0.003,-0.0076,-0.0023,1,2,10,-1,10
151.161,151.161,12,41,139,0,75,140,-1,10,0,-12,34,1,0.0038,-0.0074,-0.0031,1,2,10,-1,9
151.261,151.261,12,43,140,0,75,140,-1,9,0,-12,32,0,0.0053,-0.0069,-0.0037,1,1,11,-1,8
151.361,151.361,13,45,140,0,75,140,-1,9,0,-13,30,0,0.0049,-0.0062,-0.0038,1,1,12,-1,8
151.461,151.461,13,47,140,0,75,140,-1,8,0,-13,28,0,0.0046,-0.0053,-0.0028,1,2,14,-1,7
151.561,151.561,13,49,140,0,75,140,-1,8,0,-13,26,0,0.0045,-0.0062,-0.0021,1,3,12,-1,7
151.661,151.661,14,51,140,0,75,140,-1,4,0,-14,24,0,0.0032,-0.0073,-0.0009,1,2,14,-1,3
151.761,151.761,14,52,140,0,75,140,-1,4,0,-14,23,0,0.0028,-0.0074,0.0002,1,2,7,0,4
151.861,151.861,15,54,140,0,75,140,-1,3,0,-15,21,0,0.003,-0.0066,0.0017,1,2,6,0,3
151.961,151.961,15,55,140,0,75,140,-1,3,0,-15,20,0,0.0066,-0.0064,0.0032,1,3,8,0,3
152.061,152.061,15,57,140,0,75,140,-1,3,0,-15,18,0,0.0077,-0.0054,0.0041,0.9999,1,10,0,3
152.161,152.161,16,59,140,0,75,140,-1,3,0,-16,16,0,0.008,-0.0051,0.0046,0.9999,1,11,0,3
152.261,152.261,16,61,140,0,75,140,-1,2,0,-16,14,0,0.006,-0.006,0.0047,1,1,9,0,2
152.361,152.361,17,62,140,0,75,140,-1,2,0,-17,13,0,0.0039,-0.0062,0.0036,1,2,9,0,2
152.461,152.461,17,63,140,0,75,140,-3,2,0,-17,12,0,0.0026,-0.0069,0.0028,1,1,7,-2,2
152.571,152.571,18,64,140,0,75,140,-3,2,0,-18,11,0,0.0028,-0.0074,0.0014,1,1,7,-2,2
152.671,152.671,18,65,140,0,75,140,-3,2,0,-18,10,0,0.0029,-0.0074,-0.0004,1,3,8,-3,1
152.771,152.771,18,67,140,0,75,140,-3,1,0,-18,8,0,0.0036,-0.0098,-0.002,0.9999,1,5,-3,0
152.871,152.871,19,68,140,0,75,140,-3,1,0,-19,7,0,0.0043,-0.0109,-0.0029,0.9999,0,4,-3,0
152.971,152.971,19,69,140,0,75,140,-3,1,0,-19,6,0,0.006,-0.0112,-0.0036,0.9999,3,7,-3,0
153.071,153.071,20,71,140,0,75,140,-3,1,0,-20,4,0,0.0077,-0.0107,-0.004,0.9999,1,9,-3,0
153.171,153.171,20,72,141,0,75,140,-3,1,0,-20,3,-1,0.0074,-0.0096,-0.0041,0.9999,1,6,-3,0
153.271,153.271,20,74,141,0,75,140,-3,0,0,-20,1,-1,0.0063,-0.0076,-0.0033,0.9999,0,2,-2,0
153.371,153.371,19,75,141,0,75,140,-3,0,0,-19,0,-1,0.0061,-0.005,-0.0022,1,-3,7,-2,0
153.471,153.471,20,75,141,0,75,140,-3,0,0,-20,0,-1,0.0057,-0.0041,-0.0008,1,0,0,-2,0
153.571,153.571,20,76,141,0,75,140,-3,0,0,-20,-1,-1,0.0056,-0.0028,-0.0002,1,0,3,-2,0
153.671,153.671,20,77,141,0,75,140,-3,0,0,-20,-2,-1,0.0057,-0.0033,0.0013,1,0,1,-2,0
153.771,153.771,20,78,141,0,75,140,-3,0,0,-20,-3,-1,0.006,-0.0049,0.0019,1,0,1,-2,0
153.871,153.871,20,80,142,0,75,140,-3,0,0,-20,-5,-2,0.0066,-0.0072,0.0019,1,1,1,-2,0
153.971,153.971,20,81,142,0,75,140,-3,0,0,-20,-6,-2,0.0075,-0.0084,0.0013,0.9999,-1,4,-2,0
154.071,154.071,20,81,142,0,75,140,-3,0,0,-20,-6,-2,0.0085,-0.0085,0.0002,0.9999,0,3,-2,0
154.171,154.171,21,82,142,0,75,140,-3,0,0,-21,-7,-2,0.009,-0.0076,-0.0012,0.9999,0,3,-2,0
154.271,154.271,21,83,142,0,75,140,-3,0,0,-21,-8,-2,0.0091,-0.0067,-0.0032,0.9999,0,3,-2,0
154.371,154.371,21,84,142,0,75,140,-3,0,0,-21,-9,-2,0.0087,-0.0064,-0.005,0.9999,0,5,-2,0
154.471,154.471,21,85,142,0,75,140,-3,0,0,-21,-10,-2,0.0085,-0.0068,-0.0067,0.9999,0,2,-2,0
154.571,154.571,21,86,142,0,75,140,-3,-1,0,-21,-11,-2,0.0087,-0.0079,-0.0082,0.9999,4,0,-2,-1
154.671,154.671,21,86,142,0,75,140,-3,-1,0,-21,-11,-2,0.0084,-0.0094,-0.0091,0.9999,0,1,-2,-1
154.771,154.771,22,87,142,0,75,140,-3,-1,0,-22,-12,-2,0.0079,-0.0101,-0.0089,0.9999,0,0,-2,-1
154.871,154.871,22,87,142,0,75,140,-3,-1,0,-22,-12,-2,0.0089,-0.0094,-0.0088,0.9999,1,0,-2,-1
154.971,154.971,22,88,142,0,75,140,-3,-1,0,-22,-13,-2,0.0106,-0.0083,-0.0085,0.9999,0,3,-2,-1
155.071,155.071,21,89,143,0,75,140,-3,-1,0,-21,-14,-3,0.0099,-0.0071,-0.0076,0.9999,-3,2,-2,-1
155.171,155.171,21,89,143,0,75,140,-3,-1,0,-21,-14,-3,0.0095,-0.0069,-0.007,0.9999,0,1,-2,-1
155.271,155.271,21,90,143,0,75,140,-3,-1,0,-21,-15,-3,0.0094,-0.0075,-0.0065,0.9999,0,0,-2,-1
155.371,155.371,21,91,143,0,75,140,-3,-1,0,-21,-16,-3,0.009,-0.0081,-0.0056,0.9999,1,0,-2,-1
155.471,155.471,21,91,143,0,75,140,-3,-1,0,-21,-16,-3,0.0091,-0.0091,-0.0047,0.9999,1,3,-2,-1
155.571,155.571,21,91,143,0,75,140,-3,-1,0,-21,-16,-3,0.0087,-0.0085,-0.0041,0.9999,-1,2,-2,-1
155.671,155.671,21,91,143,0,75,140,-3,-1,0,-21,-16,-3,0.008,-0.0078,-0.0033,0.9999,-2,0,-2,-1
155.771,155.771,21,91,144,0,75,140,-3,-1,-1,-21,-16,-4,0.0078,-0.0082,-0.0024,0.9999,0,-1,-2,-1
155.871,155.871,21,91,144,0,75,140,-3,-1,-1,-21,-16,-4,0.007,-0.0096,-0.0014,0.9999,3,1,-2,-1
155.971,155.971,21,92,144,0,75,140,-3,-1,-1,-21,-17,-4,0.0078,-0.0101,-0.0007,0.9999,0,0,-2,-1
156.071,156.071,21,92,144,0,75,140,-3,-3,-1,-21,-17,-4,0.0096,-0.0086,-0.0002,0.9999,0,0,-2,-3
156.171,156.171,21,92,144,0,75,140,-3,-3,-1,-21,-17,-4,0.01,-0.0076,0.0007,0.9999,0,0,-3,-2
156.271,156.271,20,93,145,0,75,140,-3,-3,-1,-20,-18,-5,0.0106,-0.008,0.0015,0.9999,-1,2,-3,-2
156.371,156.371,20,92,145,0,75,140,-3,-3,-1,-20,-17,-5,0.0122,-0.0081,0.0025,0.9999,0,2,-3,-2
156.471,156.471,20,92,144,0,75,140,-3,-1,-1,-20,-17,-4,0.0112,-0.0099,0.0029,0.9999,0,0,-3,0
156.571,156.571,20,92,145,0,75,140,-3,-1,-1,-20,-17,-5,0.0104,-0.011,0.0029,0.9999,-1,-1,-3,0
156.681,156.681,20,93,145,0,75,140,-3,-3,-1,-20,-18,-5,0.0101,-0.0107,0.0024,0.9999,-2,2,-3,-2
156.781,156.781,19,93,145,0,75,140,-3,-3,-1,-19,-18,-5,0.0084,-0.0113,0.0014,0.9999,-1,0,-3,-2
156.881,156.881,19,92,145,0,75,140,-3,-3,-1,-19,-17,-5,0.007,-0.0115,0.0001,0.9999,-1,-3,-2,-2
156.981,156.981,19,92,145,0,75,140,-3,-1,-1,-19,-17,-5,0.0089,-0.0112,-0.0015,0.9999,0,-1,-2,-1
157.081,157.081,19,92,145,0,75,140,-3,-1,-1,-19,-17,-5,0.011,-0.0105,-0.0029,0.9999,-3,0,-2,-1
157.181,157.181,18,92,145,0,75,140,-3,-1,-1,-18,-17,-5,0.0118,-0.0093,-0.0042,0.9999,-2,0,-2,-1
157.281,157.281,18,91,145,0,75,140,-3,-1,-1,-18,-16,-5,0.0102,-0.0084,-0.0051,0.9999,-3,-2,-2,-1
157.381,157.381,18,91,145,0,75,140,-3,-1,-1,-18,-16,-5,0.0083,-0.0081,-0.0056,0.9999,-2,-2,-2,-1
157.481,157.481,17,91,145,0,75,140,-3,-1,-1,-17,-16,-5,0.0076,-0.0081,-0.0058,0.9999,-2,-2,-2,-1
157.581,157.581,17,90,145,0,75,140,-2,-1,-1,-17,-15,-5,0.0077,-0.0082,-0.0058,0.9999,-2,-1,-1,-1
157.681,157.681,17,90,145,0,75,140,-2,-1,-1,-17,-15,-5,0.0083,-0.0086,-0.0061,0.9999,0,0,-1,-1
157.781,157.781,17,89,145,0,75,140,-2,-1,-1,-17,-14,-5,0.0095,-0.009,-0.0062,0.9999,-1,-1,-1,-1
157.881,157.881,16,89,145,0,75,140,-2,-1,-1,-16,-14,-5,0.0096,-0.0087,-0.0064,0.9999,-1,-2,-1,-1
157.981,157.981,16,88,145,0,75,140,-2,-1,-1,-16,-13,-5,0.0097,-0.008,-0.0059,0.9999,-1,-2,-1,-1
158.081,158.081,16,88,145,0,75,140,-2,-1,-1,-16,-13,-5,0.0088,-0.0066,-0.0053,0.9999,-1,-4,-1,-1
158.181,158.181,16,88,146,0,75,140,-2,-1,-2,-16,-13,-6,0.0069,-0.0063,-0.0045,0.9999,-1,-2,-1,-1
158.281,158.281,16,87,146,0,75,140,-2,-1,-2,-16,-12,-6,0.0067,-0.0075,-0.0033,0.9999,-1,-3,-1,-1
158.381,158.381,16,86,146,0,75,140,-2,-1,-2,-16,-11,-6,0.0064,-0.0102,-0.002,0.9999,1,-4,-1,-1
158.481,158.481,15,85,145,0,75,140,-2,0,-1,-15,-10,-5,0.0062,-0.0111,-0.0011,0.9999,0,-4,-1,0
158.581,158.581,15,85,145,0,75,140,-2,0,-1,-15,-10,-5,0.0067,-0.0107,-0.0004,0.9999,-1,-3,-1,0
158.681,158.681,15,84,145,0,75,140,-2,0,-1,-15,-9,-5,0.007,-0.0096,-0.0002,0.9999,-1,-2,-1,0
158.781,158.781,15,83,145,0,75,140,-2,0,-1,-15,-8,-5,0.0067,-0.0086,-0.0003,0.9999,-3,-3,-1,0
158.881,158.881,14,83,145,0,75,140,-2,0,-1,-14,-8,-5,0.0063,-0.0078,0,1,-1,-2,-1,0
158.981,158.981,14,82,145,0,75,140,-2,0,-1,-14,-7,-5,0.0053,-0.0078,0.0001,1,-1,-5,-1,0
159.081,159.081,14,81,145,0,75,140,-2,0,-1,-14,-6,-5,0.0059,-0.0087,0.0005,0.9999,0,-4,-1,0
159.181,159.181,14,80,145,0,75,140,-2,0,-1,-14,-5,-5,0.0062,-0.0084,0.0006,0.9999,-2,-4,-1,0
159.281,159.281,13,80,145,0,75,140,-2,0,-1,-13,-5,-5,0.0071,-0.0076,0.0006,0.9999,-2,-1,-1,0
159.381,159.381,13,79,145,0,75,140,-2,0,-1,-13,-4,-5,0.0071,-0.0073,0.0006,0.9999,-2,-2,-1,0
159.481,159.481,13,78,144,0,75,140,-2,0,-1,-13,-3,-4,0.0066,-0.0072,0.0005,1,-1,-4,-1,0
159.581,159.581,12,77,144,0,75,140,-2,0,-1,-12,-2,-4,0.0061,-0.0075,0.0008,1,-1,-4,-1,0
159.681,159.681,12,76,144,0,75,140,-2,0,-1,-12,-1,-4,0.0056,-0.0065,0.0009,1,-5,-5,-1,0
159.781,159.781,11,76,144,0,75,140,-2,0,-1,-11,-1,-4,0.0052,-0.005,0,1,-3,-4,-1,0
159.881,159.881,11,75,143,0,75,140,-2,0,0,-11,0,-3,0.0051,-0.0041,-0.0008,1,-1,-2,-1,0
159.981,159.981,11,75,143,0,75,140,-2,0,0,-11,0,-3,0.0049,-0.0033,-0.0017,1,-2,-2,-1,0
160.081,160.081,10,74,143,0,75,140,-1,0,0,-10,1,-3,0.0043,-0.0021,-0.002,1,-3,-4,0,0
160.181,160.181,10,73,143,0,75,140,0,1,0,-10,2,-3,0.0049,-0.0021,-0.0019,1,-2,-4,0,0
160.281,160.281,9,73,143,0,75,140,0,1,0,-9,2,-3,0.0066,-0.0039,-0.0012,1,-2,-2,0,0
160.381,160.381,9,72,143,0,75,140,0,1,0,-9,3,-3,0.0089,-0.0052,0.0002,0.9999,0,-3,0,0
160.481,160.481,9,72,143,0,125,140,0,15,0,-9,53,-3,0.0119,-0.0073,0.0012,0.9999,0,-3,0,14
160.691,160.691,9,71,143,0,125,140,0,15,0,-9,54,-3,0.011,-0.0072,0.0015,0.9999,0,-3,0,14
160.891,160.891,8,70,142,0,125,140,0,16,0,-8,55,-2,-0.0115,-0.0045,0.0004,0.9999,-3,0,0,15
160.991,160.991,8,70,142,0,125,140,0,16,0,-8,55,-2,-0.0097,-0.0041,-0.0014,0.9999,-1,4,0,15
161.091,161.091,7,71,142,0,125,140,0,15,0,-7,54,-2,-0.0035,-0.0035,-0.0028,1,0,9,0,14
161.191,161.191,7,72,142,0,125,140,0,15,0,-7,53,-2,0.0023,-0.0039,-0.0044,1,-2,5,0,14
161.291,161.291,7,72,142,0,125,140,0,15,0,-7,53,-2,0.0067,-0.0049,-0.0052,1,-2,11,0,14
161.391,161.391,7,73,142,0,125,140,0,15,0,-7,52,-2,0.0093,-0.0067,-0.0063,0.9999,0,7,0,14
161.491,161.491,6,74,142,0,125,140,0,15,0,-6,51,-2,0.0085,-0.0076,-0.0065,0.9999,0,6,0,14
161.591,161.591,6,75,142,0,125,140,0,14,0,-6,50,-2,0.0049,-0.0072,-0.0062,0.9999,-3,3,0,13
161.691,161.691,6,76,142,0,125,140,0,14,0,-6,49,-2,0.0009,-0.006,-0.0058,1,-2,1,0,13
161.791,161.791,6,76,142,0,125,140,0,14,0,-6,49,-2,-0.0021,-0.0048,-0.006,1,-1,3,0,13
161.891,161.891,5,77,142,0,125,140,0,14,0,-5,48,-2,-0.0019,-0.0044,-0.006,1,-1,1,0,13
161.991,161.991,5,78,142,0,125,140,0,14,0,-5,47,-2,-0.0014,-0.0044,-0.0058,1,-1,7,0,13
162.091,162.091,5,80,141,0,125,140,0,13,0,-5,45,-1,-0.0006,-0.0048,-0.006,1,0,8,0,12
162.191,162.191,5,81,141,0,125,140,0,13,0,-5,44,-1,-0.0001,-0.0058,-0.0058,1,0,8,0,12
162.291,162.291,5,82,141,0,125,140,0,12,0,-5,43,-1,-0.0001,-0.0061,-0.0053,1,-1,12,0,11
162.391,162.391,5,84,141,0,125,140,0,12,0,-5,41,-1,0.0003,-0.0063,-0.0048,1,-1,18,0,11
162.491,162.491,5,86,141,0,125,140,0,12,0,-5,39,-1,0.0003,-0.0068,-0.0041,1,0,4,0,11
162.591,162.591,5,87,141,0,125,140,0,11,0,-5,38,-1,0.0011,-0.0069,-0.0027,1,1,4,0,10
162.691,162.691,5,89,140,0,125,140,0,11,0,-5,36,0,0.0021,-0.0061,-0.0018,1,0,8,0,10
162.791,162.791,4,91,140,0,125,140,0,10,0,-4,34,0,0.003,-0.0053,-0.0005,1,-1,9,0,9
162.891,162.891,5,92,140,0,125,140,0,10,0,-5,33,0,0.0045,-0.0063,0.0009,1,0,10,0,9
162.991,162.991,5,94,140,0,125,140,0,9,0,-5,31,0,0.0037,-0.0085,0.0022,1,0,6,0,8
163.091,163.091,5,96,140,0,125,140,0,9,0,-5,29,0,0.0029,-0.0092,0.0034,0.9999,1,5,0,8
163.191,163.191,5,98,140,0,125,140,0,8,0,-5,27,0,0.0021,-0.009,0.0043,0.9999,0,4,0,7
163.291,163.291,5,100,140,0,125,140,0,7,0,-5,25,0,0.0042,-0.0082,0.0053,0.9999,1,4,0,6
163.391,163.391,5,102,140,0,125,140,0,4,0,-5,23,0,0.0067,-0.0068,0.006,0.9999,0,5,0,3
163.491,163.491,4,104,140,0,125,140,0,3,0,-4,21,0,0.0076,-0.0059,0.0062,0.9999,0,7,0,2
163.591,163.591,4,106,141,0,125,140,0,3,0,-4,19,-1,0.0062,-0.0059,0.0061,0.9999,0,5,0,2
163.691,163.691,4,107,140,0,125,140,0,3,0,-4,18,0,0.0057,-0.0062,0.0065,0.9999,0,5,0,2
163.791,163.791,5,108,141,0,125,140,0,3,0,-5,17,-1,0.006,-0.0062,0.0062,0.9999,-1,6,0,2
163.891,163.891,5,110,141,0,125,140,0,3,0,-5,15,-1,0.0056,-0.0078,0.0053,0.9999,0,2,0,2
163.991,163.991,5,112,141,0,125,140,0,2,0,-5,13,-1,0.0043,-0.0092,0.004,0.9999,0,4,0,1
164.091,164.091,5,113,141,0,125,140,0,2,0,-5,12,-1,0.003,-0.0099,0.0024,0.9999,0,2,0,1
164.191,164.191,5,115,141,0,125,140,0,2,0,-5,10,-1,0.0026,-0.0102,-0.0001,0.9999,0,8,0,1
164.291,164.291,5,117,141,0,125,140,0,1,0,-5,8,-1,0.0026,-0.0102,-0.0001,0.9999,0,4,0,0
165.001,165.001,5,129,141,0,175,140,0,14,0,-5,46,-1,0.0116,-0.0085,-0.0117,0.9998,0,13,0,13
165.101,165.101,5,131,141,0,175,140,0,13,0,-5,44,-1,0.0108,-0.009,-0.0112,0.9998,0,14,0,12
165.201,165.201,5,132,140,0,175,140,0,12,0,-5,43,0,0.0099,-0.0088,-0.0113,0.9998,0,11,0,11
165.301,165.301,4,134,140,0,175,140,0,12,0,-4,41,0,-0.0005,-0.0083,-0.0109,0.9999,0,8,0,11
165.401,165.401,4,136,140,0,175,140,0,12,0,-4,39,0,-0.0071,-0.0074,-0.0105,0.9999,0,10,0,11
165.501,165.501,4,138,140,0,175,140,0,11,0,-4,37,0,-0.0045,-0.0057,-0.0095,0.9999,-1,14,0,10
165.601,165.601,4,140,140,0,175,140,0,10,0,-4,35,0,0.0008,-0.0056,-0.0087,0.9999,-1,16,0,9
165.701,165.701,4,143,140,0,175,140,0,9,0,-4,32,0,0.0053,-0.0065,-0.0074,0.9999,0,14,0,8
165.801,165.801,4,145,140,0,175,140,0,9,0,-4,30,0,0.0076,-0.0071,-0.0062,0.9999,0,12,0,8
165.901,165.901,4,147,140,0,175,140,0,8,0,-4,28,0,0.0087,-0.0069,-0.0046,0.9999,0,15,0,7
166.001,166.001,4,149,140,0,175,140,0,8,0,-4,26,0,0.0088,-0.0065,-0.0025,0.9999,-1,12,0,7
166.101,166.101,3,151,140,0,175,140,0,4,0,-3,24,0,0.0077,-0.0075,-0.0006,0.9999,0,13,0,3
166.201,166.201,3,154,140,0,175,140,0,3,0,-3,21,0,0.0069,-0.0076,0.0013,0.9999,0,11,0,2
166.301,166.301,3,155,140,0,175,140,0,3,0,-3,20,0,0.0065,-0.0074,0.0028,0.9999,0,16,0,2
166.401,166.401,3,157,140,0,175,140,0,3,0,-3,18,0,0.0102,-0.0074,0.0039,0.9999,0,17,0,2
166.501,166.501,3,159,140,0,175,140,0,3,0,-3,16,0,0.0134,-0.0079,0.0048,0.9999,0,13,0,2
166.601,166.601,3,161,140,0,175,140,0,2,0,-3,14,0,0.0136,-0.0081,0.005,0.9999,0,10,0,1
166.701,166.701,3,163,140,0,175,140,0,2,0,-3,12,0,0.0123,-0.008,0.0048,0.9999,-1,13,0,1
166.801,166.801,2,164,141,0,175,140,0,2,0,-2,11,-1,0.0106,-0.0069,0.0047,0.9999,-2,9,0,1
166.901,166.901,2,165,141,0,175,140,0,2,0,-2,10,-1,0.0104,-0.0063,0.0046,0.9999,0,10,0,1
167.001,167.001,2,166,141,0,175,140,0,2,0,-2,9,-1,0.0105,-0.0052,0.0042,0.9999,0,9,0,1
167.101,167.101,2,167,140,0,175,140,0,1,0,-2,8,0,0.0099,-0.0047,0.0041,0.9999,0,7,0,0
167.201,167.201,2,169,140,0,175,100,0,1,-18,-2,6,-40,0.0096,-0.0051,0.0036,0.9999,0,8,0,0
167.301,167.301,1,169,140,0,175,100,0,1,-18,-1,6,-40,0.0098,-0.0057,0.0034,0.9999,0,4,0,0
167.401,167.401,1,170,140,0,175,100,0,1,-18,-1,5,-40,0.0108,-0.0066,0.0029,0.9999,-1,6,0,0
167.501,167.501,1,171,140,0,175,100,0,1,-18,-1,4,-40,0.0102,-0.0064,0.002,0.9999,0,6,0,0
167.601,167.601,1,172,139,0,175,100,0,1,-17,-1,3,-39,0.0093,-0.0064,0.0009,0.9999,0,6,0,0
167.701,167.701,1,173,137,0,175,100,0,1,-17,-1,2,-37,0.009,-0.0072,-0.0004,0.9999,0,3,0,0
167.801,167.801,1,174,136,0,175,100,0,0,-16,-1,1,-36,0.01,-0.0079,-0.0019,0.9999,0,5,0,0
167.901,167.901,0,175,134,0,175,100,0,0,-15,0,0,-34,0.0111,-0.008,-0.0029,0.9999,0,6,0,0
168.001,168.001,0,175,133,0,175,100,0,0,-15,0,0,-33,0.0111,-0.0076,-0.0037,0.9999,-3,4,0,0
168.101,168.101,0,175,131,0,175,100,0,0,-14,0,0,-31,0.0097,-0.0074,-0.0043,0.9999,0,1,0,0
168.201,168.201,0,176,130,0,175,100,0,0,-13,0,-1,-30,0.0081,-0.0072,-0.0046,0.9999,-1,2,0,0
168.301,168.301,0,176,129,0,175,100,0,0,-13,0,-1,-29,0.0078,-0.0069,-0.0038,0.9999,0,0,0,0
168.401,168.401,0,176,127,0,175,100,0,0,-12,0,-1,-27,0.0096,-0.0081,-0.0031,0.9999,-2,0,0,0
168.501,168.501,0,177,126,0,175,100,0,0,-11,0,-2,-26,0.0125,-0.0109,-0.0029,0.9999,-1,3,0,0
168.601,168.601,0,177,125,0,175,100,0,0,-11,0,-2,-25,0.0149,-0.0139,-0.0025,0.9998,-1,2,0,0
168.711,168.711,0,178,123,0,175,100,0,0,-10,0,-3,-23,0.0155,-0.0144,-0.0029,0.9998,0,0,0,0
168.811,168.811,0,178,122,0,175,100,0,0,-10,0,-3,-22,0.0142,-0.0124,-0.0033,0.9998,0,0,0,0
168.911,168.911,0,177,121,0,175,100,0,0,-9,0,-2,-21,0.0124,-0.0099,-0.0038,0.9999,0,0,0,0
169.011,169.011,0,177,119,0,175,100,0,0,-8,0,-2,-19,0.0107,-0.0081,-0.0044,0.9999,-1,0,0,0
169.111,169.111,-1,178,119,0,175,100,0,0,-8,1,-3,-19,0.0098,-0.0067,-0.0041,0.9999,-2,0,0,0
169.211,169.211,-1,178,118,0,175,100,0,0,-8,1,-3,-18,0.0104,-0.0067,-0.0032,0.9999,0,0,0,0
169.311,169.311,-1,178,117,0,175,100,0,0,-7,1,-3,-17,0.0112,-0.0078,-0.0018,0.9999,0,0,0,0
169.411,169.411,-1,178,116,0,175,100,0,0,-7,1,-3,-16,0.0117,-0.0096,-0.0004,0.9999,0,-1,0,0
169.511,169.511,-1,177,115,0,175,100,0,0,-7,1,-2,-15,0.0103,-0.0106,0.0016,0.9999,0,-1,0,0
169.611,169.611,-1,177,114,0,175,100,0,0,-6,1,-2,-14,0.0097,-0.009,0.0042,0.9999,-1,-2,0,0
169.711,169.711,-1,177,113,0,175,100,0,0,-6,1,-2,-13,0.0103,-0.0064,0.0065,0.9999,0,0,0,0
169.811,169.811,-1,177,113,0,175,100,0,0,-6,1,-2,-13,0.0118,-0.0062,0.008,0.9999,0,-1,0,0
169.911,169.911,-1,177,112,0,175,100,0,0,-5,1,-2,-12,0.012,-0.0074,0.009,0.9999,0,-1,0,0
170.011,170.011,-1,176,111,0,175,100,0,0,-5,1,-1,-11,0.0116,-0.009,0.0097,0.9998,0,-1,0,0
170.111,170.111,-1,176,110,0,175,100,0,0,-4,1,-1,-10,0.0106,-0.0094,0.0094,0.9999,0,-5,0,0
170.211,170.211,-1,176,110,0,175,100,0,0,-4,1,-1,-10,0.0098,-0.0091,0.0088,0.9999,0,-2,0,0
170.311,170.311,-1,176,109,0,175,100,0,0,-4,1,-1,-9,0.0092,-0.0081,0.0075,0.9999,-1,-2,0,0
170.411,170.411,-1,175,109,0,175,100,0,0,-3,1,0,-9,0.0096,-0.0074,0.006,0.9999,0,-2,0,0
170.511,170.511,-1,175,108,0,175,100,0,0,-3,1,0,-8,0.0099,-0.0075,0.005,0.9999,-1,-3,0,0
170.611,170.611,-1,175,108,0,175,100,0,0,-3,1,0,-8,0.0101,-0.0082,0.0037,0.9999,0,-1,0,0
170.711,170.711,-1,175,108,0,175,100,0,0,-3,1,0,-8,0.0108,-0.0088,0.0027,0.9999,0,-2,0,0
170.811,170.811,-1,174,108,0,175,100,0,0,-3,1,1,-8,0.0113,-0.0092,0.0018,0.9999,0,-1,0,0
170.911,170.911,-1,174,107,0,175,100,0,0,-2,1,1,-7,0.0112,-0.0091,0.0014,0.9999,0,-1,0,0
171.011,171.011,-1,173,107,0,125,100,0,-14,-2,1,-48,-7,0.0116,-0.0096,0.0013,0.9999,0,-2,0,-13
171.111,171.111,-1,173,106,0,125,100,0,-14,-2,1,-48,-6,0.0121,-0.0098,0.0013,0.9999,1,-5,0,-13
171.211,171.211,-1,173,106,0,125,100,0,-14,-2,1,-48,-6,0.0124,-0.0104,0.001,0.9999,0,-2,0,-13
171.311,171.311,-1,173,106,0,125,100,0,-14,-2,1,-48,-6,0.0234,-0.0108,0.0007,0.9997,0,0,0,-13
171.411,171.411,-1,172,106,0,125,100,0,-14,-2,1,-47,-6,0.028,-0.0107,0,0.9995,0,-2,0,-13
171.511,171.511,-1,171,105,0,125,100,0,-14,-1,1,-46,-5,0.0246,-0.0093,-0.001,0.9997,0,-8,0,-13
171.611,171.611,-1,170,105,0,125,100,0,-13,-1,1,-45,-5,0.0181,-0.0084,-0.0015,0.9998,-1,-11,0,-12
171.711,171.711,-1,168,105,0,125,100,0,-13,-1,1,-43,-5,0.0135,-0.0085,-0.0016,0.9999,0,-10,0,-12
171.811,171.811,-1,167,104,0,125,100,0,-12,-1,1,-42,-4,0.0115,-0.0105,-0.0011,0.9999,0,-6,0,-11
171.911,171.911,-1,165,104,0,125,100,0,-12,-1,1,-40,-4,0.0101,-0.0123,-0.0007,0.9999,0,-9,0,-11
172.011,172.011,-1,164,104,0,125,100,0,-12,-1,1,-39,-4,0.0105,-0.0127,-0.0003,0.9999,0,-11,0,-11
172.111,172.111,-2,163,104,0,125,100,0,-11,-1,2,-38,-4,0.0114,-0.011,-0.0003,0.9999,0,-8,0,-10
172.211,172.211,-2,161,104,0,125,100,0,-11,-1,2,-36,-4,0.0123,-0.0095,-0.0004,0.9999,0,-6,0,-10
172.311,172.311,-2,160,103,0,125,100,0,-10,0,2,-35,-3,0.0131,-0.0082,-0.0011,0.9999,0,-5,0,-9
172.411,172.411,-2,158,103,0,125,100,0,-9,0,2,-33,-3,0.0127,-0.008,-0.0015,0.9999,0,-5,0,-8
172.511,172.511,-2,157,103,0,125,100,0,-9,0,2,-32,-3,0.0127,-0.0079,-0.0028,0.9999,0,-7,0,-8
172.611,172.611,-2,155,102,0,125,100,0,-9,0,2,-30,-2,0.0127,-0.0079,-0.0028,0.9999,0,-10,0,-8
172.711,172.711,-2,153,102,0,125,100,0,-8,0,2,-28,-2,0.0111,-0.008,-0.0055,0.9999,-1,-13,0,-7
172.821,172.821,-2,151,102,0,125,100,0,-8,0,2,-26,-2,0.0103,-0.009,-0.0072,0.9999,0,-10,0,-7
172.921,172.921,-2,150,102,0,125,100,0,-7,0,2,-25,-2,0.0095,-0.0099,-0.0087,0.9999,0,-13,0,-6
173.021,173.021,-2,148,102,0,125,100,0,-4,0,2,-23,-2,0.0067,-0.0101,-0.0098,0.9999,-1,-11,0,-3
173.121,173.121,-2,145,102,0,125,100,0,-3,0,2,-20,-2,0.0054,-0.0096,-0.0104,0.9999,0,-11,0,-2
173.221,173.221,-2,144,102,0,125,100,0,-3,0,2,-19,-2,0.0044,-0.0086,-0.0106,0.9999,0,-9,0,-2
173.321,173.321,-3,143,102,0,125,100,0,-3,0,3,-18,-2,0.0025,-0.0071,-0.0108,0.9999,0,-7,0,-2
173.421,173.421,-3,141,102,0,125,100,0,-3,0,3,-16,-2,0.0015,-0.0061,-0.0107,0.9999,-1,-7,0,-2
173.521,173.521,-4,140,102,0,125,100,1,-2,0,4,-15,-2,0.002,-0.0049,-0.0106,0.9999,-2,-8,1,-1
173.621,173.621,-4,138,102,0,125,100,1,-2,0,4,-13,-2,0.0031,-0.0042,-0.0107,0.9999,-1,-8,1,-1
173.721,173.721,-4,137,102,0,125,100,1,-2,0,4,-12,-2,0.0055,-0.0039,-0.0113,0.9999,-1,-7,1,-1
173.821,173.821,-4,136,101,0,125,100,1,-2,0,4,-11,-1,0.0074,-0.0034,-0.012,0.9999,0,-5,1,-1
173.921,173.921,-4,135,101,0,125,100,1,-2,0,4,-10,-1,0.0082,-0.0036,-0.0122,0.9999,0,-5,1,-1
174.021,174.021,-5,134,101,0,125,100,1,-2,0,5,-9,-1,0.0075,-0.0042,-0.0129,0.9999,0,-9,1,-1
174.121,174.121,-5,133,101,0,125,100,1,0,0,5,-8,-1,0.0065,-0.0041,-0.0131,0.9999,0,-5,0,0
174.221,174.221,-5,132,101,0,125,100,1,0,0,5,-7,-1,0.0062,-0.0047,-0.0135,0.9999,0,-4,0,0
174.421,174.421,-5,130,101,0,75,100,1,-16,0,5,-55,-1,0.0073,-0.0063,-0.0139,0.9999,0,-4,1,-15
174.521,174.521,-5,129,102,0,75,100,1,-15,0,5,-54,-2,0.009,-0.0072,-0.0137,0.9998,0,-9,1,-14
174.621,174.621,-5,128,102,0,75,100,1,-15,0,5,-53,-2,0.01,-0.0078,-0.0134,0.9998,0,-5,1,-14
174.721,174.721,-5,128,102,0,75,100,1,-15,0,5,-53,-2,0.0231,-0.006,-0.0128,0.9996,0,-4,1,-14
174.821,174.821,-5,127,102,0,75,100,1,-15,0,5,-52,-2,0.0302,-0.0045,-0.0119,0.9995,0,-7,1,-14
174.921,174.921,-5,125,102,0,75,100,1,-15,0,5,-50,-2,0.0271,-0.0039,-0.0111,0.9996,0,-11,1,-14
175.021,175.021,-5,123,101,0,75,100,1,-14,0,5,-48,-1,0.0185,-0.0037,-0.0098,0.9998,0,-15,1,-13
175.121,175.121,-5,121,101,0,75,100,1,-14,0,5,-46,-1,0.0116,-0.0028,-0.0081,0.9999,0,-13,1,-13
175.221,175.221,-5,119,101,0,75,100,1,-13,0,5,-44,-1,0.008,-0.0029,-0.0064,0.9999,0,-12,1,-12
175.321,175.321,-5,116,101,0,75,100,1,-12,0,5,-41,-1,0.0069,-0.0044,-0.0036,1,0,-11,1,-11
175.421,175.421,-5,114,101,0,75,100,1,-12,0,5,-39,-1,0.0075,-0.0049,-0.0009,1,0,-10,1,-11
175.521,175.521,-6,112,101,0,75,100,1,-11,0,6,-37,-1,0.0075,-0.0051,0.0021,1,0,-10,0,-11
175.621,175.621,-6,110,101,0,75,100,1,-10,0,6,-35,-1,0.006,-0.0049,0.0052,1,0,-13,0,-10
175.721,175.721,-6,108,101,0,75,100,1,-10,0,6,-33,-1,0.0056,-0.0032,0.0084,0.9999,0,-15,0,-10
175.821,175.821,-6,106,101,0,75,100,1,-9,0,6,-31,-1,0.0059,-0.0023,0.011,0.9999,-2,-11,0,-9
175.921,175.921,-6,104,101,0,75,100,1,-9,0,6,-29,-1,0.0063,-0.0038,0.0127,0.9999,0,-11,0,-9
176.021,176.021,-6,102,101,0,75,100,1,-8,0,6,-27,-1,0.0071,-0.0062,0.0135,0.9999,0,-11,0,-8
176.121,176.121,-6,100,101,0,75,100,1,-7,0,6,-25,-1,0.007,-0.0066,0.0136,0.9999,0,-11,0,-7
176.221,176.221,-6,98,101,0,75,100,1,-4,0,6,-23,-1,0.0065,-0.0052,0.0134,0.9999,0,-9,0,-4
176.321,176.321,-6,96,101,0,75,100,1,-3,0,6,-21,-1,0.0065,-0.0048,0.0134,0.9999,0,-9,0,-3
176.421,176.421,-6,94,101,0,75,100,1,-3,0,6,-19,-1,0.0062,-0.0053,0.013,0.9999,0,-11,0,-3
176.521,176.521,-6,92,101,0,75,100,1,-3,0,6,-17,-1,0.0046,-0.0063,0.0124,0.9999,0,-8,0,-3
176.621,176.621,-6,90,101,0,75,100,1,-2,0,6,-15,-1,0.0035,-0.0074,0.012,0.9999,0,-8,0,-2
176.721,176.721,-6,89,101,0,75,100,1,-2,0,6,-14,-1,0.0041,-0.0081,0.0115,0.9999,0,-7,0,-2
176.821,176.821,-6,87,101,0,75,100,1,-2,0,6,-12,-1,0.0041,-0.0081,0.0115,0.9999,0,-7,0,-2
176.931,176.931,-6,85,100,0,75,100,1,-2,0,6,-10,0,0.0057,-0.0069,0.0113,0.9999,0,-9,0,-2
177.031,177.031,-6,83,100,0,75,100,1,0,0,6,-8,0,0.0057,-0.0047,0.0106,0.9999,0,-12,0,0
177.131,177.131,-6,81,100,0,75,100,1,0,0,6,-6,0,0.0051,-0.0031,0.01,0.9999,0,-11,0,0
177.231,177.231,-6,80,100,0,-25,100,1,-23,0,6,-105,0,0.0049,-0.0035,0.009,0.9999,0,-14,0,-23
177.331,177.331,-6,79,100,0,-25,100,1,-23,0,6,-104,0,0.0026,-0.0054,0.0082,0.9999,1,-16,0,-23
177.431,177.431,-6,77,101,0,-25,100,1,-23,0,6,-102,-1,0.0026,-0.0076,0.008,0.9999,0,-8,0,-23
177.531,177.531,-6,77,101,0,-25,100,1,-23,0,6,-102,-1,0.0226,-0.0085,0.0086,0.9997,0,-4,0,-22
177.631,177.631,-6,75,100,0,-25,100,1,-23,0,6,-100,0,0.0401,-0.009,0.0093,0.9991,0,-10,0,-22
177.731,177.731,-6,72,100,0,-25,100,1,-23,0,6,-97,0,0.0363,-0.0096,0.0101,0.9992,0,-16,0,-22
177.831,177.831,-6,69,100,0,-25,100,1,-23,0,6,-94,0,0.0214,-0.0087,0.0096,0.9997,0,-23,0,-22
177.931,177.931,-6,65,100,0,-25,100,1,-23,0,6,-90,0,0.0074,-0.008,0.0089,0.9999,0,-21,0,-23
178.031,178.031,-6,62,99,0,-25,100,1,-23,0,6,-87,1,0.0013,-0.0067,0.0072,1,0,-22,0,-23
178.131,178.131,-7,59,99,0,-25,100,1,-23,0,7,-84,1,0.0015,-0.0069,0.0058,1,0,-22,0,-23
178.231,178.231,-6,56,99,0,-25,100,1,-23,0,6,-81,1,0.0047,-0.0081,0.0039,0.9999,0,-17,0,-23
178.331,178.331,-6,53,99,0,-25,100,1,-23,0,6,-78,1,0.0078,-0.0088,0.0012,0.9999,0,-17,0,-22
178.431,178.431,-6,50,99,0,-25,100,1,-22,0,6,-75,1,0.0092,-0.0089,-0.0015,0.9999,0,-20,1,-21
178.531,178.531,-6,47,99,0,-25,100,1,-21,0,6,-72,1,0.0104,-0.009,-0.0039,0.9999,0,-23,1,-20
178.631,178.631,-6,43,99,0,-25,100,1,-20,0,6,-68,1,0.01,-0.0087,-0.0063,0.9999,0,-25,1,-19
178.731,178.731,-7,40,99,0,-25,100,1,-19,0,7,-65,1,0.0077,-0.0073,-0.0082,0.9999,0,-29,1,-18
178.831,178.831,-7,36,99,0,-25,100,1,-18,0,7,-61,1,0.0048,-0.0066,-0.0097,0.9999,0,-30,1,-17
178.931,178.931,-7,33,99,0,-25,100,1,-17,0,7,-58,1,0.0021,-0.0065,-0.0106,0.9999,-1,-29,1,-16
179.031,179.031,-7,29,99,0,-25,100,1,-16,0,7,-54,1,0.0003,-0.0079,-0.01,0.9999,0,-30,1,-15
179.131,179.131,-7,26,99,0,-25,100,1,-15,0,7,-51,1,-0.0026,-0.0091,-0.0098,0.9999,0,-27,1,-14
179.231,179.231,-7,22,99,0,-25,100,1,-14,0,7,-47,1,-0.0051,-0.009,-0.0095,0.9999,0,-27,1,-13
179.331,179.331,-7,19,99,0,-25,100,1,-13,0,7,-44,1,-0.0075,-0.0074,-0.0085,0.9999,0,-24,1,-12
179.431,179.431,-7,17,98,0,-25,100,1,-12,0,7,-42,2,-0.0083,-0.0065,-0.0074,0.9999,0,-24,1,-11
179.531,179.531,-7,14,98,0,-25,100,1,-12,0,7,-39,2,-0.0077,-0.0062,-0.0068,0.9999,0,-22,1,-11
179.631,179.631,-7,11,98,0,-25,100,1,-11,0,7,-36,2,-0.0066,-0.0062,-0.006,0.9999,0,-18,1,-10
179.731,179.731,-7,8,98,0,-25,100,1,-10,0,7,-33,2,-0.0064,-0.006,-0.005,0.9999,0,-16,1,-9
179.831,179.831,-7,6,98,0,-25,100,1,-9,0,7,-31,2,-0.0054,-0.0061,-0.0042,1,0,-18,1,-8
179.931,179.931,-7,4,98,0,-25,100,1,-9,0,7,-29,2,-0.0051,-0.006,-0.0035,1,0,-15,1,-8
180.031,180.031,-7,2,98,0,-25,100,1,-8,0,7,-27,2,-0.0054,-0.0062,-0.0033,1,0,-10,1,-7
180.131,180.131,-7,1,98,0,-25,100,1,-8,0,7,-26,2,-0.0053,-0.0065,-0.0033,1,0,-10,1,-7
180.231,180.231,-7,-1,98,0,-25,100,1,-4,0,7,-24,2,-0.0038,-0.0064,-0.0033,1,-1,-7,1,-3
180.331,180.331,-7,-2,98,0,-25,100,1,-4,0,7,-23,2,-0.0034,-0.0071,-0.003,1,0,-11,1,-3
180.431,180.431,-7,-3,98,0,-25,100,1,-4,0,7,-22,2,-0.0032,-0.008,-0.003,1,0,-9,1,-3
180.531,180.531,-7,-4,98,0,-25,100,1,-3,0,7,-21,2,-0.0064,-0.0083,-0.0032,0.9999,0,-8,1,-2
180.631,180.631,-7,-5,97,0,-25,100,1,-3,0,7,-20,3,-0.0078,-0.0076,-0.0026,0.9999,0,-5,1,-2
180.731,180.731,-7,-6,97,0,-25,100,1,-3,0,7,-19,3,-0.0057,-0.007,-0.0017,1,-2,-5,1,-2
180.831,180.831,-7,-6,97,0,-25,100,1,-3,0,7,-19,3,-0.0032,-0.0067,-0.0008,1,0,-1,1,-2
180.941,180.941,-7,-7,97,0,-25,100,1,-3,0,7,-18,3,-0.0026,-0.0059,0.0005,1,0,-3,0,-3
181.041,181.041,-7,-7,97,0,-25,100,1,-3,0,7,-18,3,-0.003,-0.0062,0.0014,1,0,-4,0,-3
181.141,181.141,-7,-8,97,0,-25,100,1,-3,0,7,-17,3,-0.0031,-0.0063,0.0026,1,0,-2,0,-3
181.231,181.231,-7,-8,97,0,-25,100,1,-3,0,7,-17,3,-0.0031,-0.0063,0.0026,1,2,0,0,-3
181.341,181.341,-6,-8,97,0,-25,100,1,-3,0,6,-17,3,0.0002,-0.0086,0.0039,1,1,0,0,-3
181.441,181.441,-6,-8,97,0,-25,100,1,-3,0,6,-17,3,0.0012,-0.0088,0.0039,1,0,0,0,-3
181.541,181.541,-6,-8,97,0,-25,100,1,-3,0,6,-17,3,0.0015,-0.0085,0.004,1,0,0,0,-3
181.641,181.641,-6,-8,97,0,-25,100,1,-3,0,6,-17,3,0.0007,-0.0079,0.0033,1,-1,0,0,-3
181.741,181.741,-7,-8,97,0,-25,100,1,-3,0,7,-17,3,0.0002,-0.0075,0.002,1,-1,-1,0,-3
181.841,181.841,-7,-8,97,0,-25,100,1,-3,0,7,-17,3,0,-0.0066,0,1,0,-1,0,-3
181.941,181.941,-6,-8,97,0,-25,100,1,-3,0,6,-17,3,0.0003,-0.0058,-0.002,1,0,0,1,-2
182.041,182.041,-6,-8,98,0,-25,100,1,-3,0,6,-17,2,0.0011,-0.0058,-0.0045,1,0,1,1,-2
182.141,182.141,-6,-7,98,0,-25,100,1,-3,0,6,-18,2,0.0025,-0.0067,-0.0071,0.9999,0,1,1,-2
182.241,182.241,-6,-7,98,0,-25,100,1,-3,0,6,-18,2,0.0009,-0.0069,-0.0096,0.9999,0,0,1,-2
182.341,182.341,-7,-7,98,0,-25,100,1,-3,0,7,-18,2,-0.0012,-0.0076,-0.0117,0.9999,0,0,1,-2
182.441,182.441,-6,-7,98,0,-25,100,1,-3,0,6,-18,2,-0.0007,-0.0085,-0.0128,0.9999,0,1,1,-2
182.541,182.541,-6,-6,98,0,-25,100,1,-3,0,6,-19,2,0,-0.0086,-0.0129,0.9999,0,1,1,-2
182.641,182.641,-6,-6,98,0,-25,100,1,-3,0,6,-19,2,0.0003,-0.0085,-0.0123,0.9999,0,0,1,-2
182.741,182.741,-6,-6,98,0,-25,100,1,-3,0,6,-19,2,0.0013,-0.0077,-0.0114,0.9999,0,3,1,-2
182.841,182.841,-6,-5,99,0,-25,100,1,-3,0,6,-20,1,0.0019,-0.0066,-0.0102,0.9999,-1,2,1,-2
182.941,182.941,-6,-5,99,0,-25,100,1,-3,0,6,-20,1,0.001,-0.006,-0.0082,0.9999,0,2,1,-2
183.041,183.041,-6,-5,99,0,-25,100,1,-3,0,6,-20,1,0,-0.0069,-0.0056,1,0,2,1,-2
183.141,183.141,-7,-4,99,0,-25,100,1,-3,0,7,-21,1,-0.0021,-0.0076,-0.0025,1,-1,2,1,-2
183.241,183.241,-7,-4,98,0,-25,100,1,-3,0,7,-21,2,-0.0023,-0.008,0.0002,1,-1,4,0,-3
183.341,183.341,-7,-4,98,0,-25,100,1,-3,0,7,-21,2,-0.0005,-0.0071,0.0023,1,0,3,0,-3
183.441,183.441,-7,-3,98,0,-25,100,1,-4,0,7,-22,2,0.0025,-0.0056,0.0028,1,0,3,0,-4
183.541,183.541,-7,-2,98,0,-25,100,1,-4,0,7,-23,2,0.0047,-0.0047,0.0027,1,0,2,0,-4
183.641,183.641,-7,-2,99,0,-25,100,1,-4,0,7,-23,1,0.0048,-0.0051,0.0019,1,0,5,0,-4
183.741,183.741,-7,-1,99,0,-25,100,1,-4,0,7,-24,1,0.0055,-0.0056,0.0009,1,0,4,0,-4
183.841,183.841,-7,-1,99,0,-25,100,1,-4,0,7,-24,1,0.0056,-0.0072,-0.0007,1,0,2,1,-3
183.941,183.941,-7,0,99,0,-25,100,1,-7,0,7,-25,1,0.0033,-0.0086,-0.0029,1,0,1,1,-6
184.041,184.041,-7,0,98,0,-25,100,1,-7,0,7,-25,2,0.0002,-0.0088,-0.0044,1,-3,0,1,-6
184.141,184.141,-7,0,98,0,-25,100,1,-7,0,7,-25,2,-0.002,-0.0068,-0.0051,1,0,0,1,-6
184.241,184.241,-8,0,98,0,-25,100,1,-7,0,8,-25,2,0.0002,-0.0065,-0.0044,1,-1,1,1,-6
184.341,184.341,-8,1,98,0,-25,100,1,-8,0,8,-26,2,0.0029,-0.0074,-0.0024,1,0,1,1,-7
184.441,184.441,-8,1,98,0,-25,100,1,-8,0,8,-26,2,0.0039,-0.0079,0.0007,1,0,1,0,-8
184.541,184.541,-8,1,98,0,-25,100,1,-8,0,8,-26,2,0.0043,-0.0073,0.0043,1,-2,1,0,-8
184.641,184.641,-9,1,98,0,-25,100,1,-8,0,9,-26,2,0.006,-0.0057,0.0074,0.9999,-1,1,0,-8
184.741,184.741,-9,1,98,0,-25,100,1,-8,0,9,-26,2,0.0077,-0.0056,0.0096,0.9999,-1,0,0,-8
184.851,184.851,-9,1,98,0,-25,100,1,-8,0,9,-26,2,0.007,-0.0064,0.0107,0.9999,0,-1,0,-8
184.951,184.951,-9,1,98,0,-25,100,1,-8,0,9,-26,2,0.0055,-0.0064,0.0112,0.9999,0,0,0,-8
185.041,185.041,-9,1,98,0,-25,100,1,-8,0,9,-26,2,0.0035,-0.0064,0.0104,0.9999,-1,-1,0,-8
185.151,185.151,-10,0,97,0,-25,100,1,-7,0,10,-25,3,0.0011,-0.0065,0.0087,0.9999,-1,-4,0,-7
185.251,185.251,-10,0,97,0,-25,100,1,-7,0,10,-25,3,-0.0009,-0.0075,0.0069,0.9999,1,-3,0,-7
185.351,185.351,-10,0,98,0,-25,100,1,-7,0,10,-25,2,-0.0005,-0.0095,0.0045,0.9999,0,0,0,-7
185.451,185.451,-10,0,98,0,-25,100,1,-7,0,10,-25,2,0.0009,-0.0109,0.0023,0.9999,1,0,0,-7
185.551,185.551,-10,-1,98,0,-25,100,1,-4,0,10,-24,2,0.0025,-0.011,-0.0002,0.9999,0,0,1,-3
185.651,185.651,-10,-1,97,0,-25,100,1,-4,0,10,-24,3,0.0049,-0.0093,-0.0029,0.9999,-1,0,1,-3
185.751,185.751,-10,-1,97,0,-25,100,1,-4,0,10,-24,3,0.0051,-0.0083,-0.0054,0.9999,0,0,1,-3
185.851,185.851,-10,-1,97,0,-25,100,1,-4,0,10,-24,3,0.0024,-0.0086,-0.0078,0.9999,0,-1,1,-3
185.951,185.951,-10,-2,97,0,-25,100,1,-4,0,10,-23,3,0.001,-0.0087,-0.0094,0.9999,0,0,1,-3
186.051,186.051,-10,-2,97,0,-25,100,1,-4,0,10,-23,3,0.0025,-0.0091,-0.0109,0.9999,0,0,1,-3
186.151,186.151,-10,-1,97,0,-25,100,1,-4,0,10,-24,3,0.0051,-0.0109,-0.0112,0.9999,0,-1,1,-3
186.251,186.251,-10,-1,97,0,-25,100,1,-4,0,10,-24,3,0.0071,-0.0125,-0.0115,0.9998,0,-1,1,-3
186.351,186.351,-10,-1,97,0,-25,100,1,-4,0,10,-24,3,0.0097,-0.0127,-0.0118,0.9998,0,0,1,-3
186.451,186.451,-10,-1,97,0,-25,100,1,-4,0,10,-24,3,0.0111,-0.0116,-0.0115,0.9998,0,0,1,-3
186.551,186.551,-10,-2,96,0,-25,100,1,-4,1,10,-23,4,0.0102,-0.0118,-0.0115,0.9998,0,0,1,-3
186.651,186.651,-10,-2,96,0,-25,100,1,-4,1,10,-23,4,0.0068,-0.0117,-0.0117,0.9998,0,-3,1,-3
186.751,186.751,-11,-3,96,0,-25,100,2,-4,1,11,-22,4,0.0027,-0.0117,-0.0111,0.9999,0,-3,2,-3
186.851,186.851,-11,-3,96,0,-25,100,2,-4,1,11,-22,4,-0.0001,-0.0115,-0.0106,0.9999,0,-2,2,-3
186.951,186.951,-11,-4,96,0,-25,100,2,-3,1,11,-21,4,-0.0006,-0.0095,-0.0095,0.9999,-1,-2,2,-2
187.051,187.051,-11,-4,96,0,-25,100,2,-3,1,11,-21,4,0.0013,-0.0062,-0.0088,0.9999,-5,-1,2,-2
187.151,187.151,-11,-4,96,0,-25,100,2,-3,1,11,-21,4,0.0035,-0.0037,-0.0081,1,-2,-1,2,-2
187.251,187.251,-12,-4,97,0,-25,100,2,-3,0,12,-21,3,0.0048,-0.0038,-0.0069,1,0,0,2,-2
187.351,187.351,-12,-4,97,0,-25,100,2,-3,0,12,-21,3,0.0053,-0.005,-0.0069,0.9999,1,0,2,-2
187.451,187.451,-12,-5,97,0,-25,100,2,-3,0,12,-20,3,0.0054,-0.0066,-0.0058,0.9999,0,0,2,-2
187.551,187.551,-12,-5,97,0,-25,100,2,-3,0,12,-20,3,0.0041,-0.0075,-0.0049,1,0,-3,2,-2
187.651,187.651,-11,-5,97,0,-25,100,2,-3,0,11,-20,3,0.0039,-0.0083,-0.0038,1,0,-1,2,-2
187.751,187.751,-11,-6,97,0,-25,100,2,-3,0,11,-19,3,0.0038,-0.0092,-0.0026,0.9999,0,-1,2,-2
187.851,187.851,-11,-6,97,0,-25,100,2,-3,0,11,-19,3,0.0031,-0.0091,-0.0017,1,0,-1,2,-2
187.951,187.951,-11,-7,97,0,-25,100,2,-3,0,11,-18,3,0.0023,-0.0079,-0.0012,1,0,-1,2,-2
188.051,188.051,-11,-7,97,0,-25,100,2,-3,0,11,-18,3,0.0014,-0.0063,0.0001,1,0,-1,1,-3
188.151,188.151,-11,-7,97,0,-25,100,2,-3,0,11,-18,3,0.0014,-0.0056,0.001,1,0,-2,1,-3
188.251,188.251,-11,-8,97,0,-25,100,2,-3,0,11,-17,3,0.0026,-0.0046,0.0032,1,0,-2,1,-3
188.351,188.351,-12,-8,97,0,-25,100,2,-3,0,12,-17,3,0.0035,-0.004,0.0046,1,0,-1,1,-3
188.451,188.451,-12,-8,97,0,-25,100,2,-3,0,12,-17,3,0.0035,-0.004,0.0046,1,0,0,1,-3
188.551,188.551,-11,-9,97,0,-25,100,2,-3,0,11,-16,3,0.0051,-0.0066,0.0091,0.9999,0,-1,1,-3
188.651,188.651,-11,-10,97,0,-25,100,2,-3,0,11,-15,3,0.0045,-0.0084,0.011,0.9999,1,-2,1,-3
188.751,188.751,-11,-10,97,0,-25,100,2,-1,0,11,-15,3,0.0024,-0.0093,0.0135,0.9999,0,-2,1,-1
188.861,188.861,-11,-10,97,0,-25,100,2,-1,0,11,-15,3,0.0007,-0.0089,0.0156,0.9998,-1,-4,1,-1
188.961,188.961,-11,-11,97,0,-25,100,2,-1,0,11,-14,3,-0.0001,-0.007,0.0176,0.9998,-1,-3,1,-1
189.061,189.061,-11,-12,97,0,-25,100,2,-1,0,11,-13,3,-0.0007,-0.0043,0.0191,0.9998,0,-2,1,-1
189.161,189.161,-11,-12,97,0,-25,100,2,-1,0,11,-13,3,0.0008,-0.0024,0.0196,0.9998,-1,-1,1,-1
189.261,189.261,-11,-13,97,0,-25,100,2,-1,0,11,-12,3,0.003,-0.0021,0.0192,0.9998,0,-3,1,-1
189.361,189.361,-12,-13,97,0,-25,100,2,-1,0,12,-12,3,0.0043,-0.0028,0.0178,0.9998,0,-1,1,-1
189.461,189.461,-11,-13,97,0,-25,100,2,-1,0,11,-12,3,0.0063,-0.0037,0.0166,0.9998,0,-3,1,-1
189.561,189.561,-11,-13,97,0,-25,100,2,-1,0,11,-12,3,0.0065,-0.0039,0.0152,0.9999,1,-1,1,-1
189.661,189.661,-11,-14,97,0,-25,100,2,-1,0,11,-11,3,0.0053,-0.0042,0.014,0.9999,1,-2,1,-1
189.761,189.761,-11,-14,97,0,-25,100,2,-1,0,11,-11,3,0.0033,-0.0051,0.013,0.9999,0,-1,1,-1
189.861,189.861,-11,-14,97,0,-25,100,2,-1,0,11,-11,3,0.0026,-0.0051,0.0118,0.9999,0,0,1,-1
189.961,189.961,-11,-14,97,0,-25,100,2,-1,0,11,-11,3,0.0021,-0.0048,0.0102,0.9999,1,0,1,-1
190.061,190.061,-10,-15,97,0,-25,100,1,-2,0,10,-10,3,0.0021,-0.0057,0.0083,0.9999,1,-2,0,-2
190.161,190.161,-10,-16,97,0,-25,100,1,-2,0,10,-9,3,0.0031,-0.0059,0.0064,1,1,-3,0,-2
190.261,190.261,-9,-16,97,0,-25,100,1,-2,0,9,-9,3,0.0024,-0.0071,0.0034,1,4,-3,0,-2
190.361,190.361,-9,-16,98,0,-25,100,1,-2,0,9,-9,2,0.0031,-0.0091,0.0003,1,2,0,0,-2
190.461,190.461,-9,-16,98,0,-25,100,1,-2,0,9,-9,2,0.0046,-0.0106,-0.0024,0.9999,1,0,1,-1
190.561,190.561,-8,-16,98,0,-25,100,1,-2,0,8,-9,2,0.0045,-0.0099,-0.0054,0.9999,2,0,1,-1
190.661,190.661,-8,-17,98,0,-25,100,1,0,0,8,-8,2,0.0018,-0.0095,-0.0079,0.9999,1,-1,0,0
190.761,190.761,-8,-17,98,0,-25,100,1,0,0,8,-8,2,-0.0006,-0.0084,-0.0096,0.9999,1,-1,0,0
190.861,190.861,-8,-17,99,0,-25,100,1,0,0,8,-8,1,0.0004,-0.0075,-0.0097,0.9999,0,0,0,0
190.961,190.961,-7,-17,99,0,-25,100,1,0,0,7,-8,1,0.0024,-0.0082,-0.0094,0.9999,1,0,0,0
191.061,191.061,-7,-17,99,0,-25,100,1,0,0,7,-8,1,0.0058,-0.009,-0.0083,0.9999,1,0,0,0
191.161,191.161,-7,-17,99,0,-25,100,1,0,0,7,-8,1,0.0083,-0.0093,-0.0072,0.9999,0,1,0,0
191.261,191.261,-7,-17,99,0,-25,100,1,0,0,7,-8,1,0.0101,-0.0071,-0.0057,0.9999,0,0,0,0
191.361,191.361,-7,-17,99,0,-25,100,1,0,0,7,-8,1,0.0091,-0.0067,-0.0042,0.9999,0,-3,0,0
191.461,191.461,-7,-18,99,0,-25,100,1,0,0,7,-7,1,0.0065,-0.0064,-0.0026,1,0,-4,0,0
191.561,191.561,-6,-18,99,0,-25,100,1,0,0,6,-7,1,0.0042,-0.0074,-0.0008,1,0,-1,0,0
191.661,191.661,-6,-18,99,150,-25,100,23,-1,0,156,-7,1,0.0029,-0.0076,0.0008,1,0,0,22,-1
191.761,191.761,-6,-18,99,150,-25,100,23,-1,0,156,-7,1,0.0036,-0.0074,0.0028,1,5,0,22,-1
191.861,191.861,-6,-18,99,150,-25,100,23,-1,0,156,-7,1,0.0047,-0.0058,0.0048,1,-1,0,22,-1
191.961,191.961,-7,-18,98,150,-25,100,23,-1,0,157,-7,2,0.0063,0.013,0.0065,0.9999,0,0,22,-1
192.061,192.061,-6,-18,98,150,-25,100,23,-1,0,156,-7,2,0.0071,0.0267,0.0079,0.9996,4,-1,22,-1
192.161,192.161,-5,-18,98,150,-25,100,23,-1,0,155,-7,2,0.0066,0.0252,0.0083,0.9996,11,0,22,-1
192.261,192.261,-4,-18,98,150,-25,100,23,-1,0,154,-7,2,0.0067,0.0155,0.0081,0.9998,15,-1,22,-1
192.361,192.361,-1,-19,98,150,-25,100,23,-1,0,151,-6,2,0.0066,0.0052,0.0073,0.9999,16,-1,22,-1
192.461,192.461,1,-19,98,150,-25,100,23,-1,0,149,-6,2,0.0063,-0.0022,0.0059,1,20,-2,22,-1
192.561,192.561,3,-19,99,150,-25,100,23,-1,0,147,-6,1,0.0049,-0.0034,0.0043,1,18,-1,22,-1
192.661,192.661,5,-19,99,150,-25,100,23,-1,0,145,-6,1,0.0049,-0.0034,0.0043,1,17,0,22,-1
192.761,192.761,7,-19,99,150,-25,100,23,-1,0,143,-6,1,0.0028,0.002,0.0002,1,22,0,22,-1
192.861,192.861,10,-20,99,150,-25,100,23,-1,0,140,-5,1,0.0025,0.0033,-0.002,1,21,-2,23,0
192.971,192.971,12,-20,98,150,-25,100,23,-1,0,138,-5,2,0.0041,0.0043,-0.0043,1,20,-1,23,0
193.071,193.071,14,-20,99,150,-25,100,23,-1,0,136,-5,1,0.0045,0.0029,-0.0068,1,20,0,23,0
193.171,193.171,17,-21,99,150,-25,100,23,-1,0,133,-4,1,0.0032,0.0021,-0.0087,1,22,0,23,0
193.271,193.271,20,-21,99,150,-25,100,23,-1,0,130,-4,1,0.0021,0.0009,-0.0103,0.9999,23,0,23,0
193.371,193.371,23,-22,100,150,-25,100,23,0,0,127,-3,0,0.0008,0.0003,-0.0123,0.9999,24,-2,22,0
193.471,193.471,25,-22,99,150,-25,100,23,0,0,125,-3,1,0.0008,0,-0.0134,0.9999,23,-1,22,0
193.571,193.571,28,-22,99,150,-25,100,23,0,0,122,-3,1,0.0009,0.0001,-0.0146,0.9999,23,-2,22,0
193.671,193.671,31,-23,99,150,-25,100,23,0,0,119,-2,1,0.0022,-0.0035,-0.0146,0.9999,23,0,22,0
193.771,193.771,34,-23,99,150,-25,100,23,0,0,116,-2,1,0.0023,-0.0068,-0.0133,0.9999,25,-1,22,0
193.871,193.871,38,-23,100,150,-25,100,23,0,0,112,-2,0,0.0007,-0.0083,-0.0112,0.9999,24,0,22,0
193.971,193.971,41,-24,100,150,-25,100,23,0,0,109,-1,0,-0.0015,-0.0082,-0.0086,0.9999,22,-3,22,0
194.071,194.071,44,-24,99,150,-25,100,23,0,0,106,-1,1,-0.0026,-0.0068,-0.0054,1,23,-1,22,0
194.171,194.171,47,-25,99,150,-25,100,23,0,0,103,0,1,-0.0031,-0.0064,-0.0028,1,23,-1,22,0
194.271,194.271,50,-25,99,150,-25,100,23,0,0,100,0,1,-0.0025,-0.006,-0.0004,1,24,0,22,0
194.371,194.371,53,-25,99,150,-25,100,23,0,0,97,0,1,-0.0008,-0.0061,0.0021,1,23,0,22,0
194.471,194.471,56,-25,99,150,-25,100,23,0,0,94,0,1,0,-0.0054,0.0048,1,23,0,22,0
194.571,194.571,60,-25,99,150,-25,100,23,0,0,90,0,1,0.0009,-0.005,0.0073,1,24,0,22,0
194.671,194.671,63,-26,99,150,-25,100,23,0,0,87,1,1,0.0011,-0.0045,0.0095,0.9999,24,0,22,0
194.771,194.771,66,-26,99,150,-25,100,23,0,0,84,1,1,0.0004,-0.0038,0.0113,0.9999,23,-1,22,0
194.871,194.871,69,-26,100,150,-25,100,23,0,0,81,1,0,0.0001,-0.0041,0.0121,0.9999,24,-1,22,0
194.971,194.971,73,-26,100,150,-25,100,23,0,0,77,1,0,-0.0001,-0.0058,0.0127,0.9999,24,0,22,0
195.071,195.071,76,-26,100,150,-25,100,22,0,0,74,1,0,-0.0001,-0.0067,0.0127,0.9999,24,-1,21,0
195.171,195.171,79,-26,100,150,-25,100,21,0,0,71,1,0,-0.0004,-0.007,0.0124,0.9999,24,-1,20,0
195.271,195.271,82,-26,100,150,-25,100,20,0,0,68,1,0,0.0002,-0.0064,0.0116,0.9999,24,-1,19,0
195.371,195.371,85,-26,100,150,-25,100,19,0,0,65,1,0,0.0014,-0.0072,0.0105,0.9999,22,0,18,0
195.471,195.471,89,-26,100,150,-25,100,18,0,0,61,1,0,0.0017,-0.0083,0.0094,0.9999,24,-1,17,0
195.571,195.571,92,-26,100,150,-25,100,17,0,0,58,1,0,0.002,-0.0084,0.008,0.9999,25,0,16,0
195.671,195.671,95,-26,100,150,-25,100,16,0,0,55,1,0,0.0019,-0.0085,0.0077,0.9999,24,-1,15,0
195.771,195.771,97,-26,101,150,-25,100,16,0,0,53,1,-1,0.0011,-0.0084,0.0082,0.9999,23,0,15,0
195.871,195.871,100,-26,101,150,-25,100,15,0,0,50,1,-1,0.0009,-0.0072,0.0099,0.9999,20,0,14,0
195.971,195.971,102,-26,101,150,-25,100,14,0,0,48,1,-1,0.0009,-0.0069,0.0121,0.9999,21,0,13,0
196.071,196.071,105,-27,101,150,-25,100,13,0,0,45,2,-1,0.0001,-0.0065,0.0145,0.9999,18,0,12,0
196.171,196.171,108,-27,100,150,-25,100,12,0,0,42,2,0,-0.0012,-0.0065,0.0177,0.9998,17,0,11,0
196.271,196.271,110,-27,100,150,-25,100,12,0,0,40,2,0,-0.0023,-0.0073,0.0204,0.9998,17,0,11,0
196.371,196.371,112,-27,101,150,-25,100,11,0,0,38,2,-1,-0.0023,-0.0081,0.0223,0.9997,16,-1,10,0
196.471,196.471,114,-27,101,150,-25,100,11,0,0,36,2,-1,-0.0014,-0.0082,0.0235,0.9997,14,0,10,0
196.571,196.571,116,-26,101,150,-25,100,10,0,0,34,1,-1,0.0004,-0.008,0.025,0.9997,13,-1,9,0
196.671,196.671,117,-26,101,150,-25,100,10,0,0,33,1,-1,0.0018,-0.0084,0.0253,0.9996,11,0,9,0
196.771,196.771,119,-26,100,150,-25,100,9,0,0,31,1,0,0.0039,-0.0083,0.026,0.9996,8,0,8,0
196.871,196.871,121,-26,101,150,-25,100,9,0,0,29,1,-1,0.0042,-0.0082,0.0253,0.9996,8,0,8,0
196.971,196.971,123,-26,101,150,-25,100,8,0,0,27,1,-1,0.0034,-0.0071,0.0237,0.9997,8,1,7,0
197.071,197.071,124,-26,100,150,-25,100,8,0,0,26,1,0,0.0018,-0.0066,0.0219,0.9997,5,0,7,0
197.171,197.171,125,-26,100,150,-25,100,7,0,0,25,1,0,-0.0003,-0.007,0.019,0.9998,7,0,6,0
197.281,197.281,126,-26,100,150,-25,100,4,0,0,24,1,0,-0.001,-0.0077,0.017,0.9998,9,-1,3,0
197.381,197.381,127,-26,100,150,-25,100,4,0,0,23,1,0,-0.0004,-0.007,0.0151,0.9999,6,0,3,0
197.471,197.471,128,-26,100,150,-25,100,4,0,0,22,1,0,-0.0004,-0.007,0.0151,0.9999,5,0,3,0
197.581,197.581,129,-25,100,150,-25,100,3,0,0,21,0,0,0.0016,-0.0093,0.0148,0.9998,5,1,2,0
197.781,197.781,131,-25,100,150,-25,100,3,0,0,19,0,0,0.0033,-0.0106,0.017,0.9998,5,0,2,0
197.881,197.881,131,-25,100,150,-25,100,3,0,0,19,0,0,0.0033,-0.0106,0.017,0.9998,2,1,2,0
197.981,197.981,131,-25,100,150,-25,100,3,0,0,19,0,0,0.0015,-0.0087,0.0189,0.9998,0,-1,2,0
198.081,198.081,132,-25,100,150,-25,100,3,0,0,18,0,0,-0.0012,-0.0075,0.0184,0.9998,0,1,2,0
198.181,198.181,133,-25,100,150,-25,100,3,0,0,17,0,0,-0.0016,-0.0065,0.0167,0.9998,3,0,2,0
198.281,198.281,133,-25,100,150,-25,100,3,0,0,17,0,0,-0.0007,-0.007,0.0167,0.9998,2,0,2,0
198.381,198.381,134,-25,100,150,-25,100,3,0,0,16,0,0,0.0006,-0.0062,0.0161,0.9999,1,0,2,0
198.481,198.481,134,-25,100,150,-25,100,3,0,0,16,0,0,0.002,-0.0062,0.0138,0.9999,2,0,2,0
198.581,198.581,134,-24,100,150,-25,100,3,0,0,16,-1,0,0.0024,-0.0081,0.0125,0.9999,0,1,2,0
198.681,198.681,134,-24,100,150,-25,100,3,0,0,16,-1,0,0.0027,-0.0096,0.0123,0.9999,0,1,2,0
198.781,198.781,134,-24,100,150,-25,100,3,0,0,16,-1,0,0.003,-0.0088,0.011,0.9999,0,0,2,0
198.881,198.881,135,-24,100,150,-25,100,3,0,0,15,-1,0,0.0033,-0.0072,0.0092,0.9999,1,0,2,0
198.981,198.981,135,-24,100,150,-25,100,2,0,0,15,-1,0,0.0026,-0.006,0.0072,1,1,1,1,0
199.081,199.081,135,-23,100,150,-25,100,2,0,0,15,-2,0,0.0019,-0.0044,0.0056,1,0,1,1,0
199.181,199.181,134,-24,100,150,-25,100,3,0,0,16,-1,0,0,-0.0044,0.004,1,-1,0,2,0
199.281,199.281,135,-24,100,150,-25,100,3,0,0,15,-1,0,-0.0015,-0.0054,0.0003,1,0,-3,2,0
199.381,199.381,135,-24,99,150,-25,100,2,0,0,15,-1,1,-0.0009,-0.0063,-0.0023,1,1,-1,1,0
199.481,199.481,135,-24,99,150,-25,100,2,0,0,15,-1,1,0.0003,-0.0062,-0.0054,1,0,0,1,0
199.581,199.581,135,-24,99,150,-25,100,2,0,0,15,-1,1,0.0023,-0.0065,-0.0086,0.9999,0,0,1,0
199.681,199.681,135,-24,99,150,-25,100,2,0,0,15,-1,1,0.0014,-0.008,-0.0115,0.9999,0,0,1,0
199.781,199.781,135,-24,99,150,-25,100,2,0,0,15,-1,1,0.0007,-0.0093,-0.0138,0.9999,0,0,1,0
199.881,199.881,135,-24,99,150,-25,100,2,0,0,15,-1,1,-0.0004,-0.0102,-0.0157,0.9998,0,-2,1,0
199.981,199.981,135,-24,99,150,-25,100,2,0,0,15,-1,1,-0.0004,-0.0097,-0.0171,0.9998,0,0,1,0
200.081,200.081,135,-24,99,150,-25,100,2,0,0,15,-1,1,-0.0002,-0.0082,-0.0183,0.9998,0,1,1,0
200.181,200.181,134,-24,99,150,-25,100,3,0,0,16,-1,1,0.0003,-0.0079,-0.019,0.9998,0,1,2,0
200.281,200.281,134,-24,99,150,-25,100,3,0,0,16,-1,1,0.001,-0.0085,-0.0199,0.9998,0,0,2,0
200.381,200.381,134,-24,99,150,-25,100,3,0,0,16,-1,1,0.0019,-0.0089,-0.021,0.9997,0,-1,2,0
200.481,200.481,134,-24,99,150,-25,100,3,0,0,16,-1,1,0.0028,-0.0084,-0.022,0.9997,-1,0,2,0
200.581,200.581,134,-24,99,150,-25,100,3,0,0,16,-1,1,0.0026,-0.0086,-0.0232,0.9997,-1,0,2,0
200.681,200.681,134,-24,99,150,-25,100,3,0,0,16,-1,1,0.0017,-0.009,-0.0238,0.9997,0,0,2,0
200.781,200.781,134,-24,99,150,-25,100,3,0,0,16,-1,1,0.0011,-0.0098,-0.024,0.9997,-1,0,2,0
200.881,200.881,134,-24,99,150,-25,100,3,0,0,16,-1,1,0.0011,-0.01,-0.0239,0.9997,-2,0,2,0
200.981,200.981,134,-24,99,150,-25,100,3,0,0,16,-1,1,0.0015,-0.0101,-0.0233,0.9997,-1,0,2,0
201.081,201.081,133,-24,99,150,-25,100,3,0,0,17,-1,1,0.0005,-0.0098,-0.0226,0.9997,-2,-1,2,0
201.181,201.181,133,-25,99,150,-25,100,3,0,0,17,0,1,0.0005,-0.0098,-0.0226,0.9997,0,-2,2,0
201.281,201.281,133,-24,99,150,-25,100,3,0,0,17,-1,1,-0.0007,-0.0082,-0.0195,0.9998,-1,0,2,0
201.391,201.391,133,-24,99,150,-25,100,3,0,0,17,-1,1,-0.0008,-0.0074,-0.0175,0.9998,-2,1,2,0
201.491,201.491,132,-25,99,150,-25,100,3,0,0,18,0,1,0.0004,-0.0079,-0.0152,0.9999,-1,0,2,0
201.591,201.591,132,-25,99,150,-25,100,3,0,0,18,0,1,0.001,-0.0088,-0.0128,0.9999,0,0,2,0
201.691,201.691,132,-25,99,150,-25,100,3,0,0,18,0,1,0.0009,-0.0094,-0.0104,0.9999,0,-1,2,0
201.791,201.791,132,-25,99,150,-25,100,3,0,0,18,0,1,0.0007,-0.0093,-0.0087,0.9999,0,-1,2,0
201.891,201.891,132,-25,99,150,-25,100,3,0,0,18,0,1,0,-0.0094,-0.0066,0.9999,-1,0,2,0
201.991,201.991,132,-25,99,150,-25,100,3,0,0,18,0,1,-0.0003,-0.0089,-0.0049,0.9999,-2,-1,2,0
202.091,202.091,131,-26,99,150,-25,100,3,0,0,19,1,1,0.0002,-0.0087,-0.0033,1,-4,-2,2,0
202.191,202.191,131,-26,99,150,-25,100,3,0,0,19,1,1,-0.0005,-0.008,-0.0015,1,-2,0,2,0
202.291,202.291,131,-26,99,150,-25,100,3,0,0,19,1,1,-0.0001,-0.0079,0.0003,1,-1,0,2,0
202.391,202.391,130,-26,99,150,-25,100,3,0,0,20,1,1,0,-0.0083,0.0014,1,-1,-1,2,0
202.491,202.491,130,-26,99,150,-25,100,3,0,0,20,1,1,0,-0.0089,0.002,1,-2,-2,2,0
202.591,202.591,130,-26,98,150,-25,100,3,0,0,20,1,2,-0.0003,-0.0086,0.0021,1,0,-1,2,0
202.691,202.691,130,-27,98,150,-25,100,3,0,0,20,2,2,-0.0009,-0.0081,0.002,1,0,-1,2,0
202.791,202.791,130,-27,98,150,-25,100,3,0,0,20,2,2,0.0005,-0.0074,0.0018,1,0,-1,2,0
202.891,202.891,129,-27,98,150,-25,100,3,0,0,21,2,2,0.0008,-0.0068,0.0015,1,0,-1,2,0
202.991,202.991,129,-27,99,150,-25,100,3,0,0,21,2,1,0.0009,-0.0059,0.0012,1,-1,0,2,0
203.091,203.091,129,-27,98,150,-25,100,3,0,0,21,2,2,0.0005,-0.0062,0.0009,1,0,-1,2,0
203.191,203.191,129,-27,98,150,-25,100,3,0,0,21,2,2,-0.0003,-0.0066,0.001,1,0,-2,2,0
203.291,203.291,129,-28,98,150,-25,100,3,0,0,21,3,2,-0.0018,-0.0069,0.001,1,0,-1,2,0
203.391,203.391,129,-28,98,150,-25,100,3,0,0,21,3,2,-0.0023,-0.0074,0.0011,1,0,-2,2,0
203.491,203.491,129,-28,98,150,-25,100,3,0,0,21,3,2,-0.0026,-0.0077,0,1,0,0,2,0
203.591,203.591,129,-28,99,150,-25,100,3,0,0,21,3,1,-0.0015,-0.008,0.0001,1,0,1,2,0
203.691,203.691,129,-28,98,150,-25,100,3,0,0,21,3,2,-0.0005,-0.0083,-0.0004,1,-1,1,2,0
203.791,203.791,129,-28,98,150,-25,100,3,0,0,21,3,2,0.0007,-0.0098,-0.0009,1,0,0,2,0
203.891,203.891,129,-28,98,150,-25,100,3,0,0,21,3,2,0.0002,-0.0111,-0.0008,0.9999,0,0,2,0
203.991,203.991,129,-28,98,150,-25,100,3,0,0,21,3,2,0.0002,-0.0109,-0.0005,0.9999,0,0,2,0
204.091,204.091,129,-28,98,150,-25,100,3,0,0,21,3,2,0.0013,-0.0106,0.0002,0.9999,0,3,2,0
204.191,204.191,129,-28,98,150,-25,100,3,0,0,21,3,2,0.0021,-0.0102,0.0014,0.9999,0,1,2,0
204.291,204.291,129,-28,98,150,-25,100,3,0,0,21,3,2,0.0025,-0.01,0.0026,0.9999,0,0,2,0
204.391,204.391,128,-28,98,150,-25,100,4,0,0,22,3,2,0.003,-0.0089,0.0044,0.9999,0,0,3,0
204.491,204.491,128,-28,97,150,-25,100,4,0,0,22,3,3,0.0022,-0.0079,0.0053,1,-2,0,3,0
204.591,204.591,128,-28,97,150,-25,100,4,0,0,22,3,3,0.002,-0.0072,0.0057,1,-1,0,3,0
204.691,204.691,128,-28,98,150,-25,100,4,0,0,22,3,2,0.0024,-0.0059,0.0057,1,-2,0,3,0
204.791,204.791,128,-28,97,150,-25,100,4,0,0,22,3,3,0.0023,-0.0051,0.0056,1,-1,0,3,0
204.891,204.891,128,-28,97,150,-25,100,4,0,0,22,3,3,0.0017,-0.0047,0.0047,1,-1,0,3,0
204.991,204.991,128,-28,97,150,-25,100,4,0,0,22,3,3,0.0017,-0.0057,0.004,1,0,0,3,0
205.091,205.091,128,-28,97,150,-25,100,4,0,0,22,3,3,-0.0001,-0.0053,0.0029,1,0,0,3,0
205.191,205.191,128,-29,97,150,-25,100,4,1,0,22,4,3,-0.0005,-0.0051,0.0013,1,-1,-2,4,0
205.291,205.291,128,-29,97,150,-25,100,4,1,0,22,4,3,0.0002,-0.0053,0.0006,1,2,-1,4,0
205.391,205.391,128,-29,97,150,-25,100,4,1,0,22,4,3,-0.0001,-0.0056,-0.0021,1,0,-1,3,1
205.501,205.501,128,-29,97,150,-25,100,4,1,0,22,4,3,0.0006,-0.005,-0.0043,1,0,0,3,1
205.601,205.601,128,-29,97,150,-25,100,4,1,0,22,4,3,0.001,-0.005,-0.0068,1,2,0,3,1
205.701,205.701,129,-29,97,150,-25,100,3,1,0,21,4,3,0.0003,-0.0072,-0.0096,0.9999,4,0,2,1
205.801,205.801,129,-29,97,150,-25,100,3,1,0,21,4,3,-0.0004,-0.0095,-0.0119,0.9999,1,-2,2,1
205.901,205.901,130,-30,97,150,-25,100,3,1,0,20,5,3,-0.0014,-0.0099,-0.0149,0.9998,2,-1,2,1
206.001,206.001,130,-30,97,150,-25,100,3,1,0,20,5,3,-0.001,-0.0105,-0.0173,0.9998,2,0,2,1
206.101,206.101,130,-30,97,150,-25,100,3,1,0,20,5,3,-0.0009,-0.0102,-0.0198,0.9998,2,0,2,1
206.201,206.201,130,-29,98,150,-25,100,3,1,0,20,4,2,-0.0003,-0.0097,-0.0219,0.9997,0,0,2,1
206.301,206.301,130,-30,98,150,-25,100,3,1,0,20,5,2,0.0003,-0.009,-0.0238,0.9997,0,0,2,1
206.401,206.401,130,-30,98,150,-25,100,3,1,0,20,5,2,0.0001,-0.0087,-0.0253,0.9996,0,-1,2,1
206.501,206.501,131,-30,98,150,-25,100,3,1,0,19,5,2,0.0003,-0.0091,-0.0263,0.9996,0,-1,2,1
206.601,206.601,131,-30,98,150,-25,100,3,1,0,19,5,2,0,-0.0094,-0.0269,0.9996,0,0,2,1
206.701,206.701,131,-30,98,150,-25,100,3,1,0,19,5,2,-0.0007,-0.01,-0.0272,0.9996,0,0,2,1
206.801,206.801,131,-30,98,150,-25,100,3,1,0,19,5,2,-0.0009,-0.0103,-0.0267,0.9996,1,0,2,1
206.901,206.901,131,-30,99,150,-25,100,3,1,0,19,5,1,-0.0005,-0.01,-0.0258,0.9996,0,0,2,1
207.001,207.001,131,-30,99,150,-25,100,3,1,0,19,5,1,0,-0.0095,-0.0249,0.9996,0,1,2,1
207.101,207.101,131,-30,99,150,-25,100,3,1,0,19,5,1,-0.0001,-0.0086,-0.0241,0.9997,0,0,2,1
207.201,207.201,132,-30,99,150,-25,100,3,1,0,18,5,1,0,-0.0074,-0.0234,0.9997,0,-1,2,1
207.301,207.301,132,-30,99,150,-25,100,3,1,0,18,5,1,0.0003,-0.0075,-0.0228,0.9997,3,0,2,1
207.401,207.401,133,-30,99,150,-25,100,3,1,0,17,5,1,0.0012,-0.0095,-0.0226,0.9997,4,1,2,1
207.501,207.501,133,-30,100,150,-25,100,3,1,0,17,5,0,0.0012,-0.0105,-0.0223,0.9997,4,1,2,1
207.601,207.601,133,-30,100,150,-25,100,3,1,0,17,5,0,0.0007,-0.0101,-0.0222,0.9997,2,0,2,1
207.701,207.701,133,-29,100,150,-25,100,3,1,0,17,4,0,0.0002,-0.0085,-0.0224,0.9997,0,1,2,1
207.801,207.801,134,-29,100,150,-25,100,3,1,0,16,4,0,0.0004,-0.0078,-0.0215,0.9997,1,1,2,1
207.901,207.901,134,-29,100,150,-25,100,3,1,0,16,4,0,0.0005,-0.0083,-0.0204,0.9998,1,1,2,1
208.001,208.001,135,-29,100,150,-25,100,2,1,0,15,4,0,0.0008,-0.0087,-0.019,0.9998,3,2,1,1
208.101,208.101,135,-29,100,150,-25,100,2,1,0,15,4,0,0.0011,-0.0096,-0.0163,0.9998,2,1,1,1
208.201,208.201,136,-29,100,150,-25,100,2,1,0,14,4,0,0.0013,-0.0103,-0.0133,0.9999,1,0,1,1
208.301,208.301,136,-28,100,150,-25,100,2,0,0,14,3,0,0.0028,-0.0107,-0.0101,0.9999,2,2,1,0
208.401,208.401,137,-28,100,150,-25,100,2,0,0,13,3,0,0.0028,-0.0108,-0.0066,0.9999,2,2,1,0
208.501,208.501,137,-27,100,150,-25,100,2,0,0,13,2,0,0.003,-0.0101,-0.003,0.9999,3,2,1,0
208.601,208.601,138,-27,101,150,-25,100,2,0,0,12,2,-1,0.0039,-0.0101,0.0007,0.9999,4,3,1,0
208.701,208.701,138,-27,101,150,-25,100,2,0,0,12,2,-1,0.0046,-0.011,0.0045,0.9999,2,1,1,0
208.801,208.801,139,-26,101,150,-25,100,2,0,0,11,1,-1,0.0051,-0.0114,0.0076,0.9999,3,2,1,0
208.901,208.901,139,-26,101,150,-25,100,2,0,0,11,1,-1,0.004,-0.0112,0.0104,0.9999,4,1,1,0
209.001,209.001,140,-25,101,150,-25,100,2,0,0,10,0,-1,0.0028,-0.0096,0.0124,0.9999,3,4,1,0
209.101,209.101,140,-25,101,150,-25,100,2,0,0,10,0,-1,0.0038,-0.0083,0.0133,0.9999,2,1,1,0
209.201,209.201,141,-25,101,150,-25,100,2,0,0,9,0,-1,0.0058,-0.0097,0.0137,0.9998,5,2,1,0
209.301,209.301,141,-24,101,150,-25,100,1,0,0,9,-1,-1,0.0068,-0.0117,0.0142,0.9998,5,2,0,0
209.401,209.401,142,-24,102,150,-25,100,1,0,0,8,-1,-2,0.0063,-0.0117,0.0152,0.9998,3,2,0,0
209.501,209.501,143,-24,102,150,-25,100,1,0,0,7,-1,-2,0.0049,-0.012,0.0228,0.9997,2,3,0,0
209.601,209.601,143,-23,102,150,-25,100,1,0,0,7,-2,-2,0.0037,-0.0133,0.034,0.9993,3,2,0,0
209.711,209.711,144,-23,102,150,-25,100,1,0,0,6,-2,-2,0.0033,-0.0148,0.0482,0.9987,2,0,0,0
209.811,209.811,145,-23,102,150,-25,100,1,0,0,5,-2,-2,0.0032,-0.0163,0.0645,0.9978,3,0,0,0
209.911,209.911,145,-23,102,150,-25,100,1,0,0,5,-2,-2,0.0036,-0.0163,0.0815,0.9965,5,0,0,0
210.011,210.011,146,-22,102,150,-25,100,1,0,0,4,-3,-2,0.0041,-0.0158,0.099,0.995,6,2,0,0
210.111,210.111,146,-22,102,150,-25,100,1,0,0,4,-3,-2,0.0039,-0.0142,0.1165,0.9931,1,1,0,0
210.211,210.211,147,-22,102,150,-25,100,1,0,0,3,-3,-2,0.0027,-0.0136,0.1333,0.991,0,-1,0,0
210.311,210.311,147,-22,102,150,-25,100,1,0,0,3,-3,-2,0.002,-0.0137,0.1495,0.9887,2,1,0,0
210.411,210.411,147,-22,102,150,-25,100,1,0,0,3,-3,-2,0.0026,-0.0145,0.1654,0.9861,3,0,0,0
210.511,210.511,147,-21,102,150,-25,100,1,-1,0,3,-4,-2,0.0041,-0.014,0.1813,0.9833,1,0,0,-1
210.611,210.611,147,-21,102,150,-25,100,1,-1,0,3,-4,-2,0.0052,-0.0129,0.1977,0.9802,1,0,0,-1
210.711,210.711,147,-20,102,150,-25,100,1,-1,0,3,-5,-2,0.0055,-0.0119,0.2148,0.9766,1,1,0,-1
210.811,210.811,147,-20,102,150,-25,100,1,-1,0,3,-5,-2,0.0058,-0.0116,0.2323,0.9726,1,1,0,-1
210.911,210.911,147,-20,102,150,-25,100,1,-1,0,3,-5,-2,0.005,-0.0112,0.2497,0.9683,0,0,0,-1
211.011,211.011,147,-20,102,150,-25,100,1,-1,0,3,-5,-2,0.0045,-0.0107,0.2672,0.9636,0,0,0,-1
211.111,211.111,147,-19,103,150,-25,100,1,-1,0,3,-6,-3,0.0039,-0.0103,0.2848,0.9585,0,0,0,-1
211.211,211.211,147,-19,103,150,-25,100,1,-1,0,3,-6,-3,0.003,-0.0105,0.3018,0.9533,0,-3,0,-1
211.311,211.311,147,-19,103,150,-25,100,1,-1,0,3,-6,-3,0.0002,-0.0117,0.3181,0.948,0,0,0,-1
211.411,211.411,147,-19,104,150,-25,100,1,-1,-1,3,-6,-4,-0.0008,-0.0126,0.3334,0.9427,0,0,0,-1
211.511,211.511,147,-19,103,150,-25,100,1,-1,0,3,-6,-3,-0.0005,-0.0127,0.3487,0.9372,0,1,0,-1
211.611,211.611,147,-19,103,150,-25,100,1,-1,0,3,-6,-3,-0.0005,-0.0131,0.364,0.9313,0,-1,0,-1
211.711,211.711,146,-18,103,150,-25,100,1,-1,0,4,-7,-3,0.0005,-0.0138,0.3787,0.9254,0,1,0,-1
211.811,211.811,146,-18,103,150,-25,100,1,-1,0,4,-7,-3,0.0026,-0.0136,0.3936,0.9192,0,0,0,-1
211.911,211.911,146,-18,103,150,-25,100,1,-1,0,4,-7,-3,0.0037,-0.0134,0.4087,0.9126,0,1,0,-1
212.011,212.011,146,-18,103,150,-25,100,1,-1,0,4,-7,-3,0.0045,-0.0128,0.4236,0.9058,0,0,0,-1
212.111,212.111,145,-18,103,150,-25,100,1,-1,0,5,-7,-3,0.005,-0.0124,0.4394,0.8982,0,1,0,-1
212.211,212.211,145,-17,103,150,-25,100,1,-1,0,5,-8,-3,0.0047,-0.0122,0.4551,0.8903,-9,0,0,-1
212.311,212.311,145,-17,103,150,-25,100,1,-1,0,5,-8,-3,0.0027,-0.0112,0.4708,0.8821,-2,0,0,-1
212.411,212.411,144,-17,103,150,-25,100,1,-1,0,6,-8,-3,0.0009,-0.01,0.4864,0.8737,-2,0,0,-1
212.511,212.511,144,-17,103,150,-25,100,1,-1,0,6,-8,-3,0,-0.0103,0.5028,0.8643,-1,0,0,-1
212.611,212.611,143,-17,103,150,-25,100,1,-1,0,7,-8,-3,-0.0002,-0.0101,0.5182,0.8552,-1,0,0,-1
212.711,212.711,143,-17,103,150,-25,100,1,-1,0,7,-8,-3,0.0001,-0.0101,0.5338,0.8455,0,3,0,-1
212.811,212.811,143,-17,103,150,-25,100,1,-1,0,7,-8,-3,0.001,-0.0099,0.55,0.8351,0,1,0,-1
212.911,212.911,142,-16,103,150,-25,100,1,-1,0,8,-9,-3,0.001,-0.0108,0.5662,0.8242,0,4,0,-1
213.011,213.011,141,-16,103,150,-25,100,2,-1,0,9,-9,-3,0.001,-0.0108,0.5819,0.8132,0,3,0,-2
213.111,213.111,141,-16,103,150,-25,100,2,-1,0,9,-9,-3,0.0017,-0.0102,0.597,0.8022,0,1,0,-2
213.211,213.211,140,-16,103,150,-25,100,2,-1,0,10,-9,-3,0.0017,-0.0098,0.6119,0.7909,0,1,0,-2
213.311,213.311,139,-16,103,150,-25,100,2,-1,0,11,-9,-3,0.0018,-0.0081,0.6254,0.7802,0,0,0,-2
213.411,213.411,138,-16,103,150,-25,100,2,-1,0,12,-9,-3,0.0021,-0.0065,0.6386,0.7695,-1,5,0,-2
213.511,213.511,138,-15,103,150,-25,100,2,-2,0,12,-10,-3,0.0027,-0.0071,0.6513,0.7588,-1,1,-1,-2
213.611,213.611,137,-15,103,150,-25,100,2,-2,0,13,-10,-3,0.0042,-0.0075,0.6636,0.748,0,4,-1,-2
213.721,213.721,136,-15,103,150,-25,100,2,-1,0,14,-10,-3,0.0049,-0.0078,0.6768,0.7362,0,4,0,-2
213.821,213.821,135,-15,103,150,-25,100,2,-1,0,15,-10,-3,0.0053,-0.0079,0.6895,0.7242,0,5,0,-2
213.921,213.921,134,-15,103,150,-25,100,3,-1,0,16,-10,-3,0.0052,-0.007,0.7029,0.7113,0,9,0,-3
214.021,214.021,133,-15,103,150,-25,100,3,-1,0,17,-10,-3,0.0044,-0.0061,0.7162,0.6979,0,4,-1,-2
214.121,214.121,133,-15,103,150,-25,100,3,-1,0,17,-10,-3,0.0031,-0.006,0.7298,0.6836,0,2,-1,-2
214.221,214.221,132,-15,103,150,-25,100,3,-1,0,18,-10,-3,0.003,-0.0055,0.7428,0.6695,0,3,-1,-2
214.321,214.321,131,-15,103,150,-25,100,3,-1,0,19,-10,-3,0.004,-0.0057,0.7558,0.6547,0,5,-1,-2
214.421,214.421,130,-15,103,150,-25,100,3,-1,0,20,-10,-3,0.0045,-0.0057,0.7685,0.6398,0,6,-1,-2
214.521,214.521,129,-15,104,150,-25,100,3,-1,-1,21,-10,-4,0.0046,-0.0053,0.7814,0.624,0,5,-1,-2
214.621,214.621,128,-16,104,150,-25,100,4,-1,-1,22,-9,-4,0.0046,-0.0052,0.7938,0.6081,0,5,-2,-3
214.721,214.721,128,-16,103,150,-25,100,4,-1,0,22,-9,-3,0.0043,-0.0052,0.806,0.5919,0,5,-2,-3
214.821,214.821,127,-16,103,150,-25,100,4,-1,0,23,-9,-3,0.0038,-0.0048,0.8179,0.5753,0,4,-2,-3
214.921,214.921,127,-16,103,150,-25,100,4,-1,0,23,-9,-3,0.0044,-0.0041,0.8295,0.5585,0,5,-2,-3
215.021,215.021,126,-16,103,150,-25,100,4,-1,0,24,-9,-3,0.0046,-0.0035,0.8405,0.5418,0,4,-2,-3
215.121,215.121,125,-17,103,150,-25,100,7,-1,0,25,-8,-3,0.0044,-0.0029,0.8514,0.5245,0,4,-4,-5
215.221,215.221,125,-17,103,150,-25,100,7,-1,0,25,-8,-3,0.0042,-0.0028,0.8618,0.5071,0,3,-4,-5
215.321,215.321,124,-17,103,150,-25,100,8,-1,0,26,-8,-3,0.0044,-0.0036,0.8717,0.49,0,2,-5,-6
215.421,215.421,124,-17,103,150,-25,100,8,-1,0,26,-8,-3,0.0064,-0.0034,0.8811,0.4728,0,1,-5,-6
215.521,215.521,124,-18,103,150,-25,100,8,-1,0,26,-7,-3,0.0077,-0.0013,0.8902,0.4555,0,3,-5,-5
215.621,215.621,123,-18,104,150,-25,100,8,-1,-1,27,-7,-4,0.0076,0.0008,0.8989,0.438,0,2,-5,-5
215.721,215.721,123,-19,104,150,-25,100,8,-1,-1,27,-6,-4,0.0059,0.0022,0.9075,0.42,-1,1,-5,-5
215.821,215.821,123,-19,104,150,-25,100,8,-1,-1,27,-6,-4,0.0033,0.0015,0.9155,0.4023,-3,0,-6,-5
215.921,215.921,124,-19,104,150,-25,100,8,-1,-1,26,-6,-4,0.0016,0.0001,0.9235,0.3837,-3,0,-6,-4
216.021,216.021,124,-20,104,150,-25,100,8,-1,-1,26,-5,-4,0.0012,-0.0001,0.9308,0.3655,-3,0,-6,-4
216.121,216.121,125,-20,103,150,-25,100,7,-1,0,25,-5,-3,0.0021,0,0.9379,0.347,-3,-1,-5,-3
216.221,216.221,125,-20,103,150,-25,100,7,-1,0,25,-5,-3,0.0027,-0.0014,0.9442,0.3293,-5,0,-6,-3
216.321,216.321,125,-21,103,150,-25,100,7,-1,0,25,-4,-3,0.0024,-0.0014,0.9504,0.3111,-4,1,-6,-3
216.421,216.421,126,-21,103,150,-25,100,4,-1,0,24,-4,-3,0.0012,-0.0007,0.9564,0.292,-6,0,-3,-1
216.521,216.521,127,-22,103,150,-25,100,4,0,0,23,-3,-3,0.0012,-0.0008,0.962,0.273,-8,0,-3,-2
216.621,216.621,127,-22,103,150,-25,100,4,0,0,23,-3,-3,0.001,-0.0023,0.9676,0.2526,-3,-1,-3,-1
216.721,216.721,128,-22,103,150,-25,100,4,0,0,22,-3,-3,-0.0022,-0.0037,0.9728,0.2316,-3,-1,-3,-1
216.821,216.821,129,-22,103,150,-25,100,3,0,0,21,-3,-3,-0.004,-0.0038,0.9778,0.2095,-6,0,-2,-1
216.921,216.921,129,-23,103,150,-25,100,3,0,0,21,-2,-3,-0.0032,-0.0042,0.9824,0.1867,-3,1,-2,-1
217.021,217.021,129,-23,103,150,-25,100,3,0,0,21,-2,-3,-0.0011,-0.004,0.9864,0.1641,-1,1,-2,0
217.121,217.121,130,-24,103,150,-25,100,3,0,0,20,-1,-3,-0.0002,-0.0024,0.9898,0.1424,-2,1,-2,0
217.221,217.221,130,-24,103,150,-25,100,3,0,0,20,-1,-3,0.0007,-0.0017,0.9925,0.1222,-5,1,-2,0
217.321,217.321,131,-24,102,150,-25,100,3,0,0,19,-1,-2,0.0005,-0.0015,0.9946,0.1036,-2,3,-2,0
217.421,217.421,131,-25,102,150,-25,100,3,0,0,19,0,-2,0.0009,-0.0004,0.9962,0.0869,-2,4,-2,0
217.521,217.521,131,-26,102,150,-25,100,3,0,0,19,1,-2,0.0009,0.0009,0.9974,0.0721,-2,4,-2,0
217.631,217.631,132,-27,101,150,-25,100,3,0,0,18,2,-1,0.0011,0.0016,0.9983,0.0588,-2,4,-2,0
217.731,217.731,132,-27,101,150,-25,100,3,0,0,18,2,-1,0.001,0.0026,0.9989,0.0469,-1,4,-2,0
217.831,217.831,133,-28,100,150,-25,100,3,0,0,17,3,0,0.0017,0.003,0.9993,0.0365,-3,4,-2,0
217.931,217.931,133,-29,100,150,-25,100,3,1,0,17,4,0,0.0021,0.0034,0.9996,0.0271,-2,5,-2,-1
218.031,218.031,134,-30,100,150,-25,100,3,1,0,16,5,0,0.0028,0.0035,0.9998,0.0186,-2,6,-2,-1
218.131,218.131,134,-31,100,150,-25,100,3,1,0,16,6,0,0.0034,0.0042,0.9999,0.011,-2,5,-2,-1
218.231,218.231,134,-32,100,150,-25,100,3,1,0,16,7,0,0.0043,0.0065,1,0.004,-1,2,-2,-1
218.331,218.331,135,-33,100,150,-25,100,2,1,0,15,8,0,0.0054,0.0076,1,-0.003,-2,4,-2,0
218.431,218.431,136,-34,100,150,-25,100,2,1,0,14,9,0,0.0058,0.0077,0.9999,-0.0102,-1,3,-2,0
218.531,218.531,136,-34,100,150,-25,100,2,1,0,14,9,0,0.0043,0.0067,0.9998,-0.017,-7,6,-2,0
218.631,218.631,137,-35,100,150,-25,100,2,1,0,13,10,0,0.0025,0.0055,0.9997,-0.0237,-2,3,-2,0
218.731,218.731,138,-36,100,150,-25,100,2,2,0,12,11,0,0.0015,0.0052,0.9995,-0.0299,-2,2,-2,-1
218.831,218.831,138,-37,100,150,-25,100,2,2,0,12,12,0,0.001,0.0063,0.9993,-0.0364,-3,6,-2,-1
218.931,218.931,139,-38,100,150,-25,100,2,2,0,11,13,0,0.0009,0.0072,0.9991,-0.0427,-3,3,-2,-1
219.031,219.031,140,-38,100,150,-25,100,2,2,0,10,13,0,0.0014,0.0077,0.9988,-0.0483,-2,1,-2,-1
219.131,219.131,140,-39,100,150,-25,100,2,2,0,10,14,0,0.0022,0.0081,0.9986,-0.0529,-3,1,-2,-1
219.231,219.231,141,-40,100,150,-25,100,1,2,0,9,15,0,0.003,0.0082,0.9983,-0.0571,-1,5,-1,-1
219.331,219.331,142,-40,100,150,-25,100,1,2,0,8,15,0,0.0041,0.0073,0.9981,-0.0607,-4,4,-1,-1
219.431,219.431,142,-41,100,150,-25,100,1,2,0,8,16,0,0.0045,0.0059,0.9979,-0.0641,-5,4,-1,-1
219.531,219.531,143,-41,100,150,-25,100,1,2,0,7,16,0,0.0024,0.0056,0.9978,-0.0667,0,1,-1,-1
219.631,219.631,143,-42,100,150,-25,100,1,2,0,7,17,0,0.0016,0.0053,0.9976,-0.0688,-2,4,-1,-1
219.731,219.731,144,-42,100,150,-25,100,1,3,0,6,17,0,0.0017,0.0061,0.9975,-0.0699,-2,3,-1,-2
219.831,219.831,145,-42,100,150,-25,100,1,3,0,5,17,0,0.0024,0.0061,0.9975,-0.0699,-1,2,-1,-2
219.931,219.931,145,-43,100,150,-25,100,1,3,0,5,18,0,0.0033,0.007,0.9975,-0.0702,0,4,-1,-2
220.031,220.031,145,-43,99,150,-25,100,1,3,0,5,18,1,0.0034,0.0074,0.9975,-0.0703,0,3,-1,-2
220.131,220.131,146,-44,99,150,-25,100,1,3,0,4,19,1,0.0033,0.0074,0.9975,-0.0707,0,4,-1,-2
220.231,220.231,146,-44,99,150,-25,100,1,3,0,4,19,1,0.0033,0.0085,0.9974,-0.0715,0,5,-1,-2
220.331,220.331,147,-45,100,150,-25,100,1,3,0,3,20,0,0.0039,0.0089,0.9973,-0.0728,0,4,-1,-2
220.431,220.431,147,-45,100,150,-25,100,1,3,0,3,20,0,0.0047,0.0098,0.9971,-0.0748,0,3,-1,-2
220.531,220.531,147,-45,100,150,-25,100,1,3,0,3,20,0,0.0046,0.011,0.997,-0.0761,0,3,-1,-2
220.631,220.631,148,-45,100,150,-25,100,1,3,0,2,20,0,0.005,0.0119,0.9969,-0.0775,-1,2,-1,-2
220.731,220.731,148,-45,99,150,-25,100,1,3,0,2,20,1,0.0051,0.0111,0.9969,-0.0781,-1,0,-1,-2
220.831,220.831,148,-45,99,150,-25,100,1,3,0,2,20,1,0.0049,0.0096,0.9969,-0.0785,0,0,-1,-2
220.931,220.931,149,-45,99,150,-25,100,0,3,0,1,20,1,0.0041,0.0083,0.9968,-0.0792,-1,1,0,-2
221.031,221.031,149,-45,100,150,-25,100,0,3,0,1,20,0,0.0039,0.0077,0.9968,-0.0792,-1,1,0,-2
221.131,221.131,149,-45,99,150,-25,100,0,3,0,1,20,1,0.0048,0.0085,0.9968,-0.0794,0,0,0,-2
221.231,221.231,149,-45,99,150,-25,100,0,3,0,1,20,1,0.0052,0.0093,0.9968,-0.0798,-1,0,0,-2
221.331,221.331,150,-44,99,150,-25,100,0,3,0,0,19,1,0.005,0.0091,0.9967,-0.0801,-1,0,0,-2
221.431,221.431,150,-44,100,150,-25,100,0,3,0,0,19,0,0.005,0.0091,0.9967,-0.0801,-3,0,0,-2
221.531,221.531,150,-44,100,150,-25,100,0,3,0,0,19,0,0.0037,0.0085,0.9967,-0.0801,-1,0,0,-2
221.631,221.631,150,-44,99,150,-25,100,0,3,0,0,19,1,0.0039,0.0093,0.9967,-0.08,0,-2,0,-2
221.741,221.741,150,-44,99,150,-25,100,0,3,0,0,19,1,0.0053,0.0108,0.9967,-0.0798,0,-1,0,-2
221.841,221.841,150,-43,100,150,-25,100,0,3,0,0,18,0,0.0058,0.0125,0.9967,-0.0798,0,-1,0,-2
221.941,221.941,150,-43,99,150,-25,100,0,3,0,0,18,1,0.0053,0.0131,0.9968,-0.0792,0,-2,0,-2
222.041,222.041,150,-42,99,150,-25,100,0,3,0,0,17,1,0.0044,0.0118,0.9968,-0.0784,0,-3,0,-2
222.141,222.141,150,-41,99,150,-25,100,0,2,0,0,16,1,0.0037,0.0096,0.9969,-0.0779,0,-6,0,-1
222.241,222.241,150,-41,99,150,-25,100,0,2,0,0,16,1,0.0046,0.0073,0.997,-0.0772,0,-10,0,-1
222.341,222.341,150,-40,99,150,-25,100,0,2,0,0,15,1,0.0059,0.0054,0.997,-0.0766,0,-7,0,-1
222.441,222.441,150,-39,99,150,-25,100,0,2,0,0,14,1,0.0068,0.0039,0.9971,-0.0754,0,-12,0,-1
222.541,222.541,149,-38,99,150,-25,100,0,2,0,1,13,1,0.0072,0.002,0.9972,-0.0746,1,-9,0,-1
222.641,222.641,149,-37,99,150,-25,100,0,2,0,1,12,1,0.0072,0.0013,0.9973,-0.0737,1,-8,0,-1
222.741,222.741,149,-36,99,150,-25,100,0,2,0,1,11,1,0.0072,0.0013,0.9973,-0.0727,0,-9,0,-1
222.941,222.941,148,-34,99,150,-25,100,1,1,0,2,9,1,0.0086,0.0015,0.9974,-0.0714,0,-5,-1,0
223.141,223.141,148,-32,100,150,-25,100,1,1,0,2,7,0,0.0071,-0.0007,0.9975,-0.0703,0,-6,-1,0
223.241,223.241,148,-31,99,150,-25,100,1,1,0,2,6,1,0.0067,-0.0024,0.9976,-0.0693,0,-7,-1,0
223.341,223.341,147,-31,99,150,-25,100,1,1,0,3,6,1,0.0062,-0.0026,0.9976,-0.0684,1,-6,-1,0
223.441,223.441,147,-30,100,150,-25,100,1,1,0,3,5,0,0.0056,-0.0013,0.9978,-0.0667,0,-5,-1,0
223.541,223.541,147,-29,99,150,-25,100,1,1,0,3,4,1,0.0063,0,0.9978,-0.0659,0,-5,-1,0
223.641,223.641,146,-29,99,150,-25,100,1,1,0,4,4,1,0.008,0.0008,0.9979,-0.0646,1,-5,-1,0
223.741,223.741,146,-28,99,150,-25,100,1,0,0,4,3,1,0.0094,0.0013,0.998,-0.0627,2,-4,0,0
223.841,223.841,146,-28,99,150,-25,100,1,0,0,4,3,1,0.0098,0.0022,0.9981,-0.0615,1,-3,0,0
223.941,223.941,145,-27,99,150,-25,100,1,0,0,5,2,1,0.0094,0.0022,0.9981,-0.0611,1,-3,0,0
224.041,224.041,145,-27,99,150,-25,100,1,0,0,5,2,1,0.0083,0.0021,0.9981,-0.0613,1,-2,0,0
224.141,224.141,145,-26,99,150,-25,100,1,0,0,5,1,1,0.0078,0.0021,0.998,-0.062,0,-2,0,0
224.241,224.241,144,-26,99,150,-25,100,1,0,0,6,1,1,0.0078,0.001,0.998,-0.0625,1,-4,0,0
224.341,224.341,144,-25,99,150,-25,100,1,0,0,6,0,1,0.0084,-0.0002,0.998,-0.0634,1,-5,0,0
224.441,224.441,144,-24,99,150,-25,100,1,0,0,6,-1,1,0.0082,-0.0006,0.9979,-0.0642,0,-3,0,0
224.541,224.541,144,-24,99,150,-25,100,1,0,0,6,-1,1,0.0074,-0.0003,0.9978,-0.0655,0,-1,0,0
224.641,224.641,144,-24,99,150,-25,100,1,0,0,6,-1,1,0.0055,0.0006,0.9977,-0.0677,0,0,0,0
224.741,224.741,144,-24,99,150,-25,100,1,0,0,6,-1,1,0.0042,0.0019,0.9976,-0.0695,0,-2,0,0
224.841,224.841,144,-23,99,150,-25,100,1,0,0,6,-2,1,0.0043,0.0029,0.9974,-0.0718,1,-2,0,0
224.941,224.941,143,-23,99,150,-25,100,1,0,0,7,-2,1,0.0052,0.0033,0.9973,-0.0727,3,-3,0,0
225.041,225.041,143,-23,99,150,-25,100,1,0,0,7,-2,1,0.0059,0.0033,0.9972,-0.0743,0,-1,0,0
225.141,225.141,143,-23,99,150,-25,100,1,0,0,7,-2,1,0.0058,0.0034,0.9972,-0.0749,0,-1,0,0
225.241,225.241,143,-22,99,150,-25,100,1,0,0,7,-3,1,0.0055,0.003,0.9971,-0.0753,0,-2,0,0
225.341,225.341,143,-22,99,150,-25,100,1,0,0,7,-3,1,0.0047,0.0026,0.9971,-0.0757,0,-3,0,0
225.441,225.441,143,-21,99,150,-25,100,1,-1,0,7,-4,1,0.0046,0.0012,0.9971,-0.0765,0,-5,0,1
225.541,225.541,143,-21,99,150,-25,100,1,-1,0,7,-4,1,0.0049,-0.0006,0.9971,-0.0765,0,-3,0,1
225.641,225.641,143,-20,99,150,-25,100,1,-1,0,7,-5,1,0.0049,-0.0006,0.9971,-0.0765,-2,-2,0,1
225.741,225.741,143,-20,99,150,-25,100,1,-1,0,7,-5,1,0.0028,-0.0002,0.997,-0.0768,-1,-2,0,1
225.851,225.851,143,-19,99,150,-25,100,1,-1,0,7,-6,1,0.0022,0.0011,0.9971,-0.0759,-1,-2,0,1
225.951,225.951,143,-19,99,150,-25,100,1,-1,0,7,-6,1,0.0017,0.0021,0.9972,-0.0752,-3,-2,0,1
226.051,226.051,143,-19,99,150,-25,100,1,-1,0,7,-6,1,0.0013,0.0029,0.9972,-0.0743,-3,-2,0,1
226.151,226.151,144,-18,99,150,-25,100,1,-1,0,6,-7,1,0.002,0.0021,0.9972,-0.0745,-2,-2,0,1
226.251,226.251,144,-18,99,150,-25,100,1,-1,0,6,-7,1,0.0031,0.0001,0.9971,-0.0754,-2,-2,0,1
226.351,226.351,144,-17,99,150,-25,100,1,-1,0,6,-8,1,0.0024,-0.001,0.997,-0.0771,0,-2,0,1
226.451,226.451,144,-17,99,150,-25,100,1,-1,0,6,-8,1,0.0004,-0.0011,0.997,-0.0778,-3,-2,0,1
226.551,226.551,145,-17,99,150,-25,100,1,-1,0,5,-8,1,-0.0024,0.0002,0.997,-0.078,0,0,0,1
226.651,226.651,145,-17,99,150,-25,100,1,-1,0,5,-8,1,-0.0046,0.0013,0.997,-0.0775,-4,0,0,1
226.751,226.751,146,-16,99,150,-25,100,1,-1,0,4,-9,1,-0.0053,0.0012,0.9972,-0.0751,-2,-2,0,1
226.851,226.851,146,-16,99,150,-25,100,1,-1,0,4,-9,1,-0.0041,0.0006,0.9974,-0.0722,-2,-2,0,1
226.951,226.951,145,-15,99,150,-25,100,1,-1,0,5,-10,1,-0.003,-0.0007,0.9977,-0.0679,-2,-6,0,1
227.051,227.051,146,-15,99,150,-25,100,1,-1,0,4,-10,1,-0.0011,-0.002,0.9979,-0.064,0,-3,0,1
227.151,227.151,146,-15,99,150,-25,100,1,-1,0,4,-10,1,-0.0006,-0.0001,0.9982,-0.0598,1,0,0,1
227.251,227.251,146,-15,99,150,-25,100,1,-1,0,4,-10,1,-0.0008,0.0017,0.9984,-0.0562,-1,0,0,1
227.351,227.351,146,-15,99,150,-25,100,1,-1,0,4,-10,1,-0.0016,0.0009,0.9986,-0.0533,0,-1,0,1
227.451,227.451,147,-14,99,150,-25,100,1,-2,0,3,-11,1,-0.0014,-0.0017,0.9987,-0.0509,-1,0,0,2
227.551,227.551,147,-14,99,150,-25,100,1,-2,0,3,-11,1,-0.0013,-0.0033,0.9988,-0.0486,-1,-1,0,2
227.651,227.651,147,-14,99,150,-25,100,1,-2,0,3,-11,1,-0.0013,-0.0032,0.9989,-0.0477,-1,-2,0,2
227.751,227.751,147,-13,99,150,-25,100,1,-2,0,3,-12,1,-0.0003,-0.0038,0.9989,-0.0469,0,-1,0,2
227.851,227.851,147,-13,98,150,-25,100,1,-2,0,3,-12,2,0.0008,-0.0026,0.9989,-0.0463,0,0,0,2
227.951,227.951,147,-14,98,150,-25,100,1,-2,0,3,-11,2,0.0008,0.0001,0.999,-0.0455,0,0,0,2
228.051,228.051,147,-14,99,150,-25,100,1,-2,0,3,-11,1,0.0005,0.0014,0.999,-0.0445,0,0,0,2
228.151,228.151,147,-14,99,150,-25,100,1,-2,0,3,-11,1,0.0013,0.0013,0.999,-0.0436,0,0,0,2
228.251,228.251,147,-14,99,150,-25,100,1,-2,0,3,-11,1,0.0018,0.0012,0.9991,-0.0424,0,0,0,2
228.351,228.351,147,-14,99,150,-25,100,1,-2,0,3,-11,1,0.0023,0.0004,0.9991,-0.0415,-32768,-32768,0,2
228.451,228.451,147,-14,99,150,-25,100,1,-2,0,3,-11,1,0.0014,-0.0009,0.9991,-0.0413,1,0,0,2
228.551,228.551,147,-14,99,150,-25,100,1,-2,0,3,-11,1,0,-0.0009,0.9992,-0.0404,0,4,0,2
228.651,228.651,148,-15,99,150,-25,100,1,-1,0,2,-10,1,0.0001,0.0011,0.9992,-0.0399,0,0,0,1
228.751,228.751,148,-15,99,150,-25,100,1,-1,0,2,-10,1,0.0014,0.0012,0.9992,-0.04,0,1,0,1
228.851,228.851,148,-15,99,150,-25,100,1,-1,0,2,-10,1,0.0025,0.0011,0.9992,-0.0401,2,0,0,1
228.951,228.951,148,-15,99,150,-25,100,1,-1,0,2,-10,1,0.0022,0.0026,0.9992,-0.041,2,2,0,1
229.051,229.051,148,-15,99,150,-25,100,1,-1,0,2,-10,1,0.0013,0.0034,0.9991,-0.042,-6,3,0,1
229.151,229.151,148,-15,99,150,-25,100,1,-1,0,2,-10,1,0.0008,0.0028,0.9991,-0.0432,-1,3,0,1
229.251,229.251,149,-16,99,150,-25,100,0,-1,0,1,-9,1,0.0008,-0.0005,0.999,-0.0443,0,-3,0,0
229.351,229.351,149,-16,99,150,-25,100,0,-1,0,1,-9,1,0.0012,-0.0019,0.999,-0.0443,-2,-8,0,0
229.451,229.451,149,-16,99,150,75,100,0,23,0,1,91,1,0.0011,-0.0011,0.999,-0.0443,0,0,-2,-22
229.551,229.551,150,-16,99,150,75,100,0,23,0,0,91,1,0.0004,0.0006,0.999,-0.0441,-2,-2,-2,-22
229.651,229.651,150,-16,99,150,75,100,0,23,0,0,91,1,0.0004,0.003,0.9991,-0.0432,-1,7,-1,-22
229.751,229.751,150,-16,100,150,75,100,0,23,0,0,91,0,0.0005,0.02,0.9989,-0.0427,0,9,-1,-22
229.851,229.851,151,-16,100,150,75,100,0,23,0,-1,91,0,0.0007,0.0306,0.9987,-0.0416,0,-2,-1,-22
229.961,229.961,151,-15,100,150,75,100,0,23,0,-1,90,0,-0.0009,0.0262,0.9988,-0.041,-2,-4,-1,-22
230.061,230.061,152,-13,100,150,75,100,0,23,0,-2,88,0,-0.0035,0.0158,0.9991,-0.0404,-6,-10,-1,-22
230.161,230.161,153,-12,100,150,75,100,0,23,0,-3,87,0,-0.0067,0.0083,0.9991,-0.0405,-3,-15,-1,-22
230.261,230.261,153,-10,100,150,75,100,0,23,0,-3,85,0,-0.0083,0.0051,0.9991,-0.0406,-3,-13,-1,-22
230.361,230.361,154,-8,100,150,75,100,0,23,0,-4,83,0,-0.0072,0.0041,0.9991,-0.0411,-4,-13,-1,-22
230.461,230.461,154,-6,99,150,75,100,0,23,0,-4,81,1,-0.0061,0.0053,0.9991,-0.0414,-3,-19,-1,-22
230.561,230.561,154,-4,99,150,75,100,0,23,0,-4,79,1,-0.0037,0.0064,0.9991,-0.0409,-3,-20,-1,-22
230.661,230.661,155,-2,100,150,75,100,0,23,0,-5,77,0,-0.0014,0.0078,0.9991,-0.0412,-1,-16,-1,-22
230.761,230.761,155,0,99,150,75,100,0,22,0,-5,75,1,-0.0003,0.0083,0.9991,-0.0405,-1,-12,-1,-21
230.861,230.861,155,2,99,150,75,100,0,22,0,-5,73,1,-0.0014,0.0081,0.9992,-0.0403,-9,-74,-1,-21
230.961,230.961,155,5,99,150,75,100,0,21,0,-5,70,1,-0.0025,0.0068,0.9992,-0.0396,-2,-20,-1,-20
231.061,231.061,155,7,99,150,75,100,0,20,0,-5,68,1,-0.0024,0.0051,0.9992,-0.0388,-2,-21,-1,-19
231.161,231.161,155,10,99,150,75,100,0,19,0,-5,65,1,-0.0013,0.0043,0.9993,-0.0378,-3,-22,-1,-18
231.261,231.261,155,12,99,150,75,100,0,19,0,-5,63,1,0.0002,0.0015,0.9993,-0.0366,-2,-22,-1,-18
231.361,231.361,155,15,99,150,75,100,0,18,0,-5,60,1,0.0015,-0.0015,0.9994,-0.0357,-2,-23,-1,-17
231.461,231.461,155,17,99,150,75,100,0,17,0,-5,58,1,0.0027,-0.0032,0.9994,-0.0347,0,-20,-1,-16
231.561,231.561,155,20,99,150,75,100,0,16,0,-5,55,1,0.0036,-0.0035,0.9994,-0.0335,0,-22,-1,-15
231.661,231.661,155,22,99,150,75,100,0,16,0,-5,53,1,0.0043,-0.0033,0.9994,-0.0328,0,-21,-1,-15
231.761,231.761,155,25,99,150,75,100,0,15,0,-5,50,1,0.0048,-0.0028,0.9995,-0.0317,0,-20,0,-14
231.861,231.861,155,27,99,150,75,100,0,14,0,-5,48,1,0.0053,-0.0035,0.9995,-0.0306,0,-18,0,-13
231.961,231.961,154,28,99,150,75,100,0,14,0,-4,47,1,0.0053,-0.0037,0.9996,-0.029,0,-12,0,-13
232.061,232.061,154,30,99,150,75,100,0,13,0,-4,45,1,0.004,-0.0034,0.9996,-0.0278,0,-17,0,-12
232.161,232.161,154,32,99,150,75,100,0,13,0,-4,43,1,0.0034,-0.0024,0.9996,-0.0267,0,-14,0,-12
232.261,232.261,154,34,99,150,75,100,0,12,0,-4,41,1,0.0037,-0.0007,0.9997,-0.026,0,-15,0,-11
232.361,232.361,154,36,99,150,75,100,0,12,0,-4,39,1,0.0047,-0.0002,0.9997,-0.0257,0,-13,0,-11
232.461,232.461,154,37,99,150,75,100,0,11,0,-4,38,1,0.0053,0.0005,0.9997,-0.0258,0,-15,0,-10
232.561,232.561,154,39,99,150,75,100,0,11,0,-4,36,1,0.006,-0.0003,0.9996,-0.0264,0,-13,0,-10
232.661,232.661,154,40,99,150,75,100,0,10,0,-4,35,1,0.0068,-0.0008,0.9996,-0.027,0,-13,0,-9
232.761,232.761,154,42,99,150,75,100,0,10,0,-4,33,1,0.0067,-0.0019,0.9996,-0.0275,0,-13,0,-9
232.861,232.861,153,43,99,150,75,100,0,9,0,-3,32,1,0.0061,-0.0024,0.9996,-0.0269,1,-11,0,-8
232.961,232.961,153,45,99,150,75,100,0,9,0,-3,30,1,0.0053,-0.0025,0.9996,-0.0265,1,-12,0,-8
233.061,233.061,152,46,99,150,75,100,0,8,0,-2,29,1,0.0055,-0.0017,0.9997,-0.0255,1,-12,0,-7
233.161,233.161,152,47,99,150,75,100,0,8,0,-2,28,1,0.0058,-0.0015,0.9997,-0.0247,0,-8,0,-7
233.261,233.261,152,49,99,150,75,100,0,8,0,-2,26,1,0.0066,-0.0013,0.9997,-0.0236,0,-10,0,-7
233.361,233.361,152,50,99,150,75,100,0,7,0,-2,25,1,0.0074,-0.0027,0.9997,-0.0224,0,-9,0,-6
233.461,233.461,152,51,99,150,75,100,0,4,0,-2,24,1,0.0076,-0.0035,0.9997,-0.0211,0,-10,0,-3
233.561,233.561,151,52,99,150,75,100,0,4,0,-1,23,1,0.0074,-0.0033,0.9998,-0.0194,1,-5,0,-3
233.661,233.661,151,53,99,150,75,100,0,4,0,-1,22,1,0.0065,-0.0025,0.9998,-0.0171,0,-5,0,-3
233.761,233.761,151,54,99,150,75,100,0,3,0,-1,21,1,0.0061,-0.0039,0.9999,-0.0148,0,-6,0,-2
233.861,233.861,151,55,99,150,75,100,0,3,0,-1,20,1,0.0062,-0.0044,0.9999,-0.0128,0,-5,0,-2
233.961,233.961,151,56,98,150,75,100,0,3,0,-1,19,2,0.0061,-0.0046,0.9999,-0.0104,0,-5,0,-2
234.071,234.071,151,56,99,150,75,100,0,3,0,-1,19,1,0.0053,-0.004,0.9999,-0.0079,1,-5,0,-2
234.171,234.171,151,57,99,150,75,100,0,3,0,-1,18,1,0.0044,-0.0028,1,-0.0057,1,-3,0,-3
234.271,234.271,150,57,98,150,75,100,0,3,0,0,18,2,0.0038,-0.0012,1,-0.0027,0,-3,0,-3
234.371,234.371,150,58,99,150,75,100,0,3,0,0,17,1,0.0031,0.0005,1,-0.0003,0,-4,0,-3
234.471,234.471,150,58,98,150,75,100,0,3,0,0,17,2,0.003,0.0013,1,0.0018,0,-4,0,-3
234.571,234.571,150,59,98,150,75,100,0,3,0,0,16,2,0.0036,0.0017,1,0.0038,0,-3,0,-3
234.671,234.671,150,59,98,150,75,100,0,3,0,0,16,2,0.0035,0.0011,1,0.006,0,-4,0,-3
234.771,234.771,150,60,98,150,75,100,0,3,0,0,15,2,0.0037,-0.0005,1,0.0073,1,-5,0,-3
234.871,234.871,150,61,98,150,75,100,0,2,0,0,14,2,0.0039,-0.0007,1,0.0072,0,-6,0,-2
234.971,234.971,149,61,98,150,75,100,0,2,0,1,14,2,0.0037,-0.0006,1,0.0069,0,-3,0,-2
235.071,235.071,149,62,98,150,75,100,0,2,0,1,13,2,0.0042,-0.001,1,0.0053,0,-3,0,-2
235.171,235.171,149,62,98,150,75,100,0,2,0,1,13,2,0.0052,-0.0029,1,0.0033,0,-4,0,-2
235.271,235.271,149,63,98,150,75,100,0,2,0,1,12,2,0.0062,-0.0049,1,0.0007,0,-2,0,-2
235.371,235.371,149,64,98,150,75,100,0,2,0,1,11,2,0.0059,-0.0058,1,-0.0018,0,-5,0,-2
235.471,235.471,149,65,98,150,75,100,0,2,0,1,10,2,0.0052,-0.0057,1,-0.004,0,-6,0,-2
235.571,235.571,148,65,98,150,75,100,0,2,0,2,10,2,0.0043,-0.0066,1,-0.0061,0,-4,0,-2
235.671,235.671,148,66,98,150,75,100,0,2,0,2,9,2,0.0035,-0.0061,0.9999,-0.0078,0,-3,0,-1
235.771,235.771,148,66,98,150,75,100,0,2,0,2,9,2,0.0026,-0.0047,0.9999,-0.0087,0,0,0,-1
235.871,235.871,148,67,98,150,125,100,0,17,0,2,58,2,0.0012,-0.0035,1,-0.0091,0,0,0,-17
235.971,235.971,148,67,98,150,125,100,0,17,0,2,58,2,0.001,-0.0042,1,-0.0086,0,-5,0,-17
236.071,236.071,148,67,97,150,125,100,0,17,0,2,58,3,0.0016,-0.0049,1,-0.0081,1,-2,0,-17
236.171,236.171,147,67,97,150,125,100,0,17,0,3,58,3,0.0011,0.0088,0.9999,-0.0075,0,3,0,-16
236.271,236.271,147,67,98,150,125,100,0,17,0,3,58,2,0.0016,0.0187,0.9998,-0.0073,1,-1,0,-16
236.371,236.371,147,68,98,150,125,100,0,16,0,3,57,2,0.0024,0.017,0.9998,-0.0072,1,-6,0,-15
236.471,236.471,146,70,98,150,125,100,1,16,0,4,55,2,0.0018,0.0093,0.9999,-0.0074,0,-11,-1,-15
236.571,236.571,146,71,98,150,125,100,1,15,0,4,54,2,0.0002,0.0025,1,-0.0086,0,-14,-1,-14
236.671,236.671,146,72,98,150,125,100,1,15,0,4,53,2,-0.0006,-0.0007,0.9999,-0.0102,-1,-11,-1,-14
236.771,236.771,146,74,98,150,125,100,1,15,0,4,51,2,0.0009,-0.0006,0.9999,-0.0121,0,-5,-1,-14
236.871,236.871,146,75,98,150,125,100,1,14,0,4,50,2,0.0017,0.0002,0.9999,-0.0132,0,-7,-1,-13
236.971,236.971,145,76,98,150,125,100,1,14,0,5,49,2,0.0023,0.001,0.9999,-0.0146,0,-7,-1,-13
237.071,237.071,145,78,98,150,125,100,1,14,0,5,47,2,0.0019,0.0013,0.9999,-0.0153,0,-8,-1,-13
237.171,237.171,145,79,98,150,125,100,1,14,0,5,46,2,0.0014,0.0012,0.9999,-0.0148,0,-6,-1,-13
237.271,237.271,145,80,98,150,125,100,1,13,0,5,45,2,0.0005,0.0015,0.9999,-0.014,0,-7,-1,-12
237.371,237.371,146,82,98,150,125,100,1,13,0,4,43,2,-0.0005,0.0025,0.9999,-0.0133,0,-5,-1,-12
237.471,237.471,146,83,98,150,125,100,1,12,0,4,42,2,-0.0008,0.0036,0.9999,-0.0126,0,-8,-1,-11
237.571,237.571,146,84,98,150,125,100,1,12,0,4,41,2,-0.0018,0.0033,0.9999,-0.0126,0,-7,-1,-11
237.671,237.671,146,86,98,150,125,100,1,12,0,4,39,2,-0.0025,0.0045,0.9999,-0.0126,0,-7,-1,-11
237.771,237.771,146,87,98,150,125,100,1,11,0,4,38,2,-0.0026,0.0052,0.9999,-0.0129,0,-9,-1,-10
237.871,237.871,146,89,98,150,125,100,1,11,0,4,36,2,-0.002,0.0048,0.9999,-0.0127,0,-5,-1,-10
237.971,237.971,146,90,98,150,125,100,1,10,0,4,35,2,-0.0013,0.0046,0.9999,-0.0123,0,-8,-1,-9
238.071,238.071,145,92,98,150,125,100,1,10,0,5,33,2,-0.0001,0.0039,0.9999,-0.0114,0,-8,-1,-9
238.171,238.171,145,93,98,150,125,100,1,9,0,5,32,2,0.0013,0.0036,0.9999,-0.0098,0,-10,-1,-8
238.271,238.271,146,95,98,150,125,100,1,9,0,4,30,2,0.0021,0.0017,1,-0.008,0,-12,-1,-8
238.371,238.371,146,97,98,150,125,100,1,8,0,4,28,2,0.0021,0.0017,1,-0.008,0,-11,-1,-7
238.481,238.481,146,98,98,150,125,100,1,8,0,4,27,2,0.0005,-0.0002,1,-0.0055,0,-13,-1,-7
238.581,238.581,146,100,98,150,125,100,1,7,0,4,25,2,-0.0008,-0.0002,1,-0.0046,0,-16,-1,-6
238.671,238.671,146,102,98,150,125,100,1,7,0,4,23,2,-0.0015,-0.0016,1,-0.004,0,-16,-1,-6
238.781,238.781,146,104,98,150,125,100,1,3,0,4,21,2,-0.0013,-0.0021,1,-0.0028,0,-13,-1,-2
238.881,238.881,146,106,98,150,125,100,1,3,0,4,19,2,-0.0006,-0.0041,1,-0.0024,0,-14,-1,-2
238.981,238.981,146,107,98,150,125,100,1,3,0,4,18,2,-0.0003,-0.0051,1,-0.002,0,-14,-1,-2
239.081,239.081,146,109,98,150,125,100,1,3,0,4,16,2,0.0003,-0.009,1,-0.0024,0,-13,-1,-2
239.181,239.181,146,111,98,150,125,100,1,2,0,4,14,2,0.0009,-0.0105,0.9999,-0.0022,0,-11,-1,-1
239.281,239.281,146,112,98,150,125,100,1,2,0,4,13,2,0.0014,-0.0098,0.9999,-0.0018,0,-8,-1,-1
239.381,239.381,146,113,98,150,125,100,1,2,0,4,12,2,0.0025,-0.0073,1,-0.0014,0,-7,-1,-1
239.481,239.481,146,114,98,150,125,100,1,2,0,4,11,2,0.0025,-0.0062,1,0.0001,0,-7,0,-2
239.581,239.581,146,115,98,150,125,100,1,2,0,4,10,2,0.0015,-0.0057,1,0.0021,0,-8,0,-2
239.681,239.681,146,116,97,150,125,100,1,2,0,4,9,3,0.0008,-0.0052,1,0.0043,-1,-6,0,-2
239.781,239.781,146,116,97,150,125,100,1,2,0,4,9,3,0.001,-0.0051,1,0.0064,0,-5,0,-2
239.881,239.881,146,117,97,150,175,100,1,17,0,4,58,3,0.0006,-0.0056,1,0.008,-1,-6,0,-17
239.981,239.981,147,118,97,150,175,100,0,16,0,3,57,3,0.0007,-0.0061,0.9999,0.0091,0,-10,0,-15
240.081,240.081,147,118,97,150,175,100,0,16,0,3,57,3,0.0011,-0.0051,1,0.0083,0,-6,0,-16
240.181,240.181,147,119,97,150,175,100,0,16,0,3,56,3,0,0.0088,0.9999,0.0083,0,-5,0,-15
240.281,240.281,147,120,97,150,175,100,0,16,0,3,55,3,-0.0008,0.017,0.9998,0.0072,0,-6,0,-15
240.381,240.381,147,120,97,150,175,100,0,16,0,3,55,3,0.0003,0.0155,0.9999,0.0055,0,-8,0,-15
240.481,240.481,147,122,98,150,175,100,0,15,0,3,53,2,0.0017,0.0078,1,0.004,0,-11,0,-15
240.581,240.581,147,123,98,150,175,100,0,15,0,3,52,2,0.002,0.0012,1,0.0024,0,-13,0,-15
240.681,240.681,147,125,98,150,175,100,0,15,0,3,50,2,0.0021,-0.0018,1,0.0004,0,-14,0,-15
240.781,240.781,147,127,98,150,175,100,0,14,0,3,48,2,0.0029,-0.0023,1,-0.0014,0,-13,0,-14
240.881,240.881,147,128,98,150,175,100,0,14,0,3,47,2,0.003,-0.0008,1,-0.0032,0,-13,0,-14
240.981,240.981,147,130,98,150,175,100,0,13,0,3,45,2,0.0024,0.0009,1,-0.0047,0,-15,0,-13
241.081,241.081,148,131,98,150,175,100,0,13,0,2,44,2,0.0022,0,1,-0.0057,0,-16,0,-13
241.181,241.181,148,133,98,150,175,100,0,12,0,2,42,2,0.0023,-0.0025,1,-0.0063,0,-17,0,-12
241.281,241.281,148,135,98,150,175,100,0,12,0,2,40,2,0.0018,-0.0052,1,-0.0058,0,-16,0,-12
241.381,241.381,148,136,98,150,175,100,0,12,0,2,39,2,0.0015,-0.0065,1,-0.0054,0,-15,0,-12
241.481,241.481,148,138,98,150,175,100,0,11,0,2,37,2,0.0019,-0.0071,1,-0.0046,0,-16,0,-11
241.581,241.581,148,140,98,150,175,100,0,10,0,2,35,2,0.0026,-0.0072,1,-0.0032,0,-14,0,-10
241.681,241.681,149,141,98,150,175,100,0,10,0,1,34,2,0.0028,-0.0066,1,-0.0011,0,-14,0,-10
241.781,241.781,149,143,98,150,175,100,0,9,0,1,32,2,0.0027,-0.0067,1,0.0003,0,-14,0,-9
241.881,241.881,149,144,98,150,175,100,0,9,0,1,31,2,0.0026,-0.0073,1,0.0027,-1,-12,0,-9
241.981,241.981,149,145,98,150,175,100,0,9,0,1,30,2,0.0028,-0.0075,1,0.0047,-1,-9,0,-9
242.081,242.081,149,147,97,150,175,100,0,8,0,1,28,3,0.0024,-0.0075,0.9999,0.0064,0,-10,0,-7
242.181,242.181,149,148,97,150,175,100,0,8,0,1,27,3,0.0024,-0.0068,0.9999,0.0083,0,-8,0,-7
242.281,242.281,150,149,97,150,175,100,0,8,0,0,26,3,0.0028,-0.006,0.9999,0.0096,-2,-6,0,-7
242.381,242.381,150,149,97,150,175,100,0,8,0,0,26,3,0.0033,-0.0073,0.9999,0.0109,-2,-5,0,-7
242.481,242.481,151,150,97,150,175,100,0,7,0,-1,25,3,0.003,-0.0077,0.9999,0.012,-3,-4,0,-6
242.581,242.581,151,151,97,150,175,100,0,4,0,-1,24,3,0.0025,-0.0064,0.9999,0.0121,-3,-6,0,-3
242.681,242.681,151,152,96,150,175,100,0,4,1,-1,23,4,0.0021,-0.0057,0.9999,0.0126,-2,-5,0,-3
242.791,242.791,152,153,96,150,175,100,0,4,1,-2,22,4,0.0025,-0.0061,0.9999,0.0119,-2,-3,0,-3
242.891,242.891,152,153,96,150,175,100,0,4,1,-2,22,4,0.0023,-0.0089,0.9999,0.0116,0,-2,0,-3
242.991,242.991,152,153,96,150,175,100,0,4,1,-2,22,4,0.0021,-0.0098,0.9999,0.0117,-2,-1,0,-3
243.091,243.091,153,154,96,150,175,100,0,3,1,-3,21,4,0.0021,-0.0078,0.9999,0.0116,-2,-1,0,-2
243.191,243.191,153,154,95,150,175,100,0,3,1,-3,21,5,0.0018,-0.0047,0.9999,0.0119,-4,-2,0,-2
243.291,243.291,154,154,95,150,175,100,0,3,1,-4,21,5,0.0011,-0.0029,0.9999,0.0119,-4,-1,0,-2
243.391,243.391,154,154,95,150,175,100,0,3,1,-4,21,5,-0.0001,-0.0038,0.9999,0.0116,-3,-2,0,-2
243.491,243.491,155,154,95,150,175,100,0,3,1,-5,21,5,-0.0008,-0.0057,0.9999,0.0107,0,0,0,-2
243.591,243.591,155,155,95,150,175,100,0,3,1,-5,20,5,-0.0007,-0.0068,0.9999,0.0095,-2,0,0,-2
243.691,243.691,155,155,95,150,175,100,0,3,1,-5,20,5,-0.001,-0.0064,0.9999,0.008,-2,-1,0,-2
243.791,243.791,156,155,95,150,175,100,0,3,1,-6,20,5,-0.0022,-0.0048,1,0.0072,-1,0,0,-3
243.891,243.891,156,155,95,150,175,100,0,3,1,-6,20,5,-0.0026,-0.0032,1,0.0059,-1,0,0,-3
243.991,243.991,156,155,95,150,175,100,0,3,1,-6,20,5,-0.0017,-0.0022,1,0.0051,-1,0,0,-3
244.091,244.091,157,155,95,150,175,100,0,3,1,-7,20,5,-0.0009,-0.0014,1,0.0055,-1,0,0,-3
244.191,244.191,157,155,95,150,175,100,0,3,1,-7,20,5,0.0005,-0.0005,1,0.0058,0,0,0,-3
244.291,244.291,157,155,96,150,175,100,0,3,1,-7,20,4,0.0021,-0.0006,1,0.0057,0,0,0,-3
244.391,244.391,157,155,96,150,175,100,0,3,1,-7,20,4,0.0023,-0.0019,1,0.0056,0,-1,0,-3
244.491,244.491,157,155,96,150,175,100,0,3,1,-7,20,4,0.0014,-0.0035,1,0.0053,0,-1,0,-3
244.591,244.591,158,155,96,150,175,100,0,3,1,-8,20,4,0.0007,-0.0037,1,0.0047,-1,0,0,-3
244.691,244.691,158,155,97,150,175,100,0,3,0,-8,20,3,-0.0002,-0.004,1,0.0038,-1,0,0,-3
244.791,244.791,158,155,97,150,175,100,0,3,0,-8,20,3,-0.0008,-0.0034,1,0.0035,-2,2,0,-3
244.891,244.891,158,155,97,150,175,100,0,3,0,-8,20,3,-0.0006,-0.0026,1,0.0029,0,0,0,-3
244.991,244.991,158,155,97,150,175,100,0,3,0,-8,20,3,-0.0002,-0.0019,1,0.0026,0,0,0,-3
245.091,245.091,158,155,97,150,175,100,0,3,0,-8,20,3,0.0004,-0.0006,1,0.0017,0,2,0,-3
245.191,245.191,158,155,97,150,175,100,0,3,0,-8,20,3,0.0006,0.0002,1,0.001,0,0,0,-3
245.291,245.291,158,155,97,150,175,100,0,3,0,-8,20,3,0.0007,0.0016,1,0.0004,0,0,0,-3
245.391,245.391,158,155,97,150,175,100,0,3,0,-8,20,3,0.001,0.0013,1,-0.0003,0,0,0,-3
245.491,245.491,158,155,97,150,175,100,0,3,0,-8,20,3,0.0013,0.0005,1,-0.0016,0,0,0,-3
245.591,245.591,159,155,97,150,175,100,0,3,0,-9,20,3,0.0013,-0.0002,1,-0.0022,0,0,0,-3
245.691,245.691,159,155,97,150,175,100,0,3,0,-9,20,3,0.0009,-0.0003,1,-0.0025,-1,0,0,-3
245.791,245.791,159,155,97,150,175,100,0,3,0,-9,20,3,0.0006,-0.0004,1,-0.0023,-2,0,0,-3
245.891,245.891,159,155,97,150,175,100,0,3,0,-9,20,3,0.002,0.0004,1,-0.0019,0,0,0,-3
245.991,245.991,159,155,97,150,175,100,0,3,0,-9,20,3,0.0031,0.0015,1,-0.0009,1,0,0,-3
246.091,246.091,159,155,98,150,175,100,0,3,0,-9,20,2,0.0039,0.0018,1,0.0003,0,0,0,-3
246.191,246.191,159,156,98,150,175,100,0,3,0,-9,19,2,0.0033,0.0015,1,0.0014,-1,0,0,-3
246.291,246.291,159,156,98,150,175,100,0,3,0,-9,19,2,0.0037,0.0025,1,0.0023,0,0,0,-3
246.391,246.391,159,156,98,150,175,100,0,3,0,-9,19,2,0.0037,0.0016,1,0.0029,0,0,0,-3
246.491,246.491,159,156,98,150,175,100,0,3,0,-9,19,2,0.0041,0.0011,1,0.0035,0,0,0,-3
246.591,246.591,159,156,98,150,175,100,0,3,0,-9,19,2,0.0031,0.0011,1,0.0033,-1,0,0,-3
246.691,246.691,159,157,98,150,175,100,0,3,0,-9,18,2,0.0031,0.0011,1,0.0033,0,-1,0,-3
246.791,246.791,159,157,98,150,175,100,0,3,0,-9,18,2,0.0025,0.0003,1,0.0012,-1,0,0,-3
246.891,246.891,159,157,98,150,175,100,0,3,0,-9,18,2,0.0014,-0.0003,1,-0.0004,-1,-1,0,-3
246.991,246.991,159,158,97,150,175,100,0,3,0,-9,17,3,0,-0.0004,1,-0.0024,-1,0,0,-3
247.091,247.091,159,158,97,150,175,100,0,3,0,-9,17,3,0,0.0014,1,-0.004,-1,-5,0,-3
247.201,247.201,160,158,98,150,175,100,-1,3,0,-10,17,2,0.0013,0.0016,1,-0.0053,0,0,0,-3
247.301,247.301,160,158,98,150,175,100,-1,3,0,-10,17,2,0.0031,0.0014,1,-0.0069,-1,0,0,-3
247.401,247.401,160,158,98,150,175,100,-1,3,0,-10,17,2,0.0034,0.0018,1,-0.008,0,-1,0,-3
247.501,247.501,159,159,98,150,175,100,0,3,0,-9,16,2,0.0025,0.0015,1,-0.0089,1,-1,0,-3
247.601,247.601,159,159,98,150,175,100,0,2,0,-9,16,2,0.002,0.0012,0.9999,-0.01,0,-5,0,-1
247.701,247.701,160,159,98,150,175,100,0,3,0,-10,16,2,0.0021,0.0006,0.9999,-0.0107,0,-2,0,-2
247.801,247.801,160,160,98,150,175,100,0,3,0,-10,15,2,0.0023,0.0005,0.9999,-0.0118,0,-3,0,-2
247.901,247.901,160,160,98,150,175,100,0,2,0,-10,15,2,0.0024,-0.0013,0.9999,-0.012,0,0,0,-1
248.001,248.001,160,160,98,150,175,100,0,2,0,-10,15,2,0.0029,-0.001,0.9999,-0.0121,1,4,0,-1
248.101,248.101,159,160,98,150,175,100,0,2,0,-9,15,2,0.0031,0.0022,0.9999,-0.0121,2,-1,0,-1
248.201,248.201,159,160,98,150,175,100,0,2,0,-9,15,2,0.0049,0.0038,0.9999,-0.0117,0,0,0,-1
248.301,248.301,159,160,98,150,175,100,0,2,0,-9,15,2,0.0067,0.0034,0.9999,-0.011,0,0,0,-1
248.401,248.401,159,160,98,150,175,100,0,2,0,-9,15,2,0.0079,0.0024,0.9999,-0.0107,0,-3,0,-1
248.501,248.501,159,161,99,150,175,100,0,2,0,-9,14,1,0.0092,0.0002,0.9999,-0.0101,0,-3,0,-1
248.601,248.601,159,161,99,150,175,100,0,2,0,-9,14,1,0.0093,-0.0019,0.9999,-0.0098,0,-3,0,-1
248.701,248.701,159,162,99,150,175,100,0,2,0,-9,13,1,0.0088,-0.0035,0.9999,-0.01,0,-1,0,-1
248.801,248.801,159,162,99,150,175,100,0,2,0,-9,13,1,0.0081,-0.0043,0.9999,-0.01,-1,-2,0,-1
248.901,248.901,159,163,99,150,175,100,0,2,0,-9,12,1,0.0062,-0.0049,0.9999,-0.0101,0,-1,0,-1
249.001,249.001,159,163,99,150,175,100,0,2,0,-9,12,1,0.0037,-0.0046,0.9999,-0.0103,0,-1,0,-1
249.101,249.101,158,163,99,150,175,100,0,2,0,-8,12,1,0.0034,-0.0033,0.9999,-0.0107,0,-1,0,-1
249.201,249.201,158,163,99,150,175,100,0,2,0,-8,12,1,0.0047,-0.0011,0.9999,-0.0108,0,0,0,-1
249.301,249.301,158,163,99,150,175,100,0,2,0,-8,12,1,0.0048,0.0001,0.9999,-0.0108,0,0,0,-1
249.401,249.401,159,163,99,150,175,100,0,2,0,-9,12,1,0.0036,0.0011,0.9999,-0.0107,-1,0,0,-1
249.501,249.501,159,163,99,150,175,100,0,2,0,-9,12,1,0.0018,0.0009,1,-0.0096,0,0,0,-2
249.601,249.601,159,163,99,150,175,100,0,2,0,-9,12,1,0.0005,0,1,-0.0081,0,-2,0,-2
249.701,249.701,159,164,99,150,175,100,0,2,0,-9,11,1,0.0002,-0.0009,1,-0.0055,0,-1,0,-2
249.801,249.801,159,164,99,150,175,100,0,2,0,-9,11,1,0,-0.0001,1,-0.0027,0,0,0,-2
249.901,249.901,159,164,99,150,175,100,0,2,0,-9,11,1,0.0001,0.0008,1,0,1,0,0,-2
250.001,250.001,159,163,99,150,175,100,0,2,0,-9,12,1,0.0018,0.0023,1,0.0025,0,0,0,-2
250.101,250.101,159,163,99,150,175,100,0,2,0,-9,12,1,0.0037,0.0038,1,0.0058,0,0,0,-2
250.201,250.201,159,163,99,150,175,100,0,2,0,-9,12,1,0.0042,0.0056,0.9999,0.0086,-2,0,0,-1
250.301,250.301,159,164,99,150,175,100,0,2,0,-9,11,1,0.0032,0.0057,0.9999,0.0112,-3,-3,0,-1
250.401,250.401,160,164,100,150,175,100,0,2,0,-10,11,0,0.0018,0.0037,0.9999,0.0122,0,-3,0,-1
250.501,250.501,160,165,100,150,175,100,0,2,0,-10,10,0,0.0006,0.0003,0.9999,0.0127,0,-2,0,-1
250.601,250.601,160,165,100,150,175,100,0,2,0,-10,10,0,-0.0008,-0.003,0.9999,0.0114,0,-1,0,-1
250.701,250.701,160,165,100,150,175,100,0,2,0,-10,10,0,-0.0023,-0.0056,0.9999,0.0094,-2,-3,0,-1
250.801,250.801,161,166,100,150,175,100,-1,2,0,-11,9,0,-0.0026,-0.0066,1,0.0068,-2,-3,1,-1
250.901,250.901,161,167,100,150,175,100,-2,1,0,-11,8,0,-0.0017,-0.0063,1,0.0038,-1,-4,2,0
251.001,251.001,161,167,100,150,175,100,-2,1,0,-11,8,0,-0.0002,-0.004,1,0.001,-2,0,2,0
251.101,251.101,162,167,100,150,175,100,-2,1,0,-12,8,0,-0.0013,-0.0009,1,-0.0013,0,0,1,-1
251.201,251.201,162,167,100,150,175,100,-2,1,0,-12,8,0,-0.0033,0.0001,1,-0.0024,-1,-1,1,-1
251.301,251.301,162,167,100,150,175,100,-2,1,0,-12,8,0,-0.0041,-0.0011,1,-0.0037,-1,-2,1,-1
251.401,251.401,162,168,100,150,175,100,-2,1,0,-12,7,0,-0.0033,-0.0028,1,-0.004,0,-2,1,-1
251.501,251.501,162,168,100,150,175,100,-2,1,0,-12,7,0,-0.0025,-0.0045,1,-0.0042,0,-5,1,-1
251.601,251.601,162,169,100,150,175,100,-2,1,0,-12,6,0,-0.0019,-0.0056,1,-0.0032,0,-3,1,-1
251.701,251.701,162,169,100,150,175,100,-2,1,0,-12,6,0,-0.0013,-0.005,1,-0.0035,0,-3,1,-1
251.811,251.811,163,170,100,150,175,100,-2,1,0,-13,5,0,-0.0008,-0.0043,1,-0.0033,0,-3,1,-1
252.011,252.011,163,171,100,150,175,100,-2,1,0,-13,4,0,-0.0017,-0.0053,1,-0.0017,0,-4,1,-1
252.111,252.111,163,171,100,150,175,100,-2,1,0,-13,4,0,-0.0021,-0.0051,1,-0.0002,0,-2,1,-1
252.211,252.211,163,171,100,150,175,100,-2,1,0,-13,4,0,-0.0023,-0.0054,1,0.0012,0,-2,2,0
252.311,252.311,163,172,100,150,175,100,-2,1,0,-13,3,0,-0.0022,-0.0065,1,0.0029,1,-1,2,0
252.411,252.411,163,172,100,150,175,100,-2,1,0,-13,3,0,-0.0011,-0.0079,1,0.0035,1,-3,2,0
252.511,252.511,163,173,100,150,175,100,-2,1,0,-13,2,0,-0.0002,-0.009,1,0.0035,2,-1,2,0
252.611,252.611,163,173,100,150,175,100,-2,1,0,-13,2,0,0.0009,-0.0083,1,0.0022,0,-1,2,0
252.711,252.711,163,174,100,150,175,100,-2,0,0,-13,1,0,0.0028,-0.0069,1,0.0013,0,-2,2,0
252.811,252.811,162,174,100,150,175,100,-2,0,0,-12,1,0,0.0029,-0.0062,1,-0.001,0,-1,2,0
252.911,252.911,162,174,100,150,175,100,-2,0,0,-12,1,0,0.0019,-0.0057,1,-0.0029,0,-2,2,0
253.011,253.011,162,174,100,150,175,100,-2,0,0,-12,1,0,0.0011,-0.0061,1,-0.0057,0,-1,2,0
253.111,253.111,162,175,100,150,175,100,-2,0,0,-12,0,0,-0.0006,-0.0063,0.9999,-0.0087,0,-1,1,0
253.211,253.211,162,175,100,150,175,100,-2,0,0,-12,0,0,-0.0023,-0.0058,0.9999,-0.0113,0,-9,1,0
253.311,253.311,162,175,100,150,175,100,-2,0,0,-12,0,0,-0.0023,-0.0058,0.9999,-0.0113,0,-1,1,0
253.411,253.411,162,175,100,150,175,100,-2,0,0,-12,0,0,0.0008,-0.0064,0.9999,-0.0159,3,-1,1,0
253.511,253.511,162,176,100,150,175,100,-2,0,0,-12,-1,0,0.0027,-0.0063,0.9998,-0.0166,1,-1,1,0
253.611,253.611,162,176,100,150,175,100,-2,0,0,-12,-1,0,0.0045,-0.0069,0.9998,-0.0166,3,-1,1,0
253.711,253.711,162,176,100,150,175,100,-2,0,0,-12,-1,0,0.0038,-0.0067,0.9999,-0.0153,0,0,1,0
253.811,253.811,162,176,100,150,175,100,-2,0,0,-12,-1,0,0.0038,-0.0067,0.9999,-0.0153,-2,-1,1,0
253.911,253.911,161,176,100,150,175,100,-2,0,0,-11,-1,0,0.0015,-0.0065,0.9999,-0.0139,0,0,1,0
254.011,254.011,161,176,101,150,175,100,-2,0,0,-11,-1,-1,-0.0007,-0.0073,0.9999,-0.0116,0,-2,1,0
254.111,254.111,161,176,101,150,175,100,-2,0,0,-11,-1,-1,-0.0017,-0.007,0.9999,-0.009,0,1,1,0
254.211,254.211,161,176,101,150,175,100,-2,0,0,-11,-1,-1,-0.0022,-0.0072,1,-0.0059,0,2,2,0
254.311,254.311,161,176,101,150,175,100,-2,0,0,-11,-1,-1,-0.0009,-0.0053,1,-0.0035,0,1,2,0
254.411,254.411,161,176,102,150,175,100,-2,0,0,-11,-1,-2,-0.0008,-0.0037,1,-0.0008,0,3,2,0
254.511,254.511,161,175,102,150,175,100,-2,0,0,-11,0,-2,-0.0012,-0.002,1,0.0007,-1,3,2,0
254.611,254.611,161,175,102,150,175,100,-2,0,0,-11,0,-2,-0.0035,-0.0007,1,0.0017,0,0,2,0
254.711,254.711,160,175,102,150,175,100,-1,0,0,-10,0,-2,-0.0029,0,1,0.0022,4,0,1,0
254.811,254.811,160,175,102,150,175,100,-1,0,0,-10,0,-2,0.0002,-0.0008,1,0.0027,5,0,1,0
254.911,254.911,159,175,102,150,175,140,-1,0,17,-9,0,38,0.0027,-0.0022,1,0.0016,3,0,1,0
255.011,255.011,159,175,102,150,175,140,-1,0,17,-9,0,38,0.0026,-0.0029,1,0.0006,3,0,1,0
255.111,255.111,159,175,102,150,175,140,-1,0,17,-9,0,38,0.0027,-0.0036,1,-0.0015,4,0,1,0
255.211,255.211,158,175,102,150,175,140,-1,0,17,-8,0,38,0.0019,-0.0041,1,-0.0041,2,2,1,0
255.311,255.311,158,175,102,150,175,140,-1,0,17,-8,0,38,0.0009,-0.0034,1,-0.008,1,0,1,0
255.411,255.411,158,174,103,150,175,140,-1,0,17,-8,1,37,-0.0004,-0.0017,0.9999,-0.0108,3,1,0,0
255.511,255.511,157,174,104,150,175,140,-1,0,16,-7,1,36,-0.0012,-0.0018,0.9999,-0.0142,0,0,0,0
255.611,255.611,157,174,106,150,175,140,-1,0,15,-7,1,34,0.0001,-0.0009,0.9999,-0.0158,1,0,0,0
255.711,255.711,156,174,107,150,175,140,-1,0,15,-6,1,33,0.0032,-0.0004,0.9998,-0.0175,3,1,0,0
255.811,255.811,156,173,108,150,175,140,0,1,14,-6,2,32,0.0052,-0.0003,0.9999,-0.0163,1,2,0,0
255.921,255.921,155,173,110,150,175,140,0,1,13,-5,2,30,0.0048,0.0019,0.9999,-0.0148,1,2,0,0
256.021,256.021,155,172,111,150,175,140,0,1,13,-5,3,29,0.0028,0.002,0.9999,-0.0134,1,2,0,0
256.121,256.121,155,172,113,150,175,140,0,1,12,-5,3,27,0.0011,0.0007,0.9999,-0.011,0,2,0,0
256.221,256.221,155,172,115,150,175,140,0,1,11,-5,3,25,-0.0019,-0.0016,1,-0.008,0,1,0,-1
256.321,256.321,155,172,116,150,175,140,0,1,11,-5,3,24,-0.0043,-0.0026,1,-0.0051,1,0,0,-1
256.421,256.421,155,172,117,150,175,140,0,1,10,-5,3,23,-0.0032,-0.0011,1,-0.0021,0,0,0,-1
256.521,256.521,155,172,118,150,175,140,0,1,10,-5,3,22,-0.0015,-0.0016,1,0.0007,1,0,0,-1
256.621,256.621,154,172,119,150,175,140,0,1,9,-4,3,21,0.0005,-0.0022,1,0.0037,1,0,0,-1
256.721,256.721,154,171,121,150,175,140,0,1,8,-4,4,19,0.0032,-0.002,1,0.0064,2,1,0,-1
256.821,256.821,153,171,123,150,175,140,0,1,7,-3,4,17,0.0057,-0.0009,1,0.0082,2,2,0,-1
256.921,256.921,153,171,124,150,175,140,0,1,7,-3,4,16,0.0063,-0.0013,0.9999,0.0092,3,2,0,0
257.021,257.021,152,171,124,150,175,140,0,1,7,-2,4,16,0.0064,-0.0015,0.9999,0.009,4,0,0,0
257.121,257.121,152,171,125,150,175,140,0,1,7,-2,4,15,0.0062,-0.0025,0.9999,0.0078,1,0,0,0
257.221,257.221,152,171,126,150,175,140,0,1,6,-2,4,14,0.0043,-0.0035,1,0.0047,1,-1,0,-1
257.321,257.321,152,171,126,150,175,140,0,1,6,-2,4,14,0.0009,-0.0037,1,0.0016,0,0,0,-1
257.421,257.421,152,170,127,150,175,140,0,1,6,-2,5,13,0,-0.0024,1,-0.0018,0,1,0,-1
257.521,257.521,151,170,128,150,175,140,0,1,5,-1,5,12,0.0002,-0.0011,1,-0.0054,4,3,0,-1
257.621,257.621,151,170,129,150,175,140,0,1,5,-1,5,11,0.001,-0.0002,1,-0.0079,1,-1,0,-1
257.721,257.721,151,169,130,150,175,140,0,1,4,-1,6,10,0.0025,-0.0014,0.9999,-0.0109,0,1,0,0
257.821,257.821,151,169,130,150,175,140,0,1,4,-1,6,10,0.0027,-0.0025,0.9999,-0.012,1,1,0,0
257.921,257.921,151,170,131,150,175,140,0,1,4,-1,5,9,0.0029,-0.0032,0.9999,-0.0118,0,0,0,0
258.021,258.021,151,169,131,150,175,140,0,1,3,-1,6,9,0.0023,-0.0027,0.9999,-0.0112,0,0,0,0
258.121,258.121,151,169,132,150,175,140,0,1,3,-1,6,8,0.0004,-0.001,1,-0.0089,0,3,0,-1
258.221,258.221,150,169,133,150,175,140,0,1,2,0,6,7,0.0003,-0.0007,1,-0.0045,1,0,0,-1
258.321,258.321,150,169,133,150,125,140,0,-13,2,0,-44,7,0.0016,-0.0018,1,-0.0021,1,0,0,13
258.421,258.421,150,169,133,150,125,140,0,-13,2,0,-44,7,0.0037,-0.0035,1,0.0003,4,0,0,13
258.521,258.521,149,169,133,150,125,140,0,-13,2,1,-44,7,0.0054,-0.0048,1,0.0026,1,1,0,13
258.621,258.621,149,169,134,150,125,140,0,-13,2,1,-44,6,0.0058,-0.017,0.9998,0.004,1,1,0,12
258.721,258.721,149,168,134,150,125,140,0,-13,2,1,-43,6,0.0046,-0.0221,0.9997,0.0051,0,2,0,12
258.821,258.821,149,168,134,150,125,140,0,-13,2,1,-43,6,0.0036,-0.0168,0.9998,0.0047,1,7,0,12
258.921,258.921,148,167,134,150,125,140,0,-12,2,2,-42,6,0.0036,-0.0073,1,0.0038,1,9,0,12
259.021,259.021,148,165,134,150,125,140,0,-12,2,2,-40,6,0.0038,-0.0012,1,0.0032,1,10,0,12
259.121,259.121,148,164,135,150,125,140,0,-12,1,2,-39,5,0.004,-0.0006,1,0.0022,1,9,0,12
259.221,259.221,148,163,135,150,125,140,0,-11,1,2,-38,5,0.0045,-0.0026,1,0.0017,2,6,0,11
259.321,259.321,147,162,135,150,125,140,0,-11,1,3,-37,5,0.005,-0.0052,1,0.0019,1,6,0,11
259.421,259.421,147,161,135,150,125,140,0,-11,1,3,-36,5,0.0042,-0.0062,1,0.0022,0,11,0,11
259.521,259.521,147,160,136,150,125,140,0,-10,1,3,-35,4,0.0038,-0.007,1,0.0027,1,10,0,10
259.621,259.621,147,159,136,150,125,140,0,-10,1,3,-34,4,0.0038,-0.0087,0.9999,0.0037,1,11,0,9
259.721,259.721,146,158,136,150,125,140,1,-9,1,4,-33,4,0.0034,-0.0098,0.9999,0.0035,1,10,-1,8
259.821,259.821,146,156,136,150,125,140,1,-9,1,4,-31,4,0.0039,-0.0082,1,0.0031,0,14,-1,8
259.921,259.921,146,155,136,150,125,140,1,-9,1,4,-30,4,0.004,-0.0048,1,0.0022,0,15,-1,8
260.021,260.021,146,153,136,150,125,140,1,-8,1,4,-28,4,0.0038,-0.0011,1,0.0004,1,8,-1,7
260.121,260.121,146,152,137,150,125,140,1,-8,0,4,-27,3,0.0034,0,1,-0.0014,0,8,0,8
260.231,260.231,146,151,137,150,125,140,1,-8,0,4,-26,3,0.0038,0.0003,1,-0.0034,1,13,0,8
260.331,260.331,146,149,137,150,125,140,1,-4,0,4,-24,3,0.0036,0.0002,1,-0.0063,-5,19,0,4
260.431,260.431,146,148,137,150,125,140,1,-4,0,4,-23,3,0.0011,-0.0006,1,-0.0086,0,7,0,4
260.531,260.531,146,147,138,150,125,140,1,-4,0,4,-22,2,0.0002,-0.001,0.9999,-0.0117,0,12,0,4
260.631,260.631,145,146,138,150,125,140,1,-3,0,5,-21,2,0.0013,0.0017,0.9999,-0.014,0,15,0,3
260.731,260.731,145,144,138,150,125,140,1,-3,0,5,-19,2,0.0026,0.0041,0.9999,-0.0163,4,10,0,3
260.831,260.831,145,143,138,150,125,140,1,-3,0,5,-18,2,0.0043,0.0049,0.9998,-0.0185,6,7,0,3
260.931,260.931,145,142,138,150,125,140,1,-3,0,5,-17,2,0.0057,0.0057,0.9998,-0.0201,2,6,0,3
261.031,261.031,144,141,138,150,125,140,1,-3,0,6,-16,2,0.0063,0.0058,0.9998,-0.0201,3,7,0,3
261.131,261.131,144,140,138,150,125,140,1,-2,0,6,-15,2,0.0057,0.0051,0.9998,-0.0188,1,7,0,2
261.231,261.231,144,139,138,150,125,140,1,-2,0,6,-14,2,0.0046,0.0036,0.9998,-0.0183,1,4,0,2
261.331,261.331,144,139,138,150,125,140,1,-2,0,6,-14,2,0.0034,0.0033,0.9999,-0.0166,1,3,0,2
261.431,261.431,144,138,138,150,125,140,1,-2,0,6,-13,2,0.0024,0.0042,0.9999,-0.016,-1,5,0,2
261.531,261.531,145,137,138,150,125,140,1,-2,0,5,-12,2,0.0012,0.0042,0.9999,-0.016,-1,1,0,2
261.631,261.631,145,137,138,150,125,140,1,-2,0,5,-12,2,-0.0005,0.0027,0.9999,-0.0153,0,0,0,2
261.731,261.731,145,137,138,150,125,140,1,-2,0,5,-12,2,-0.0016,0.0022,0.9999,-0.0159,-2,0,0,2
261.831,261.831,145,136,138,150,125,140,1,-2,0,5,-11,2,-0.0015,0.0017,0.9999,-0.015,-3,0,0,2
261.931,261.931,145,136,138,150,125,140,1,-2,0,5,-11,2,-0.0007,0.0007,0.9999,-0.0145,-2,0,0,2
262.031,262.031,145,136,138,150,125,140,1,-2,0,5,-11,2,0.0004,-0.0005,0.9999,-0.0134,0,-2,0,2
262.131,262.131,145,136,138,150,125,140,1,-2,0,5,-11,2,0.0013,-0.0024,0.9999,-0.0127,-2,0,0,2
262.231,262.231,146,136,138,150,125,140,1,-2,0,4,-11,2,0.0015,-0.0042,0.9999,-0.0108,-1,0,0,2
262.331,262.331,146,136,138,150,125,140,1,-2,0,4,-11,2,0.0017,-0.0052,0.9999,-0.0097,-1,0,0,2
262.431,262.431,146,136,138,150,125,140,1,-2,0,4,-11,2,0.0019,-0.0046,1,-0.0078,0,0,0,2
262.531,262.531,146,136,138,150,125,140,1,-2,0,4,-11,2,0.0029,-0.0046,1,-0.0065,0,0,0,2
262.631,262.631,146,136,138,150,125,140,1,-2,0,4,-11,2,0.0027,-0.004,1,-0.0053,1,0,0,2
262.731,262.731,146,136,138,150,125,140,1,-2,0,4,-11,2,0.0019,-0.0024,1,-0.0037,-5,4,0,2
262.831,262.831,146,136,137,150,125,140,1,-2,0,4,-11,3,0.0005,-0.0011,1,-0.0028,-2,0,0,2
262.931,262.931,146,136,137,150,125,140,1,-2,0,4,-11,3,-0.0009,-0.0013,1,-0.0017,-3,0,0,2
263.031,263.031,146,136,138,150,125,140,1,-2,0,4,-11,2,-0.0006,-0.0018,1,-0.0008,0,0,0,2
263.131,263.131,146,136,137,150,125,140,1,-2,0,4,-11,3,0.001,-0.0027,1,-0.0001,0,0,0,2
263.231,263.231,146,136,137,150,125,140,1,-2,0,4,-11,3,0.0016,-0.0026,1,0.0005,1,1,-1,1
263.331,263.331,147,136,138,150,125,140,0,-2,0,3,-11,2,0.0022,-0.002,1,0.001,0,0,0,2
263.431,263.431,146,136,138,150,125,140,1,-2,0,4,-11,2,0.0025,-0.0017,1,0.0013,0,0,-1,1
263.531,263.531,147,136,138,150,125,140,0,-2,0,3,-11,2,0.0028,-0.0013,1,0.0015,-1,-2,0,2
263.631,263.631,147,136,138,150,125,140,0,-2,0,3,-11,2,0.0023,-0.0022,1,0.0016,-2,-2,0,2
263.731,263.731,147,136,138,150,125,140,0,-2,0,3,-11,2,0.0026,-0.0022,1,0.0014,0,0,0,2
263.831,263.831,146,136,138,150,125,140,1,-2,0,4,-11,2,0.0012,-0.0019,1,0.0007,-5,-1,-1,1
263.931,263.931,147,136,138,150,125,140,0,-2,0,3,-11,2,0.0004,-0.0012,1,0,0,0,0,2
264.031,264.031,147,136,138,150,125,140,0,-2,0,3,-11,2,0.0013,-0.0016,1,-0.0007,1,1,0,2
264.131,264.131,147,136,138,150,125,140,0,-2,0,3,-11,2,0.003,-0.0012,1,-0.0011,2,0,0,2
264.231,264.231,147,136,138,150,125,140,0,-2,0,3,-11,2,0.0032,-0.0022,1,-0.0006,0,-2,0,2
264.341,264.341,147,135,138,150,125,140,0,-2,0,3,-10,2,0.002,-0.0031,1,-0.0004,0,0,0,2
264.441,264.441,147,136,138,150,125,140,0,-2,0,3,-11,2,0.0008,-0.0024,1,0.0005,0,0,0,2
264.541,264.541,147,136,138,150,125,140,0,-2,0,3,-11,2,0.0004,-0.0012,1,0.0018,0,0,0,2
264.641,264.641,147,136,138,150,125,140,0,-2,0,3,-11,2,0.0009,-0.0006,1,0.0029,0,0,0,2
264.741,264.741,147,136,138,150,125,140,0,-2,0,3,-11,2,0.0021,-0.0016,1,0.0027,1,0,0,2
264.841,264.841,147,136,138,150,125,140,0,-2,0,3,-11,2,0.0029,-0.0031,1,0.0025,0,-1,0,2
264.941,264.941,147,136,137,150,125,140,0,-2,0,3,-11,3,0.0022,-0.004,1,0.0018,0,-1,0,2
265.041,265.041,147,136,137,150,125,140,0,-2,0,3,-11,3,0.0015,-0.0045,1,0.0005,0,0,0,2
265.141,265.141,147,136,137,150,125,140,0,-2,0,3,-11,3,0.0013,-0.0043,1,-0.0007,0,0,0,2
265.241,265.241,147,136,137,150,125,140,0,-2,0,3,-11,3,0.002,-0.0032,1,-0.001,0,0,0,2
265.341,265.341,147,136,137,150,125,140,0,-2,0,3,-11,3,0.0018,-0.0018,1,-0.0015,0,0,0,2
265.441,265.441,147,136,137,150,125,140,0,-2,0,3,-11,3,0.0012,-0.0018,1,-0.0025,-1,0,0,2
265.541,265.541,147,136,136,150,125,140,0,-2,1,3,-11,4,0.0001,-0.0021,1,-0.0031,0,0,0,2
265.641,265.641,147,136,136,150,125,140,0,-2,1,3,-11,4,-0.0007,-0.0016,1,-0.004,-2,-1,0,2
265.741,265.741,147,136,136,150,125,140,0,-2,1,3,-11,4,-0.0012,-0.0015,1,-0.0041,-1,0,0,2
265.841,265.841,148,136,136,150,125,140,0,-2,1,2,-11,4,-0.0015,-0.0021,1,-0.004,0,0,0,2
265.941,265.941,148,136,136,150,125,140,0,-2,1,2,-11,4,-0.0015,-0.0026,1,-0.0033,-1,0,0,2
266.041,266.041,148,136,137,150,125,140,0,-2,0,2,-11,3,-0.0012,-0.0031,1,-0.0024,-1,0,0,2
266.141,266.141,148,136,137,150,125,140,0,-2,0,2,-11,3,-0.0013,-0.0037,1,-0.0014,0,0,0,2
266.241,266.241,148,137,137,150,125,140,0,-2,0,2,-12,3,-0.0015,-0.0035,1,-0.0009,0,0,0,2
266.341,266.341,148,137,136,150,125,140,0,-2,1,2,-12,4,-0.0021,-0.0034,1,-0.0001,0,-1,0,2
266.441,266.441,147,137,136,150,125,140,0,-2,1,3,-12,4,-0.002,-0.0035,1,0.0004,0,-1,0,2
266.541,266.541,147,137,137,150,125,140,0,-2,0,3,-12,3,-0.002,-0.0033,1,0.0011,2,0,0,2
266.641,266.641,147,137,137,150,125,140,0,-2,0,3,-12,3,-0.0018,-0.0026,1,0.0005,0,1,0,2
266.741,266.741,147,136,137,150,125,140,0,-2,0,3,-11,3,-0.0017,-0.0021,1,0.0002,0,1,0,2
266.841,266.841,147,136,137,150,125,140,0,-2,0,3,-11,3,-0.0015,-0.0022,1,-0.0009,2,1,0,2
266.941,266.941,147,136,137,150,125,140,0,-2,0,3,-11,3,-0.0005,-0.0013,1,-0.0018,1,0,0,2
267.041,267.041,146,136,137,150,125,140,1,-2,0,4,-11,3,0.0012,-0.0012,1,-0.0034,3,0,0,2
267.141,267.141,146,136,137,150,125,140,1,-2,0,4,-11,3,0.0016,-0.0014,1,-0.0054,1,-1,0,2
267.241,267.241,146,136,137,150,125,140,1,-2,0,4,-11,3,0.0007,-0.0022,1,-0.007,1,0,0,2
267.341,267.341,146,136,138,150,125,140,1,-2,0,4,-11,2,0.0006,-0.0034,1,-0.008,1,0,0,2
267.441,267.441,146,136,137,150,125,140,1,-2,0,4,-11,3,0.0001,-0.0038,1,-0.0091,0,0,0,2
267.541,267.541,146,136,137,150,125,140,1,-2,0,4,-11,3,-0.0005,-0.0027,1,-0.0093,0,1,0,2
267.641,267.641,146,136,137,150,125,140,1,-2,0,4,-11,3,-0.0007,-0.0018,0.9999,-0.0101,0,0,0,2
267.741,267.741,146,136,137,150,125,140,1,-2,0,4,-11,3,-0.0005,-0.0011,0.9999,-0.0106,0,0,0,2
267.841,267.841,145,136,138,150,125,140,1,-2,0,5,-11,2,-0.0009,-0.0008,0.9999,-0.0103,1,0,0,2
267.941,267.941,145,136,138,150,125,140,1,-2,0,5,-11,2,-0.0011,-0.0017,0.9999,-0.0103,0,0,0,2
268.041,268.041,145,136,138,150,125,140,1,-2,0,5,-11,2,-0.0014,-0.0031,0.9999,-0.0102,1,0,0,2
268.141,268.141,145,136,137,150,125,140,1,-2,0,5,-11,3,-0.0016,-0.0039,0.9999,-0.0099,1,0,0,2
268.241,268.241,145,135,137,150,125,140,1,-2,0,5,-10,3,-0.0013,-0.0041,0.9999,-0.0092,0,0,0,2
268.341,268.341,145,135,138,150,125,140,1,-2,0,5,-10,2,-0.0016,-0.0055,0.9999,-0.0083,0,1,0,2
268.441,268.441,145,135,137,150,125,140,1,-2,0,5,-10,3,-0.0017,-0.0075,0.9999,-0.0073,0,0,0,2
268.551,268.551,144,136,137,150,125,140,1,-2,0,6,-11,3,-0.002,-0.0094,0.9999,-0.006,0,-1,0,2
268.651,268.651,144,136,138,150,125,140,1,-2,0,6,-11,2,-0.0023,-0.0105,0.9999,-0.0049,1,1,0,2
268.751,268.751,144,136,138,150,125,140,1,-2,0,6,-11,2,-0.0023,-0.009,0.9999,-0.0042,1,0,0,2
268.851,268.851,144,135,138,150,125,140,1,-2,0,6,-10,2,-0.0013,-0.0061,1,-0.0033,0,0,0,2
268.951,268.951,144,135,138,150,125,140,1,-2,0,6,-10,2,0,-0.0048,1,-0.003,2,1,0,2
269.051,269.051,143,135,138,150,125,140,1,-2,0,7,-10,2,0.0003,-0.0034,1,-0.0026,2,1,0,2
269.151,269.151,143,135,138,150,125,140,1,-2,0,7,-10,2,0,-0.003,1,-0.0019,1,2,0,2
269.251,269.251,142,134,138,150,125,140,1,-2,0,8,-9,2,-0.0001,-0.0048,1,-0.002,0,-1,0,2
269.351,269.351,142,135,138,150,125,140,1,-2,0,8,-10,2,0.0001,-0.0066,1,-0.0014,2,0,0,2
269.451,269.451,142,134,138,150,125,140,1,-2,0,8,-9,2,-0.0002,-0.0063,1,-0.0005,1,6,0,2
269.551,269.551,142,134,138,150,125,140,1,-2,0,8,-9,2,0.0002,-0.0049,1,0.0007,0,2,-1,1
269.651,269.651,142,134,138,150,125,140,1,-2,0,8,-9,2,0.0002,-0.0034,1,0.0028,0,1,-1,1
269.751,269.751,142,133,138,150,125,140,1,0,0,8,-8,2,-0.0004,-0.0033,1,0.0049,1,2,-1,0
269.851,269.851,141,133,138,150,125,140,1,0,0,9,-8,2,0.0001,-0.0033,1,0.0061,0,1,-1,0
269.951,269.951,141,133,137,150,125,140,1,0,0,9,-8,3,0.0011,-0.0044,1,0.0083,0,0,-1,0
270.051,270.051,141,133,137,150,125,140,1,0,0,9,-8,3,0.0016,-0.0047,0.9999,0.0088,2,0,0,0
270.151,270.151,141,133,137,150,125,140,1,0,0,9,-8,3,0.0013,-0.0043,0.9999,0.0097,-1,0,0,0
270.251,270.251,141,133,137,150,125,140,1,0,0,9,-8,3,0.0004,-0.0049,0.9999,0.009,0,-1,0,0
270.351,270.351,141,133,137,150,125,140,1,0,0,9,-8,3,-0.0009,-0.0059,0.9999,0.0094,0,0,0,0
270.451,270.451,141,133,137,150,125,140,1,0,0,9,-8,3,-0.0007,-0.0052,1,0.0083,1,0,-1,0
270.551,270.551,140,133,136,150,125,140,1,0,1,10,-8,4,0.0008,-0.0041,1,0.0078,0,0,-1,0
270.651,270.651,140,133,136,150,125,140,1,0,1,10,-8,4,0.0023,-0.0041,1,0.0069,1,2,-1,0
270.751,270.751,139,133,136,150,125,140,2,0,1,11,-8,4,0.0028,-0.0051,1,0.0058,2,0,-2,0
270.851,270.851,140,132,136,150,125,140,1,0,1,10,-7,4,0.0022,-0.0061,1,0.0044,-1,0,-1,0
270.951,270.951,140,132,136,150,125,140,1,0,1,10,-7,4,0.0011,-0.0055,1,0.0031,0,6,-1,0
271.051,271.051,140,132,136,150,125,140,1,0,1,10,-7,4,0.0017,-0.0038,1,0.0024,1,0,-1,0
271.151,271.151,140,131,136,150,125,140,1,0,1,10,-6,4,0.0017,-0.0019,1,0.0011,1,0,-1,0
271.251,271.251,139,131,136,150,125,140,2,0,1,11,-6,4,0.0014,0.0011,1,0.0001,0,2,-2,0
271.351,271.351,139,130,135,150,125,140,2,0,1,11,-5,5,0.0009,0.0027,1,0.0008,0,4,-2,0
271.451,271.451,139,130,135,150,125,140,2,0,1,11,-5,5,0.0012,0.005,1,0.0018,1,6,-2,0
271.551,271.551,140,130,136,150,125,140,1,0,1,10,-5,4,0.002,0.0052,1,0.0035,0,1,-1,0
271.651,271.651,140,129,136,150,125,140,1,0,1,10,-4,4,0.0016,0.0026,1,0.0055,0,0,-1,0
271.751,271.751,140,129,136,150,125,140,1,0,1,10,-4,4,-0.0004,0.001,1,0.0061,0,1,-1,0
271.851,271.851,140,129,136,150,125,140,1,0,1,10,-4,4,-0.0024,-0.0008,1,0.0058,0,-1,-1,0
271.951,271.951,140,128,136,150,125,140,1,0,1,10,-3,4,-0.0033,-0.0011,1,0.0047,-1,2,-1,0
272.051,272.051,140,128,136,150,125,140,1,0,1,10,-3,4,-0.0028,-0.0003,1,0.0026,-1,2,-1,0
272.151,272.151,140,128,136,150,125,140,1,0,1,10,-3,4,-0.0005,0.0005,1,0.0002,-2,0,-1,0
272.251,272.251,140,128,136,150,125,140,1,0,1,10,-3,4,0.0017,0.0025,1,-0.0022,0,4,-1,0
272.351,272.351,140,127,136,150,125,140,1,0,1,10,-2,4,0.0028,0.0025,1,-0.0036,0,0,-1,0
272.451,272.451,141,127,136,150,125,140,1,0,1,9,-2,4,0.0025,0.0005,1,-0.0036,0,-1,-1,0
272.551,272.551,141,127,136,150,125,140,1,0,1,9,-2,4,0.0013,-0.001,1,-0.0023,-1,0,-1,0
272.651,272.651,141,126,137,150,75,140,1,-14,0,9,-51,3,-0.0014,-0.0001,1,-0.0002,0,0,0,14
272.751,272.751,141,126,137,150,75,140,1,-14,0,9,-51,3,-0.0033,0.001,1,0.0022,0,3,-1,13
272.861,272.861,141,126,137,150,75,140,1,-14,0,9,-51,3,-0.0056,0,1,0.0037,-1,1,-1,13
272.951,272.951,142,126,137,150,75,140,1,-14,0,8,-51,3,-0.006,-0.0126,0.9999,0.0044,-7,0,-1,13
273.061,273.061,142,125,137,150,75,140,1,-14,0,8,-50,3,-0.0019,-0.0188,0.9998,0.0037,-1,5,-1,13
273.161,273.161,142,125,137,150,75,140,1,-14,0,8,-50,3,0.0015,-0.0153,0.9999,0.0018,0,9,-1,13
273.261,273.261,142,123,137,150,75,140,1,-14,0,8,-48,3,0.0023,-0.0093,1,-0.0002,0,7,0,14
273.361,273.361,142,122,137,150,75,140,1,-14,0,8,-47,3,0.002,-0.0053,1,-0.0029,0,9,0,14
273.461,273.461,142,121,137,150,75,140,1,-14,0,8,-46,3,0.0008,-0.0026,1,-0.0053,-2,13,0,14
273.561,273.561,142,119,137,150,75,140,1,-13,0,8,-44,3,-0.0014,-0.0023,1,-0.0072,-1,9,0,13
273.661,273.661,143,118,137,150,75,140,1,-13,0,7,-43,3,-0.0033,-0.0038,1,-0.0075,-1,11,0,13
273.761,273.761,143,117,137,150,75,140,1,-12,0,7,-42,3,-0.0034,-0.0044,1,-0.0068,0,9,0,12
273.861,273.861,143,117,137,150,75,140,1,-12,0,7,-42,3,-0.0018,-0.005,1,-0.0052,0,9,0,12
273.961,273.961,142,115,137,150,75,140,1,-12,0,8,-40,3,0,-0.0078,1,-0.0028,1,9,0,12
274.061,274.061,142,114,137,150,75,140,1,-12,0,8,-39,3,0.0016,-0.0106,0.9999,-0.0002,0,11,0,11
274.161,274.161,142,113,137,150,75,140,1,-11,0,8,-38,3,0.0018,-0.0112,0.9999,0.0031,0,10,-1,10
274.261,274.261,143,111,137,150,75,140,1,-11,0,7,-36,3,0.0013,-0.0085,0.9999,0.007,0,12,-1,10
274.361,274.361,143,110,137,150,75,140,1,-10,0,7,-35,3,0.0001,-0.002,0.9999,0.0107,-1,15,-1,9
274.461,274.461,143,108,137,150,75,140,1,-10,0,7,-33,3,-0.0004,0.0032,0.9999,0.0137,-1,13,-1,9
274.561,274.561,143,107,137,150,75,140,1,-9,0,7,-32,3,-0.001,0.003,0.9999,0.0154,-1,12,-1,8
274.661,274.661,143,106,137,150,75,140,1,-9,0,7,-31,3,-0.0015,0.0002,0.9999,0.0161,-2,7,-1,8
274.761,274.761,143,104,137,150,75,140,1,-9,0,7,-29,3,-0.0019,-0.0031,0.9998,0.017,-1,6,-1,8
274.861,274.861,143,103,137,150,75,140,1,-8,0,7,-28,3,-0.001,-0.004,0.9998,0.0176,0,10,-1,7
274.961,274.961,143,102,137,150,75,140,1,-8,0,7,-27,3,0.0003,-0.0019,0.9998,0.018,0,12,-1,7
275.061,275.061,143,100,138,150,75,140,1,-7,0,7,-25,2,0.0017,0.002,0.9998,0.0181,0,8,-1,6
275.161,275.161,143,99,138,150,75,140,1,-4,0,7,-24,2,0.0019,0.0038,0.9998,0.0176,0,11,-1,3
275.261,275.261,144,98,138,150,75,140,1,-4,0,6,-23,2,-0.0004,0.0028,0.9999,0.0169,-1,9,-1,3
275.361,275.361,144,97,138,150,75,140,1,-4,0,6,-22,2,-0.0016,0.0019,0.9999,0.0153,0,7,-1,3
275.461,275.461,144,96,138,150,75,140,1,-3,0,6,-21,2,-0.0016,0.0015,0.9999,0.0143,0,7,-1,2
275.561,275.561,144,95,139,150,75,140,1,-3,0,6,-20,1,-0.0011,0.0019,0.9999,0.0134,0,5,-1,2
275.661,275.661,144,94,139,150,75,140,1,-3,0,6,-19,1,-0.0002,0.0015,0.9999,0.0123,0,6,-1,2
275.761,275.761,144,93,139,150,75,140,1,-3,0,6,-18,1,-0.0002,0.0012,0.9999,0.0119,-1,9,-1,2
275.861,275.861,144,92,139,150,75,140,1,-3,0,6,-17,1,-0.0007,0.0017,0.9999,0.0117,0,5,-1,2
275.961,275.961,145,91,139,150,75,140,1,-3,0,5,-16,1,-0.0019,0.0029,0.9999,0.0115,0,5,-1,2
276.061,276.061,145,90,139,150,75,140,1,-2,0,5,-15,1,-0.0023,0.0033,0.9999,0.0109,-1,6,-1,1
276.161,276.161,145,90,139,150,75,140,1,-2,0,5,-15,1,-0.0021,0.0022,0.9999,0.0103,-2,2,-1,1
276.261,276.261,145,89,139,150,75,140,1,-2,0,5,-14,1,-0.0022,-0.0002,1,0.0092,-1,2,-1,1
276.361,276.361,145,89,139,150,75,140,1,-2,0,5,-14,1,-0.0024,-0.0021,1,0.0076,-2,2,-1,1
276.461,276.461,146,89,139,150,75,140,1,-2,0,4,-14,1,-0.0031,-0.0022,1,0.0056,-1,1,-1,1
276.561,276.561,146,88,139,150,75,140,1,-2,0,4,-13,1,-0.0042,-0.0008,1,0.0033,-1,2,-1,1
276.661,276.661,147,87,139,150,75,140,0,-2,0,3,-12,1,-0.0047,0.0004,1,0.0008,-3,3,0,2
276.761,276.761,147,87,139,150,75,140,0,-2,0,3,-12,1,-0.0057,0.0002,1,-0.0016,-1,4,0,2
276.861,276.861,147,87,139,150,75,140,0,-2,0,3,-12,1,-0.0062,-0.0004,1,-0.0039,-2,0,0,2
276.961,276.961,147,87,139,150,75,140,0,-2,0,3,-12,1,-0.0062,-0.0014,1,-0.0057,-1,0,0,2
277.061,277.061,147,86,139,150,75,140,0,-2,0,3,-11,1,-0.005,-0.0009,1,-0.0067,-2,4,0,2
277.171,277.171,148,86,139,150,75,140,0,-2,0,2,-11,1,-0.0037,0.0004,1,-0.0071,-1,3,0,2
277.271,277.271,148,85,139,150,75,140,0,-2,0,2,-10,1,-0.0032,0.0009,1,-0.0076,-2,2,0,2
277.371,277.371,148,85,139,150,75,140,0,-2,0,2,-10,1,-0.0039,0,1,-0.0079,-2,1,0,2
277.471,277.471,148,85,139,150,75,140,0,-2,0,2,-10,1,-0.0043,-0.0011,1,-0.0079,0,0,0,2
277.571,277.571,148,85,139,150,75,140,0,-2,0,2,-10,1,-0.0037,-0.0011,1,-0.0081,0,1,0,2
277.671,277.671,148,84,139,150,75,140,0,-2,0,2,-9,1,-0.0036,-0.0014,1,-0.0087,0,1,0,2
277.771,277.771,148,84,139,150,75,140,0,-2,0,2,-9,1,-0.0039,-0.0004,1,-0.0085,0,4,0,2
277.871,277.871,149,84,139,150,75,140,0,-2,0,1,-9,1,-0.0042,0.0004,1,-0.0087,0,3,0,2
277.971,277.971,149,83,139,150,75,140,0,-1,0,1,-8,1,-0.0048,0.0006,1,-0.0078,0,2,0,1
278.071,278.071,149,83,138,150,75,140,0,-1,0,1,-8,2,-0.0036,0.0013,1,-0.0065,0,1,0,1
278.171,278.171,149,83,139,150,75,140,0,-1,0,1,-8,1,-0.002,0.0027,0.9999,-0.0102,1,1,0,0
278.271,278.271,149,83,139,150,75,140,0,-1,0,1,-8,1,-0.0008,0.0034,0.9999,-0.0162,0,1,0,0
278.371,278.371,149,82,139,150,75,140,0,-1,0,1,-7,1,-0.0006,0.0013,0.9997,-0.0246,0,-11,0,0
278.471,278.471,149,82,139,150,75,140,0,-1,0,1,-7,1,-0.0018,-0.0014,0.9994,-0.0356,0,-2,0,0
278.571,278.571,149,82,139,150,75,140,0,-1,0,1,-7,1,-0.0028,-0.0036,0.9988,-0.048,-1,0,0,0
278.671,278.671,149,82,139,150,75,140,0,-1,0,1,-7,1,-0.0038,-0.0034,0.9981,-0.0618,0,0,0,0
278.771,278.771,149,82,139,150,75,140,0,-1,0,1,-7,1,-0.0045,-0.0007,0.997,-0.0768,0,1,0,0
278.871,278.871,149,82,139,150,75,140,0,-1,0,1,-7,1,-0.0041,0.0022,0.9957,-0.093,2,2,0,0
278.971,278.971,149,81,139,150,75,140,0,-1,0,1,-6,1,-0.0028,0.0035,0.994,-0.1097,1,1,0,0
279.071,279.071,149,81,139,150,75,140,0,-1,0,1,-6,1,-0.0036,0.0039,0.9917,-0.1282,3,4,0,0
279.171,279.171,149,81,139,150,75,140,0,-1,0,1,-6,1,-0.0032,0.0034,0.9891,-0.1471,0,0,0,0
279.271,279.271,149,80,139,150,75,140,0,-1,0,1,-5,1,-0.0021,0.0036,0.986,-0.1667,3,-2,0,0
279.371,279.371,149,80,139,150,75,140,0,-1,0,1,-5,1,-0.0004,0.0033,0.9823,-0.1871,2,0,0,0
279.471,279.471,149,80,139,150,75,140,0,-1,0,1,-5,1,0.0004,0.0035,0.9785,-0.2061,0,-1,0,0
279.571,279.571,149,79,139,150,75,140,0,-1,0,1,-4,1,0.001,0.0015,0.9743,-0.2252,0,-1,0,0
279.671,279.671,149,79,139,150,75,140,0,-1,0,1,-4,1,0,0.0014,0.9699,-0.2437,2,0,0,0
279.771,279.771,149,80,139,150,75,140,0,-1,0,1,-5,1,-0.0004,0.0015,0.9652,-0.2615,0,0,0,0
279.871,279.871,148,80,139,150,75,140,0,-1,0,2,-5,1,0.0007,0.0019,0.9604,-0.2786,2,0,0,0
279.971,279.971,148,80,139,150,75,140,0,-1,0,2,-5,1,0.0021,0.0014,0.9556,-0.2947,0,1,0,0
280.071,280.071,148,79,139,150,75,140,0,-1,0,2,-4,1,0.0032,-0.0011,0.9505,-0.3106,0,0,0,0
280.171,280.171,148,79,139,150,75,140,0,-1,0,2,-4,1,0.0028,-0.003,0.9452,-0.3263,-1,0,0,0
280.271,280.271,148,79,139,150,75,140,0,-1,0,2,-4,1,0.001,-0.0023,0.94,-0.3412,0,1,0,0
280.371,280.371,148,79,139,150,75,140,0,-1,0,2,-4,1,-0.0012,0.002,0.9343,-0.3564,0,0,0,0
280.471,280.471,148,78,139,150,75,140,0,-1,0,2,-3,1,-0.0011,0.0051,0.9282,-0.3721,1,2,0,0
280.571,280.571,148,78,139,150,75,140,0,-1,0,2,-3,1,-0.0006,0.0049,0.9216,-0.3882,3,0,0,0
280.671,280.671,148,77,139,150,75,140,0,-1,0,2,-2,1,-0.0008,0.0049,0.9145,-0.4045,3,0,0,0
280.771,280.771,148,77,139,150,75,140,0,-1,0,2,-2,1,-0.0011,0.0042,0.9073,-0.4204,0,0,0,0
280.871,280.871,148,77,139,150,75,140,0,-1,0,2,-2,1,-0.0009,0.0041,0.8996,-0.4367,2,0,0,0
280.971,280.971,149,77,139,150,75,140,0,-1,0,1,-2,1,-0.0013,0.0038,0.8915,-0.4529,0,-1,0,0
281.071,281.071,149,76,139,150,75,140,0,0,0,1,-1,1,-0.0025,0.007,0.8737,-0.4863,0,2,0,0
281.171,281.171,149,76,139,150,75,140,0,0,0,1,-1,1,-0.0013,0.0077,0.8638,-0.5038,0,2,0,0
281.271,281.271,149,75,139,150,75,140,0,0,0,1,0,1,-0.0002,0.0073,0.8537,-0.5207,2,0,0,0
281.371,281.371,149,75,139,150,75,140,0,0,0,1,0,1,-0.0001,0.0071,0.8434,-0.5373,0,3,0,0
281.481,281.481,150,75,139,150,75,140,0,0,0,0,0,1,0.0006,0.0079,0.8329,-0.5533,1,3,0,0
281.581,281.581,150,74,139,150,75,140,0,0,0,0,1,1,0.0004,0.0081,0.8224,-0.5688,0,1,0,0
281.681,281.681,151,74,139,150,75,140,0,0,0,-1,1,1,-0.0006,0.0066,0.8119,-0.5838,0,1,0,0
281.781,281.781,151,74,139,150,75,140,0,0,0,-1,1,1,-0.0026,0.0048,0.8011,-0.5985,0,1,0,0
281.881,281.881,151,74,139,150,75,140,0,0,0,-1,1,1,-0.0043,0.005,0.7899,-0.6133,0,4,0,0
281.981,281.981,152,73,139,150,75,140,0,0,0,-2,2,1,-0.0042,0.007,0.7778,-0.6285,0,3,0,0
282.081,282.081,152,73,139,150,75,140,0,0,0,-2,2,1,-0.0032,0.0089,0.7647,-0.6443,4,5,0,0
282.181,282.181,153,73,139,150,75,140,0,0,0,-3,2,1,-0.0024,0.01,0.7512,-0.66,1,3,0,0
282.281,282.281,153,72,139,150,75,140,0,0,0,-3,3,1,-0.0022,0.011,0.7369,-0.6759,0,3,0,0
282.381,282.381,154,72,139,150,75,140,-1,0,0,-4,3,1,-0.0022,0.011,0.7369,-0.6759,0,3,0,0
282.481,282.481,154,72,139,150,75,140,-1,0,0,-4,3,1,-0.0019,0.0109,0.7225,-0.6913,0,4,0,0
282.581,282.581,155,72,140,150,75,140,-1,0,0,-5,3,0,-0.0018,0.0107,0.7074,-0.7067,0,2,0,0
282.681,282.681,156,72,140,150,75,140,-1,0,0,-6,3,0,-0.0027,0.0107,0.6919,-0.7219,1,4,0,0
282.781,282.781,157,71,140,150,75,140,-1,0,0,-7,4,0,-0.0042,0.0124,0.6754,-0.7373,0,4,0,0
282.881,282.881,158,71,140,150,75,140,-1,0,0,-8,4,0,-0.0059,0.0134,0.6586,-0.7523,2,7,0,0
282.981,282.981,158,71,140,150,75,140,-1,0,0,-8,4,0,-0.0079,0.0153,0.6414,-0.767,2,4,0,0
283.081,283.081,159,71,140,150,75,140,-1,0,0,-9,4,0,-0.009,0.0161,0.6243,-0.781,0,4,0,0
283.181,283.181,160,71,140,150,75,140,-1,0,0,-10,4,0,-0.0071,0.0156,0.6078,-0.7939,2,2,0,0
283.281,283.281,161,71,140,150,75,140,-2,0,0,-11,4,0,-0.0048,0.0149,0.592,-0.8058,3,2,0,-1
283.381,283.381,161,71,140,150,75,140,-2,0,0,-11,4,0,-0.0048,0.0145,0.5767,-0.8168,1,6,0,-1
283.481,283.481,162,71,140,150,75,140,-2,0,0,-12,4,0,-0.0066,0.0143,0.5615,-0.8273,0,4,0,-1
283.581,283.581,163,71,140,150,75,140,-2,0,0,-13,4,0,-0.0083,0.0158,0.5458,-0.8377,1,2,0,-1
283.681,283.681,163,71,140,150,75,140,-2,0,0,-13,4,0,-0.0094,0.0171,0.53,-0.8478,3,3,0,-1
283.781,283.781,164,71,140,150,75,140,-2,0,0,-14,4,0,-0.0079,0.0175,0.5135,-0.8579,1,1,0,-1
283.881,283.881,164,71,140,150,75,140,-2,0,0,-14,4,0,-0.005,0.0168,0.4962,-0.868,1,0,-1,-1
283.981,283.981,165,71,140,150,75,140,-2,0,0,-15,4,0,-0.0037,0.0163,0.4778,-0.8783,1,1,-1,-1
284.081,284.081,165,71,140,150,75,140,-2,0,0,-15,4,0,-0.0028,0.0152,0.4587,-0.8885,1,0,-1,-1
284.181,284.181,165,71,140,150,75,140,-2,0,0,-15,4,0,-0.0024,0.0148,0.4387,-0.8985,1,1,-1,-1
284.281,284.281,166,71,140,150,75,140,-2,0,0,-16,4,0,-0.0027,0.0139,0.418,-0.9084,0,-1,-1,-1
284.381,284.381,166,71,140,150,75,140,-2,0,0,-16,4,0,-0.0027,0.013,0.3969,-0.9178,1,-2,-1,-1
284.481,284.481,166,71,140,150,75,140,-2,0,0,-16,4,0,-0.0022,0.0125,0.3754,-0.9268,2,0,-1,-1
284.581,284.581,167,71,140,150,75,140,-2,0,0,-17,4,0,-0.0006,0.0124,0.3545,-0.935,2,0,-1,-1
284.681,284.681,167,71,140,150,75,140,-3,0,0,-17,4,0,-0.0001,0.0124,0.3332,-0.9428,1,0,-2,-1
284.781,284.781,167,71,140,150,75,140,-3,0,0,-17,4,0,-0.0009,0.0124,0.3132,-0.9496,0,1,-2,-1
284.881,284.881,168,71,140,150,75,140,-3,0,0,-18,4,0,-0.0023,0.0128,0.2925,-0.9562,1,2,-2,-1
284.981,284.981,168,72,140,150,75,140,-3,0,0,-18,3,0,-0.0033,0.0148,0.2713,-0.9624,0,4,-2,-1
285.081,285.081,168,72,140,150,75,140,-3,0,0,-18,3,0,-0.0038,0.0155,0.2499,-0.9681,0,2,-2,-1
285.181,285.181,168,72,141,150,75,140,-3,0,0,-18,3,-1,-0.0035,0.0146,0.2288,-0.9734,-1,1,-2,-1
285.281,285.281,169,72,141,150,75,140,-3,0,0,-19,3,-1,-0.0037,0.0126,0.2082,-0.978,0,2,-2,-1
285.381,285.381,169,73,141,150,75,140,-3,0,0,-19,2,-1,-0.0032,0.011,0.1875,-0.9822,-1,1,-2,-1
285.481,285.481,169,73,141,150,75,140,-3,0,0,-19,2,-1,-0.0024,0.0096,0.1678,-0.9858,-1,2,-2,0
285.581,285.581,168,74,141,150,75,140,-3,0,0,-18,1,-1,-0.0027,0.009,0.1505,-0.9886,-2,2,-2,0
285.681,285.681,169,75,141,150,75,140,-3,0,0,-19,0,-1,-0.0027,0.009,0.1505,-0.9886,0,2,-2,0
285.791,285.791,169,75,141,150,75,140,-3,0,0,-19,0,-1,-0.0032,0.0099,0.1196,-0.9928,0,2,-2,0
285.891,285.891,169,76,141,150,75,140,-3,0,0,-19,-1,-1,-0.0042,0.0102,0.107,-0.9942,0,4,-2,0
285.991,285.991,170,76,141,150,75,140,-3,0,0,-20,-1,-1,-0.0045,0.0107,0.0957,-0.9953,-1,3,-2,0
286.091,286.091,170,76,141,150,75,140,-3,0,0,-20,-1,-1,-0.0037,0.0119,0.0853,-0.9963,1,2,-2,0
286.191,286.191,170,77,141,150,75,140,-3,-1,0,-20,-2,-1,-0.0038,0.0136,0.0771,-0.9969,3,3,-2,-1
286.291,286.291,171,78,142,150,75,140,-3,-1,0,-21,-3,-2,-0.0031,0.0141,0.0691,-0.9975,1,3,-2,-1
286.391,286.391,171,78,142,150,75,140,-3,-1,0,-21,-3,-2,-0.0019,0.0142,0.0622,-0.998,0,4,-2,-1
286.491,286.491,171,79,142,150,75,140,-3,-1,0,-21,-4,-2,-0.0016,0.0146,0.0575,-0.9982,0,3,-2,-1
286.591,286.591,171,79,142,150,75,140,-3,-1,0,-21,-4,-2,-0.0006,0.0144,0.0536,-0.9985,1,7,-2,-1
286.691,286.691,171,80,142,150,75,140,-3,-1,0,-21,-5,-2,0.0002,0.0135,0.0516,-0.9986,0,3,-2,-1
286.791,286.791,172,80,142,150,75,140,-3,-1,0,-22,-5,-2,-0.0001,0.014,0.0514,-0.9986,0,2,-2,-1
286.891,286.891,172,81,142,150,75,140,-3,-1,0,-22,-6,-2,-0.0027,0.0149,0.0518,-0.9985,0,8,-2,-1
286.991,286.991,172,82,142,150,75,140,-3,-1,0,-22,-7,-2,-0.004,0.0157,0.0532,-0.9985,0,3,-2,-1
287.091,287.091,172,82,142,150,75,140,-3,-1,0,-22,-7,-2,-0.0044,0.0158,0.0542,-0.9984,0,8,-2,-1
287.191,287.191,172,83,142,150,75,140,-3,-1,0,-22,-8,-2,-0.0044,0.0159,0.0561,-0.9983,0,5,-2,-1
287.291,287.291,172,83,142,150,75,140,-3,-1,0,-22,-8,-2,-0.0041,0.0158,0.0581,-0.9982,0,8,-2,-1
287.391,287.391,172,84,143,150,75,140,-3,-2,0,-22,-9,-3,-0.004,0.016,0.0599,-0.9981,0,2,-2,-2
287.491,287.491,172,85,143,150,75,140,-3,-2,0,-22,-10,-3,-0.0049,0.016,0.0618,-0.998,1,2,-2,-2
287.591,287.591,172,86,143,150,75,140,-3,-2,0,-22,-11,-3,-0.0063,0.0157,0.0632,-0.9979,0,2,-2,-2
287.691,287.691,172,86,143,150,75,140,-3,-2,0,-22,-11,-3,-0.0084,0.0153,0.0646,-0.9978,0,8,-2,-2
287.791,287.791,172,87,143,150,75,140,-3,-2,0,-22,-12,-3,-0.0097,0.0148,0.0655,-0.9977,0,6,-2,-2
287.891,287.891,172,88,143,150,75,140,-3,-2,0,-22,-13,-3,-0.0106,0.0146,0.0662,-0.9976,-1,9,-2,-2
287.991,287.991,172,89,143,150,75,140,-3,-2,0,-22,-14,-3,-0.0101,0.0156,0.0664,-0.9976,0,3,-2,-2
288.091,288.091,172,90,143,150,75,140,-3,-2,0,-22,-15,-3,-0.0099,0.0159,0.0657,-0.9977,0,3,-2,-2
288.191,288.191,172,90,143,150,75,140,-3,-3,0,-22,-15,-3,-0.0098,0.0162,0.0642,-0.9978,-1,6,-2,-3
288.291,288.291,172,91,143,150,75,140,-3,-3,0,-22,-16,-3,-0.0097,0.0173,0.0618,-0.9979,-2,5,-2,-3
288.391,288.391,172,91,143,150,75,140,-3,-3,0,-22,-16,-3,-0.0096,0.0183,0.0602,-0.998,-1,0,-2,-3
288.491,288.491,171,92,143,150,75,140,-3,-3,0,-21,-17,-3,-0.0103,0.0192,0.0586,-0.998,0,0,-2,-3
288.591,288.591,171,93,143,150,75,140,-3,-3,0,-21,-18,-3,-0.0104,0.0192,0.0575,-0.9981,0,1,-2,-3
288.691,288.691,170,93,143,150,75,140,-3,-3,0,-20,-18,-3,-0.0103,0.0183,0.0577,-0.9981,-3,2,-2,-3
288.791,288.791,170,94,143,150,75,140,-3,-3,0,-20,-19,-3,-0.0094,0.0175,0.0589,-0.9981,-3,0,-2,-3
288.891,288.891,169,93,142,150,75,140,-3,-3,0,-19,-18,-2,-0.007,0.0172,0.0605,-0.998,-4,0,-2,-3
288.991,288.991,169,93,142,150,75,140,-3,-3,0,-19,-18,-2,-0.004,0.0182,0.0642,-0.9978,-4,0,-2,-3
289.091,289.091,168,93,142,150,75,140,-3,-3,0,-18,-18,-2,-0.004,0.0191,0.0679,-0.9975,-5,0,-2,-3
289.191,289.191,167,94,142,150,75,140,-3,-3,0,-17,-19,-2,-0.0057,0.0197,0.0717,-0.9972,-4,1,-2,-3
289.291,289.291,166,94,142,150,75,140,-1,-3,0,-16,-19,-2,-0.0076,0.0198,0.0752,-0.9969,-3,0,0,-3
289.391,289.391,165,94,142,150,75,140,-1,-3,0,-15,-19,-2,-0.0084,0.0189,0.0782,-0.9967,-3,-2,0,-3
289.591,289.591,164,95,142,150,75,140,-1,-3,0,-14,-20,-2,-0.0083,0.0144,0.0814,-0.9965,-6,0,0,-3
289.691,289.691,163,95,142,150,75,140,-1,-3,0,-13,-20,-2,-0.0096,0.0145,0.0816,-0.9965,-8,-1,0,-3
289.791,289.791,162,96,142,150,75,140,-1,-3,0,-12,-21,-2,-0.0093,0.0156,0.0811,-0.9965,-7,1,0,-3
289.891,289.891,161,96,142,150,75,140,-1,-3,0,-11,-21,-2,-0.0093,0.0156,0.0811,-0.9965,-9,1,0,-3
289.991,289.991,160,96,142,150,75,140,0,-3,0,-10,-21,-2,-0.0073,0.0173,0.0806,-0.9966,-13,1,0,-2
290.101,290.101,159,96,142,150,75,140,0,-3,0,-9,-21,-2,-0.0064,0.0154,0.0814,-0.9965,-5,-1,0,-2
290.201,290.201,158,96,142,150,75,140,0,-3,0,-8,-21,-2,-0.0062,0.0135,0.0827,-0.9965,-6,-2,0,-2
290.301,290.301,157,96,142,150,75,140,0,-3,0,-7,-21,-2,-0.0042,0.0126,0.0848,-0.9963,-6,-2,0,-2
290.401,290.401,157,96,142,150,75,140,0,-3,0,-7,-21,-2,-0.004,0.0129,0.0877,-0.9961,-6,0,0,-2
290.501,290.501,156,96,142,150,75,140,0,-3,0,-6,-21,-2,-0.0054,0.0138,0.0906,-0.9958,-7,5,0,-2
290.601,290.601,155,96,142,150,75,140,0,-3,0,-5,-21,-2,-0.0076,0.0164,0.0937,-0.9954,-3,1,0,-2
290.701,290.701,154,97,141,150,75,140,0,-4,0,-4,-22,-1,-0.0071,0.0186,0.0963,-0.9951,-2,-2,0,-3
290.801,290.801,154,97,141,150,75,140,0,-4,0,-4,-22,-1,-0.0077,0.0191,0.0987,-0.9949,-8,0,0,-3
290.901,290.901,153,97,141,150,75,140,0,-4,0,-3,-22,-1,-0.0087,0.0188,0.1006,-0.9947,-4,0,0,-3
291.001,291.001,153,97,142,150,75,140,0,-4,0,-3,-22,-2,-0.0088,0.0173,0.1022,-0.9946,-3,-2,0,-3
291.101,291.101,152,97,141,150,75,140,0,-4,0,-2,-22,-1,-0.0082,0.0167,0.1033,-0.9945,-2,-2,0,-3
291.201,291.201,152,96,141,150,75,140,0,-3,0,-2,-21,-1,-0.0064,0.017,0.1039,-0.9944,-4,-3,0,-2
291.301,291.301,151,96,141,150,75,140,0,-3,0,-1,-21,-1,-0.0064,0.0174,0.1037,-0.9944,-4,-2,0,-2
291.401,291.401,151,96,141,150,75,140,0,-3,0,-1,-21,-1,-0.0071,0.0186,0.1034,-0.9944,-3,-2,0,-2
291.501,291.501,150,96,141,150,75,140,0,-3,0,0,-21,-1,-0.008,0.0189,0.1028,-0.9945,-3,-1,0,-2
291.601,291.601,150,96,142,150,75,140,0,-3,0,0,-21,-2,-0.0082,0.0191,0.1021,-0.9946,-1,-1,0,-2
291.701,291.701,150,96,142,150,75,140,0,-3,0,0,-21,-2,-0.0105,0.0181,0.1009,-0.9947,-1,-2,0,-2
291.801,291.801,149,96,141,150,75,140,0,-3,0,1,-21,-1,-0.0098,0.0166,0.0994,-0.9949,-2,-1,0,-2
291.901,291.901,149,96,141,150,75,140,0,-3,0,1,-21,-1,-0.0077,0.016,0.098,-0.995,-2,-2,0,-2
292.001,292.001,148,96,141,150,75,140,0,-3,0,2,-21,-1,-0.0058,0.0167,0.096,-0.9952,-1,-2,0,-2
292.101,292.101,148,96,141,150,75,140,0,-3,0,2,-21,-1,-0.005,0.0168,0.0941,-0.9954,-1,-3,0,-2
292.201,292.201,148,96,141,150,75,140,0,-3,0,2,-21,-1,-0.0053,0.0167,0.0927,-0.9955,-3,-3,0,-2
292.301,292.301,147,96,141,150,75,140,0,-3,0,3,-21,-1,-0.0061,0.0173,0.0915,-0.9956,-1,0,0,-2
292.401,292.401,147,96,141,150,75,140,0,-3,0,3,-21,-1,-0.007,0.0172,0.0904,-0.9957,0,-1,0,-2
292.501,292.501,147,95,141,150,75,140,0,-3,0,3,-20,-1,-0.0068,0.0168,0.0895,-0.9958,0,-1,0,-2
292.601,292.601,147,95,141,150,75,140,0,-3,0,3,-20,-1,-0.006,0.0173,0.0886,-0.9959,0,-2,0,-2
292.701,292.701,147,95,141,150,75,140,0,-3,0,3,-20,-1,-0.0061,0.0184,0.0878,-0.9959,0,-1,0,-2
292.801,292.801,147,94,141,150,75,140,0,-3,0,3,-19,-1,-0.0067,0.0185,0.0879,-0.9959,0,-3,0,-2
292.901,292.901,147,94,141,150,75,140,0,-3,0,3,-19,-1,-0.0073,0.0188,0.0885,-0.9959,0,-4,0,-2
293.001,293.001,147,94,141,150,75,140,0,-3,0,3,-19,-1,-0.0067,0.0188,0.0899,-0.9958,0,-3,0,-2
293.101,293.101,146,94,141,150,75,140,1,-3,0,4,-19,-1,-0.0066,0.0188,0.0907,-0.9957,0,-2,1,-2
293.201,293.201,146,93,141,150,75,140,1,-3,0,4,-18,-1,-0.006,0.0187,0.0916,-0.9956,0,-3,1,-2
293.301,293.301,146,93,142,150,75,140,1,-3,0,4,-18,-2,-0.0048,0.0182,0.0923,-0.9956,0,-1,1,-2
293.401,293.401,146,92,142,150,75,140,1,-3,0,4,-17,-2,-0.0035,0.0175,0.0928,-0.9955,-1,-2,1,-2
293.501,293.501,146,92,142,150,75,140,1,-3,0,4,-17,-2,-0.0012,0.0163,0.0938,-0.9955,-1,-3,1,-2
293.601,293.601,145,91,141,150,75,140,1,-3,0,5,-16,-1,0.0022,0.0166,0.0944,-0.9954,0,-3,1,-2
293.701,293.701,146,90,141,150,75,140,1,-2,0,4,-15,-1,0.0034,0.0179,0.095,-0.9953,1,-4,1,-1
293.801,293.801,146,90,141,150,75,140,1,-2,0,4,-15,-1,0.002,0.0192,0.0961,-0.9952,0,-2,1,-1
293.901,293.901,146,89,141,150,75,140,1,-2,0,4,-14,-1,0,0.0206,0.097,-0.9951,0,-1,1,-1
294.001,294.001,146,89,141,150,75,140,1,-2,0,4,-14,-1,-0.0012,0.0211,0.0977,-0.995,1,-2,1,-1
294.101,294.101,146,89,141,150,75,140,1,-2,0,4,-14,-1,-0.0013,0.0207,0.0982,-0.9949,-1,0,1,-1
294.201,294.201,146,89,141,150,75,140,1,-2,0,4,-14,-1,-0.0009,0.0194,0.097,-0.9951,0,-1,1,-1
294.301,294.301,146,89,141,150,75,140,1,-2,0,4,-14,-1,0,0.0186,0.0959,-0.9952,0,-2,1,-1
294.411,294.411,146,89,141,150,75,140,1,-2,0,4,-14,-1,-0.0015,0.0179,0.095,-0.9953,0,0,1,-1
294.511,294.511,146,89,141,150,75,140,1,-2,0,4,-14,-1,-0.0048,0.0176,0.0947,-0.9953,0,0,1,-1
294.611,294.611,146,90,141,150,75,140,1,-2,0,4,-15,-1,-0.0073,0.0184,0.0942,-0.9954,1,5,1,-1
294.711,294.711,146,90,142,150,75,140,1,-2,0,4,-15,-2,-0.0089,0.0188,0.095,-0.9953,1,7,1,-1
294.811,294.811,146,91,141,150,75,140,1,-2,0,4,-16,-1,-0.0112,0.0198,0.0965,-0.9951,1,3,1,-1
294.911,294.911,146,91,141,150,75,140,1,-3,0,4,-16,-1,-0.0118,0.0199,0.0978,-0.9949,0,2,1,-2
295.011,295.011,146,91,142,150,75,140,1,-3,0,4,-16,-2,-0.0114,0.0194,0.0987,-0.9949,0,0,1,-2
295.111,295.111,147,91,142,150,75,140,0,-3,0,3,-16,-2,-0.0102,0.0196,0.0999,-0.9948,0,1,0,-2
295.211,295.211,147,92,142,150,75,140,0,-3,0,3,-17,-2,-0.0105,0.0194,0.0997,-0.9948,0,2,0,-2
295.311,295.311,147,91,142,150,75,140,0,-3,0,3,-16,-2,-0.0111,0.0193,0.0992,-0.9948,6,3,0,-2
295.411,295.411,147,91,142,150,75,140,0,-3,0,3,-16,-2,-0.0098,0.0203,0.0977,-0.995,1,1,0,-2
295.511,295.511,147,91,142,150,75,140,0,-3,0,3,-16,-2,-0.0074,0.0206,0.0966,-0.9951,0,-1,0,-2
295.611,295.611,147,91,142,150,75,140,0,-3,0,3,-16,-2,-0.0063,0.0191,0.0939,-0.9954,0,-1,0,-2
295.711,295.711,147,91,142,150,75,140,0,-3,0,3,-16,-2,-0.0062,0.0165,0.0915,-0.9956,-1,0,0,-2
295.811,295.811,147,92,142,150,75,140,0,-3,0,3,-17,-2,-0.007,0.0157,0.089,-0.9959,0,2,0,-2
295.911,295.911,147,92,142,150,75,140,0,-3,0,3,-17,-2,-0.0083,0.0157,0.088,-0.996,-1,1,0,-2
296.011,296.011,147,91,142,150,75,140,0,-3,0,3,-16,-2,-0.0081,0.016,0.0864,-0.9961,-1,1,0,-2
296.111,296.111,147,91,142,150,75,140,0,-3,0,3,-16,-2,-0.0067,0.0171,0.0864,-0.9961,0,-2,0,-2
296.211,296.211,146,91,143,150,75,140,1,-3,0,4,-16,-3,-0.0056,0.0184,0.0868,-0.996,2,-1,1,-2
296.311,296.311,146,91,143,150,75,140,1,-2,0,4,-16,-3,-0.006,0.0184,0.0863,-0.9961,0,0,1,-1
296.411,296.411,147,91,143,150,75,140,0,-3,0,3,-16,-3,-0.0071,0.0175,0.0873,-0.996,0,0,0,-2
296.511,296.511,147,91,143,150,75,140,0,-3,0,3,-16,-3,-0.0067,0.0166,0.0867,-0.9961,0,0,0,-2
296.611,296.611,147,91,143,150,75,140,0,-3,0,3,-16,-3,-0.0043,0.0177,0.0854,-0.9962,2,0,0,-2
296.711,296.711,147,91,144,150,75,140,0,-3,-1,3,-16,-4,-0.0037,0.0201,0.0848,-0.9962,2,0,0,-2
296.811,296.811,147,91,144,150,75,140,0,-3,-1,3,-16,-4,-0.0036,0.0211,0.0829,-0.9963,2,0,0,-2
296.911,296.911,147,91,144,150,75,140,0,-3,-1,3,-16,-4,-0.0041,0.0214,0.0814,-0.9964,-2,1,0,-2
297.011,297.011,147,91,144,150,75,140,0,-3,-1,3,-16,-4,-0.0046,0.0196,0.0784,-0.9967,-1,-1,0,-2
297.111,297.111,147,91,144,150,75,140,0,-3,-1,3,-16,-4,-0.0057,0.0184,0.0768,-0.9969,0,2,0,-2
297.211,297.211,147,91,144,150,75,140,0,-3,-1,3,-16,-4,-0.0067,0.0175,0.0742,-0.9971,0,0,0,-2
297.311,297.311,147,91,144,150,75,140,0,-3,-1,3,-16,-4,-0.0073,0.0177,0.0728,-0.9972,0,2,0,-2
297.411,297.411,147,91,143,150,75,140,0,-3,0,3,-16,-3,-0.0072,0.0184,0.072,-0.9972,0,1,0,-2
297.511,297.511,146,91,143,150,75,140,1,-3,0,4,-16,-3,-0.0078,0.019,0.0712,-0.9973,0,1,1,-2
297.611,297.611,147,92,143,150,75,140,0,-3,0,3,-17,-3,-0.008,0.0185,0.0705,-0.9973,-2,0,0,-2
297.711,297.711,147,92,143,150,75,140,0,-3,0,3,-17,-3,-0.0076,0.0186,0.0713,-0.9972,-2,0,0,-2
297.811,297.811,147,92,143,150,75,140,0,-3,0,3,-17,-3,-0.0081,0.0183,0.0724,-0.9972,0,3,0,-2
297.911,297.911,146,92,143,150,75,140,1,-3,0,4,-17,-3,-0.0091,0.0185,0.0744,-0.997,0,3,1,-2
298.011,298.011,146,93,143,150,75,140,1,-3,0,4,-18,-3,-0.0093,0.0181,0.0764,-0.9969,-3,0,1,-2
298.111,298.111,146,93,143,150,75,140,1,-3,0,4,-18,-3,-0.0079,0.0175,0.0783,-0.9967,-1,0,1,-2
298.211,298.211,146,93,144,150,75,140,1,-3,-1,4,-18,-4,-0.0062,0.0176,0.0794,-0.9967,0,0,1,-2
298.311,298.311,146,94,144,150,75,140,1,-3,-1,4,-19,-4,-0.0066,0.0175,0.0793,-0.9967,0,0,1,-2
298.411,298.411,146,94,143,150,75,140,1,-3,0,4,-19,-3,-0.0084,0.0162,0.0784,-0.9968,-1,2,1,-2
298.521,298.521,146,94,143,150,75,140,1,-3,0,4,-19,-3,-0.01,0.0159,0.0767,-0.9969,0,0,1,-2
298.621,298.621,146,94,143,150,75,140,1,-3,0,4,-19,-3,-0.0112,0.0156,0.0751,-0.997,-1,1,1,-2
298.721,298.721,145,95,143,150,75,140,1,-3,0,5,-20,-3,-0.0127,0.0158,0.0737,-0.9971,-1,1,1,-2
298.821,298.821,145,95,143,150,75,140,1,-3,0,5,-20,-3,-0.0125,0.0165,0.0721,-0.9972,0,0,1,-2
298.921,298.921,146,94,143,150,75,140,1,-3,0,4,-19,-3,-0.0106,0.0179,0.071,-0.9973,0,-1,1,-2
299.021,299.021,146,94,143,150,75,140,1,-3,0,4,-19,-3,-0.0078,0.0186,0.0693,-0.9974,0,-1,1,-2
299.121,299.121,145,94,143,150,75,140,1,-3,0,5,-19,-3,-0.0063,0.0197,0.0676,-0.9975,0,0,1,-2
299.221,299.221,145,94,143,150,75,140,1,-3,0,5,-19,-3,-0.0084,0.0202,0.0665,-0.9975,0,0,1,-2
299.321,299.321,145,94,142,150,75,140,1,-3,0,5,-19,-2,-0.0106,0.0202,0.0658,-0.9976,0,0,1,-2
299.421,299.421,145,95,142,150,75,140,1,-3,0,5,-20,-2,-0.0119,0.02,0.0655,-0.9976,-1,2,1,-2
299.521,299.521,145,94,142,150,75,140,1,-3,0,5,-19,-2,-0.0123,0.0193,0.0648,-0.9976,0,-1,1,-2
299.621,299.621,145,94,142,150,75,140,1,-3,0,5,-19,-2,-0.011,0.0183,0.0648,-0.9977,0,-1,1,-2
299.721,299.721,145,94,142,150,75,140,1,-3,0,5,-19,-2,-0.0099,0.0177,0.0651,-0.9977,-2,0,1,-2
299.821,299.821,145,94,142,150,75,140,1,-3,0,5,-19,-2,-0.0085,0.0175,0.0659,-0.9976,0,-2,1,-2
299.921,299.921,145,94,142,150,75,140,1,-3,0,5,-19,-2,-0.0067,0.018,0.0672,-0.9976,-1,-2,1,-2
300.021,300.021,144,94,142,150,75,140,1,-3,0,6,-19,-2,-0.008,0.0175,0.0687,-0.9975,-2,0,1,-2
300.121,300.121,144,94,142,150,75,140,1,-3,0,6,-19,-2,-0.0087,0.0174,0.0699,-0.9974,-1,0,1,-2
300.221,300.221,144,94,142,150,75,140,1,-3,0,6,-19,-2,-0.009,0.0175,0.071,-0.9973,0,0,1,-2
300.321,300.321,144,93,142,150,75,140,1,-3,0,6,-18,-2,-0.0081,0.018,0.0711,-0.9973,-1,-2,1,-2
300.421,300.421,144,93,141,150,75,140,1,-3,0,6,-18,-1,-0.0085,0.0178,0.0704,-0.9973,0,-2,1,-2
300.521,300.521,143,93,142,150,75,140,1,-3,0,7,-18,-2,-0.0096,0.0165,0.069,-0.9974,-1,0,1,-2
300.621,300.621,143,93,141,150,75,140,1,-3,0,7,-18,-1,-0.011,0.0155,0.0674,-0.9975,-2,-2,1,-2
300.721,300.721,143,93,141,150,75,140,1,-3,0,7,-18,-1,-0.0103,0.0157,0.0648,-0.9977,-1,-3,1,-2
300.821,300.821,142,93,142,150,75,140,1,-3,0,8,-18,-2,-0.0108,0.0155,0.0616,-0.9979,0,-2,1,-2
300.921,300.921,142,92,142,150,75,140,1,-3,0,8,-17,-2,-0.01,0.0144,0.0583,-0.9981,0,-2,1,-2
301.021,301.021,142,92,142,150,75,140,1,-3,0,8,-17,-2,-0.009,0.0131,0.0551,-0.9984,0,-2,1,-2
301.121,301.121,141,92,142,150,75,140,1,-3,0,9,-17,-2,-0.009,0.0126,0.052,-0.9985,0,0,1,-2
301.221,301.221,141,92,142,150,75,140,1,-3,0,9,-17,-2,-0.0084,0.0127,0.0492,-0.9987,-1,-4,1,-2
301.321,301.321,141,91,142,150,75,140,1,-3,0,9,-16,-2,-0.0075,0.0137,0.0473,-0.9988,0,-4,1,-2
301.421,301.421,141,91,142,150,75,140,1,-2,0,9,-16,-2,-0.0074,0.0143,0.0457,-0.9988,0,-3,1,-1
301.521,301.521,141,91,142,150,75,140,1,-2,0,9,-16,-2,-0.0066,0.0148,0.0441,-0.9989,0,-1,1,-1
301.621,301.621,141,90,142,150,75,140,1,-2,0,9,-15,-2,-0.007,0.0149,0.0434,-0.9989,0,-1,1,-1
301.721,301.721,140,90,142,150,75,140,1,-2,0,10,-15,-2,-0.0061,0.015,0.0428,-0.999,-1,-1,1,-1
301.821,301.821,140,90,142,150,75,140,1,-2,0,10,-15,-2,-0.0052,0.0152,0.0425,-0.999,-1,-2,1,-1
301.921,301.921,140,90,142,150,75,140,1,-2,0,10,-15,-2,-0.0043,0.0157,0.0425,-0.999,0,0,1,-1
302.021,302.021,140,90,143,150,75,140,1,-2,0,10,-15,-3,-0.0038,0.0159,0.0421,-0.999,-1,-1,1,-1
302.121,302.121,140,90,143,150,75,140,1,-2,0,10,-15,-3,-0.0038,0.0154,0.0417,-0.999,0,-2,1,-1
302.221,302.221,139,89,143,150,75,140,2,-1,0,11,-14,-3,-0.0036,0.0143,0.0402,-0.9991,-2,-2,2,0
302.321,302.321,139,89,143,150,75,140,2,-1,0,11,-14,-3,-0.0035,0.0146,0.0399,-0.9991,0,-1,2,0
302.421,302.421,139,89,142,150,75,140,2,-1,0,11,-14,-2,-0.0048,0.0156,0.0399,-0.9991,0,-1,2,0
302.521,302.521,139,89,142,150,75,140,2,-1,0,11,-14,-2,-0.0048,0.0156,0.0399,-0.9991,0,-1,2,0
302.621,302.621,139,89,143,150,75,140,2,-1,0,11,-14,-3,-0.0048,0.0142,0.0419,-0.999,0,-1,2,0
302.731,302.731,139,89,143,150,75,140,2,-1,0,11,-14,-3,-0.0029,0.0134,0.0431,-0.999,0,-1,2,0
302.831,302.831,139,89,143,150,75,140,2,-1,0,11,-14,-3,-0.0013,0.0128,0.0442,-0.9989,0,-1,2,0
302.931,302.931,139,89,142,150,75,140,2,-1,0,11,-14,-2,-0.0014,0.0136,0.0458,-0.9989,0,1,2,0
303.031,303.031,139,89,142,150,75,140,2,-1,0,11,-14,-2,-0.0035,0.0145,0.0467,-0.9988,0,0,2,0
303.131,303.131,139,89,143,150,75,140,2,-1,0,11,-14,-3,-0.007,0.0143,0.0473,-0.9988,0,2,2,0
303.231,303.231,139,90,143,150,75,140,2,-1,0,11,-15,-3,-0.01,0.0142,0.0474,-0.9987,0,1,2,0
303.331,303.331,139,90,143,150,75,140,2,-3,0,11,-15,-3,-0.0111,0.0147,0.0462,-0.9988,0,3,2,-2
303.431,303.431,139,90,143,150,75,140,2,-3,0,11,-15,-3,-0.0103,0.0147,0.0449,-0.9988,2,-1,2,-2
303.531,303.531,139,90,143,150,75,140,2,-1,0,11,-15,-3,-0.0097,0.0151,0.0426,-0.9989,0,1,2,0
303.631,303.631,139,91,143,150,75,140,2,-1,0,11,-16,-3,-0.0115,0.0147,0.0395,-0.999,0,0,2,0
303.731,303.731,139,91,143,150,75,140,2,-1,0,11,-16,-3,-0.0126,0.0137,0.0356,-0.9992,0,1,2,0
303.831,303.831,139,91,143,150,75,140,2,-1,0,11,-16,-3,-0.0111,0.0135,0.0311,-0.9994,2,-4,2,0
303.931,303.931,140,91,143,150,75,140,1,-3,0,10,-16,-3,-0.0093,0.0127,0.0266,-0.9995,1,0,1,-2
304.031,304.031,140,91,142,150,75,140,1,-3,0,10,-16,-2,-0.0092,0.0123,0.0229,-0.9996,0,-4,1,-2
304.131,304.131,140,91,142,150,75,140,1,-3,0,10,-16,-2,-0.009,0.012,0.0197,-0.9997,3,1,1,-2
304.231,304.231,140,91,142,150,75,140,1,-3,0,10,-16,-2,-0.01,0.0131,0.0163,-0.9997,1,0,1,-2
304.331,304.331,140,91,142,150,75,140,1,-3,0,10,-16,-2,-0.0103,0.0145,0.0151,-0.9997,1,-1,1,-2
304.431,304.431,140,91,142,150,75,140,1,-3,0,10,-16,-2,-0.0086,0.0159,0.0141,-0.9997,6,-2,1,-2
304.531,304.531,141,90,142,150,75,140,1,-3,0,9,-15,-2,-0.0076,0.0177,0.0135,-0.9997,1,-1,1,-2
304.631,304.631,141,90,142,150,75,140,1,-2,0,9,-15,-2,-0.0064,0.018,0.0135,-0.9997,1,-1,1,-1
304.731,304.731,141,89,142,150,75,140,1,-2,0,9,-14,-2,-0.0042,0.0168,0.0147,-0.9997,0,-1,1,-1
304.831,304.831,141,89,142,150,75,140,1,-2,0,9,-14,-2,-0.0021,0.0159,0.0156,-0.9998,0,0,1,-1
304.931,304.931,142,89,141,150,75,140,1,-2,0,8,-14,-1,-0.0003,0.0157,0.0172,-0.9997,4,-4,1,-1
305.031,305.031,142,89,141,150,75,140,1,-2,0,8,-14,-1,-0.0004,0.0156,0.0191,-0.9997,1,-1,1,-1
305.131,305.131,142,88,141,150,75,140,1,-2,0,8,-13,-1,-0.0018,0.0159,0.0206,-0.9997,0,0,1,-1
305.231,305.231,142,88,141,150,75,140,1,-2,0,8,-13,-1,-0.004,0.0167,0.0224,-0.9996,2,2,1,-1
305.331,305.331,142,88,141,150,75,140,1,-2,0,8,-13,-1,-0.0056,0.0167,0.0239,-0.9996,0,3,1,-1
305.431,305.431,142,88,141,150,75,140,1,-2,0,8,-13,-1,-0.007,0.0163,0.0258,-0.9995,0,0,1,-1
305.531,305.531,143,88,141,150,75,140,1,-2,0,7,-13,-1,-0.0079,0.0163,0.028,-0.9994,0,1,1,-1
305.631,305.631,143,89,141,150,75,140,1,-2,0,7,-14,-1,-0.0086,0.0156,0.0299,-0.9994,-2,-2,1,-1
305.731,305.731,142,89,141,150,75,140,1,-2,0,8,-14,-1,-0.008,0.0142,0.031,-0.9994,0,0,1,-1
305.831,305.831,142,89,140,150,75,140,1,-2,0,8,-14,0,-0.006,0.0132,0.0309,-0.9994,0,-1,1,-1
305.931,305.931,142,89,140,150,75,140,1,-2,0,8,-14,0,-0.0049,0.0126,0.0306,-0.9994,0,-1,1,-1
306.031,306.031,143,89,140,150,75,140,1,-2,0,7,-14,0,-0.0057,0.0121,0.0297,-0.9995,0,4,1,-1
306.131,306.131,143,89,140,150,75,140,1,-2,0,7,-14,0,-0.0073,0.0121,0.0286,-0.9995,0,0,1,-1
306.231,306.231,143,89,140,150,75,140,1,-2,0,7,-14,0,-0.0091,0.0129,0.0264,-0.9995,0,1,1,-1
306.331,306.331,143,89,140,150,75,140,1,-2,0,7,-14,0,-0.0093,0.0139,0.0242,-0.9996,2,2,1,-1
306.431,306.431,143,90,140,150,75,140,1,-2,0,7,-15,0,-0.0091,0.0146,0.023,-0.9996,2,0,1,-1
306.531,306.531,143,90,140,150,75,140,1,-2,0,7,-15,0,-0.0079,0.0141,0.0229,-0.9996,0,0,1,-1
306.631,306.631,144,90,140,150,75,140,1,-2,0,6,-15,0,-0.0071,0.0139,0.0228,-0.9996,0,4,1,-1
306.741,306.741,144,90,140,150,75,140,1,-2,0,6,-15,0,-0.0098,0.0133,0.0237,-0.9996,1,1,1,-1
306.841,306.841,144,91,140,150,75,140,1,-3,0,6,-16,0,-0.0123,0.0132,0.0247,-0.9995,1,1,1,-2
306.941,306.941,144,91,140,150,75,140,1,-3,0,6,-16,0,-0.0142,0.0139,0.025,-0.9995,2,0,1,-2
307.041,307.041,144,90,140,150,75,140,1,-2,0,6,-15,0,-0.0124,0.0143,0.0258,-0.9995,1,-2,1,-1
307.141,307.141,145,90,140,150,75,140,1,-2,0,5,-15,0,-0.0102,0.0145,0.0251,-0.9995,2,-2,1,-1
307.241,307.241,145,90,140,150,75,140,1,-3,0,5,-15,0,-0.0088,0.0157,0.0242,-0.9995,0,0,1,-2
307.341,307.341,145,90,141,150,75,140,1,-3,0,5,-15,-1,-0.0079,0.0178,0.023,-0.9995,3,0,1,-2
307.441,307.441,146,90,141,150,75,140,1,-2,0,4,-15,-1,-0.0074,0.0194,0.0211,-0.9996,3,0,1,-1
307.541,307.541,146,90,140,150,75,140,1,-2,0,4,-15,0,-0.0073,0.0188,0.019,-0.9996,0,-1,1,-1
307.641,307.641,146,89,140,150,75,140,1,-2,0,4,-14,0,-0.0048,0.0172,0.0172,-0.9997,0,-2,1,-1
307.741,307.741,147,88,140,150,75,140,0,-2,0,3,-13,0,-0.0013,0.0168,0.0155,-0.9997,1,-4,0,-1
307.841,307.841,147,88,140,150,75,140,0,-2,0,3,-13,0,0.0001,0.0178,0.0141,-0.9997,3,-4,0,-1
307.941,307.941,147,88,140,150,75,140,0,-2,0,3,-13,0,-0.0003,0.0184,0.0129,-0.9997,2,-1,0,-1
308.041,308.041,148,88,140,150,75,140,0,-2,0,2,-13,0,-0.0025,0.0202,0.0118,-0.9997,1,0,0,-1
308.141,308.141,148,87,140,150,75,140,0,-2,0,2,-12,0,-0.0042,0.0212,0.0107,-0.9997,2,0,0,-1
308.241,308.241,148,87,140,150,75,140,0,-2,0,2,-12,0,-0.0048,0.0212,0.0099,-0.9997,1,-1,0,-1
308.341,308.341,148,87,140,150,75,140,0,-2,0,2,-12,0,-0.0044,0.0208,0.0095,-0.9997,1,-2,0,-1
308.441,308.441,148,87,140,150,75,140,0,-2,0,2,-12,0,-0.0038,0.0204,0.0093,-0.9997,0,-1,0,-1
308.541,308.541,148,87,140,150,75,140,0,-2,0,2,-12,0,-0.0048,0.0198,0.0088,-0.9998,0,0,0,-1
308.641,308.641,148,87,140,150,75,140,0,-2,0,2,-12,0,-0.0049,0.0187,0.0079,-0.9998,0,-1,0,-1
308.741,308.741,148,87,140,150,75,140,0,-2,0,2,-12,0,-0.0038,0.0163,0.0065,-0.9998,-1,-1,0,-1
308.841,308.841,149,86,140,150,75,140,0,-2,0,1,-11,0,-0.0039,0.0158,0.0049,-0.9999,0,-1,0,-1
308.941,308.941,149,86,139,150,75,140,0,-2,0,1,-11,1,-0.0054,0.0176,0.003,-0.9998,0,0,0,-1
309.041,309.041,148,86,139,150,75,140,0,-2,0,2,-11,1,-0.0065,0.0196,0.002,-0.9998,0,-1,0,-1
309.141,309.141,149,86,139,150,75,140,0,-2,0,1,-11,1,-0.0057,0.0196,0.0001,-0.9998,0,-1,0,-1
309.241,309.241,149,86,139,150,75,140,0,-2,0,1,-11,1,-0.0043,0.0179,-0.0006,-0.9998,0,-1,0,-1
309.341,309.341,149,86,139,150,75,140,0,-2,0,1,-11,1,-0.0017,0.0164,-0.0019,-0.9999,0,-2,0,-1
309.441,309.441,148,85,138,150,75,140,0,-2,0,2,-10,2,-0.0019,0.0151,-0.0022,-0.9999,-1,-2,0,-1
309.541,309.541,148,85,138,150,75,140,0,-2,0,2,-10,2,-0.0016,0.0142,-0.0027,-0.9999,-1,0,0,-1
309.641,309.641,148,85,138,150,75,140,0,-2,0,2,-10,2,-0.0016,0.0142,-0.0027,-0.9999,0,-1,0,-1
309.741,309.741,148,85,138,150,75,140,0,-2,0,2,-10,2,-0.0001,0.0166,-0.0015,-0.9999,0,-1,0,-1
309.841,309.841,148,84,138,150,75,140,0,-2,0,2,-9,2,-0.0017,0.0145,0.0006,-0.9999,0,-1,0,-1
309.941,309.941,148,84,138,150,75,140,0,-2,0,2,-9,2,-0.0047,0.0128,0.0032,-0.9999,-1,0,0,-1
310.041,310.041,148,84,138,200,75,140,15,-1,0,52,-9,2,-0.0054,0.013,0.0054,-0.9999,-2,-3,15,0
310.141,310.141,148,84,138,200,75,140,15,-1,0,52,-9,2,-0.0038,0.0137,0.0071,-0.9999,4,-1,15,0
310.241,310.241,148,84,138,200,75,140,15,-1,0,52,-9,2,-0.0026,0.0138,0.0081,-0.9999,-1,0,15,0
310.341,310.341,148,84,138,200,75,140,15,-1,0,52,-9,2,-0.001,0.0021,0.0077,-1,-1,-1,15,0
310.441,310.441,148,83,138,200,75,140,15,-1,0,52,-8,2,-0.0016,-0.006,0.0071,-1,0,-1,15,0
310.541,310.541,148,83,138,200,75,140,15,-1,0,52,-8,2,-0.0025,-0.0048,0.0064,-1,4,-2,15,0
310.641,310.641,149,82,137,200,75,140,15,-1,0,51,-7,3,-0.0011,0.0008,0.0063,-1,8,-2,15,0
310.741,310.741,150,82,137,200,75,140,14,-1,0,50,-7,3,-0.0005,0.0059,0.0065,-1,7,0,14,0
310.841,310.841,151,82,138,200,75,140,14,-1,0,49,-7,2,-0.0001,0.0085,0.0067,-0.9999,7,0,14,0
310.941,310.941,153,82,138,200,75,140,14,-1,0,47,-7,2,0,0.0097,0.0072,-0.9999,7,0,14,0
311.041,311.041,154,82,138,200,75,140,14,-1,0,46,-7,2,0,0.0097,0.0072,-0.9999,9,0,14,0
311.151,311.151,155,82,138,200,75,140,13,-1,0,45,-7,2,-0.0034,0.011,0.0081,-0.9999,9,0,13,0
311.251,311.251,157,81,138,200,75,140,13,-1,0,43,-6,2,-0.0035,0.0099,0.0091,-0.9999,10,-1,13,0
311.351,311.351,158,81,137,200,75,140,12,-1,0,42,-6,3,-0.0026,0.0081,0.0099,-0.9999,9,-1,12,0
311.451,311.451,159,81,137,200,75,140,12,-1,0,41,-6,3,-0.0028,0.0084,0.0093,-0.9999,13,0,12,0
311.551,311.551,161,81,137,200,75,140,12,-1,0,39,-6,3,-0.0021,0.0082,0.0071,-0.9999,8,-1,12,0
311.651,311.651,162,80,137,200,75,140,11,-1,0,38,-5,3,-0.0017,0.0086,0.0037,-1,10,-2,11,0
311.751,311.751,164,80,137,200,75,140,11,-1,0,36,-5,3,-0.0023,0.0098,-0.0005,-0.9999,17,0,10,-1
311.851,311.851,165,80,137,200,75,140,10,-1,0,35,-5,3,-0.0031,0.0097,-0.0054,-0.9999,15,-3,9,-1
311.951,311.951,167,80,137,200,75,140,10,-1,0,33,-5,3,-0.0021,0.009,-0.0114,-0.9999,10,0,9,-1
312.051,312.051,169,79,136,200,75,140,9,-1,1,31,-4,4,-0.0026,0.009,-0.016,-0.9998,21,-7,8,-1
312.151,312.151,170,79,136,200,75,140,9,-1,1,30,-4,4,-0.0019,0.0088,-0.0205,-0.9997,8,-2,8,-1
312.251,312.251,171,78,136,200,75,140,9,0,1,29,-3,4,-0.0014,0.008,-0.0234,-0.9997,24,0,8,0
312.351,312.351,173,78,136,200,75,140,8,0,1,27,-3,4,-0.0014,0.0084,-0.0258,-0.9996,19,-1,7,0
312.451,312.451,174,78,135,200,75,140,8,0,1,26,-3,5,-0.0012,0.008,-0.0265,-0.9996,6,0,7,0
312.551,312.551,175,77,135,200,75,140,7,0,1,25,-2,5,0.0012,0.0087,-0.0262,-0.9996,5,0,6,0
312.651,312.651,177,77,134,200,75,140,4,0,2,23,-2,6,0.0033,0.011,-0.0262,-0.9996,7,-2,3,0
312.751,312.751,178,77,134,200,75,140,4,0,2,22,-2,6,0.0031,0.0123,-0.0259,-0.9996,8,-4,3,0
312.851,312.851,180,76,134,200,75,140,3,0,2,20,-1,6,0.0005,0.0138,-0.0257,-0.9996,9,-4,2,0
312.951,312.951,181,76,134,200,75,140,3,0,2,19,-1,6,-0.0029,0.0175,-0.0253,-0.9995,9,0,2,0
313.051,313.051,182,76,134,200,75,140,3,0,2,18,-1,6,-0.0045,0.0181,-0.0243,-0.9995,7,-1,2,0
313.151,313.151,182,76,134,200,75,140,3,0,2,18,-1,6,-0.0036,0.0172,-0.0238,-0.9996,4,0,2,0
313.251,313.251,183,76,134,200,75,140,3,0,2,17,-1,6,-0.003,0.0146,-0.0223,-0.9996,0,-1,2,0
313.351,313.351,183,76,134,200,75,140,3,0,2,17,-1,6,-0.0013,0.0108,-0.0207,-0.9997,0,-3,2,0
313.451,313.451,183,76,135,200,75,140,3,0,1,17,-1,5,0.0004,0.008,-0.0186,-0.9998,0,-2,2,0
313.551,313.551,184,76,135,200,75,140,3,0,1,16,-1,5,0.001,0.0061,-0.0176,-0.9998,0,0,2,0
313.651,313.651,184,75,135,200,75,140,3,0,1,16,0,5,0.0016,0.0056,-0.0146,-0.9999,0,-2,2,0
313.751,313.751,185,75,135,200,75,140,2,0,1,15,0,5,0.0016,0.0066,-0.0113,-0.9999,2,1,1,0
313.851,313.851,185,75,136,200,75,140,2,0,1,15,0,4,-0.0001,0.0077,-0.009,-0.9999,1,0,1,0
313.951,313.951,185,76,136,200,75,140,2,0,1,15,-1,4,-0.0026,0.0071,-0.0068,-0.9999,0,4,1,0
314.051,314.051,185,76,137,200,75,140,3,0,0,15,-1,3,-0.0055,0.007,-0.0058,-0.9999,1,1,2,0
314.151,314.151,185,76,137,200,75,140,3,0,0,15,-1,3,-0.0068,0.007,-0.0052,-0.9999,2,5,2,0
314.251,314.251,186,76,138,200,75,140,2,0,0,14,-1,2,-0.0067,0.0073,-0.0058,-0.9999,0,0,1,0
314.351,314.351,186,76,138,200,75,140,2,0,0,14,-1,2,-0.0048,0.0069,-0.0071,-0.9999,0,0,1,0
314.451,314.451,186,77,139,200,75,140,2,0,0,14,-2,1,-0.003,0.0076,-0.0092,-0.9999,3,-1,1,0
314.551,314.551,187,77,139,200,75,140,2,0,0,13,-2,1,-0.0021,0.009,-0.0121,-0.9999,5,0,1,0
314.651,314.651,187,77,139,200,75,140,2,0,0,13,-2,1,-0.0026,0.0096,-0.0149,-0.9998,1,0,1,0
314.751,314.751,187,77,139,200,75,140,2,0,0,13,-2,1,-0.0027,0.0098,-0.0169,-0.9998,2,0,1,0
314.851,314.851,187,77,139,200,75,140,2,0,0,13,-2,1,-0.0027,0.01,-0.0182,-0.9998,-1,0,1,0
314.951,314.951,188,77,139,200,75,140,2,0,0,12,-2,1,-0.0016,0.011,-0.0182,-0.9998,1,0,1,0
315.051,315.051,188,77,139,200,75,140,2,0,0,12,-2,1,-0.0004,0.0124,-0.017,-0.9998,-2,0,1,0
315.151,315.151,189,77,139,200,75,140,2,0,0,11,-2,1,-0.0004,0.0124,-0.017,-0.9998,3,1,1,0
315.261,315.261,189,77,139,200,75,140,2,0,0,11,-2,1,-0.0007,0.013,-0.0115,-0.9998,2,2,1,0
315.361,315.361,189,77,139,200,75,140,2,0,0,11,-2,1,-0.0017,0.0113,-0.0084,-0.9999,1,2,1,0
315.461,315.461,189,78,139,200,75,140,2,0,0,11,-3,1,-0.0016,0.011,-0.0056,-0.9999,0,2,1,0
315.561,315.561,189,78,139,200,75,140,2,0,0,11,-3,1,-0.0022,0.0116,-0.0032,-0.9999,-1,3,1,0
315.661,315.661,189,79,139,200,75,140,2,-1,0,11,-4,1,-0.0049,0.0127,-0.0003,-0.9999,2,3,1,-1
315.761,315.761,190,79,139,200,75,140,2,-1,0,10,-4,1,-0.0068,0.0141,0.0028,-0.9999,3,2,2,0
315.861,315.861,190,79,139,200,75,140,2,-1,0,10,-4,1,-0.0069,0.0143,0.0065,-0.9999,1,3,2,0
315.961,315.961,190,80,139,200,75,140,2,-1,0,10,-5,1,-0.0079,0.0127,0.0098,-0.9998,1,3,2,0
316.061,316.061,190,80,139,200,75,140,2,-1,0,10,-5,1,-0.0086,0.0121,0.0128,-0.9998,0,2,2,0
316.161,316.161,190,81,139,200,75,140,2,-1,0,10,-6,1,-0.0091,0.0129,0.0151,-0.9998,0,1,2,0
316.261,316.261,191,81,138,200,75,140,2,-1,0,9,-6,2,-0.0115,0.0131,0.0164,-0.9997,1,2,2,0
316.361,316.361,191,81,139,200,75,140,2,-1,0,9,-6,1,-0.0125,0.0116,0.0177,-0.9997,0,2,2,0
316.461,316.461,191,82,139,200,75,140,2,-1,0,9,-7,1,-0.0097,0.0115,0.0175,-0.9997,1,3,2,0
316.561,316.561,191,82,139,200,75,140,2,-1,0,9,-7,1,-0.0063,0.0119,0.0178,-0.9998,0,1,2,0
316.661,316.661,191,82,138,200,75,140,2,-1,0,9,-7,2,-0.0038,0.0121,0.0174,-0.9998,0,0,2,0
316.761,316.761,191,82,138,200,75,140,2,-1,0,9,-7,2,-0.0035,0.0122,0.0169,-0.9998,1,1,2,0
316.861,316.861,192,83,138,200,75,140,1,-1,0,8,-8,2,-0.005,0.0129,0.0156,-0.9998,0,1,1,0
316.961,316.961,192,83,138,200,75,140,1,-1,0,8,-8,2,-0.0073,0.0136,0.0135,-0.9998,0,2,1,0
317.061,317.061,192,84,138,200,75,140,1,-1,0,8,-9,2,-0.0091,0.0131,0.011,-0.9998,1,5,1,0
317.161,317.161,192,84,139,200,75,140,1,-1,0,8,-9,1,-0.0109,0.0129,0.0088,-0.9998,1,1,1,0
317.261,317.261,192,85,139,200,75,140,1,-1,0,8,-10,1,-0.0109,0.0123,0.0066,-0.9998,1,1,1,0
317.361,317.361,192,85,139,200,75,140,1,-1,0,8,-10,1,-0.0095,0.012,0.0048,-0.9999,0,0,1,0
317.461,317.461,193,85,139,200,75,140,1,-1,0,7,-10,1,-0.0076,0.0122,0.0029,-0.9999,0,0,1,0
317.561,317.561,193,85,138,200,75,140,1,-1,0,7,-10,2,-0.0066,0.013,0.0014,-0.9999,0,0,1,0
317.661,317.661,193,85,139,200,75,140,1,-1,0,7,-10,1,-0.0066,0.0144,0.0002,-0.9999,1,1,1,0
317.861,317.861,193,86,139,200,75,140,1,-2,0,7,-11,1,-0.0083,0.0147,0.0002,-0.9999,0,1,1,-1
317.961,317.961,194,86,139,200,75,140,1,-2,0,6,-11,1,-0.0088,0.0138,0.0007,-0.9999,0,6,1,-1
318.161,318.161,194,87,139,200,75,140,1,-2,0,6,-12,1,-0.0104,0.0117,0.0007,-0.9999,1,4,1,-1
318.261,318.261,194,87,139,200,75,140,1,-2,0,6,-12,1,-0.012,0.0124,0.0002,-0.9999,2,2,1,-1
318.361,318.361,195,88,139,200,75,140,1,-2,0,5,-13,1,-0.012,0.0142,-0.0014,-0.9998,3,2,0,-2
318.461,318.461,195,88,139,200,75,140,1,-2,0,5,-13,1,-0.0111,0.0149,-0.0034,-0.9998,2,1,0,-2
318.561,318.561,196,88,139,200,75,140,1,-2,0,4,-13,1,-0.0103,0.0154,-0.0054,-0.9998,2,2,0,-2
318.761,318.761,197,89,139,200,75,140,1,-2,0,3,-14,1,-0.0109,0.0175,-0.008,-0.9998,1,0,0,-2
318.961,318.961,197,89,139,200,75,140,1,-2,0,3,-14,1,-0.0111,0.0186,-0.0067,-0.9997,2,1,0,-2
319.061,319.061,198,89,139,200,75,140,1,-2,0,2,-14,1,-0.0133,0.0181,-0.0053,-0.9997,3,0,0,-2
319.161,319.161,198,89,139,200,75,140,1,-2,0,2,-14,1,-0.0135,0.0175,-0.0031,-0.9998,0,-1,0,-2
319.261,319.261,198,89,139,200,75,140,1,-2,0,2,-14,1,-0.0135,0.0175,-0.0031,-0.9998,2,0,1,-1
319.361,319.361,199,89,139,200,75,140,0,-2,0,1,-14,1,-0.0117,0.0174,0.0004,-0.9998,0,0,0,-1
319.771,319.771,200,89,139,200,75,140,0,-2,0,0,-14,1,-0.0141,0.0178,0.0207,-0.9995,1,0,0,-1
319.971,319.971,200,89,139,200,75,140,0,-2,0,0,-14,1,-0.0124,0.0168,0.0237,-0.9995,0,0,0,-1
320.171,320.171,201,89,140,200,75,140,0,-2,0,-1,-14,0,-0.0102,0.0191,0.0222,-0.9995,0,0,0,-1
320.371,320.371,201,88,140,200,75,140,0,-2,0,-1,-13,0,-0.0103,0.0183,0.0185,-0.9996,0,-1,0,-1
320.571,320.571,201,88,139,200,75,140,0,-2,0,-1,-13,1,-0.0114,0.0173,0.015,-0.9997,1,0,0,-1
320.771,320.771,201,87,139,200,75,140,0,-2,0,-1,-12,1,-0.0133,0.0178,0.0122,-0.9997,0,-1,0,-1
320.971,320.971,201,87,140,200,75,140,0,-2,0,-1,-12,0,-0.0124,0.0185,0.01,-0.9997,0,-1,0,-1
321.171,321.171,202,86,139,200,75,140,0,-2,0,-2,-11,1,-0.0064,0.0181,0.0108,-0.9998,0,-3,0,-1
321.371,321.371,202,85,140,200,75,140,0,-1,0,-2,-10,0,-0.0089,0.0187,0.0111,-0.9997,1,0,0,0
321.571,321.571,202,85,140,200,75,140,0,-1,0,-2,-10,0,-0.0118,0.0195,0.0115,-0.9997,0,0,0,0
321.671,321.671,202,84,140,200,75,140,0,-1,0,-2,-9,0,-0.0114,0.0195,0.0114,-0.9997,0,0,0,0
321.771,321.771,203,84,140,200,75,140,0,-1,0,-3,-9,0,-0.0095,0.0201,0.0114,-0.9997,0,-4,0,0
321.871,321.871,203,83,140,200,125,140,0,12,0,-3,42,0,-0.0065,0.0196,0.0122,-0.9997,0,-2,0,11
321.971,321.971,203,82,140,200,125,140,0,13,0,-3,43,0,-0.0055,0.0179,0.0129,-0.9997,0,2,0,12
322.071,322.071,203,82,140,200,125,140,0,13,0,-3,43,0,-0.0064,0.0159,0.0135,-0.9998,0,-2,0,12
322.171,322.171,203,82,140,200,125,140,0,13,0,-3,43,0,0.0011,0.0153,0.0139,-0.9998,0,-3,0,12
322.271,322.271,203,82,140,200,125,140,0,13,0,-3,43,0,0.0053,0.0147,0.0143,-0.9998,0,3,0,12
322.371,322.371,203,82,140,200,125,140,0,13,0,-3,43,0,0.0033,0.0149,0.0139,-0.9998,1,3,0,12
322.471,322.471,203,83,141,200,125,140,0,12,0,-3,42,-1,-0.0024,0.0161,0.0129,-0.9998,0,5,0,11
322.571,322.571,203,84,141,200,125,140,0,12,0,-3,41,-1,-0.0073,0.0174,0.0115,-0.9998,0,2,0,11
322.671,322.671,203,85,141,200,125,140,0,12,0,-3,40,-1,-0.0103,0.018,0.0091,-0.9997,0,4,0,11
322.771,322.771,204,86,141,200,125,140,0,12,0,-4,39,-1,-0.0112,0.0184,0.0078,-0.9997,0,6,0,11
322.871,322.871,204,86,141,200,125,140,0,11,0,-4,39,-1,-0.0094,0.0185,0.0064,-0.9998,0,3,0,10
322.971,322.971,204,87,141,200,125,140,0,11,0,-4,38,-1,-0.0071,0.0178,0.0055,-0.9998,-1,2,0,10
323.071,323.071,204,88,141,200,125,140,0,11,0,-4,37,-1,-0.0056,0.0164,0.0047,-0.9998,0,11,0,10
323.171,323.171,203,88,141,200,125,140,0,11,0,-3,37,-1,-0.0066,0.0156,0.0033,-0.9999,0,7,0,10
323.271,323.271,203,89,141,200,125,140,0,11,0,-3,36,-1,-0.0075,0.0161,0.0018,-0.9998,0,7,0,10
323.371,323.371,204,90,141,200,125,140,0,10,0,-4,35,-1,-0.0067,0.0168,0.0004,-0.9998,0,3,0,9
323.471,323.471,204,90,142,200,125,140,0,10,0,-4,35,-2,-0.0046,0.0175,-0.0006,-0.9998,0,0,0,9
323.571,323.571,204,91,142,200,125,140,0,10,0,-4,34,-2,-0.0046,0.0175,-0.0006,-0.9998,0,3,0,9
323.671,323.671,204,92,142,200,125,140,0,9,0,-4,33,-2,-0.0033,0.0178,-0.0011,-0.9998,0,9,0,8
323.771,323.771,204,93,142,200,125,140,0,9,0,-4,32,-2,-0.002,0.0179,-0.0011,-0.9998,2,8,0,8
323.881,323.881,204,94,142,200,125,140,0,9,0,-4,31,-2,-0.0012,0.0184,-0.0006,-0.9998,0,3,0,8
323.981,323.981,205,94,142,200,125,140,0,9,0,-5,31,-2,-0.0022,0.0189,0.0002,-0.9998,2,3,0,8
324.081,324.081,205,95,142,200,125,140,0,9,0,-5,30,-2,-0.004,0.0179,0.0019,-0.9998,2,8,0,8
324.181,324.181,206,96,143,200,125,140,0,9,0,-6,29,-3,-0.0049,0.0168,0.0033,-0.9998,1,13,0,8
324.281,324.281,206,98,142,200,125,140,0,8,0,-6,27,-2,-0.0052,0.0162,0.0043,-0.9998,0,11,0,7
324.381,324.381,205,99,143,200,125,140,0,8,0,-5,26,-3,-0.0055,0.0164,0.0049,-0.9998,0,8,0,7
324.481,324.481,205,100,143,200,125,140,0,7,0,-5,25,-3,-0.0058,0.0181,0.0041,-0.9998,0,5,0,6
324.581,324.581,205,101,142,200,125,140,0,4,0,-5,24,-2,-0.0063,0.0193,0.0034,-0.9998,0,9,0,3
324.681,324.681,206,103,142,200,125,140,0,4,0,-6,22,-2,-0.0076,0.0192,0.0019,-0.9998,1,4,0,3
324.781,324.781,206,104,143,200,125,140,0,3,0,-6,21,-3,-0.0082,0.018,0.0006,-0.9998,2,6,0,2
324.881,324.881,207,105,143,200,125,140,0,3,0,-7,20,-3,-0.0109,0.0165,-0.0014,-0.9998,1,9,0,2
324.981,324.981,206,106,143,200,125,140,0,3,0,-6,19,-3,-0.0128,0.0157,-0.0042,-0.9998,0,11,0,2
325.081,325.081,206,107,143,200,125,140,0,3,0,-6,18,-3,-0.0121,0.0154,-0.007,-0.9998,0,7,0,2
325.181,325.181,206,108,143,200,125,140,0,3,0,-6,17,-3,-0.0089,0.0152,-0.0095,-0.9998,0,3,0,2
325.281,325.281,207,109,144,200,125,140,0,3,-1,-7,16,-4,-0.0057,0.0159,-0.0117,-0.9998,1,2,0,2
325.381,325.381,207,109,144,200,125,140,0,3,-1,-7,16,-4,-0.0035,0.0163,-0.0134,-0.9998,0,2,0,2
325.481,325.481,207,110,144,200,125,140,0,2,-1,-7,15,-4,-0.0046,0.0172,-0.0148,-0.9997,1,5,0,1
325.581,325.581,207,111,144,200,125,140,0,2,-1,-7,14,-4,-0.0057,0.0187,-0.016,-0.9997,0,4,0,1
325.681,325.681,208,112,145,200,125,140,0,2,-1,-8,13,-5,-0.006,0.0184,-0.0165,-0.9997,1,5,0,1
325.781,325.781,208,112,145,200,125,140,0,2,-1,-8,13,-5,-0.0065,0.0177,-0.0175,-0.9997,1,5,0,1
325.881,325.881,208,113,145,200,125,140,0,2,-1,-8,12,-5,-0.0074,0.0171,-0.0179,-0.9997,0,4,0,1
325.981,325.981,208,114,145,200,125,140,0,2,-1,-8,11,-5,-0.0083,0.0159,-0.0175,-0.9997,0,2,0,1
326.081,326.081,208,114,145,200,125,140,0,2,-1,-8,11,-5,-0.0085,0.0153,-0.0165,-0.9997,1,3,0,1
326.181,326.181,208,115,145,200,125,140,0,2,-1,-8,10,-5,-0.0082,0.015,-0.0146,-0.9997,0,6,0,1
326.281,326.281,208,115,145,200,125,140,0,2,-1,-8,10,-5,-0.0071,0.0152,-0.0126,-0.9998,1,2,0,1
326.381,326.381,208,116,145,200,125,140,0,2,-1,-8,9,-5,-0.0048,0.0157,-0.01,-0.9998,2,1,0,1
326.481,326.481,208,117,145,200,125,140,0,1,-1,-8,8,-5,-0.0043,0.0158,-0.0074,-0.9998,1,3,0,0
326.581,326.581,208,117,146,200,125,140,0,1,-2,-8,8,-6,-0.0051,0.0154,-0.0055,-0.9999,0,5,0,0
326.681,326.681,208,118,146,200,125,140,0,1,-2,-8,7,-6,-0.0062,0.0145,-0.0035,-0.9999,0,2,0,0
326.781,326.781,208,118,145,200,125,140,0,1,-1,-8,7,-5,-0.0067,0.014,-0.0018,-0.9999,0,4,0,0
326.881,326.881,208,119,145,200,125,140,0,1,-1,-8,6,-5,-0.0081,0.0143,-0.0002,-0.9999,0,2,0,0
326.981,326.981,209,119,145,200,125,140,0,1,-1,-9,6,-5,-0.0084,0.0141,0.0017,-0.9999,0,4,0,0
327.081,327.081,209,120,144,200,125,140,0,1,-1,-9,5,-4,-0.0094,0.0144,0.003,-0.9998,0,4,0,0
327.181,327.181,209,120,144,200,125,140,0,1,-1,-9,5,-4,-0.0103,0.0146,0.0042,-0.9998,0,3,0,0
327.281,327.281,209,121,144,200,125,140,0,1,-1,-9,4,-4,-0.0109,0.0148,0.0051,-0.9998,0,5,0,0
327.381,327.381,209,121,144,200,125,140,0,1,-1,-9,4,-4,-0.0112,0.0154,0.0052,-0.9998,0,3,0,0
327.481,327.481,209,121,144,200,175,140,0,15,-1,-9,54,-4,-0.0097,0.0156,0.0049,-0.9998,0,0,0,14
327.581,327.581,209,121,144,200,175,140,0,15,-1,-9,54,-4,-0.0093,0.016,0.0042,-0.9998,0,5,0,14
327.681,327.681,209,122,144,200,175,140,0,15,-1,-9,53,-4,-0.008,0.0158,0.0042,-0.9998,0,1,0,14
327.781,327.781,209,122,144,200,175,140,0,15,-1,-9,53,-4,-0.008,0.0158,0.0042,-0.9998,0,3,0,14
327.881,327.881,209,122,144,200,175,140,0,15,-1,-9,53,-4,0.0111,0.0151,0.0042,-0.9998,0,1,0,14
327.981,327.981,209,123,144,200,175,140,0,15,-1,-9,52,-4,0.0083,0.0149,0.0041,-0.9998,1,8,0,14
328.081,328.081,210,124,144,200,175,140,0,15,-1,-10,51,-4,0.0023,0.0149,0.0042,-0.9999,0,12,0,14
328.181,328.181,210,126,144,200,175,140,0,14,-1,-10,49,-4,-0.0035,0.0149,0.004,-0.9999,0,13,0,13
328.291,328.291,210,127,144,200,175,140,0,14,-1,-10,48,-4,-0.007,0.0146,0.0038,-0.9999,0,14,0,13
328.391,328.391,210,128,144,200,175,140,0,14,-1,-10,47,-4,-0.0075,0.0146,0.0026,-0.9999,0,8,0,13
328.481,328.481,210,130,144,200,175,140,0,14,-1,-10,45,-4,-0.0078,0.0154,0.0012,-0.9999,0,8,0,13
328.591,328.591,210,131,143,200,175,140,0,13,0,-10,44,-3,-0.0066,0.0158,-0.0001,-0.9999,0,8,0,12
328.691,328.691,210,131,143,200,175,140,0,13,0,-10,44,-3,-0.0054,0.0156,-0.0019,-0.9999,1,6,0,12
328.791,328.791,210,133,143,200,175,140,0,12,0,-10,42,-3,-0.0048,0.0153,-0.002,-0.9999,1,6,0,11
328.891,328.891,210,134,143,200,175,140,0,12,0,-10,41,-3,-0.0059,0.0156,-0.0022,-0.9999,1,7,0,11
328.991,328.991,210,135,143,200,175,140,0,12,0,-10,40,-3,-0.0056,0.0156,-0.0013,-0.9999,1,18,0,11
329.091,329.091,210,137,143,200,175,140,0,11,0,-10,38,-3,-0.0055,0.0144,0.0002,-0.9999,0,41,0,10
329.191,329.191,210,138,143,200,175,140,0,11,0,-10,37,-3,-0.0052,0.0141,0.0017,-0.9999,1,21,0,10
329.291,329.291,210,139,142,200,175,140,-1,10,0,-10,36,-2,-0.0048,0.0139,0.0044,-0.9999,0,12,-1,9
329.391,329.391,211,140,142,200,175,140,-1,10,0,-11,35,-2,-0.0069,0.013,0.007,-0.9999,-1,9,-1,9
329.491,329.491,211,141,142,200,175,140,-1,10,0,-11,34,-2,-0.0095,0.0133,0.0089,-0.9998,0,9,-1,9
329.591,329.591,211,143,142,200,175,140,-1,9,0,-11,32,-2,-0.012,0.0151,0.0093,-0.9998,0,7,-1,8
329.691,329.691,211,144,142,200,175,140,-1,9,0,-11,31,-2,-0.0137,0.0159,0.0087,-0.9997,0,8,-1,8
329.791,329.791,211,145,142,200,175,140,-1,9,0,-11,30,-2,-0.014,0.0159,0.0075,-0.9997,1,5,-1,8
329.891,329.891,211,146,142,200,175,140,-1,9,0,-11,29,-2,-0.0139,0.017,0.0062,-0.9997,2,5,-1,8
329.991,329.991,212,146,142,200,175,140,-1,8,0,-12,29,-2,-0.0127,0.0176,0.0044,-0.9998,1,3,-1,7
330.091,330.091,212,147,142,200,175,140,-1,8,0,-12,28,-2,-0.0115,0.0178,0.0026,-0.9998,0,7,-1,7
330.191,330.191,212,147,141,200,175,140,-1,8,0,-12,28,-1,-0.0098,0.0173,0.0014,-0.9998,0,4,-1,7
330.291,330.291,212,148,142,200,175,140,-1,8,0,-12,27,-2,-0.0081,0.0171,0,-0.9998,0,-1,-1,7
330.391,330.391,212,149,142,200,175,140,-1,8,0,-12,26,-2,-0.0072,0.0179,-0.0009,-0.9998,0,3,0,8
330.491,330.491,212,149,141,200,175,140,-1,8,0,-12,26,-1,-0.0069,0.0176,-0.0021,-0.9998,0,7,0,8
330.591,330.591,212,149,141,200,175,140,-1,8,0,-12,26,-1,-0.0067,0.0173,-0.003,-0.9998,1,2,0,8
330.691,330.691,212,150,142,200,175,140,-1,7,0,-12,25,-2,-0.0055,0.0152,-0.0039,-0.9999,-3,2,0,7
330.791,330.791,212,150,142,200,175,140,-1,7,0,-12,25,-2,-0.0054,0.0131,-0.005,-0.9999,-2,3,0,7
330.891,330.891,212,151,141,200,175,140,-1,4,0,-12,24,-1,-0.0046,0.0132,-0.0055,-0.9999,0,1,0,4
330.991,330.991,212,151,141,200,175,140,-1,4,0,-12,24,-1,-0.0044,0.0145,-0.0055,-0.9999,0,0,0,4
331.091,331.091,212,152,141,200,175,140,-1,4,0,-12,23,-1,-0.0066,0.0165,-0.0055,-0.9998,0,6,0,4
331.191,331.191,212,153,142,200,175,140,-1,4,0,-12,22,-2,-0.0115,0.0174,-0.0052,-0.9998,1,4,0,4
331.291,331.291,212,154,142,200,175,140,-1,3,0,-12,21,-2,-0.0138,0.0168,-0.0053,-0.9997,0,7,0,3
331.391,331.391,212,155,142,200,175,140,-1,3,0,-12,20,-2,-0.013,0.0156,-0.0046,-0.9998,0,5,0,3
331.491,331.491,212,155,141,200,175,140,-1,3,0,-12,20,-1,-0.0097,0.0145,-0.0046,-0.9998,0,1,0,3
331.591,331.591,212,155,141,200,175,140,-1,3,0,-12,20,-1,-0.0084,0.0136,-0.004,-0.9999,0,3,0,3
331.691,331.691,212,156,141,200,175,140,-1,3,0,-12,19,-1,-0.0084,0.0136,-0.0027,-0.9999,0,4,0,3
331.791,331.791,213,156,142,200,175,140,-1,3,0,-13,19,-2,-0.0082,0.0142,-0.0015,-0.9999,0,2,0,3
331.891,331.891,213,157,142,200,175,140,-1,3,0,-13,18,-2,-0.0084,0.0145,-0.0005,-0.9999,0,5,0,3
331.991,331.991,213,158,142,200,175,140,-1,3,0,-13,17,-2,-0.0092,0.0149,0.0003,-0.9998,0,4,-1,2
332.091,332.091,213,158,142,200,175,140,-1,3,0,-13,17,-2,-0.0103,0.0148,0.001,-0.9998,-1,0,-1,2
332.191,332.191,213,159,142,200,175,140,-1,3,0,-13,16,-2,-0.0113,0.0148,0.0016,-0.9998,0,3,-1,2
332.291,332.291,213,159,142,200,175,140,-1,3,0,-13,16,-2,-0.0128,0.0167,0.0022,-0.9998,0,1,-1,2
332.391,332.391,213,160,142,200,175,140,-1,3,0,-13,15,-2,-0.0127,0.0185,0.0021,-0.9997,2,0,-1,2
332.491,332.491,213,160,142,200,175,140,-1,2,0,-13,15,-2,-0.0114,0.0189,0.0014,-0.9998,0,0,-1,1
332.591,332.591,213,160,142,200,175,140,-1,2,0,-13,15,-2,-0.0094,0.0172,-0.0006,-0.9998,-1,0,0,2
332.691,332.691,213,160,141,200,175,140,-1,2,0,-13,15,-1,-0.0084,0.0155,-0.0016,-0.9998,0,2,0,2
332.791,332.791,213,161,142,200,175,140,-1,2,0,-13,14,-2,-0.0088,0.0145,-0.0033,-0.9999,-2,4,0,2
332.891,332.891,213,161,142,200,175,140,-1,2,0,-13,14,-2,-0.008,0.0139,-0.0034,-0.9999,-1,0,0,2
333.001,333.001,213,161,142,200,175,140,-1,2,0,-13,14,-2,-0.0078,0.0133,-0.0027,-0.9999,-1,1,0,2
333.091,333.091,213,161,141,200,175,140,-1,2,0,-13,14,-1,-0.0072,0.0138,-0.0023,-0.9999,1,0,0,2
333.201,333.201,213,161,141,200,175,140,-1,2,0,-13,14,-1,-0.0069,0.015,-0.0011,-0.9999,1,0,0,2
333.291,333.291,214,162,141,200,175,140,-1,2,0,-14,13,-1,-0.0069,0.0158,0.0002,-0.9999,0,1,-1,1
333.401,333.401,214,162,142,200,175,140,-1,2,0,-14,13,-2,-0.0076,0.0166,0.0012,-0.9998,0,1,-1,1
333.501,333.501,214,162,142,200,175,140,-1,2,0,-14,13,-2,-0.0077,0.0188,0.0026,-0.9998,0,0,-1,1
333.601,333.601,214,162,141,200,175,140,-1,2,0,-14,13,-1,-0.008,0.0208,0.0047,-0.9997,2,0,-1,1
333.701,333.701,214,163,141,200,175,140,-1,2,0,-14,12,-1,-0.0076,0.0209,0.0066,-0.9997,0,2,-1,1
333.801,333.801,214,163,141,200,175,140,-1,2,0,-14,12,-1,-0.0081,0.019,0.0078,-0.9998,0,2,-1,1
333.901,333.901,214,163,142,200,175,140,-1,2,0,-14,12,-2,-0.0083,0.0173,0.0087,-0.9998,0,3,-1,1
334.001,334.001,214,163,142,200,175,140,-1,2,0,-14,12,-2,-0.0094,0.0166,0.0086,-0.9998,0,1,-1,1
334.101,334.101,214,163,142,200,175,140,-1,2,0,-14,12,-2,-0.0101,0.017,0.0087,-0.9998,0,1,-1,1
334.201,334.201,214,163,142,200,175,140,-1,2,0,-14,12,-2,-0.0103,0.0174,0.0077,-0.9998,0,0,-1,1
334.301,334.301,214,164,142,200,175,140,-1,2,0,-14,11,-2,-0.0106,0.0178,0.0058,-0.9998,-1,3,-1,1
334.401,334.401,214,164,142,200,175,140,-1,2,0,-14,11,-2,-0.0107,0.0173,0.0033,-0.9998,0,2,-1,1
334.501,334.501,214,164,142,200,175,140,-1,2,0,-14,11,-2,-0.0103,0.0158,0.0007,-0.9998,-1,0,-1,1
334.601,334.601,213,164,142,200,175,140,-1,2,0,-13,11,-2,-0.0085,0.0145,-0.0018,-0.9999,-1,0,0,2
334.701,334.701,213,164,142,200,175,140,-1,2,0,-13,11,-2,-0.0072,0.0138,-0.0033,-0.9999,-1,-1,0,2
334.801,334.801,213,164,142,200,175,140,-1,2,0,-13,11,-2,-0.0063,0.0147,-0.0049,-0.9999,0,-1,0,2
334.901,334.901,213,164,142,200,175,140,-1,2,0,-13,11,-2,-0.0052,0.015,-0.0051,-0.9999,0,0,0,2
335.001,335.001,213,164,143,200,175,140,-1,2,0,-13,11,-3,-0.0056,0.0147,-0.0054,-0.9999,0,1,0,2
335.101,335.101,213,164,143,200,175,140,-1,2,0,-13,11,-3,-0.0072,0.0156,-0.0053,-0.9998,-1,1,0,2
335.201,335.201,213,165,143,200,175,140,-1,2,0,-13,10,-3,-0.0082,0.0175,-0.0052,-0.9998,0,2,0,2
335.301,335.301,213,165,142,200,175,140,-1,2,0,-13,10,-2,-0.0085,0.0187,-0.0051,-0.9998,0,0,0,2
335.401,335.401,213,165,142,200,175,140,-1,2,0,-13,10,-2,-0.0084,0.0191,-0.0045,-0.9998,-1,2,0,2
335.501,335.501,213,165,142,200,175,140,-1,2,0,-13,10,-2,-0.0091,0.0175,-0.0043,-0.9998,1,0,0,2
335.601,335.601,213,165,143,200,175,140,-1,2,0,-13,10,-3,-0.0102,0.0144,-0.0044,-0.9998,0,2,0,2
335.701,335.701,212,166,143,200,175,140,-1,2,0,-12,9,-3,-0.0107,0.012,-0.0042,-0.9999,-2,1,0,2
335.801,335.801,212,166,143,200,175,140,-1,2,0,-12,9,-3,-0.0106,0.0112,-0.0033,-0.9999,-3,0,0,2
335.901,335.901,212,166,143,200,175,140,-1,2,0,-12,9,-3,-0.0095,0.0122,-0.0023,-0.9999,0,0,0,2
336.001,336.001,211,166,143,200,175,140,-1,2,0,-11,9,-3,-0.0075,0.013,-0.0013,-0.9999,-1,0,0,2
336.101,336.101,211,166,143,200,175,140,-1,2,0,-11,9,-3,-0.0062,0.0141,-0.0007,-0.9999,0,0,0,2
336.201,336.201,211,166,143,200,175,140,-1,2,0,-11,9,-3,-0.0055,0.0145,-0.0002,-0.9999,0,1,0,2
336.301,336.301,211,166,143,200,175,140,-1,2,0,-11,9,-3,-0.0065,0.0139,0.0005,-0.9999,-1,3,-1,1
336.401,336.401,211,167,144,200,175,140,-2,1,-1,-11,8,-4,-0.0061,0.0141,0.0007,-0.9999,-1,1,-2,0
336.511,336.511,211,167,144,200,175,140,-2,1,-1,-11,8,-4,-0.0058,0.0136,0.0007,-0.9999,-1,0,-2,0
336.601,336.601,210,167,143,200,175,140,0,1,0,-10,8,-3,-0.0075,0.0141,0.0001,-0.9999,-2,2,0,0
336.701,336.701,210,167,143,200,175,140,0,1,0,-10,8,-3,-0.011,0.015,-0.0009,-0.9998,-1,3,0,0
336.801,336.801,210,168,143,200,175,140,0,1,0,-10,7,-3,-0.0108,0.0136,-0.002,-0.9998,0,2,0,0
336.901,336.901,210,168,143,200,175,140,0,1,0,-10,7,-3,-0.0085,0.0099,-0.0035,-0.9999,-4,1,0,0
337.001,337.001,209,168,143,200,175,140,0,1,0,-9,7,-3,-0.0068,0.0094,-0.0052,-0.9999,-3,0,0,0
337.101,337.101,209,168,143,200,175,140,0,1,0,-9,7,-3,-0.0074,0.0109,-0.0056,-0.9999,-1,2,0,0
337.201,337.201,209,169,143,200,175,140,0,1,0,-9,6,-3,-0.0091,0.0123,-0.0046,-0.9999,0,3,0,0
337.301,337.301,208,169,143,200,175,140,0,1,0,-8,6,-3,-0.0106,0.0126,-0.003,-0.9999,0,2,0,0
337.401,337.401,208,169,143,200,175,140,0,1,0,-8,6,-3,-0.0117,0.0115,-0.0009,-0.9999,-4,1,0,0
337.511,337.511,207,170,143,200,175,100,0,1,-19,-7,5,-43,-0.012,0.0098,0.0017,-0.9999,-1,0,0,0
337.611,337.611,207,170,143,200,175,100,0,1,-19,-7,5,-43,-0.0126,0.0086,0.0044,-0.9999,-2,1,0,0
337.711,337.711,207,170,143,200,175,100,0,1,-19,-7,5,-43,-0.0126,0.0082,0.006,-0.9999,-3,1,0,0
337.811,337.811,206,170,142,200,175,100,0,1,-19,-6,5,-42,-0.0119,0.0075,0.0076,-0.9999,-2,0,0,0
337.911,337.911,206,171,141,200,175,100,0,1,-18,-6,4,-41,-0.0112,0.0084,0.008,-0.9999,-1,1,0,0
338.011,338.011,206,171,140,200,175,100,0,1,-18,-6,4,-40,-0.01,0.0104,0.0083,-0.9999,-1,0,0,0
338.111,338.111,206,171,138,200,175,100,0,1,-17,-6,4,-38,-0.0097,0.0115,0.0081,-0.9999,-1,2,0,0
338.211,338.211,206,171,137,200,175,100,0,1,-17,-6,4,-37,-0.0106,0.0117,0.0072,-0.9998,0,0,0,0
338.311,338.311,205,172,135,200,175,100,0,1,-16,-5,3,-35,-0.0114,0.0107,0.0061,-0.9999,-3,1,0,0
338.411,338.411,205,172,133,200,175,100,0,1,-15,-5,3,-33,-0.0119,0.0096,0.0046,-0.9999,-2,1,0,0
338.511,338.511,205,172,132,200,175,100,0,1,-14,-5,3,-32,-0.0123,0.0098,0.0027,-0.9999,0,1,0,0
338.611,338.611,205,172,130,200,175,100,0,1,-13,-5,3,-30,-0.0123,0.0106,0.0008,-0.9999,-1,2,0,0
338.711,338.711,204,173,129,200,175,100,0,1,-13,-4,2,-29,-0.0122,0.0115,-0.0015,-0.9999,0,1,0,0
338.811,338.811,204,173,127,200,175,100,0,1,-12,-4,2,-27,-0.0114,0.0123,-0.0037,-0.9999,0,0,0,0
338.911,338.911,204,173,126,200,175,100,0,1,-11,-4,2,-26,-0.0101,0.0118,-0.0053,-0.9999,0,0,0,0
339.011,339.011,204,173,125,200,175,100,0,1,-11,-4,2,-25,-0.0099,0.0105,-0.0064,-0.9999,-1,0,0,0
339.111,339.111,203,173,123,200,175,100,0,1,-10,-3,2,-23,-0.0102,0.0095,-0.0067,-0.9999,-2,0,0,0
339.211,339.211,203,173,122,200,175,100,0,1,-10,-3,2,-22,-0.0103,0.0093,-0.0068,-0.9999,-4,3,0,0
339.311,339.311,203,173,121,200,175,100,0,1,-9,-3,2,-21,-0.0105,0.0094,-0.0061,-0.9999,0,1,0,0
339.411,339.411,203,173,120,200,175,100,0,1,-9,-3,2,-20,-0.0109,0.0098,-0.0057,-0.9999,0,1,0,0
339.511,339.511,202,173,119,200,175,100,0,1,-8,-2,2,-19,-0.0121,0.009,-0.0059,-0.9999,-3,1,0,0
339.611,339.611,202,173,118,200,175,100,0,1,-8,-2,2,-18,-0.0126,0.0091,-0.0054,-0.9999,-1,0,0,0
339.711,339.711,202,173,117,200,175,100,0,1,-7,-2,2,-17,-0.0127,0.0102,-0.0057,-0.9999,0,-2,0,0
339.811,339.811,202,173,116,200,175,100,0,1,-7,-2,2,-16,-0.0114,0.0114,-0.0063,-0.9999,0,0,0,0
339.911,339.911,202,173,115,200,175,100,0,1,-7,-2,2,-15,-0.0094,0.0123,-0.0071,-0.9999,0,0,0,0
340.011,340.011,202,173,114,200,175,100,0,1,-6,-2,2,-14,-0.0086,0.0116,-0.0067,-0.9999,-1,0,0,0
340.111,340.111,202,173,113,200,175,100,0,1,-6,-2,2,-13,-0.0089,0.0109,-0.0071,-0.9999,0,0,0,0
340.211,340.211,202,173,113,200,175,100,0,1,-6,-2,2,-13,-0.0098,0.011,-0.0076,-0.9999,0,1,0,0
340.311,340.311,202,173,112,200,175,100,0,1,-5,-2,2,-12,-0.0107,0.0117,-0.0075,-0.9998,0,1,0,0
340.411,340.411,201,173,111,200,175,100,0,1,-5,-1,2,-11,-0.0106,0.0123,-0.0082,-0.9998,0,0,0,0
340.511,340.511,202,172,111,200,175,100,0,1,-5,-2,3,-11,-0.0102,0.0124,-0.0073,-0.9998,0,-3,0,0
340.611,340.611,202,172,110,200,175,100,0,1,-4,-2,3,-10,-0.0094,0.0122,-0.0073,-0.9999,0,-1,0,0
340.711,340.711,201,173,109,200,175,100,0,1,-4,-1,2,-9,-0.0087,0.0114,-0.0069,-0.9999,0,-1,0,0
340.811,340.811,201,173,109,200,175,100,0,1,-3,-1,2,-9,-0.0094,0.0114,-0.0063,-0.9999,0,0,0,0
340.911,340.911,202,172,108,200,175,100,0,1,-3,-2,3,-8,-0.0102,0.0132,-0.0058,-0.9998,0,-1,0,0
341.011,341.011,202,172,108,200,175,100,0,1,-3,-2,3,-8,-0.0112,0.0145,-0.0047,-0.9998,2,0,0,0
341.111,341.111,202,172,107,200,175,100,0,1,-2,-2,3,-7,-0.0113,0.0139,-0.0039,-0.9998,0,0,0,0
341.211,341.211,202,172,107,200,125,100,0,-14,-2,-2,-47,-7,-0.0126,0.012,-0.0019,-0.9998,0,1,0,-13
341.311,341.311,202,172,107,200,125,100,0,-14,-2,-2,-47,-7,-0.0114,0.0102,0.0018,-0.9999,0,-6,0,-13
341.411,341.411,201,171,107,200,125,100,0,-14,-2,-1,-46,-7,-0.0091,0.0089,0.0041,-0.9999,-1,-1,0,-13
341.511,341.511,201,171,106,200,125,100,0,-14,-2,-1,-46,-6,-0.0168,0.0093,0.0074,-0.9998,-1,-1,0,-13
341.611,341.611,201,170,106,200,125,100,0,-13,-2,-1,-45,-6,-0.0234,0.01,0.0093,-0.9996,0,-1,0,-12
341.711,341.711,201,170,106,200,125,100,0,-13,-2,-1,-45,-6,-0.0234,0.01,0.0093,-0.9996,0,-6,0,-12
341.821,341.821,201,169,106,200,125,100,0,-13,-2,-1,-44,-6,-0.0187,0.0101,0.0097,-0.9997,0,-9,0,-12
341.921,341.921,201,168,106,200,125,100,0,-13,-2,-1,-43,-6,-0.0134,0.0095,0.0082,-0.9998,0,-10,0,-12
342.021,342.021,200,166,105,200,125,100,0,-12,-1,0,-41,-5,-0.01,0.0087,0.0062,-0.9999,0,-11,0,-11
342.111,342.111,200,165,105,200,125,100,0,-12,-1,0,-40,-5,-0.01,0.0087,0.0062,-0.9999,0,-12,0,-11
342.221,342.221,200,164,105,200,125,100,0,-12,-1,0,-39,-5,-0.0109,0.0068,0.0022,-0.9999,-2,-8,0,-11
342.321,342.321,199,162,105,200,125,100,0,-11,-1,1,-37,-5,-0.0122,0.0064,0.0001,-0.9999,-1,-9,0,-10
342.421,342.421,200,161,105,200,125,100,0,-11,-1,0,-36,-5,-0.0119,0.0077,-0.0018,-0.9999,0,-12,0,-10
342.521,342.521,200,159,104,200,125,100,0,-10,-1,0,-34,-4,-0.0113,0.0095,-0.005,-0.9999,0,-14,0,-9
342.621,342.621,200,158,104,200,125,100,0,-9,-1,0,-33,-4,-0.0096,0.011,-0.0072,-0.9999,0,-14,0,-8
342.721,342.721,199,156,104,200,125,100,0,-9,-1,1,-31,-4,-0.0085,0.012,-0.01,-0.9998,-1,-11,0,-8
342.821,342.821,199,155,104,200,125,100,0,-9,-1,1,-30,-4,-0.0077,0.0122,-0.0116,-0.9998,-2,-11,0,-8
342.921,342.921,199,154,103,200,125,100,0,-9,0,1,-29,-3,-0.0079,0.0109,-0.0123,-0.9998,0,-9,0,-8
343.021,343.021,199,153,103,200,125,100,0,-8,0,1,-28,-3,-0.0078,0.0104,-0.0124,-0.9998,0,-10,0,-7
343.221,343.221,199,150,103,200,125,100,0,-7,0,1,-25,-3,-0.01,0.0101,-0.0106,-0.9998,0,-12,0,-6
343.321,343.321,199,149,102,200,125,100,0,-4,0,1,-24,-2,-0.0109,0.0105,-0.0095,-0.9998,0,-7,0,-3
343.421,343.421,199,148,102,200,125,100,0,-4,0,1,-23,-2,-0.0119,0.01,-0.0077,-0.9998,0,-6,0,-3
343.521,343.521,199,148,102,200,125,100,0,-4,0,1,-23,-2,-0.0114,0.0093,-0.0065,-0.9999,0,-7,0,-3
343.621,343.621,199,147,102,200,125,100,0,-4,0,1,-22,-2,-0.0086,0.0104,-0.0044,-0.9999,0,-5,0,-3
343.721,343.721,199,146,102,200,125,100,0,-3,0,1,-21,-2,-0.0077,0.011,-0.0029,-0.9999,0,-5,0,-2
343.821,343.821,199,145,102,200,125,100,0,-3,0,1,-20,-2,-0.0085,0.0113,-0.0013,-0.9999,0,-6,0,-2
343.921,343.921,199,144,101,200,125,100,0,-3,0,1,-19,-1,-0.0097,0.0115,-0.0001,-0.9999,0,-5,0,-2
344.021,344.021,199,144,101,200,125,100,0,-3,0,1,-19,-1,-0.012,0.0111,0.0007,-0.9999,0,-5,0,-2
344.121,344.121,199,143,101,200,125,100,0,-3,0,1,-18,-1,-0.0138,0.0108,0.0018,-0.9998,0,-7,0,-2
344.221,344.221,199,143,101,200,125,100,0,-3,0,1,-18,-1,-0.0152,0.0103,0.0027,-0.9998,0,-9,0,-2
344.321,344.321,199,142,102,200,125,100,0,-3,0,1,-17,-2,-0.0136,0.0112,0.0043,-0.9998,0,-2,0,-2
344.421,344.421,199,141,102,200,125,100,0,-3,0,1,-16,-2,-0.0122,0.0133,0.0048,-0.9998,0,-6,0,-2
344.521,344.521,199,140,101,200,125,100,0,-3,0,1,-15,-1,-0.0106,0.0145,0.0051,-0.9998,0,-5,0,-2
344.621,344.621,199,140,100,200,125,100,0,-2,0,1,-15,0,-0.0087,0.0137,0.0047,-0.9999,0,-3,0,-1
344.721,344.721,199,139,100,200,125,100,0,-2,0,1,-14,0,-0.0068,0.0122,0.0034,-0.9999,0,-9,0,-1
344.821,344.821,200,138,100,200,125,100,0,-2,0,0,-13,0,-0.0068,0.0122,0.0034,-0.9999,0,-8,0,-1
344.921,344.921,199,137,101,200,125,100,0,-2,0,1,-12,-1,-0.0054,0.0097,0.0015,-0.9999,0,-3,0,-1
345.021,345.021,199,137,101,200,125,100,0,-2,0,1,-12,-1,-0.0054,0.0097,0.0015,-0.9999,0,-4,0,-1
345.121,345.121,199,137,101,200,125,100,0,-2,0,1,-12,-1,-0.0046,0.0088,-0.0003,-1,0,-2,0,-1
345.221,345.221,199,137,100,200,125,100,0,-2,0,1,-12,0,-0.006,0.0083,-0.0005,-0.9999,0,-1,0,-1
345.321,345.321,199,136,100,200,125,100,0,-2,0,1,-11,0,-0.0057,0.0097,-0.0009,-0.9999,1,-2,0,-1
345.421,345.421,200,136,100,200,125,100,0,-2,0,0,-11,0,-0.0061,0.0103,-0.0007,-0.9999,1,-1,0,-1
345.521,345.521,200,135,100,200,125,100,0,-2,0,0,-10,0,-0.0069,0.0111,0.0001,-0.9999,1,-1,0,-1
345.621,345.621,200,135,100,200,125,100,0,-2,0,0,-10,0,-0.0081,0.0118,0.0006,-0.9999,0,0,0,-1
345.731,345.731,200,135,100,200,75,100,0,-17,0,0,-60,0,-0.0081,0.0121,0.001,-0.9999,1,0,0,-16
345.831,345.831,201,135,100,200,75,100,0,-17,0,-1,-60,0,-0.0075,0.012,0.002,-0.9999,1,-1,0,-16
345.931,345.931,201,134,100,200,75,100,0,-17,0,-1,-59,0,-0.0077,0.012,0.0027,-0.9999,1,-3,0,-16
346.031,346.031,201,134,100,200,75,100,0,-17,0,-1,-59,0,-0.0089,0.0126,0.0036,-0.9999,1,3,0,-16
346.131,346.131,202,134,100,200,75,100,0,-17,0,-2,-59,0,-0.0224,0.0134,0.0044,-0.9997,1,-3,0,-16
346.231,346.231,202,134,100,200,75,100,0,-17,0,-2,-59,0,-0.0322,0.0147,0.0056,-0.9994,1,-5,0,-16
346.331,346.331,202,134,100,200,75,100,0,-17,0,-2,-59,0,-0.0315,0.0155,0.0065,-0.9994,2,-7,0,-16
346.431,346.431,202,132,100,200,75,100,0,-16,0,-2,-57,0,-0.0242,0.0153,0.0068,-0.9996,1,-14,0,-15
346.531,346.531,203,131,100,200,75,100,0,-16,0,-3,-56,0,-0.0177,0.0138,0.0076,-0.9997,0,-13,0,-15
346.631,346.631,202,129,100,200,75,100,0,-15,0,-2,-54,0,-0.0134,0.0119,0.0084,-0.9998,0,-12,0,-14
346.731,346.731,203,128,100,200,75,100,0,-15,0,-3,-53,0,-0.0131,0.011,0.0085,-0.9998,0,-13,0,-14
346.831,346.831,203,126,100,200,75,100,0,-15,0,-3,-51,0,-0.0138,0.0111,0.0088,-0.9998,0,-16,0,-14
346.931,346.931,203,125,100,200,75,100,0,-14,0,-3,-50,0,-0.0144,0.0113,0.0087,-0.9998,0,-16,0,-13
347.031,347.031,202,123,100,200,75,100,0,-14,0,-2,-48,0,-0.0136,0.0108,0.008,-0.9998,0,-17,0,-13
347.131,347.131,203,121,99,200,75,100,0,-14,0,-3,-46,1,-0.0137,0.0097,0.0063,-0.9998,0,-14,0,-13
347.231,347.231,203,119,99,200,75,100,0,-13,0,-3,-44,1,-0.0132,0.0091,0.0049,-0.9999,0,-17,0,-12
347.331,347.331,203,117,99,200,75,100,0,-12,0,-3,-42,1,-0.0113,0.0098,0.0035,-0.9999,1,-14,0,-11
347.431,347.431,203,115,99,200,75,100,0,-12,0,-3,-40,1,-0.0103,0.0103,0.0018,-0.9999,0,-12,0,-11
347.531,347.531,203,114,100,200,75,100,0,-12,0,-3,-39,0,-0.0099,0.0103,0.0001,-0.9999,0,-15,0,-11
347.631,347.631,203,112,100,200,75,100,0,-11,0,-3,-37,0,-0.0083,0.0108,-0.0017,-0.9999,0,-12,0,-10
347.731,347.731,203,111,100,200,75,100,0,-11,0,-3,-36,0,-0.0068,0.0115,-0.0032,-0.9999,0,-8,0,-10
347.831,347.831,204,109,100,200,75,100,0,-10,0,-4,-34,0,-0.0068,0.0126,-0.005,-0.9999,0,-9,0,-9
347.931,347.931,204,107,100,200,75,100,0,-9,0,-4,-32,0,-0.0074,0.0134,-0.0061,-0.9999,0,-7,0,-8
348.031,348.031,204,106,100,200,75,100,0,-9,0,-4,-31,0,-0.0085,0.0129,-0.0066,-0.9999,0,-6,0,-8
348.131,348.131,204,104,100,200,75,100,0,-9,0,-4,-29,0,-0.01,0.0117,-0.0054,-0.9999,0,-12,0,-8
348.231,348.231,204,103,100,200,75,100,0,-8,0,-4,-28,0,-0.0096,0.0111,-0.0047,-0.9999,0,-13,0,-7
348.331,348.331,204,101,99,200,75,100,0,-8,0,-4,-26,1,-0.0078,0.0107,-0.0033,-0.9999,0,-10,0,-7
348.431,348.431,204,100,100,200,75,100,0,-7,0,-4,-25,0,-0.0068,0.01,-0.0019,-0.9999,-1,-11,0,-6
348.531,348.531,204,98,99,200,75,100,0,-4,0,-4,-23,1,-0.0071,0.0093,-0.0004,-0.9999,0,-10,0,-3
348.631,348.631,204,97,99,200,75,100,0,-4,0,-4,-22,1,-0.0063,0.0089,0.0011,-0.9999,0,-7,0,-3
348.731,348.731,204,96,99,200,75,100,0,-3,0,-4,-21,1,-0.0059,0.0097,0.0037,-0.9999,0,-10,0,-2
348.831,348.831,204,94,99,200,75,100,0,-3,0,-4,-19,1,-0.0043,0.0109,0.0045,-0.9999,0,-8,0,-2
348.931,348.931,204,93,99,200,75,100,0,-3,0,-4,-18,1,-0.0006,0.0124,0.0057,-0.9999,1,-7,0,-2
349.031,349.031,205,92,99,200,75,100,0,-3,0,-5,-17,1,0.0024,0.0135,0.0074,-0.9999,0,-6,0,-2
349.131,349.131,204,91,99,200,75,100,0,-3,0,-4,-16,1,0.0009,0.0124,0.0071,-0.9999,0,-4,0,-2
349.231,349.231,205,91,99,200,75,100,0,-2,0,-5,-16,1,-0.0023,0.0105,0.0061,-0.9999,0,-2,0,-1
349.331,349.331,205,90,99,200,75,100,0,-2,0,-5,-15,1,-0.0062,0.01,0.0055,-0.9999,0,0,0,-1
349.431,349.431,205,89,99,200,75,100,0,-2,0,-5,-14,1,-0.0083,0.0101,0.0047,-0.9999,0,0,0,-1
349.531,349.531,206,88,99,200,75,100,0,-2,0,-6,-13,1,-0.0092,0.0117,0.004,-0.9999,0,-3,0,-1
349.631,349.631,206,88,99,200,75,100,0,-2,0,-6,-13,1,-0.0068,0.0135,0.0032,-0.9999,1,-7,0,-1
349.731,349.731,206,87,99,200,75,100,0,-2,0,-6,-12,1,-0.0043,0.0146,0.0037,-0.9999,0,-2,0,-1
349.831,349.831,206,87,99,200,75,100,0,-2,0,-6,-12,1,-0.0027,0.0139,0.0036,-0.9999,0,-3,0,-1
349.931,349.931,206,86,99,200,75,100,0,-2,0,-6,-11,1,-0.0032,0.0119,0.0037,-0.9999,0,-2,0,-1
350.031,350.031,206,85,99,200,75,100,0,-2,0,-6,-10,1,-0.0032,0.0119,0.0037,-0.9999,0,-3,0,-1
350.141,350.141,206,85,99,200,75,100,0,-2,0,-6,-10,1,-0.0024,0.0108,0.0046,-0.9999,0,-2,0,-1
350.241,350.241,206,85,99,200,75,100,0,-2,0,-6,-10,1,-0.0033,0.0106,0.0047,-0.9999,0,-1,0,-1
350.341,350.341,206,85,99,200,75,100,0,-2,0,-6,-10,1,-0.0038,0.0107,0.0042,-0.9999,0,0,0,-1
350.441,350.441,206,84,98,200,75,100,0,-2,0,-6,-9,2,-0.0034,0.011,0.0043,-0.9999,1,0,0,-1
350.541,350.541,206,84,99,200,75,100,0,-2,0,-6,-9,1,-0.0032,0.0119,0.0015,-0.9999,0,0,0,-1
350.641,350.641,206,84,98,200,75,100,0,-2,0,-6,-9,2,-0.0037,0.0126,-0.0005,-0.9999,0,-1,0,-1
350.741,350.741,206,83,98,200,75,100,0,-1,0,-6,-8,2,-0.0053,0.0129,-0.0019,-0.9999,0,-3,0,0
350.841,350.841,206,83,98,200,75,100,0,-1,0,-6,-8,2,-0.0069,0.011,-0.0026,-0.9999,1,-3,0,0
350.941,350.941,206,83,98,200,-25,100,0,-23,0,-6,-108,2,-0.0068,0.0091,-0.0039,-0.9999,0,-1,0,-22
351.041,351.041,206,84,99,200,-25,100,0,-23,0,-6,-109,1,-0.0053,0.0082,-0.0055,-0.9999,0,0,0,-22
351.141,351.141,206,84,99,200,-25,100,0,-23,0,-6,-109,1,-0.0023,0.0077,-0.0073,-0.9999,0,0,0,-22
351.241,351.241,206,83,99,200,-25,100,0,-23,0,-6,-108,1,-0.0016,0.0068,-0.0077,-0.9999,0,0,0,-22
351.341,351.341,207,83,99,200,-25,100,0,-23,0,-7,-108,1,-0.0182,0.0078,-0.0091,-0.9998,1,-3,0,-22
351.441,351.441,207,82,99,200,-25,100,0,-23,0,-7,-107,1,-0.0332,0.0098,-0.0084,-0.9994,1,-7,0,-22
351.541,351.541,207,82,99,200,-25,100,0,-23,0,-7,-107,1,-0.0335,0.0117,-0.0079,-0.9993,0,-12,0,-22
351.641,351.641,207,80,99,200,-25,100,0,-23,0,-7,-105,1,-0.024,0.013,-0.0058,-0.9996,0,-14,0,-22
351.741,351.741,208,79,99,200,-25,100,0,-23,0,-8,-104,1,-0.0134,0.0129,-0.0036,-0.9998,1,-16,0,-22
351.841,351.841,208,77,99,200,-25,100,0,-23,0,-8,-102,1,-0.0078,0.0135,-0.0012,-0.9999,1,-15,0,-22
351.941,351.941,209,75,99,200,-25,100,0,-23,0,-9,-100,1,-0.0068,0.0152,0.0012,-0.9999,2,-14,0,-22
352.041,352.041,209,73,99,200,-25,100,0,-23,0,-9,-98,1,-0.0086,0.0161,0.0025,-0.9998,1,-12,0,-22
352.141,352.141,209,71,99,200,-25,100,0,-23,0,-9,-96,1,-0.0125,0.0154,0.0033,-0.9998,0,-15,0,-22
352.241,352.241,209,70,99,200,-25,100,0,-23,0,-9,-95,1,-0.0153,0.0145,0.0029,-0.9998,0,-16,0,-22
352.341,352.341,209,68,99,200,-25,100,0,-23,0,-9,-93,1,-0.0156,0.0144,0.0023,-0.9998,1,-19,0,-22
352.441,352.441,210,65,99,200,-25,100,0,-23,0,-10,-90,1,-0.014,0.0148,0.0016,-0.9998,2,-22,0,-22
352.541,352.541,210,63,99,200,-25,100,0,-23,0,-10,-88,1,-0.0127,0.016,0,-0.9998,2,-22,0,-22
352.641,352.641,211,61,99,200,-25,100,-1,-23,0,-11,-86,1,-0.0129,0.0167,-0.0009,-0.9998,2,-22,-1,-22
352.741,352.741,211,58,99,200,-25,100,-1,-23,0,-11,-83,1,-0.0126,0.0165,-0.0013,-0.9998,1,-21,-1,-22
352.841,352.841,211,56,99,200,-25,100,-1,-23,0,-11,-81,1,-0.0138,0.0171,-0.0012,-0.9998,1,-21,-1,-22
352.941,352.941,212,53,99,200,-25,100,-1,-23,0,-12,-78,1,-0.0122,0.0178,-0.0017,-0.9998,1,-23,-1,-22
353.041,353.041,212,51,99,200,-25,100,-1,-23,0,-12,-76,1,-0.0089,0.0187,-0.0004,-0.9998,1,-23,-1,-22
353.141,353.141,213,48,99,200,-25,100,-1,-22,0,-13,-73,1,-0.0074,0.0198,0.0004,-0.9998,3,-22,0,-21
353.241,353.241,213,45,99,200,-25,100,-1,-21,0,-13,-70,1,-0.0087,0.02,0.0025,-0.9998,3,-21,0,-21
353.341,353.341,214,43,99,200,-25,100,-1,-20,0,-14,-68,1,-0.0105,0.0189,0.0042,-0.9998,3,-21,0,-20
353.441,353.441,214,40,99,200,-25,100,-1,-19,0,-14,-65,1,-0.012,0.0182,0.0062,-0.9997,2,-21,0,-19
353.541,353.541,214,38,99,200,-25,100,-1,-19,0,-14,-63,1,-0.0109,0.0175,0.0076,-0.9998,1,-21,0,-19
353.641,353.641,214,35,99,200,-25,100,-1,-18,0,-14,-60,1,-0.0095,0.0164,0.0077,-0.9998,1,-21,0,-18
353.741,353.741,214,32,99,200,-25,100,-1,-17,0,-14,-57,1,-0.0079,0.016,0.0074,-0.9998,0,-22,0,-17
353.841,353.841,215,29,99,200,-25,100,-1,-16,0,-15,-54,1,-0.0068,0.0149,0.0067,-0.9998,0,-21,0,-16
353.941,353.941,215,27,99,200,-25,100,-1,-15,0,-15,-52,1,-0.0077,0.0148,0.0058,-0.9998,0,-19,0,-15
354.041,354.041,215,24,99,200,-25,100,-1,-15,0,-15,-49,1,-0.0071,0.0155,0.0053,-0.9998,1,-21,0,-15
354.141,354.141,216,22,99,200,-25,100,-1,-14,0,-16,-47,1,-0.0076,0.0163,0.0047,-0.9998,0,-20,0,-14
354.241,354.241,216,19,99,200,-25,100,-1,-13,0,-16,-44,1,-0.0076,0.0163,0.0047,-0.9998,0,-20,0,-13
354.341,354.341,216,17,99,200,-25,100,-1,-12,0,-16,-42,1,-0.0079,0.0168,0.0046,-0.9998,0,-22,0,-12
354.441,354.441,216,14,99,200,-25,100,-1,-12,0,-16,-39,1,-0.0072,0.0164,0.0056,-0.9998,0,-20,0,-12
354.551,354.551,216,12,99,200,-25,100,-1,-11,0,-16,-37,1,-0.0064,0.0156,0.0073,-0.9998,1,-19,0,-11
354.651,354.651,217,9,99,200,-25,100,-1,-10,0,-17,-34,1,-0.0046,0.0143,0.0087,-0.9998,1,-18,0,-10
354.751,354.751,217,7,99,200,-25,100,-2,-9,0,-17,-32,1,-0.0038,0.0129,0.0096,-0.9999,1,-14,-1,-9
354.851,354.851,217,5,99,200,-25,100,-2,-9,0,-17,-30,1,-0.003,0.0131,0.0107,-0.9999,2,-15,-1,-9
355.051,355.051,218,0,99,200,-25,100,-2,-7,0,-18,-25,1,-0.0024,0.0175,0.0101,-0.9998,2,-17,-1,-7
355.151,355.151,218,-2,98,200,-25,100,-2,-4,0,-18,-23,2,-0.0024,0.0175,0.0101,-0.9998,2,-16,-1,-4
355.251,355.251,219,-4,98,200,-25,100,-3,-3,0,-19,-21,2,-0.0008,0.0197,0.0082,-0.9998,0,-11,-2,-3
355.351,355.351,219,-6,99,200,-25,100,-3,-3,0,-19,-19,1,-0.0026,0.0172,0.0081,-0.9998,0,-12,-2,-3
355.451,355.451,219,-7,98,200,-25,100,-3,-3,0,-19,-18,2,-0.0039,0.0155,0.0078,-0.9998,0,-13,-2,-3
355.551,355.551,219,-9,98,200,-25,100,-3,-3,0,-19,-16,2,-0.0033,0.0156,0.0078,-0.9998,0,-6,-2,-3
355.651,355.651,219,-10,98,200,-25,100,-3,-3,0,-19,-15,2,-0.0025,0.0156,0.0075,-0.9998,0,-8,-2,-3
355.751,355.751,219,-11,99,200,-25,100,-3,-2,0,-19,-14,1,-0.0028,0.0149,0.0066,-0.9999,0,-5,-2,-2
355.851,355.851,219,-12,99,200,-25,100,-3,-2,0,-19,-13,1,-0.004,0.0143,0.0056,-0.9999,0,-5,-2,-2
355.951,355.951,220,-13,98,200,-25,100,-3,-2,0,-20,-12,2,-0.0059,0.0138,0.0042,-0.9999,0,-2,-2,-2
356.051,356.051,220,-14,98,200,-25,100,-3,-2,0,-20,-11,2,-0.0054,0.0143,0.003,-0.9999,0,-3,-2,-2
356.151,356.151,220,-15,98,200,-25,100,-3,-2,0,-20,-10,2,-0.0044,0.0151,0.0021,-0.9999,0,-5,-2,-2
356.251,356.251,220,-16,98,200,-25,100,-3,-2,0,-20,-9,2,-0.0035,0.0153,0.0016,-0.9999,0,-3,-2,-2
356.351,356.351,220,-16,98,200,-25,100,-3,-2,0,-20,-9,2,-0.0038,0.0155,0.0008,-0.9999,0,-3,-2,-2
356.451,356.451,220,-17,98,200,-25,100,-3,-1,0,-20,-8,2,-0.004,0.0162,0,-0.9999,0,-1,-2,0
356.551,356.551,220,-17,98,200,-25,100,-3,-1,0,-20,-8,2,-0.0044,0.0162,-0.0021,-0.9999,0,0,-3,0
356.651,356.651,220,-18,98,200,-25,100,-3,-1,0,-20,-7,2,-0.0043,0.0158,-0.0044,-0.9999,0,-3,-3,0
356.751,356.751,220,-18,98,200,-25,100,-3,-1,0,-20,-7,2,-0.004,0.015,-0.0071,-0.9999,-1,-3,-3,0
356.851,356.851,220,-18,98,200,-25,100,-3,-1,0,-20,-7,2,-0.0022,0.0144,-0.0088,-0.9999,0,-1,-3,0
356.951,356.951,220,-19,98,200,-25,100,-3,-1,0,-20,-6,2,-0.0024,0.0143,-0.0092,-0.9999,-1,0,-3,0
357.151,357.151,219,-19,98,200,-25,100,-3,-1,0,-19,-6,2,-0.0068,0.0132,-0.0079,-0.9999,-1,-1,-3,0
357.251,357.251,219,-19,98,200,-25,100,-3,-1,0,-19,-6,2,-0.006,0.0123,-0.0072,-0.9999,-1,0,-3,0
357.351,357.351,219,-19,98,200,-25,100,-3,-1,0,-19,-6,2,-0.0049,0.0135,-0.0069,-0.9999,0,0,-3,0
357.451,357.451,219,-18,98,200,-25,100,-3,-1,0,-19,-7,2,-0.0048,0.0153,-0.0065,-0.9998,0,0,-3,0
357.551,357.551,218,-18,98,200,-25,100,-3,-1,0,-18,-7,2,-0.0054,0.0153,-0.0067,-0.9998,-1,3,-3,0
357.651,357.651,218,-18,98,200,-25,100,-3,-1,0,-18,-7,2,-0.0075,0.014,-0.0076,-0.9998,0,1,-3,0
357.751,357.751,218,-18,98,200,-25,100,-3,-1,0,-18,-7,2,-0.01,0.0139,-0.0087,-0.9998,-2,2,-3,0
357.851,357.851,218,-18,98,200,-25,100,-3,-1,0,-18,-7,2,-0.0092,0.0144,-0.0097,-0.9998,-3,0,-3,0
357.951,357.951,218,-18,97,200,-25,100,-3,-1,0,-18,-7,3,-0.0081,0.0151,-0.01,-0.9998,-2,0,-3,0
358.051,358.051,218,-17,97,200,-25,100,-3,-1,0,-18,-8,3,-0.0068,0.0149,-0.0111,-0.9998,-4,0,-3,0
358.151,358.151,217,-17,97,200,-25,100,-3,-1,0,-17,-8,3,-0.0057,0.0151,-0.0127,-0.9998,-5,0,-3,0
358.251,358.251,217,-17,97,200,-25,100,-2,-1,0,-17,-8,3,-0.005,0.0147,-0.0136,-0.9998,-1,1,-2,0
358.351,358.351,216,-17,97,200,-25,100,-2,-1,0,-16,-8,3,-0.0039,0.0147,-0.0138,-0.9998,0,0,-2,0
358.451,358.451,216,-17,97,200,-25,100,-2,-1,0,-16,-8,3,-0.0039,0.0147,-0.0138,-0.9998,0,0,-2,0
358.551,358.551,216,-16,97,200,-25,100,-1,-2,0,-16,-9,3,-0.0027,0.0155,-0.0131,-0.9998,-9,6,-1,-1
358.651,358.651,215,-16,98,200,-25,100,-1,-2,0,-15,-9,2,-0.0032,0.0129,-0.0117,-0.9998,-3,3,-1,-1
358.751,358.751,215,-15,98,200,-25,100,-1,-2,0,-15,-10,2,-0.0042,0.0113,-0.0102,-0.9999,0,1,-1,-1
358.851,358.851,214,-15,98,200,-25,100,-1,-2,0,-14,-10,2,-0.0053,0.0106,-0.0085,-0.9999,0,4,-1,-1
358.961,358.961,214,-14,97,200,-25,100,-1,-2,0,-14,-11,3,-0.0081,0.0101,-0.0062,-0.9999,0,3,-1,-1
359.061,359.061,214,-13,98,200,-25,100,-1,-2,0,-14,-12,2,-0.0101,0.0105,-0.0048,-0.9999,0,4,-1,-1
359.161,359.161,213,-13,98,200,-25,100,-1,-2,0,-13,-12,2,-0.0105,0.0116,-0.0023,-0.9999,-1,5,-1,-1
359.261,359.261,213,-12,98,200,-25,100,-1,-2,0,-13,-13,2,-0.0099,0.0127,-0.0007,-0.9999,-4,4,-1,-1
359.361,359.361,212,-11,98,200,-25,100,-1,-2,0,-12,-14,2,-0.0094,0.013,0.0014,-0.9999,-5,5,0,-2
359.461,359.461,212,-11,98,200,-25,100,-1,-2,0,-12,-14,2,-0.0094,0.0121,0.0038,-0.9999,-3,3,0,-2
359.561,359.561,211,-10,97,200,-25,100,-1,-2,0,-11,-15,3,-0.0109,0.0111,0.006,-0.9999,-1,3,0,-2
359.661,359.661,211,-10,97,200,-25,100,-1,-3,0,-11,-15,3,-0.0129,0.0112,0.0084,-0.9998,-3,2,0,-3
359.761,359.761,211,-9,97,200,-25,100,-1,-3,0,-11,-16,3,-0.013,0.0111,0.0113,-0.9998,-3,0,0,-3
359.861,359.861,210,-9,97,200,-25,100,0,-3,0,-10,-16,3,-0.0111,0.0114,0.014,-0.9998,-2,-2,0,-2
359.961,359.961,210,-9,98,200,-25,100,0,-3,0,-10,-16,2,-0.0081,0.0122,0.0174,-0.9997,-2,-1,0,-2
360.061,360.061,210,-9,97,200,-25,100,0,-3,0,-10,-16,3,-0.0058,0.0141,0.0204,-0.9997,-1,1,0,-2
360.161,360.161,209,-9,98,200,-25,100,0,-3,0,-9,-16,2,-0.0053,0.015,0.0217,-0.9996,-3,2,0,-2
360.261,360.261,209,-9,98,200,-25,100,0,-3,0,-9,-16,2,-0.0045,0.0139,0.0227,-0.9996,-2,2,0,-2
360.361,360.361,208,-9,97,200,-25,100,0,-3,0,-8,-16,3,-0.0046,0.0138,0.021,-0.9997,-1,0,0,-2
360.461,360.461,208,-9,97,200,-25,100,0,-3,0,-8,-16,3,-0.0051,0.0144,0.019,-0.9997,0,0,0,-2
360.561,360.561,208,-9,97,200,-25,100,0,-3,0,-8,-16,3,-0.0062,0.0152,0.0165,-0.9997,0,1,0,-2
360.661,360.661,208,-9,98,200,-25,100,0,-3,0,-8,-16,2,-0.0059,0.0166,0.0132,-0.9998,0,1,0,-2
360.761,360.761,208,-9,98,200,-25,100,0,-3,0,-8,-16,2,-0.0054,0.0172,0.0104,-0.9998,0,1,0,-2
360.861,360.861,208,-9,98,200,-25,100,0,-3,0,-8,-16,2,-0.007,0.0175,0.0077,-0.9998,-1,0,0,-2
360.961,360.961,208,-8,97,200,-25,100,0,-3,0,-8,-17,3,-0.0069,0.0171,0.0056,-0.9998,0,0,0,-2
361.061,361.061,208,-9,97,200,-25,100,0,-3,0,-8,-16,3,-0.0054,0.0172,0.0036,-0.9998,0,-1,0,-2
361.161,361.161,208,-9,97,200,-25,100,0,-3,0,-8,-16,3,-0.0038,0.0179,0.0022,-0.9998,0,-2,0,-2
361.261,361.261,208,-9,98,200,-25,100,0,-3,0,-8,-16,2,-0.0032,0.0184,0.0012,-0.9998,0,-1,0,-2
361.361,361.361,208,-9,98,200,-25,100,0,-3,0,-8,-16,2,-0.0017,0.019,0.0004,-0.9998,0,-2,0,-2
361.461,361.461,208,-10,97,200,-25,100,0,-3,0,-8,-15,3,-0.0035,0.0184,0.0006,-0.9998,-2,0,0,-2
361.561,361.561,207,-9,98,200,-25,100,0,-3,0,-7,-16,2,-0.0051,0.0161,0.001,-0.9999,-1,0,0,-2
361.661,361.661,207,-10,98,200,-25,100,0,-3,0,-7,-15,2,-0.0051,0.0162,0.0003,-0.9999,-1,-3,0,-2
361.761,361.761,207,-10,97,200,-25,100,0,-2,0,-7,-15,3,-0.0043,0.0171,0.0003,-0.9998,0,-3,0,-1
361.861,361.861,207,-11,97,200,-25,100,0,-2,0,-7,-14,3,-0.0024,0.0185,-0.0008,-0.9998,0,-4,0,-1
361.961,361.961,207,-11,97,200,-25,100,0,-2,0,-7,-14,3,-0.0012,0.0189,-0.0024,-0.9998,0,-4,0,-1
362.061,362.061,208,-12,97,200,-25,100,0,-2,0,-8,-13,3,-0.0007,0.0187,-0.0033,-0.9998,0,-3,0,-1
362.161,362.161,207,-12,97,200,-25,100,0,-2,0,-7,-13,3,0.0008,0.018,-0.0052,-0.9998,-1,-2,0,-1
362.261,362.261,207,-12,97,200,-25,100,0,-2,0,-7,-13,3,0.0021,0.0165,-0.0064,-0.9998,-2,-1,0,-1
362.361,362.361,206,-13,97,200,-25,100,0,-2,0,-6,-12,3,0.0015,0.0133,-0.008,-0.9999,-3,-1,0,-1
362.461,362.461,206,-13,97,200,-25,100,0,-2,0,-6,-12,3,0.0012,0.0122,-0.0094,-0.9999,-2,0,0,-1
362.561,362.561,206,-13,97,200,-25,100,0,-2,0,-6,-12,3,0.0001,0.011,-0.0101,-0.9999,-1,-2,0,-1
362.761,362.761,206,-14,97,200,-25,100,0,-2,0,-6,-11,3,0.0008,0.0136,-0.0113,-0.9998,-2,-3,0,-1
362.861,362.861,206,-14,96,200,-25,100,0,-2,1,-6,-11,4,0.0013,0.0134,-0.0116,-0.9998,-1,0,0,-1
362.961,362.961,206,-14,97,200,-25,100,0,-2,0,-6,-11,3,0.0022,0.0121,-0.0126,-0.9998,0,0,0,-1
363.061,363.061,206,-14,97,200,-25,100,0,-2,0,-6,-11,3,0.0011,0.0123,-0.0118,-0.9999,0,1,0,-1
363.161,363.161,205,-14,98,200,-25,100,0,-2,0,-5,-11,2,0,0.0129,-0.0114,-0.9999,-1,0,0,-1
363.261,363.261,205,-14,98,200,-25,100,0,-2,0,-5,-11,2,-0.0016,0.0125,-0.0098,-0.9999,-1,0,0,-1
363.371,363.371,205,-14,97,200,-25,100,0,-2,0,-5,-11,3,-0.0039,0.0107,-0.0086,-0.9999,0,-1,0,-1
363.471,363.471,205,-14,97,200,-25,100,0,-2,0,-5,-11,3,-0.0063,0.009,-0.0077,-0.9999,0,0,0,-1
363.571,363.571,204,-14,98,200,-25,100,0,-2,0,-4,-11,2,-0.0074,0.0091,-0.0061,-0.9999,0,0,0,-1
363.671,363.671,204,-14,98,200,-25,100,0,-2,0,-4,-11,2,-0.0075,0.0104,-0.0044,-0.9999,0,0,0,-1
363.771,363.771,204,-14,98,200,-25,100,0,-2,0,-4,-11,2,-0.0063,0.0124,-0.0021,-0.9999,0,0,0,-1
363.871,363.871,204,-14,98,200,-25,100,0,-2,0,-4,-11,2,-0.0055,0.0118,0.0007,-0.9999,0,0,0,-1
363.971,363.971,204,-14,98,200,-25,100,0,-2,0,-4,-11,2,-0.0066,0.0119,0.0039,-0.9999,2,0,0,-1
364.071,364.071,205,-14,98,200,-25,100,0,-2,0,-5,-11,2,-0.0061,0.0134,0.0071,-0.9999,3,-1,0,-1
364.171,364.171,205,-14,99,200,-25,100,0,-2,0,-5,-11,1,-0.0041,0.0156,0.0109,-0.9998,3,0,0,-1
364.271,364.271,205,-14,99,200,-25,100,0,-2,0,-5,-11,1,-0.0031,0.0184,0.0143,-0.9997,0,0,0,-1
364.371,364.371,205,-15,98,200,-25,100,0,-2,0,-5,-10,2,-0.0038,0.0189,0.0173,-0.9997,1,0,0,-1
364.471,364.471,206,-15,99,200,-25,100,0,-2,0,-6,-10,1,-0.0036,0.0201,0.0199,-0.9996,1,-2,0,-1
364.571,364.571,206,-15,99,200,-25,100,0,-2,0,-6,-10,1,-0.0033,0.0204,0.0213,-0.9996,0,0,0,-1
364.671,364.671,206,-15,99,200,-25,100,0,-2,0,-6,-10,1,-0.0021,0.018,0.0215,-0.9996,0,0,0,-1
364.771,364.771,206,-15,99,200,-25,100,0,-2,0,-6,-10,1,-0.0021,0.0163,0.0219,-0.9996,0,0,0,-1
364.871,364.871,206,-15,99,200,-25,100,0,-2,0,-6,-10,1,-0.002,0.0158,0.0229,-0.9996,0,-2,0,-1
364.971,364.971,206,-15,99,200,-25,100,0,-2,0,-6,-10,1,-0.0011,0.0161,0.0231,-0.9996,0,0,0,-1
365.071,365.071,206,-15,99,200,-25,100,0,-2,0,-6,-10,1,-0.0009,0.0159,0.0235,-0.9996,7,0,0,-1
365.171,365.171,206,-16,99,200,-25,100,0,-2,0,-6,-9,1,-0.0019,0.0166,0.0242,-0.9996,0,-1,0,-1
365.271,365.271,207,-16,99,200,-25,100,0,-2,0,-7,-9,1,-0.0011,0.0176,0.0247,-0.9995,0,0,0,-1
365.371,365.371,207,-16,99,200,-25,100,0,-2,0,-7,-9,1,-0.0014,0.0181,0.0246,-0.9995,0,0,0,-1
365.471,365.471,207,-16,99,200,-25,100,0,-2,0,-7,-9,1,-0.0015,0.0173,0.0233,-0.9996,0,0,0,-1
365.571,365.571,207,-16,100,200,-25,100,0,-2,0,-7,-9,0,-0.0015,0.016,0.022,-0.9996,-1,-2,0,-1
365.671,365.671,206,-16,100,200,-25,100,0,-2,0,-6,-9,0,-0.0008,0.015,0.0215,-0.9997,0,0,0,-1
365.771,365.771,207,-16,100,200,-25,100,0,-2,0,-7,-9,0,-0.0006,0.0143,0.0199,-0.9997,0,0,0,-1
365.871,365.871,207,-16,100,200,-25,100,0,-2,0,-7,-9,0,-0.0007,0.0142,0.0194,-0.9997,0,2,0,-1
365.971,365.971,207,-16,100,200,-25,100,0,-2,0,-7,-9,0,-0.0014,0.015,0.0194,-0.9997,1,0,0,-1
366.071,366.071,207,-15,100,200,-25,100,0,-2,0,-7,-10,0,-0.0027,0.0167,0.0181,-0.9997,0,0,0,-1
366.171,366.171,207,-15,100,200,-25,100,0,-2,0,-7,-10,0,-0.0012,0.0159,0.0169,-0.9997,0,0,0,-1
366.271,366.271,207,-15,100,200,-25,100,0,-2,0,-7,-10,0,-0.0003,0.0147,0.0147,-0.9998,0,5,0,-1
366.371,366.371,208,-15,100,200,-25,100,0,-2,0,-8,-10,0,-0.0022,0.0143,0.0122,-0.9998,0,1,0,-1
366.471,366.471,208,-15,100,200,-25,100,0,-2,0,-8,-10,0,-0.0046,0.0154,0.01,-0.9998,0,0,0,-1
366.571,366.571,207,-14,100,200,-25,100,0,-2,0,-7,-11,0,-0.0054,0.0156,0.0079,-0.9998,0,0,0,-1
366.671,366.671,207,-14,100,200,-25,100,0,-2,0,-7,-11,0,-0.0043,0.0151,0.0054,-0.9999,0,2,0,-1
366.771,366.771,208,-14,100,200,-25,100,0,-2,0,-8,-11,0,-0.0041,0.0141,0.0026,-0.9999,1,1,0,-1
366.871,366.871,208,-13,100,200,-25,100,0,-2,0,-8,-12,0,-0.0042,0.0139,-0.0002,-0.9999,0,3,0,-1
366.971,366.971,208,-13,101,200,-25,100,0,-2,0,-8,-12,-1,-0.0039,0.0142,-0.0026,-0.9999,1,3,0,-1
367.071,367.071,208,-13,101,200,-25,100,0,-2,0,-8,-12,-1,-0.0037,0.0141,-0.0049,-0.9999,0,1,0,-1
367.171,367.171,208,-13,101,200,-25,100,0,-2,0,-8,-12,-1,-0.0046,0.0138,-0.0072,-0.9999,0,3,0,-1
367.271,367.271,208,-12,101,200,-25,100,0,-2,0,-8,-13,-1,-0.0046,0.0143,-0.0095,-0.9998,0,0,0,-1
367.371,367.371,208,-12,101,200,-25,100,0,-2,0,-8,-13,-1,-0.0045,0.0155,-0.0115,-0.9998,1,4,0,-1
367.471,367.471,209,-11,101,200,-25,100,0,-2,0,-9,-14,-1,-0.0051,0.0174,-0.013,-0.9998,0,2,0,-1
367.571,367.571,209,-11,101,200,-25,100,0,-2,0,-9,-14,-1,-0.005,0.0172,-0.015,-0.9997,0,0,0,-1
367.671,367.671,209,-10,101,200,-25,100,0,-2,0,-9,-15,-1,-0.0055,0.0153,-0.0164,-0.9997,0,0,0,-1
367.781,367.781,209,-10,101,200,-25,100,0,-3,0,-9,-15,-1,-0.0049,0.0138,-0.0175,-0.9997,0,0,0,-2
367.881,367.881,209,-10,101,200,-25,100,0,-3,0,-9,-15,-1,-0.0045,0.0133,-0.0177,-0.9997,0,0,0,-2
367.981,367.981,209,-9,101,200,-25,100,0,-3,0,-9,-16,-1,-0.0052,0.0134,-0.0175,-0.9997,0,2,0,-2
368.081,368.081,208,-8,101,200,-25,100,0,-3,0,-8,-17,-1,-0.0059,0.0141,-0.0162,-0.9998,-1,2,0,-2
368.171,368.171,208,-8,101,200,-25,100,0,-3,0,-8,-17,-1,-0.0059,0.0141,-0.0162,-0.9998,0,0,0,-2
368.281,368.281,208,-7,101,200,-25,100,0,-3,0,-8,-18,-1,-0.0048,0.0137,-0.0128,-0.9998,-1,3,0,-2
368.381,368.381,208,-7,101,200,-25,100,0,-3,0,-8,-18,-1,-0.0045,0.0124,-0.0107,-0.9999,-1,3,0,-2
368.481,368.481,208,-7,101,200,-25,100,0,-3,0,-8,-18,-1,-0.0047,0.0119,-0.0079,-0.9999,0,0,0,-2
368.581,368.581,208,-7,100,200,-25,100,0,-3,0,-8,-18,0,-0.0057,0.0132,-0.0047,-0.9999,1,0,0,-2
368.681,368.681,208,-7,100,200,-25,100,0,-3,0,-8,-18,0,-0.0045,0.0158,-0.002,-0.9999,0,3,0,-2
368.781,368.781,208,-6,100,200,-25,100,0,-3,0,-8,-19,0,-0.0043,0.0186,-0.0002,-0.9998,0,4,0,-2
368.881,368.881,208,-6,101,200,-25,100,0,-3,0,-8,-19,-1,-0.006,0.0197,0.0003,-0.9998,-2,4,0,-2
368.981,368.981,208,-5,100,200,-25,100,0,-3,0,-8,-20,0,-0.0069,0.0191,0.0001,-0.9998,-1,1,0,-2
369.081,369.081,208,-6,100,200,-25,100,0,-3,0,-8,-19,0,-0.0053,0.0163,-0.0002,-0.9999,-4,0,0,-2
369.181,369.181,208,-6,99,200,-25,100,0,-3,0,-8,-19,1,-0.0032,0.0137,-0.0006,-0.9999,-1,0,0,-2
369.281,369.281,208,-6,99,200,-25,100,0,-3,0,-8,-19,1,-0.0021,0.0121,-0.0021,-0.9999,0,-2,0,-2
369.381,369.381,207,-6,98,200,-25,100,0,-3,0,-7,-19,2,-0.0012,0.011,-0.0039,-0.9999,0,-3,0,-2
369.481,369.481,207,-6,97,200,-25,100,0,-3,0,-7,-19,3,-0.0025,0.0109,-0.0063,-0.9999,-1,-3,0,-2
369.581,369.581,207,-5,96,200,-25,100,0,-3,1,-7,-20,4,-0.0055,0.0102,-0.0084,-0.9999,-2,1,0,-2
369.681,369.681,206,-4,96,200,-25,100,0,-3,1,-6,-21,4,-0.0067,0.0087,-0.0105,-0.9999,-3,4,0,-2
369.781,369.781,206,-4,95,200,-25,100,0,-3,1,-6,-21,5,-0.0067,0.008,-0.0122,-0.9999,-1,2,0,-2
369.881,369.881,206,-4,94,200,-25,100,0,-3,2,-6,-21,6,-0.007,0.0085,-0.0137,-0.9998,-1,2,0,-2
369.981,369.981,206,-4,93,200,-25,100,0,-3,2,-6,-21,7,-0.0054,0.0099,-0.0164,-0.9998,-1,0,0,-2
370.081,370.081,205,-4,92,200,-25,100,0,-3,3,-5,-21,8,-0.0039,0.0114,-0.0176,-0.9998,-2,-1,0,-2
370.181,370.181,205,-4,91,200,-25,100,0,-3,3,-5,-21,9,-0.0032,0.0119,-0.0191,-0.9997,-2,0,0,-2
370.281,370.281,205,-4,90,200,-25,100,0,-3,4,-5,-21,10,-0.0034,0.0105,-0.0194,-0.9998,0,0,0,-2
370.381,370.381,205,-4,89,200,-25,100,0,-3,5,-5,-21,11,-0.0045,0.0088,-0.0203,-0.9997,-2,0,0,-2
370.481,370.481,204,-4,88,200,-25,100,0,-3,5,-4,-21,12,-0.0046,0.0076,-0.019,-0.9998,-2,1,0,-2
370.581,370.581,204,-4,87,200,-25,100,0,-3,6,-4,-21,13,-0.003,0.0082,-0.0192,-0.9998,-1,1,0,-2
370.681,370.681,204,-4,86,200,-25,100,0,-3,6,-4,-21,14,-0.0021,0.0091,-0.019,-0.9998,0,-1,0,-2
370.781,370.781,203,-4,85,200,-25,100,0,-3,6,-3,-21,15,-0.0024,0.0098,-0.0184,-0.9998,0,-1,0,-2
370.881,370.881,203,-4,84,200,-25,100,0,-3,7,-3,-21,16,-0.0009,0.0106,-0.0184,-0.9998,-3,0,0,-2
370.981,370.981,203,-4,83,200,-25,100,0,-3,7,-3,-21,17,-0.0007,0.0109,-0.0194,-0.9998,-3,-1,0,-2
371.081,371.081,203,-4,82,200,-25,100,0,-3,8,-3,-21,18,-0.0022,0.0097,-0.0201,-0.9997,-3,1,0,-2
371.181,371.181,202,-4,82,200,-25,100,0,-3,8,-2,-21,18,-0.0025,0.009,-0.0214,-0.9997,-1,2,0,-2
371.281,371.281,202,-3,82,200,-25,100,0,-4,8,-2,-22,18,-0.0019,0.0085,-0.0241,-0.9997,-2,1,0,-3
371.381,371.381,202,-4,80,200,-25,100,0,-3,9,-2,-21,20,-0.0015,0.0089,-0.0258,-0.9996,-3,1,0,-2
371.481,371.481,201,-4,77,200,-25,100,0,-3,10,-1,-21,23,-0.0015,0.0104,-0.0282,-0.9995,-2,2,0,-2
371.581,371.581,201,-3,75,200,-25,100,0,-4,11,-1,-22,25,-0.003,0.0112,-0.0308,-0.9995,-1,1,0,-3
371.681,371.681,201,-3,74,200,-25,100,0,-4,11,-1,-22,26,-0.0041,0.0115,-0.0325,-0.9994,0,1,0,-3
371.781,371.781,201,-3,72,200,-25,100,0,-4,12,-1,-22,28,-0.0055,0.0099,-0.0347,-0.9993,0,1,0,-3
371.881,371.881,201,-2,71,200,-25,100,0,-4,13,-1,-23,29,-0.0053,0.0096,-0.0366,-0.9993,-1,2,0,-3
371.981,371.981,200,-2,69,200,-25,100,0,-4,14,0,-23,31,-0.0053,0.0095,-0.0367,-0.9993,-1,0,0,-3
372.081,372.081,200,-2,66,200,-25,100,0,-4,15,0,-23,34,-0.0064,0.0104,-0.0363,-0.9993,0,2,0,-3
372.181,372.181,200,-1,64,200,-25,100,0,-4,16,0,-24,36,-0.0064,0.0104,-0.0363,-0.9993,-1,1,0,-3
372.291,372.291,200,-1,62,200,-25,100,0,-4,17,0,-24,38,-0.0086,0.0104,-0.0333,-0.9994,0,1,0,-3
372.391,372.391,200,-1,60,200,-25,100,0,-4,18,0,-24,40,-0.0083,0.0092,-0.0319,-0.9994,0,1,0,-3
372.491,372.491,200,-1,58,200,-25,100,0,-4,19,0,-24,42,-0.0067,0.0089,-0.0306,-0.9995,0,0,0,-3
372.591,372.591,199,-1,56,200,-25,100,0,-4,20,1,-24,44,-0.0048,0.0097,-0.0301,-0.9995,-1,0,0,-3
372.691,372.691,199,-1,54,200,-25,100,0,-4,20,1,-24,46,-0.0039,0.0106,-0.0292,-0.9995,-3,0,0,-3
372.791,372.791,199,-1,51,200,-25,100,0,-4,20,1,-24,49,-0.0035,0.011,-0.0281,-0.9995,-3,1,0,-3
372.891,372.891,198,0,49,200,-25,100,0,-7,20,2,-25,51,-0.0039,0.011,-0.0273,-0.9996,-4,2,0,-6
372.991,372.991,198,0,47,200,-25,100,0,-7,20,2,-25,53,-0.005,0.0106,-0.0275,-0.9996,-1,1,0,-6
373.091,373.091,198,0,45,200,-25,100,0,-7,20,2,-25,55,-0.0049,0.0106,-0.0283,-0.9995,-1,0,0,-6
373.191,373.191,198,-1,42,200,-25,100,0,-4,20,2,-24,58,-0.0035,0.0106,-0.029,-0.9995,0,0,0,-3
373.291,373.291,198,-1,42,200,-25,100,0,-4,20,2,-24,58,-0.0035,0.0106,-0.029,-0.9995,-1,0,0,-3
373.391,373.391,198,-1,39,200,-25,100,0,-4,20,2,-24,61,-0.0036,0.0098,-0.0293,-0.9995,-2,0,0,-3
373.491,373.491,198,-1,37,200,-25,100,0,-4,20,2,-24,63,-0.004,0.0089,-0.0301,-0.9995,-1,0,0,-3
373.591,373.591,197,-1,35,200,-25,100,0,-4,20,3,-24,65,-0.0046,0.0083,-0.0316,-0.9995,-1,0,0,-3
373.691,373.691,197,-1,32,200,-25,100,0,-4,20,3,-24,68,-0.0053,0.0081,-0.0329,-0.9994,-2,0,0,-3
373.791,373.791,197,-1,32,200,-25,100,0,-4,20,3,-24,68,-0.0053,0.0081,-0.0329,-0.9994,-1,0,0,-3
373.891,373.891,196,-1,25,200,-25,100,1,-4,20,4,-24,75,-0.0043,0.0087,-0.0347,-0.9993,-2,0,0,-4
373.991,373.991,196,-1,25,200,-25,100,1,-4,20,4,-24,75,-0.0049,0.0089,-0.0357,-0.9993,-2,0,0,-4
374.091,374.091,196,-1,25,200,-25,100,1,-4,20,4,-24,75,-0.0048,0.0089,-0.0357,-0.9993,-3,0,0,-4
374.191,374.191,195,0,22,200,-25,100,1,-7,20,5,-25,78,-0.0045,0.0076,-0.0383,-0.9992,-3,0,0,-7
374.291,374.291,195,0,18,200,-25,100,1,-7,20,5,-25,82,-0.0047,0.0061,-0.0405,-0.9991,-4,0,0,-7
374.391,374.391,195,-2,15,200,-25,100,1,-4,20,5,-23,85,-0.004,0.005,-0.0413,-0.9991,-3,0,0,-4
374.491,374.491,195,-3,12,200,-25,100,1,-4,20,5,-22,88,-0.0034,0.0041,-0.0402,-0.9992,-3,0,0,-4
374.591,374.591,195,-2,10,200,-25,100,1,-4,20,5,-23,90,-0.0039,0.0036,-0.0385,-0.9992,-5,0,0,-4
374.691,374.691,194,-1,8,200,-25,100,1,-4,20,6,-24,92,-0.0058,0.0045,-0.0378,-0.9993,-6,4,0,-4
374.791,374.791,194,-1,5,200,-25,100,1,-4,20,6,-24,95,-0.0073,0.0058,-0.0386,-0.9992,0,0,0,-4
374.891,374.891,193,-1,2,200,-25,100,1,-4,20,7,-24,98,-0.0056,0.0059,-0.0394,-0.9992,0,0,0,-4
374.991,374.991,193,-2,2,200,-25,100,1,-4,20,7,-23,98,-0.0012,0.0179,-0.0403,-0.999,0,0,0,-4
375.091,375.091,193,-1,0,200,-25,100,1,-4,20,7,-24,100,-0.003,0.0107,-0.0451,-0.9989,0,0,0,-4
375.191,375.191,193,-1,0,200,-25,100,1,-4,20,7,-24,100,-0.003,0.0107,-0.0451,-0.9989,0,0,0,-4
375.291,375.291,193,0,0,200,-25,100,1,-7,20,7,-25,100,-0.0051,0.0074,-0.045,-0.9989,0,0,0,-7
375.391,375.391,192,0,1,200,-25,100,1,-7,20,8,-25,99,-0.0053,0.0067,-0.0452,-0.9989,0,0,0,-7
375.491,375.491,192,-1,3,200,-25,100,1,-4,20,8,-24,97,-0.0041,0.0065,-0.0452,-0.9989,0,0,0,-4
375.591,375.591,193,-2,4,200,-25,100,1,-4,20,7,-23,96,-0.0036,0.0066,-0.0455,-0.9989,0,0,0,-4
375.691,375.691,193,-2,4,200,-25,100,1,-4,20,7,-23,96,-0.0037,0.0066,-0.0455,-0.9989,0,0,0,-4
375.791,375.791,194,-2,4,200,-25,100,1,-4,20,6,-23,96,-0.0035,0.0067,-0.045,-0.999,0,0,0,-4
375.891,375.891,194,-2,3,200,-25,100,1,-4,20,6,-23,97,-0.0038,0.007,-0.0457,-0.9989,0,0,0,-4
375.991,375.991,193,-1,2,200,-25,100,1,-4,20,7,-24,98,-0.0044,0.0066,-0.0457,-0.9989,0,0,0,-4
376.091,376.091,193,-1,2,200,-25,100,1,-4,20,7,-24,98,-0.0043,0.0065,-0.0453,-0.9989,0,0,0,-4
376.191,376.191,193,-1,3,200,-25,100,1,-4,20,7,-24,97,-0.0041,0.0067,-0.0453,-0.9989,0,0,0,-4
376.291,376.291,193,-1,3,200,-25,100,1,-4,20,7,-24,97,-0.004,0.0067,-0.0455,-0.9989,0,0,0,-4
376.391,376.391,193,-2,3,200,-25,100,1,-4,20,7,-23,97,-0.0037,0.0069,-0.0457,-0.9989,0,0,0,-4
376.491,376.491,193,-1,3,200,-25,100,1,-4,20,7,-24,97,-0.0037,0.0069,-0.0457,-0.9989,0,0,0,-4
376.591,376.591,193,-1,3,200,-25,100,1,-4,20,7,-24,97,-0.0039,0.0066,-0.0455,-0.9989,0,0,0,-4
376.691,376.691,193,-1,3,200,-25,100,1,-4,20,7,-24,97,-0.0041,0.0067,-0.0453,-0.9989,0,0,0,-4
376.801,376.801,193,-1,3,200,-25,100,1,-4,20,7,-24,97,-0.0041,0.0068,-0.0454,-0.9989,0,0,0,-4
376.901,376.901,193,-1,3,200,-25,100,1,-4,20,7,-24,97,-0.004,0.0067,-0.0455,-0.9989,0,0,0,-4
377.001,377.001,193,-1,3,200,-25,100,1,-4,20,7,-24,97,-0.0039,0.0068,-0.0455,-0.9989,0,0,0,-4
377.101,377.101,194,-1,3,200,-25,100,1,-4,20,6,-24,97,-0.0039,0.0067,-0.0453,-0.9989,0,0,0,-4
377.201,377.201,193,-1,3,200,-25,100,1,-4,20,7,-24,97,-0.004,0.0067,-0.0454,-0.9989,0,0,0,-4
377.301,377.301,193,-1,3,200,-25,100,1,-4,20,7,-24,97,-0.0039,0.0068,-0.0456,-0.9989,-1,0,0,-4
377.401,377.401,193,-1,3,200,-25,100,1,-4,20,7,-24,97,-0.004,0.0068,-0.0456,-0.9989,0,0,0,-4
377.501,377.501,193,-1,3,200,-25,100,1,-4,20,7,-24,97,-0.004,0.0068,-0.0456,-0.9989,0,0,0,-4
377.601,377.601,193,-1,3,200,-25,100,1,-4,20,7,-24,97,-0.0041,0.0067,-0.0455,-0.9989,0,0,0,-4
377.701,377.701,193,-1,3,200,-25,100,1,-4,20,7,-24,97,-0.0042,0.0066,-0.0456,-0.9989,1,0,0,-4
377.801,377.801,194,-1,3,200,-25,100,1,-4,20,6,-24,97,-0.0042,0.0067,-0.0456,-0.9989,1,1,0,-4
377.901,377.901,194,-1,3,200,-25,100,1,-4,20,6,-24,97,-0.0041,0.0068,-0.0456,-0.9989,0,1,0,-4
